Zeit (ns),Daten (Hex)
1345,0000000000000000000000000000000000000000000000000000000000000000000000000000000000000000000000000000000000000000003b43b6469c01a0
1355,000000000000000000000000000000000000000000000000000000000000000000000000000000000000000000000000000000000000000000221285f92ca020
1365,0000000000000000000000000000000000000000000000000000000000000000000000000000000000000000000000000000000000000000002d39a4cc7afa80
1375,0000000000000000000000000000000000000000000000000000000000000000000000000000000000000000000000000000000000000000006b902a71c3ba80
1385,0000000000000000000000000000000000000000000000000000000000000000000000000000000000000000000000000000000000000000000860f9dbc5e520
1395,0000000000000000000000000000000000000000000000000000000000000000000000000000000000000000000000000000000000000000002bacc684c2cf40
1405,00000000000000000000000000000000000000000000000000000000000000000000000000000000000000000000000000000000000000000026928f70784660
1415,0000000000000000000000000000000000000000000000000000000000000000000000000000000000000000000000000000000000000000001a6ea72459e300
1425,000000000000000000000000000000000000000000000000000000000000000000000000000000000000000000000000000000000000000000187f1ee347ac40
1435,0000000000000000000000000000000000000000000000000000000000000000000000000000000000000000000000000000000000000000002b7b648816a9c0
1445,000000000000000000000000000000000000000000000000000000000000000000000000000000000000000000000000000000000000000000197c735235baa0
1455,000000000000000000000000000000000000000000000000000000000000000000000000000000000000000000000000000000000000000000169a61fa18cba0
1465,00000000000000000000000000000000000000000000000000000000000000000000000000000000000000000000000000000000000000000046e1a8880ffec0
1475,00000000000000000000000000000000000000000000000000000000000000000000000000000000000000000000000000000000000000000022ecfd91d68640
1485,0000000000000000000000000000000000000000000000000000000000000000000000000000000000000000000000000000000000000000002fa17105729c40
1495,0000000000000000000000000000000000000000000000000000000000000000000000000000000000000000000000000000000000000000001b0ccdcaecdb40
1505,0000000000000000000000000000000000000000000000000000000000000000000000000000000000000000000000000000000000000000003537595653c200
1515,0000000000000000000000000000000000000000000000000000000000000000000000000000000000000000000000000000000000000000001c1921879d21e0
1525,00000000000000000000000000000000000000000000000000000000000000000000000000000000000000000000000000000000000000000030ca09f1764d00
1535,0000000000000000000000000000000000000000000000000000000000000000000000000000000000000000000000000000000000000000003192d19f0288e0
1545,0000000000000000000000000000000000000000000000000000000000000000000000000000000000000000000000000000000000000000002fd3513d29f180
1555,000000000000000000000000000000000000000000000000000000000000000000000000000000000000000000000000000000000000000000121875c7d9fb40
1565,0000000000000000000000000000000000000000000000000000000000000000000000000000000000000000000000000000000000000000001ad5b8ec2cdc20
1575,0000000000000000000000000000000000000000000000000000000000000000000000000000000000000000000000000000000000000000002608174891cc00
1585,0000000000000000000000000000000000000000000000000000000000000000000000000000000000000000000000000000000000000000001746502996af60
1595,0000000000000000000000000000000000000000000000000000000000000000000000000000000000000000000000000000000000000000001d7126355b1e60
1605,0000000000000000000000000000000000000000000000000000000000000000000000000000000000000000000000000000000000000000001604cfa1b6c160
1615,000000000000000000000000000000000000000000000000000000000000000000000000000000000000000000000000000000000000000000182dc6c16066c0
1625,000000000000000000000000000000000000000000000000000000000000000000000000000000000000000000000000000000000000000000219129294697e0
1635,0000000000000000000000000000000000000000000000000000000000000000000000000000000000000000000000000000000000000000001e98d9f0332d00
1645,0000000000000000000000000000000000000000000000000000000000000000000000000000000000000000000000000000000000000000002064698276d200
1655,00000000000000000000000000000000000000000000000000000000000000000000000000000000000000000000000000000000000000000033a247f19f2fe0
1665,00000000000000000000000000000000000000000000000000000000000000000000000000000000000000000000000000000000000000000035185c7fccc1c0
1675,00000000000000000000000000000000000000000000000000000000000000000000000000000000000000000000000000000000000000000023dd9995513d00
1685,00000000000000000000000000000000000000000000000000000000000000000000000000000000000000000000000000000000000000000040231f23c93ec0
1695,000000000000000000000000000000000000000000000000000000000000000000000000000000000000000000000000000000000000000000285f86aa062580
1705,0000000000000000000000000000000000000000000000000000000000000000000000000000000000000000000000000000000000000000000c87279e0be880
1715,00000000000000000000000000000000000000000000000000000000000000000000000000000000000000000000000000000000000000000022b1f26495f3a0
1725,0000000000000000000000000000000000000000000000000000000000000000000000000000000000000000000000000000000000000000001ccf8d67a12120
1735,0000000000000000000000000000000000000000000000000000000000000000000000000000000000000000000000000000000000000000003c776e31dfdba0
1745,0000000000000000000000000000000000000000000000000000000000000000000000000000000000000000000000000000000000000000003aef53fd86b520
1755,0000000000000000000000000000000000000000000000000000000000000000000000000000000000000000000000000000000000000000002c9ac62fcd0520
1765,000000000000000000000000000000000000000000000000000000000000000000000000000000000000000000000000000000000000000000390e6b9415c2e0
1775,0000000000000000000000000000000000000000000000000000000000000000000000000000000000000000000000000000000000000000002d5762a3177980
1785,00000000000000000000000000000000000000000000000000000000000000000000000000000000000000000000000000000000000000000026ed449b96a480
1795,00000000000000000000000000000000000000000000000000000000000000000000000000000000000000000000000000000000000000000021ce34fdc71560
1805,00000000000000000000000000000000000000000000000000000000000000000000000000000000000000000000000000000000000000000048deed520ddec0
1815,0000000000000000000000000000000000000000000000000000000000000000000000000000000000000000000000000000000000000000001d045d0b749940
1825,0000000000000000000000000000000000000000000000000000000000000000000000000000000000000000000000000000000000000000001f7379a66437c0
1835,0000000000000000000000000000000000000000000000000000000000000000000000000000000000000000000000000000000000000000004f7d57dfe12900
1845,0000000000000000000000000000000000000000000000000000000000000000000000000000000000000000000000000000000000000000002b753ef4cf76e0
1855,0000000000000000000000000000000000000000000000000000000000000000000000000000000000000000000000000000000000000000003ad89692c033c0
1865,000000000000000000000000000000000000000000000000000000000000000000000000000000000000000000000000000000000000000000212966a66bd620
1875,000000000000000000000000000000000000000000000000000000000000000000000000000000000000000000000000000000000000000000106aa7025a04a0
1885,00000000000000000000000000000000000000000000000000000000000000000000000000000000000000000000000000000000000000000036d00fa7183c20
1895,0000000000000000000000000000000000000000000000000000000000000000000000000000000000000000000000000000000000000000002748c68b938520
1905,0000000000000000000000000000000000000000000000000000000000000000000000000000000000000000000000000000000000000000002631b180d7d8c0
1915,00000000000000000000000000000000000000000000000000000000000000000000000000000000000000000000000000000000000000000028a0fd4cff5ce0
1925,0000000000000000000000000000000000000000000000000000000000000000000000000000000000000000000000000000000000000000002ff1bc800985e0
1935,00000000000000000000000000000000000000000000000000000000000000000000000000000000000000000000000000000000000000000025c3d4c352aa40
1945,00000000000000000000000000000000000000000000000000000000000000000000000000000000000000000000000000000000000000000028f2ae5156cc80
1955,00000000000000000000000000000000000000000000000000000000000000000000000000000000000000000000000000000000000000000027a109fbc85be0
1965,000000000000000000000000000000000000000000000000000000000000000000000000000000000000000000000000000000000000000000246e2a01bae380
1975,000000000000000000000000000000000000000000000000000000000000000000000000000000000000000000000000000000000000000000181081121e4540
1985,0000000000000000000000000000000000000000000000000000000000000000000000000000000000000000000000000000000000000000003d0059f76ae440
1995,0000000000000000000000000000000000000000000000000000000000000000000000000000000000000000000000000000000000000000001f61c8cef7d880
2005,0000000000000000000000000000000000000000000000000000000000000000000000000000000000000000000000000000000000000000002e3e0e62515220
2015,00000000000000000000000000000000000000000000000000000000000000000000000000000000000000000000000000000000000000000029cb231b5e76c0
2025,0000000000000000000000000000000000000000000000000000000000000000000000000000000000000000000000000000000000000000003b331d0ca6a3a0
2035,00000000000000000000000000000000000000000000000000000000000000000000000000000000000000000000000000000000000000000023717d92c18320
2045,0000000000000000000000000000000000000000000000000000000000000000000000000000000000000000000000000000000000000000003217fa02585480
2055,00000000000000000000000000000000000000000000000000000000000000000000000000000000000000000000000000000000000000000028da860e0b3460
2065,00000000000000000000000000000000000000000000000000000000000000000000000000000000000000000000000000000000000000000011761117b793a0
2075,000000000000000000000000000000000000000000000000000000000000000000000000000000000000000000000000000000000000000000332c5f79911a80
2085,00000000000000000000000000000000000000000000000000000000000000000000000000000000000000000000000000000000000000000012e07f9cd57820
2095,000000000000000000000000000000000000000000000000000000000000000000000000000000000000000000000000000000000000000000146ed233397960
2105,000000000000000000000000000000000000000000000000000000000000000000000000000000000000000000000000000000000000000000222ab463da4440
2115,0000000000000000000000000000000000000000000000000000000000000000000000000000000000000000000000000000000000000000002f19c2b5f991e0
2125,0000000000000000000000000000000000000000000000000000000000000000000000000000000000000000000000000000000000000000002102829f321640
2135,0000000000000000000000000000000000000000000000000000000000000000000000000000000000000000000000000000000000000000001c515297850e60
2145,0000000000000000000000000000000000000000000000000000000000000000000000000000000000000000000000000000000000000000002beb030a69d880
2155,00000000000000000000000000000000000000000000000000000000000000000000000000000000000000000000000000000000000000000019e8e654bf97c0
2165,0000000000000000000000000000000000000000000000000000000000000000000000000000000000000000000000000000000000000000002e38619dc6e7a0
2175,000000000000000000000000000000000000000000000000000000000000000000000000000000000000000000000000000000000000000000200eb41bee86a0
2185,0000000000000000000000000000000000000000000000000000000000000000000000000000000000000000000000000000000000000000001f919a380dc0e0
2195,0000000000000000000000000000000000000000000000000000000000000000000000000000000000000000000000000000000000000000002ac07d94aeba80
2205,0000000000000000000000000000000000000000000000000000000000000000000000000000000000000000000000000000000000000000002fd420334361e0
2215,00000000000000000000000000000000000000000000000000000000000000000000000000000000000000000000000000000000000000000035803133e15d60
2225,000000000000000000000000000000000000000000000000000000000000000000000000000000000000000000000000000000000000000000454bbaf22f2f40
2235,0000000000000000000000000000000000000000000000000000000000000000000000000000000000000000000000000000000000000000003ca3d325097080
2245,00000000000000000000000000000000000000000000000000000000000000000000000000000000000000000000000000000000000000000028757559c6e3c0
2255,0000000000000000000000000000000000000000000000000000000000000000000000000000000000000000000000000000000000000000001ed70044a0a160
2265,0000000000000000000000000000000000000000000000000000000000000000000000000000000000000000000000000000000000000000002fa93b2c4eb340
2275,0000000000000000000000000000000000000000000000000000000000000000000000000000000000000000000000000000000000000000002fff5fba31f760
2285,00000000000000000000000000000000000000000000000000000000000000000000000000000000000000000000000000000000000000000019478490da82a0
2295,00000000000000000000000000000000000000000000000000000000000000000000000000000000000000000000000000000000000000000031b4027f3c2500
2305,0000000000000000000000000000000000000000000000000000000000000000000000000000000000000000000000000000000000000000001709100654cbe0
2315,00000000000000000000000000000000000000000000000000000000000000000000000000000000000000000000000000000000000000000014e3cc3f08daa0
2325,000000000000000000000000000000000000000000000000000000000000000000000000000000000000000000000000000000000000000000141d2a73cdb8a0
2335,0000000000000000000000000000000000000000000000000000000000000000000000000000000000000000000000000000000000000000002ee83891edaae0
2345,00000000000000000000000000000000000000000000000000000000000000000000000000000000000000000000000000000000000000000011dd4010c3a8e0
2355,0000000000000000000000000000000000000000000000000000000000000000000000000000000000000000000000000000000000000000002485586c79c7a0
2365,00000000000000000000000000000000000000000000000000000000000000000000000000000000000000000000000000000000000000000017fd22271da5c0
2375,000000000000000000000000000000000000000000000000000000000000000000000000000000000000000000000000000000000000000000178666ea317560
2385,000000000000000000000000000000000000000000000000000000000000000000000000000000000000000000000000000000000000000000228853dd8b44e0
2395,00000000000000000000000000000000000000000000000000000000000000000000000000000000000000000000000000000000000000000041d2d8908a9bc0
2405,0000000000000000000000000000000000000000000000000000000000000000000000000000000000000000000000000000000000000000002bf6ccce8acec0
2415,0000000000000000000000000000000000000000000000000000000000000000000000000000000000000000000000000000000000000000002f254452bceea0
2425,0000000000000000000000000000000000000000000000000000000000000000000000000000000000000000000000000000000000000000000f8d95aec94920
2435,00000000000000000000000000000000000000000000000000000000000000000000000000000000000000000000000000000000000000000025c496d6f6d180
2445,000000000000000000000000000000000000000000000000000000000000000000000000000000000000000000000000000000000000000000263cc2a77b6700
2455,0000000000000000000000000000000000000000000000000000000000000000000000000000000000000000000000000000000000000000002b9695377cb580
2465,0000000000000000000000000000000000000000000000000000000000000000000000000000000000000000000000000000000000000000001acf993b5b6b20
2475,000000000000000000000000000000000000000000000000000000000000000000000000000000000000000000000000000000000000000000329bea034d0560
2485,00000000000000000000000000000000000000000000000000000000000000000000000000000000000000000000000000000000000000000029bc3b9c5f9020
2495,00000000000000000000000000000000000000000000000000000000000000000000000000000000000000000000000000000000000000000034f672648befa0
2505,0000000000000000000000000000000000000000000000000000000000000000000000000000000000000000000000000000000000000000002c62fa29b6e740
2515,0000000000000000000000000000000000000000000000000000000000000000000000000000000000000000000000000000000000000000002c092143760040
2525,000000000000000000000000000000000000000000000000000000000000000000000000000000000000000000000000000000000000000000343898fb2f7460
2535,0000000000000000000000000000000000000000000000000000000000000000000000000000000000000000000000000000000000000000000d47a07389eaa0
2545,000000000000000000000000000000000000000000000000000000000000000000000000000000000000000000000000000000000000000000213dd1915a66a0
2555,0000000000000000000000000000000000000000000000000000000000000000000000000000000000000000000000000000000000000000001a1f80b387d800
2565,00000000000000000000000000000000000000000000000000000000000000000000000000000000000000000000000000000000000000000031c1ce60c44f60
2575,00000000000000000000000000000000000000000000000000000000000000000000000000000000000000000000000000000000000000000016887c679c48c0
2585,0000000000000000000000000000000000000000000000000000000000000000000000000000000000000000000000000000000000000000003324e0a174dcc0
2595,0000000000000000000000000000000000000000000000000000000000000000000000000000000000000000000000000000000000000000001223abe4a26e60
2605,0000000000000000000000000000000000000000000000000000000000000000000000000000000000000000000000000000000000000000000da02ad9e15bc0
2615,000000000000000000000000000000000000000000000000000000000000000000000000000000000000000000000000000000000000000000370aa8ca87e060
2625,0000000000000000000000000000000000000000000000000000000000000000000000000000000000000000000000000000000000000000002742fb15d01860
2635,0000000000000000000000000000000000000000000000000000000000000000000000000000000000000000000000000000000000000000001f7539e159b500
2645,000000000000000000000000000000000000000000000000000000000000000000000000000000000000000000000000000000000000000000242b6210137a60
2655,0000000000000000000000000000000000000000000000000000000000000000000000000000000000000000000000000000000000000000002066b07876ec60
2665,0000000000000000000000000000000000000000000000000000000000000000000000000000000000000000000000000000000000000000002cc36bd47251c0
2675,0000000000000000000000000000000000000000000000000000000000000000000000000000000000000000000000000000000000000000002b6209e2698f60
2685,0000000000000000000000000000000000000000000000000000000000000000000000000000000000000000000000000000000000000000002b4c45b2a5f400
2695,0000000000000000000000000000000000000000000000000000000000000000000000000000000000000000000000000000000000000000001d66e3f11fc6c0
2705,00000000000000000000000000000000000000000000000000000000000000000000000000000000000000000000000000000000000000000020072039fb1640
2715,00000000000000000000000000000000000000000000000000000000000000000000000000000000000000000000000000000000000000000028a1a6ea7dc7a0
2725,00000000000000000000000000000000000000000000000000000000000000000000000000000000000000000000000000000000000000000028114a11c1e280
2735,0000000000000000000000000000000000000000000000000000000000000000000000000000000000000000000000000000000000000000001f37e45ba31b00
2745,000000000000000000000000000000000000000000000000000000000000000000000000000000000000000000000000000000000000000000236a35096688e0
2755,000000000000000000000000000000000000000000000000000000000000000000000000000000000000000000000000000000000000000000315471195deca0
2765,0000000000000000000000000000000000000000000000000000000000000000000000000000000000000000000000000000000000000000002b5ae0d90c75c0
2775,00000000000000000000000000000000000000000000000000000000000000000000000000000000000000000000000000000000000000000022d7b03aa872a0
2785,000000000000000000000000000000000000000000000000000000000000000000000000000000000000000000000000000000000000000000267bf4de4cf5c0
2795,00000000000000000000000000000000000000000000000000000000000000000000000000000000000000000000000000000000000000000027266a0de440c0
2805,0000000000000000000000000000000000000000000000000000000000000000000000000000000000000000000000000000000000000000002b418795d56ae0
2815,0000000000000000000000000000000000000000000000000000000000000000000000000000000000000000000000000000000000000000003da62f09c820a0
2825,0000000000000000000000000000000000000000000000000000000000000000000000000000000000000000000000000000000000000000002d465ff301d440
2835,0000000000000000000000000000000000000000000000000000000000000000000000000000000000000000000000000000000000000000001e13542094e800
2845,0000000000000000000000000000000000000000000000000000000000000000000000000000000000000000000000000000000000000000001c5344c89e9040
2855,00000000000000000000000000000000000000000000000000000000000000000000000000000000000000000000000000000000000000000026a1265bcb5fe0
2865,0000000000000000000000000000000000000000000000000000000000000000000000000000000000000000000000000000000000000000002887ad76167460
2875,0000000000000000000000000000000000000000000000000000000000000000000000000000000000000000000000000000000000000000002b2714b5278140
2885,000000000000000000000000000000000000000000000000000000000000000000000000000000000000000000000000000000000000000000146a940c203360
2895,0000000000000000000000000000000000000000000000000000000000000000000000000000000000000000000000000000000000000000002467b515db7f80
2905,00000000000000000000000000000000000000000000000000000000000000000000000000000000000000000000000000000000000000000012d26a0a173140
2915,0000000000000000000000000000000000000000000000000000000000000000000000000000000000000000000000000000000000000000001d8e8fe49ad2e0
2925,0000000000000000000000000000000000000000000000000000000000000000000000000000000000000000000000000000000000000000001f959bb7c8a700
2935,0000000000000000000000000000000000000000000000000000000000000000000000000000000000000000000000000000000000000000000f74b7ba4edb80
2945,000000000000000000000000000000000000000000000000000000000000000000000000000000000000000000000000000000000000000000100291d8225e80
2955,00000000000000000000000000000000000000000000000000000000000000000000000000000000000000000000000000000000000000000021e66cc111a220
2965,0000000000000000000000000000000000000000000000000000000000000000000000000000000000000000000000000000000000000000001685aa19080840
2975,00000000000000000000000000000000000000000000000000000000000000000000000000000000000000000000000000000000000000000035557436c299a0
2985,0000000000000000000000000000000000000000000000000000000000000000000000000000000000000000000000000000000000000000001f2cd2e63aa5c0
2995,0000000000000000000000000000000000000000000000000000000000000000000000000000000000000000000000000000000000000000002af2b4f3c2a680
3005,000000000000000000000000000000000000000000000000000000000000000000000000000000000000000000000000000000000000000000276c32e1ce0200
3015,00000000000000000000000000000000000000000000000000000000000000000000000000000000000000000000000000000000000000000013893ed662e380
3025,00000000000000000000000000000000000000000000000000000000000000000000000000000000000000000000000000000000000000000024d962e6d01280
3035,0000000000000000000000000000000000000000000000000000000000000000000000000000000000000000000000000000000000000000001b5bf00a841ae0
3045,0000000000000000000000000000000000000000000000000000000000000000000000000000000000000000000000000000000000000000003350ae32327da0
3055,000000000000000000000000000000000000000000000000000000000000000000000000000000000000000000000000000000000000000000330d2f67f9dcc0
3065,0000000000000000000000000000000000000000000000000000000000000000000000000000000000000000000000000000000000000000002a94415c961840
3075,0000000000000000000000000000000000000000000000000000000000000000000000000000000000000000000000000000000000000000001ff6e91d88f460
3085,00000000000000000000000000000000000000000000000000000000000000000000000000000000000000000000000000000000000000000017180b67c882e0
3095,00000000000000000000000000000000000000000000000000000000000000000000000000000000000000000000000000000000000000000029481cdf465420
3105,0000000000000000000000000000000000000000000000000000000000000000000000000000000000000000000000000000000000000000001ec90731e06ee0
3115,00000000000000000000000000000000000000000000000000000000000000000000000000000000000000000000000000000000000000000038504120e62000
3125,00000000000000000000000000000000000000000000000000000000000000000000000000000000000000000000000000000000000000000021718d218f3e00
3135,00000000000000000000000000000000000000000000000000000000000000000000000000000000000000000000000000000000000000000018eb5df9864420
3145,00000000000000000000000000000000000000000000000000000000000000000000000000000000000000000000000000000000000000000026b5bf508f73c0
3155,00000000000000000000000000000000000000000000000000000000000000000000000000000000000000000000000000000000000000000027a1121951a880
3165,0000000000000000000000000000000000000000000000000000000000000000000000000000000000000000000000000000000000000000001992529f815ae0
3175,000000000000000000000000000000000000000000000000000000000000000000000000000000000000000000000000000000000000000000300440feca1840
3185,00000000000000000000000000000000000000000000000000000000000000000000000000000000000000000000000000000000000000000020d7a8d3505720
3195,0000000000000000000000000000000000000000000000000000000000000000000000000000000000000000000000000000000000000000002fc11079788000
3205,0000000000000000000000000000000000000000000000000000000000000000000000000000000000000000000000000000000000000000001b65f87ffe6b60
3215,0000000000000000000000000000000000000000000000000000000000000000000000000000000000000000000000000000000000000000003420704b951ea0
3225,00000000000000000000000000000000000000000000000000000000000000000000000000000000000000000000000000000000000000000019b4898981ec60
3235,000000000000000000000000000000000000000000000000000000000000000000000000000000000000000000000000000000000000000000213c009179bbe0
3245,0000000000000000000000000000000000000000000000000000000000000000000000000000000000000000000000000000000000000000003a453692d5cee0
3255,0000000000000000000000000000000000000000000000000000000000000000000000000000000000000000000000000000000000000000002dc33c56e6bee0
3265,000000000000000000000000000000000000000000000000000000000000000000000000000000000000000000000000000000000000000000222b40e3d0cca0
3275,0000000000000000000000000000000000000000000000000000000000000000000000000000000000000000000000000000000000000000002a160c16524380
3285,00000000000000000000000000000000000000000000000000000000000000000000000000000000000000000000000000000000000000000025749f976dec20
3295,00000000000000000000000000000000000000000000000000000000000000000000000000000000000000000000000000000000000000000024884a275aaf00
3305,000000000000000000000000000000000000000000000000000000000000000000000000000000000000000000000000000000000000000000288a6444ac8f40
3315,00000000000000000000000000000000000000000000000000000000000000000000000000000000000000000000000000000000000000000032d338447f4e00
3325,0000000000000000000000000000000000000000000000000000000000000000000000000000000000000000000000000000000000000000001d5c79fbac0820
3335,0000000000000000000000000000000000000000000000000000000000000000000000000000000000000000000000000000000000000000002686d4c9e02400
3345,00000000000000000000000000000000000000000000000000000000000000000000000000000000000000000000000000000000000000000012c12046551b00
3355,00000000000000000000000000000000000000000000000000000000000000000000000000000000000000000000000000000000000000000028e56ba1007740
3365,000000000000000000000000000000000000000000000000000000000000000000000000000000000000000000000000000000000000000000214b19869cafc0
3375,00000000000000000000000000000000000000000000000000000000000000000000000000000000000000000000000000000000000000000028b3f87cf30380
3385,0000000000000000000000000000000000000000000000000000000000000000000000000000000000000000000000000000000000000000002aefefa52d85c0
3395,000000000000000000000000000000000000000000000000000000000000000000000000000000000000000000000000000000000000000000180735e18382a0
3405,000000000000000000000000000000000000000000000000000000000000000000000000000000000000000000000000000000000000000000147b369eb27a00
3415,0000000000000000000000000000000000000000000000000000000000000000000000000000000000000000000000000000000000000000002cd9682b949aa0
3425,0000000000000000000000000000000000000000000000000000000000000000000000000000000000000000000000000000000000000000001c0c117ea5d900
3435,0000000000000000000000000000000000000000000000000000000000000000000000000000000000000000000000000000000000000000003859db78de0360
3445,000000000000000000000000000000000000000000000000000000000000000000000000000000000000000000000000000000000000000000114bb5381c1d40
3455,00000000000000000000000000000000000000000000000000000000000000000000000000000000000000000000000000000000000000000013965f730a4980
3465,0000000000000000000000000000000000000000000000000000000000000000000000000000000000000000000000000000000000000000006d8ef659311860
3475,0000000000000000000000000000000000000000000000000000000000000000000000000000000000000000000000000000000000000000003c4310842c1820
3485,0000000000000000000000000000000000000000000000000000000000000000000000000000000000000000000000000000000000000000002273b286519a40
3495,000000000000000000000000000000000000000000000000000000000000000000000000000000000000000000000000000000000000000000341c1cc2072220
3505,0000000000000000000000000000000000000000000000000000000000000000000000000000000000000000000000000000000000000000001b073141750a00
3515,0000000000000000000000000000000000000000000000000000000000000000000000000000000000000000000000000000000000000000002563fc49c800e0
3525,00000000000000000000000000000000000000000000000000000000000000000000000000000000000000000000000000000000000000000027afbe222d2e60
3535,000000000000000000000000000000000000000000000000000000000000000000000000000000000000000000000000000000000000000000378455f3900880
3545,000000000000000000000000000000000000000000000000000000000000000000000000000000000000000000000000000000000000000000277da2fe2b0ca0
3555,00000000000000000000000000000000000000000000000000000000000000000000000000000000000000000000000000000000000000000034a20f254f5140
3565,0000000000000000000000000000000000000000000000000000000000000000000000000000000000000000000000000000000000000000001bb6832bcc26a0
3575,000000000000000000000000000000000000000000000000000000000000000000000000000000000000000000000000000000000000000000146812eec18e00
3585,000000000000000000000000000000000000000000000000000000000000000000000000000000000000000000000000000000000000000000317741be67d380
3595,0000000000000000000000000000000000000000000000000000000000000000000000000000000000000000000000000000000000000000000fe7771ee23a60
3605,0000000000000000000000000000000000000000000000000000000000000000000000000000000000000000000000000000000000000000001c96509cb78dc0
3615,00000000000000000000000000000000000000000000000000000000000000000000000000000000000000000000000000000000000000000031f7d1048317c0
3625,000000000000000000000000000000000000000000000000000000000000000000000000000000000000000000000000000000000000000000304b775c73d580
3635,00000000000000000000000000000000000000000000000000000000000000000000000000000000000000000000000000000000000000000033efde9d9fdc20
3645,000000000000000000000000000000000000000000000000000000000000000000000000000000000000000000000000000000000000000000435f2375d68e00
3655,0000000000000000000000000000000000000000000000000000000000000000000000000000000000000000000000000000000000000000002d4422df7736c0
3665,000000000000000000000000000000000000000000000000000000000000000000000000000000000000000000000000000000000000000000234b13d06bd4e0
3675,000000000000000000000000000000000000000000000000000000000000000000000000000000000000000000000000000000000000000000272aed79e52aa0
3685,0000000000000000000000000000000000000000000000000000000000000000000000000000000000000000000000000000000000000000002666c21ace52c0
3695,00000000000000000000000000000000000000000000000000000000000000000000000000000000000000000000000000000000000000000023f2dd451d8100
3705,000000000000000000000000000000000000000000000000000000000000000000000000000000000000000000000000000000000000000000231c68711ab9e0
3715,0000000000000000000000000000000000000000000000000000000000000000000000000000000000000000000000000000000000000000001afaa28739f6e0
3725,0000000000000000000000000000000000000000000000000000000000000000000000000000000000000000000000000000000000000000002c02f32656c320
3735,00000000000000000000000000000000000000000000000000000000000000000000000000000000000000000000000000000000000000000017c8e5ef8f0380
3745,0000000000000000000000000000000000000000000000000000000000000000000000000000000000000000000000000000000000000000001eedb42f67c6a0
3755,000000000000000000000000000000000000000000000000000000000000000000000000000000000000000000000000000000000000000000340f04ccc19d00
3765,00000000000000000000000000000000000000000000000000000000000000000000000000000000000000000000000000000000000000000017da85d0d524e0
3775,0000000000000000000000000000000000000000000000000000000000000000000000000000000000000000000000000000000000000000002aa1d0830ea900
3785,000000000000000000000000000000000000000000000000000000000000000000000000000000000000000000000000000000000000000000287d1f28079ee0
3795,00000000000000000000000000000000000000000000000000000000000000000000000000000000000000000000000000000000000000000034e80e96bf3d00
3805,0000000000000000000000000000000000000000000000000000000000000000000000000000000000000000000000000000000000000000002f28b38d956120
3815,0000000000000000000000000000000000000000000000000000000000000000000000000000000000000000000000000000000000000000001cd8292bf8f0e0
3825,0000000000000000000000000000000000000000000000000000000000000000000000000000000000000000000000000000000000000000002cd427fab41a40
3835,0000000000000000000000000000000000000000000000000000000000000000000000000000000000000000000000000000000000000000001a7751414e4520
3845,00000000000000000000000000000000000000000000000000000000000000000000000000000000000000000000000000000000000000000017ceec5b75d9a0
3855,00000000000000000000000000000000000000000000000000000000000000000000000000000000000000000000000000000000000000000027b652e6a7f6e0
3865,000000000000000000000000000000000000000000000000000000000000000000000000000000000000000000000000000000000000000000301d814202d260
3875,00000000000000000000000000000000000000000000000000000000000000000000000000000000000000000000000000000000000000000020202c2499cd80
3885,000000000000000000000000000000000000000000000000000000000000000000000000000000000000000000000000000000000000000000476a6a614f15a0
3895,0000000000000000000000000000000000000000000000000000000000000000000000000000000000000000000000000000000000000000001a1d9bbd812320
3905,0000000000000000000000000000000000000000000000000000000000000000000000000000000000000000000000000000000000000000002f7eb02f2c9100
3915,00000000000000000000000000000000000000000000000000000000000000000000000000000000000000000000000000000000000000000039194b75d05440
3925,00000000000000000000000000000000000000000000000000000000000000000000000000000000000000000000000000000000000000000022c44bed3208a0
3935,000000000000000000000000000000000000000000000000000000000000000000000000000000000000000000000000000000000000000000158bd35b18d560
3945,00000000000000000000000000000000000000000000000000000000000000000000000000000000000000000000000000000000000000000057dcd94f71a680
3955,0000000000000000000000000000000000000000000000000000000000000000000000000000000000000000000000000000000000000000002acb3ac5308ea0
3965,0000000000000000000000000000000000000000000000000000000000000000000000000000000000000000000000000000000000000000001f2e43d2708ec0
3975,000000000000000000000000000000000000000000000000000000000000000000000000000000000000000000000000000000000000000000240a091252b9a0
3985,0000000000000000000000000000000000000000000000000000000000000000000000000000000000000000000000000000000000000000000d92384720b920
3995,00000000000000000000000000000000000000000000000000000000000000000000000000000000000000000000000000000000000000000023074219ea0580
4005,0000000000000000000000000000000000000000000000000000000000000000000000000000000000000000000000000000000000000000006707d9226961c0
4015,00000000000000000000000000000000000000000000000000000000000000000000000000000000000000000000000000000000000000000020838decac62a0
4025,0000000000000000000000000000000000000000000000000000000000000000000000000000000000000000000000000000000000000000001a4494ce9215a0
4035,000000000000000000000000000000000000000000000000000000000000000000000000000000000000000000000000000000000000000000145a0320ef3260
4045,0000000000000000000000000000000000000000000000000000000000000000000000000000000000000000000000000000000000000000001fab69ca01bf40
4055,00000000000000000000000000000000000000000000000000000000000000000000000000000000000000000000000000000000000000000020d599dd4c76c0
4065,00000000000000000000000000000000000000000000000000000000000000000000000000000000000000000000000000000000000000000024f704160c09a0
4075,00000000000000000000000000000000000000000000000000000000000000000000000000000000000000000000000000000000000000000016ae0651638280
4085,0000000000000000000000000000000000000000000000000000000000000000000000000000000000000000000000000000000000000000002c97bae13c9be0
4095,0000000000000000000000000000000000000000000000000000000000000000000000000000000000000000000000000000000000000000003d939ea89233e0
4105,0000000000000000000000000000000000000000000000000000000000000000000000000000000000000000000000000000000000000000001a38ab31d5bae0
4115,0000000000000000000000000000000000000000000000000000000000000000000000000000000000000000000000000000000000000000002094dd306e1a00
4125,0000000000000000000000000000000000000000000000000000000000000000000000000000000000000000000000000000000000000000001bf8196c4d1540
4135,000000000000000000000000000000000000000000000000000000000000000000000000000000000000000000000000000000000000000000486877a8ce3940
4145,0000000000000000000000000000000000000000000000000000000000000000000000000000000000000000000000000000000000000000002dbb42cd97b1e0
4155,00000000000000000000000000000000000000000000000000000000000000000000000000000000000000000000000000000000000000000053bf6c5b599180
4165,0000000000000000000000000000000000000000000000000000000000000000000000000000000000000000000000000000000000000000002395a137b49240
4175,0000000000000000000000000000000000000000000000000000000000000000000000000000000000000000000000000000000000000000005773d8ea3628e0
4185,0000000000000000000000000000000000000000000000000000000000000000000000000000000000000000000000000000000000000000002637720a4d3d00
4195,000000000000000000000000000000000000000000000000000000000000000000000000000000000000000000000000000000000000000000169434fa8353e0
4205,0000000000000000000000000000000000000000000000000000000000000000000000000000000000000000000000000000000000000000002184ba6f095cc0
4215,000000000000000000000000000000000000000000000000000000000000000000000000000000000000000000000000000000000000000000327e4adde988a0
4225,0000000000000000000000000000000000000000000000000000000000000000000000000000000000000000000000000000000000000000002f4e1894e8efc0
4235,0000000000000000000000000000000000000000000000000000000000000000000000000000000000000000000000000000000000000000001d0d28d9a1c9e0
4245,0000000000000000000000000000000000000000000000000000000000000000000000000000000000000000000000000000000000000000001c8893c506fd80
4255,0000000000000000000000000000000000000000000000000000000000000000000000000000000000000000000000000000000000000000000f73bed7e97960
4265,00000000000000000000000000000000000000000000000000000000000000000000000000000000000000000000000000000000000000000035e48254815ba0
4275,000000000000000000000000000000000000000000000000000000000000000000000000000000000000000000000000000000000000000000318e38292a7da0
4285,00000000000000000000000000000000000000000000000000000000000000000000000000000000000000000000000000000000000000000022304081046be0
4295,00000000000000000000000000000000000000000000000000000000000000000000000000000000000000000000000000000000000000000015a437e34caca0
4305,00000000000000000000000000000000000000000000000000000000000000000000000000000000000000000000000000000000000000000027498a9f3789e0
4315,0000000000000000000000000000000000000000000000000000000000000000000000000000000000000000000000000000000000000000001487310a329f20
4325,000000000000000000000000000000000000000000000000000000000000000000000000000000000000000000000000000000000000000000330bf70f715ee0
4335,000000000000000000000000000000000000000000000000000000000000000000000000000000000000000000000000000000000000000000327ef9718f0040
4345,00000000000000000000000000000000000000000000000000000000000000000000000000000000000000000000000000000000000000000039608a04b497e0
4355,0000000000000000000000000000000000000000000000000000000000000000000000000000000000000000000000000000000000000000002a45e21cf1b4e0
4365,0000000000000000000000000000000000000000000000000000000000000000000000000000000000000000000000000000000000000000002a6bd69a62fb40
4375,000000000000000000000000000000000000000000000000000000000000000000000000000000000000000000000000000000000000000000310efe6cd0d360
4385,0000000000000000000000000000000000000000000000000000000000000000000000000000000000000000000000000000000000000000002ad18ab11270e0
4395,0000000000000000000000000000000000000000000000000000000000000000000000000000000000000000000000000000000000000000001e7571b78241c0
4405,00000000000000000000000000000000000000000000000000000000000000000000000000000000000000000000000000000000000000000040cfc735b0c360
4415,000000000000000000000000000000000000000000000000000000000000000000000000000000000000000000000000000000000000000000462c6c14465260
4425,0000000000000000000000000000000000000000000000000000000000000000000000000000000000000000000000000000000000000000002d39ce9b3d15a0
4435,00000000000000000000000000000000000000000000000000000000000000000000000000000000000000000000000000000000000000000013703626d7a5c0
4445,00000000000000000000000000000000000000000000000000000000000000000000000000000000000000000000000000000000000000000024e63b837c5280
4455,0000000000000000000000000000000000000000000000000000000000000000000000000000000000000000000000000000000000000000002a54a4afa45380
4465,0000000000000000000000000000000000000000000000000000000000000000000000000000000000000000000000000000000000000000003309b05484f1c0
4475,000000000000000000000000000000000000000000000000000000000000000000000000000000000000000000000000000000000000000000359de1a8089be0
4485,00000000000000000000000000000000000000000000000000000000000000000000000000000000000000000000000000000000000000000022ab57db2f3fe0
4495,00000000000000000000000000000000000000000000000000000000000000000000000000000000000000000000000000000000000000000014577e0d696ee0
4505,0000000000000000000000000000000000000000000000000000000000000000000000000000000000000000000000000000000000000000002a8aaadd3b7c60
4515,0000000000000000000000000000000000000000000000000000000000000000000000000000000000000000000000000000000000000000003ba4f9fb21e280
4525,0000000000000000000000000000000000000000000000000000000000000000000000000000000000000000000000000000000000000000004fde6f3bcc7d00
4535,00000000000000000000000000000000000000000000000000000000000000000000000000000000000000000000000000000000000000000031991d32472c40
4545,0000000000000000000000000000000000000000000000000000000000000000000000000000000000000000000000000000000000000000001f6323277e0be0
4555,0000000000000000000000000000000000000000000000000000000000000000000000000000000000000000000000000000000000000000004399c49945a840
4565,000000000000000000000000000000000000000000000000000000000000000000000000000000000000000000000000000000000000000000215f0185454dc0
4575,00000000000000000000000000000000000000000000000000000000000000000000000000000000000000000000000000000000000000000028d71e3f8106c0
4585,00000000000000000000000000000000000000000000000000000000000000000000000000000000000000000000000000000000000000000017d0830c9585e0
4595,00000000000000000000000000000000000000000000000000000000000000000000000000000000000000000000000000000000000000000012302181555a20
4605,000000000000000000000000000000000000000000000000000000000000000000000000000000000000000000000000000000000000000000273010b4a03c20
4615,0000000000000000000000000000000000000000000000000000000000000000000000000000000000000000000000000000000000000000002236124f64f500
4625,000000000000000000000000000000000000000000000000000000000000000000000000000000000000000000000000000000000000000000311fb8093a2a20
4635,00000000000000000000000000000000000000000000000000000000000000000000000000000000000000000000000000000000000000000036688ab7ea8f40
4645,0000000000000000000000000000000000000000000000000000000000000000000000000000000000000000000000000000000000000000001b6ea3ba7c92e0
4655,00000000000000000000000000000000000000000000000000000000000000000000000000000000000000000000000000000000000000000030d2fb048d4980
4665,0000000000000000000000000000000000000000000000000000000000000000000000000000000000000000000000000000000000000000001f06db41671fa0
4675,000000000000000000000000000000000000000000000000000000000000000000000000000000000000000000000000000000000000000000223b82d8dfbd40
4685,0000000000000000000000000000000000000000000000000000000000000000000000000000000000000000000000000000000000000000002bd63ada954220
4695,00000000000000000000000000000000000000000000000000000000000000000000000000000000000000000000000000000000000000000018fc2dd101cca0
4705,0000000000000000000000000000000000000000000000000000000000000000000000000000000000000000000000000000000000000000001205bad2f5b1e0
4715,00000000000000000000000000000000000000000000000000000000000000000000000000000000000000000000000000000000000000000023785a61100e80
4725,00000000000000000000000000000000000000000000000000000000000000000000000000000000000000000000000000000000000000000033f8fce1eee0c0
4735,0000000000000000000000000000000000000000000000000000000000000000000000000000000000000000000000000000000000000000002adffffeddf5a0
4745,0000000000000000000000000000000000000000000000000000000000000000000000000000000000000000000000000000000000000000002106ff46472620
4755,000000000000000000000000000000000000000000000000000000000000000000000000000000000000000000000000000000000000000000223f0bec53fbc0
4765,0000000000000000000000000000000000000000000000000000000000000000000000000000000000000000000000000000000000000000003aad5ab333d560
4775,00000000000000000000000000000000000000000000000000000000000000000000000000000000000000000000000000000000000000000038a121af243920
4785,0000000000000000000000000000000000000000000000000000000000000000000000000000000000000000000000000000000000000000002ecaa2a79d4020
4795,0000000000000000000000000000000000000000000000000000000000000000000000000000000000000000000000000000000000000000001f4ce61f250b40
4805,000000000000000000000000000000000000000000000000000000000000000000000000000000000000000000000000000000000000000000233015d23d7260
4815,00000000000000000000000000000000000000000000000000000000000000000000000000000000000000000000000000000000000000000022969af04635e0
4825,0000000000000000000000000000000000000000000000000000000000000000000000000000000000000000000000000000000000000000002eaf37d0d8a960
4835,000000000000000000000000000000000000000000000000000000000000000000000000000000000000000000000000000000000000000000220736b50368c0
4845,000000000000000000000000000000000000000000000000000000000000000000000000000000000000000000000000000000000000000000186d4b6e53c980
4855,0000000000000000000000000000000000000000000000000000000000000000000000000000000000000000000000000000000000000000002a9da7d21b5340
4865,00000000000000000000000000000000000000000000000000000000000000000000000000000000000000000000000000000000000000000025b5768936d280
4875,00000000000000000000000000000000000000000000000000000000000000000000000000000000000000000000000000000000000000000014ae871b3d4d60
4885,0000000000000000000000000000000000000000000000000000000000000000000000000000000000000000000000000000000000000000002b3aa43daeb2c0
4895,0000000000000000000000000000000000000000000000000000000000000000000000000000000000000000000000000000000000000000003f936ead77e360
4905,000000000000000000000000000000000000000000000000000000000000000000000000000000000000000000000000000000000000000000151d448015cec0
4915,0000000000000000000000000000000000000000000000000000000000000000000000000000000000000000000000000000000000000000003057f83439b0c0
4925,00000000000000000000000000000000000000000000000000000000000000000000000000000000000000000000000000000000000000000023f48a58b1d280
4935,0000000000000000000000000000000000000000000000000000000000000000000000000000000000000000000000000000000000000000002a65621ad254e0
4945,0000000000000000000000000000000000000000000000000000000000000000000000000000000000000000000000000000000000000000001ab62e95af64c0
4955,00000000000000000000000000000000000000000000000000000000000000000000000000000000000000000000000000000000000000000021246a61d58700
4965,0000000000000000000000000000000000000000000000000000000000000000000000000000000000000000000000000000000000000000001345528c31a380
4975,0000000000000000000000000000000000000000000000000000000000000000000000000000000000000000000000000000000000000000002628e0816fee00
4985,00000000000000000000000000000000000000000000000000000000000000000000000000000000000000000000000000000000000000000044136169b16080
4995,0000000000000000000000000000000000000000000000000000000000000000000000000000000000000000000000000000000000000000001d192213e6efe0
5005,00000000000000000000000000000000000000000000000000000000000000000000000000000000000000000000000000000000000000000022d7dcebe08360
5015,0000000000000000000000000000000000000000000000000000000000000000000000000000000000000000000000000000000000000000001bc4d9efc11ca0
5025,0000000000000000000000000000000000000000000000000000000000000000000000000000000000000000000000000000000000000000003190aeedec4ba0
5035,00000000000000000000000000000000000000000000000000000000000000000000000000000000000000000000000000000000000000000025b5291ced4520
5045,0000000000000000000000000000000000000000000000000000000000000000000000000000000000000000000000000000000000000000002169810e68d340
5055,00000000000000000000000000000000000000000000000000000000000000000000000000000000000000000000000000000000000000000012b4516e948140
5065,000000000000000000000000000000000000000000000000000000000000000000000000000000000000000000000000000000000000000000323767803a33a0
5075,00000000000000000000000000000000000000000000000000000000000000000000000000000000000000000000000000000000000000000013ddfa6e3717c0
5085,00000000000000000000000000000000000000000000000000000000000000000000000000000000000000000000000000000000000000000027985c72856fe0
5095,0000000000000000000000000000000000000000000000000000000000000000000000000000000000000000000000000000000000000000003d39105fe75e60
5105,0000000000000000000000000000000000000000000000000000000000000000000000000000000000000000000000000000000000000000003110b059025b20
5115,000000000000000000000000000000000000000000000000000000000000000000000000000000000000000000000000000000000000000000306fee502633e0
5125,000000000000000000000000000000000000000000000000000000000000000000000000000000000000000000000000000000000000000000259e45c5da8d00
5135,0000000000000000000000000000000000000000000000000000000000000000000000000000000000000000000000000000000000000000001adcb258035280
5145,000000000000000000000000000000000000000000000000000000000000000000000000000000000000000000000000000000000000000000191220b1fd5640
5155,0000000000000000000000000000000000000000000000000000000000000000000000000000000000000000000000000000000000000000006c61960b09afa0
5165,0000000000000000000000000000000000000000000000000000000000000000000000000000000000000000000000000000000000000000001faca2b63b6e40
5175,000000000000000000000000000000000000000000000000000000000000000000000000000000000000000000000000000000000000000000258f1df81b0f60
5185,0000000000000000000000000000000000000000000000000000000000000000000000000000000000000000000000000000000000000000000ce48e52d46da0
5195,0000000000000000000000000000000000000000000000000000000000000000000000000000000000000000000000000000000000000000001449225d2608e0
5205,00000000000000000000000000000000000000000000000000000000000000000000000000000000000000000000000000000000000000000026839c67a18940
5215,00000000000000000000000000000000000000000000000000000000000000000000000000000000000000000000000000000000000000000013876b1b6eb6a0
5225,00000000000000000000000000000000000000000000000000000000000000000000000000000000000000000000000000000000000000000012e09e3084a3c0
5235,00000000000000000000000000000000000000000000000000000000000000000000000000000000000000000000000000000000000000000034eca502bedf20
5245,0000000000000000000000000000000000000000000000000000000000000000000000000000000000000000000000000000000000000000004fc2fad1575060
5255,0000000000000000000000000000000000000000000000000000000000000000000000000000000000000000000000000000000000000000002f3229b454a120
5265,0000000000000000000000000000000000000000000000000000000000000000000000000000000000000000000000000000000000000000003035cb67c24960
5275,000000000000000000000000000000000000000000000000000000000000000000000000000000000000000000000000000000000000000000337831b9617e20
5285,0000000000000000000000000000000000000000000000000000000000000000000000000000000000000000000000000000000000000000003226b8a8bc71e0
5295,0000000000000000000000000000000000000000000000000000000000000000000000000000000000000000000000000000000000000000001dccdcb905af20
5305,00000000000000000000000000000000000000000000000000000000000000000000000000000000000000000000000000000000000000000011e572c1715220
5315,00000000000000000000000000000000000000000000000000000000000000000000000000000000000000000000000000000000000000000033094da3508480
5325,00000000000000000000000000000000000000000000000000000000000000000000000000000000000000000000000000000000000000000021a0dcf6fca680
5335,00000000000000000000000000000000000000000000000000000000000000000000000000000000000000000000000000000000000000000020af55fd6a6260
5345,00000000000000000000000000000000000000000000000000000000000000000000000000000000000000000000000000000000000000000014e0f097d7b180
5355,0000000000000000000000000000000000000000000000000000000000000000000000000000000000000000000000000000000000000000002ccc1ad3dc8700
5365,000000000000000000000000000000000000000000000000000000000000000000000000000000000000000000000000000000000000000000282afd100692c0
5375,0000000000000000000000000000000000000000000000000000000000000000000000000000000000000000000000000000000000000000003aae7629481e20
5385,0000000000000000000000000000000000000000000000000000000000000000000000000000000000000000000000000000000000000000002ac1c80abfd880
5395,000000000000000000000000000000000000000000000000000000000000000000000000000000000000000000000000000000000000000000303fbb5d3e4080
5405,0000000000000000000000000000000000000000000000000000000000000000000000000000000000000000000000000000000000000000002422caf31dd080
5415,00000000000000000000000000000000000000000000000000000000000000000000000000000000000000000000000000000000000000000029d782694df700
5425,0000000000000000000000000000000000000000000000000000000000000000000000000000000000000000000000000000000000000000002e3f033ade5c60
5435,00000000000000000000000000000000000000000000000000000000000000000000000000000000000000000000000000000000000000000020a783568ede00
5445,000000000000000000000000000000000000000000000000000000000000000000000000000000000000000000000000000000000000000000243c8afb3a3d60
5455,00000000000000000000000000000000000000000000000000000000000000000000000000000000000000000000000000000000000000000044105ed63411e0
5465,000000000000000000000000000000000000000000000000000000000000000000000000000000000000000000000000000000000000000000c0bb722ac024c0
5475,0000000000000000000000000000000000000000000000000000000000000000000000000000000000000000000000000000000000000000003d7ca2d1812260
5485,00000000000000000000000000000000000000000000000000000000000000000000000000000000000000000000000000000000000000000068c5483f795440
5495,00000000000000000000000000000000000000000000000000000000000000000000000000000000000000000000000000000000000000000023b4c498119740
5505,0000000000000000000000000000000000000000000000000000000000000000000000000000000000000000000000000000000000000000001b0ce25e9cb360
5515,0000000000000000000000000000000000000000000000000000000000000000000000000000000000000000000000000000000000000000001668d3b8835300
5525,0000000000000000000000000000000000000000000000000000000000000000000000000000000000000000000000000000000000000000003c8c693075f1e0
5535,0000000000000000000000000000000000000000000000000000000000000000000000000000000000000000000000000000000000000000002500e4b2eb7fa0
5545,000000000000000000000000000000000000000000000000000000000000000000000000000000000000000000000000000000000000000000100b7bc3d76040
5555,00000000000000000000000000000000000000000000000000000000000000000000000000000000000000000000000000000000000000000027c6b0f93edb20
5565,00000000000000000000000000000000000000000000000000000000000000000000000000000000000000000000000000000000000000000035a3aae2b87de0
5575,00000000000000000000000000000000000000000000000000000000000000000000000000000000000000000000000000000000000000000029370bfdf69000
5585,0000000000000000000000000000000000000000000000000000000000000000000000000000000000000000000000000000000000000000005b2a332053f2e0
5595,0000000000000000000000000000000000000000000000000000000000000000000000000000000000000000000000000000000000000000004ec6e144ca31a0
5605,0000000000000000000000000000000000000000000000000000000000000000000000000000000000000000000000000000000000000000002302d1cb71aa80
5615,0000000000000000000000000000000000000000000000000000000000000000000000000000000000000000000000000000000000000000001fc9b13e1ed100
5625,0000000000000000000000000000000000000000000000000000000000000000000000000000000000000000000000000000000000000000001f61fc0a081600
5635,000000000000000000000000000000000000000000000000000000000000000000000000000000000000000000000000000000000000000000176eccc4662260
5645,00000000000000000000000000000000000000000000000000000000000000000000000000000000000000000000000000000000000000000036126102a52de0
5655,0000000000000000000000000000000000000000000000000000000000000000000000000000000000000000000000000000000000000000001b11f32d0a3dc0
5665,000000000000000000000000000000000000000000000000000000000000000000000000000000000000000000000000000000000000000000314586e92420c0
5675,0000000000000000000000000000000000000000000000000000000000000000000000000000000000000000000000000000000000000000000ce2a0dcce4b60
5685,0000000000000000000000000000000000000000000000000000000000000000000000000000000000000000000000000000000000000000002c47ab356696e0
5695,000000000000000000000000000000000000000000000000000000000000000000000000000000000000000000000000000000000000000000391c10ff792240
5705,00000000000000000000000000000000000000000000000000000000000000000000000000000000000000000000000000000000000000000020798d14bb6760
5715,00000000000000000000000000000000000000000000000000000000000000000000000000000000000000000000000000000000000000000022ab2eb3cf8fa0
5725,000000000000000000000000000000000000000000000000000000000000000000000000000000000000000000000000000000000000000000289022f5848980
5735,0000000000000000000000000000000000000000000000000000000000000000000000000000000000000000000000000000000000000000002d7f3ea067e680
5745,0000000000000000000000000000000000000000000000000000000000000000000000000000000000000000000000000000000000000000001a6c8c247e34c0
5755,000000000000000000000000000000000000000000000000000000000000000000000000000000000000000000000000000000000000000000245a3b3e266b80
5765,0000000000000000000000000000000000000000000000000000000000000000000000000000000000000000000000000000000000000000002c2dbf6860ce40
5775,00000000000000000000000000000000000000000000000000000000000000000000000000000000000000000000000000000000000000000016ffeca47c46e0
5785,000000000000000000000000000000000000000000000000000000000000000000000000000000000000000000000000000000000000000000181c7e7d9e36a0
5795,00000000000000000000000000000000000000000000000000000000000000000000000000000000000000000000000000000000000000000027bc9683c5c120
5805,0000000000000000000000000000000000000000000000000000000000000000000000000000000000000000000000000000000000000000002c867b89c896c0
5815,0000000000000000000000000000000000000000000000000000000000000000000000000000000000000000000000000000000000000000002ed764ce23a120
5825,00000000000000000000000000000000000000000000000000000000000000000000000000000000000000000000000000000000000000000023f5cfa760d340
5835,000000000000000000000000000000000000000000000000000000000000000000000000000000000000000000000000000000000000000000243c98c9fe3b80
5845,00000000000000000000000000000000000000000000000000000000000000000000000000000000000000000000000000000000000000000031a541003aaee0
5855,00000000000000000000000000000000000000000000000000000000000000000000000000000000000000000000000000000000000000000017d7dc29a09d40
5865,0000000000000000000000000000000000000000000000000000000000000000000000000000000000000000000000000000000000000000002832c95e44fac0
5875,000000000000000000000000000000000000000000000000000000000000000000000000000000000000000000000000000000000000000000149e05e1465160
5885,0000000000000000000000000000000000000000000000000000000000000000000000000000000000000000000000000000000000000000000d159900c188e0
5895,00000000000000000000000000000000000000000000000000000000000000000000000000000000000000000000000000000000000000000005e1bb2462ba80
5905,00000000000000000000000000000000000000000000000000000000000000000000000000000000000000000000000000000000000000000020ccba7b6f5cc0
5915,0000000000000000000000000000000000000000000000000000000000000000000000000000000000000000000000000000000000000000003c3e5570cc7820
5925,00000000000000000000000000000000000000000000000000000000000000000000000000000000000000000000000000000000000000000033696f12fda5c0
5935,0000000000000000000000000000000000000000000000000000000000000000000000000000000000000000000000000000000000000000001c173db8f8cf40
5945,0000000000000000000000000000000000000000000000000000000000000000000000000000000000000000000000000000000000000000002b70dceb427480
5955,00000000000000000000000000000000000000000000000000000000000000000000000000000000000000000000000000000000000000000021bb9d92b90480
5965,0000000000000000000000000000000000000000000000000000000000000000000000000000000000000000000000000000000000000000001c2c285ef275a0
5975,000000000000000000000000000000000000000000000000000000000000000000000000000000000000000000000000000000000000000000287565b2657ba0
5985,000000000000000000000000000000000000000000000000000000000000000000000000000000000000000000000000000000000000000000242b345edb7ae0
5995,0000000000000000000000000000000000000000000000000000000000000000000000000000000000000000000000000000000000000000002f891ae98c9120
6005,000000000000000000000000000000000000000000000000000000000000000000000000000000000000000000000000000000000000000000302feae827aa00
6015,00000000000000000000000000000000000000000000000000000000000000000000000000000000000000000000000000000000000000000016da10b0e1f6c0
6025,0000000000000000000000000000000000000000000000000000000000000000000000000000000000000000000000000000000000000000001f4c6615550e60
6035,0000000000000000000000000000000000000000000000000000000000000000000000000000000000000000000000000000000000000000000e8d6e53bd2c40
6045,0000000000000000000000000000000000000000000000000000000000000000000000000000000000000000000000000000000000000000001572555cd092e0
6055,000000000000000000000000000000000000000000000000000000000000000000000000000000000000000000000000000000000000000000184a0a532a1420
6065,00000000000000000000000000000000000000000000000000000000000000000000000000000000000000000000000000000000000000000037b3263f2d6b80
6075,0000000000000000000000000000000000000000000000000000000000000000000000000000000000000000000000000000000000000000002fddcad0267b60
6085,0000000000000000000000000000000000000000000000000000000000000000000000000000000000000000000000000000000000000000005e59adb825d8c0
6095,00000000000000000000000000000000000000000000000000000000000000000000000000000000000000000000000000000000000000000021d849734096e0
6105,00000000000000000000000000000000000000000000000000000000000000000000000000000000000000000000000000000000000000000032e2e774abd3a0
6115,0000000000000000000000000000000000000000000000000000000000000000000000000000000000000000000000000000000000000000001e4a719cde2b20
6125,00000000000000000000000000000000000000000000000000000000000000000000000000000000000000000000000000000000000000000020326a4ac19380
6135,0000000000000000000000000000000000000000000000000000000000000000000000000000000000000000000000000000000000000000001a04f952db5000
6145,00000000000000000000000000000000000000000000000000000000000000000000000000000000000000000000000000000000000000000024e0ab702b0cc0
6155,0000000000000000000000000000000000000000000000000000000000000000000000000000000000000000000000000000000000000000002aaa49f8a3dc40
6165,0000000000000000000000000000000000000000000000000000000000000000000000000000000000000000000000000000000000000000002ae55d1232ab20
6175,0000000000000000000000000000000000000000000000000000000000000000000000000000000000000000000000000000000000000000001dcb76a56c94e0
6185,000000000000000000000000000000000000000000000000000000000000000000000000000000000000000000000000000000000000000000182553cbcac360
6195,0000000000000000000000000000000000000000000000000000000000000000000000000000000000000000000000000000000000000000004cefb6470000c0
6205,000000000000000000000000000000000000000000000000000000000000000000000000000000000000000000000000000000000000000000154b549a851160
6215,0000000000000000000000000000000000000000000000000000000000000000000000000000000000000000000000000000000000000000001e7343a3f6a180
6225,00000000000000000000000000000000000000000000000000000000000000000000000000000000000000000000000000000000000000000018a78591c9d480
6235,0000000000000000000000000000000000000000000000000000000000000000000000000000000000000000000000000000000000000000001e5a31d6e22860
6245,0000000000000000000000000000000000000000000000000000000000000000000000000000000000000000000000000000000000000000001cb2c7c22efc80
6255,0000000000000000000000000000000000000000000000000000000000000000000000000000000000000000000000000000000000000000001aab68f8df5d00
6265,0000000000000000000000000000000000000000000000000000000000000000000000000000000000000000000000000000000000000000001decfdde3de960
6275,0000000000000000000000000000000000000000000000000000000000000000000000000000000000000000000000000000000000000000004008f1c316a640
6285,0000000000000000000000000000000000000000000000000000000000000000000000000000000000000000000000000000000000000000004162d898169bc0
6295,0000000000000000000000000000000000000000000000000000000000000000000000000000000000000000000000000000000000000000001c38adde1a76c0
6305,00000000000000000000000000000000000000000000000000000000000000000000000000000000000000000000000000000000000000000022c54845be9180
6315,0000000000000000000000000000000000000000000000000000000000000000000000000000000000000000000000000000000000000000001bbd93703e9cc0
6325,000000000000000000000000000000000000000000000000000000000000000000000000000000000000000000000000000000000000000000157d070d532d60
6335,00000000000000000000000000000000000000000000000000000000000000000000000000000000000000000000000000000000000000000026f3969b299e00
6345,0000000000000000000000000000000000000000000000000000000000000000000000000000000000000000000000000000000000000000001ad8f175cdea60
6355,0000000000000000000000000000000000000000000000000000000000000000000000000000000000000000000000000000000000000000003f01d1725b6d80
6365,0000000000000000000000000000000000000000000000000000000000000000000000000000000000000000000000000000000000000000001a28f9955a9a20
6375,00000000000000000000000000000000000000000000000000000000000000000000000000000000000000000000000000000000000000000029d3862e7f04c0
6385,0000000000000000000000000000000000000000000000000000000000000000000000000000000000000000000000000000000000000000002ca56d7dda2b60
6395,00000000000000000000000000000000000000000000000000000000000000000000000000000000000000000000000000000000000000000026828d4a29f560
6405,00000000000000000000000000000000000000000000000000000000000000000000000000000000000000000000000000000000000000000012be3cc686ef60
6415,000000000000000000000000000000000000000000000000000000000000000000000000000000000000000000000000000000000000000000184d31ab913740
6425,000000000000000000000000000000000000000000000000000000000000000000000000000000000000000000000000000000000000000000293ac1f3ddefa0
6435,00000000000000000000000000000000000000000000000000000000000000000000000000000000000000000000000000000000000000000033268748bad820
6445,0000000000000000000000000000000000000000000000000000000000000000000000000000000000000000000000000000000000000000002fac2922438ce0
6455,0000000000000000000000000000000000000000000000000000000000000000000000000000000000000000000000000000000000000000002661701b2a1940
6465,0000000000000000000000000000000000000000000000000000000000000000000000000000000000000000000000000000000000000000001922a31356b480
6475,00000000000000000000000000000000000000000000000000000000000000000000000000000000000000000000000000000000000000000026cbcab18956c0
6485,0000000000000000000000000000000000000000000000000000000000000000000000000000000000000000000000000000000000000000001c9605a6953860
6495,0000000000000000000000000000000000000000000000000000000000000000000000000000000000000000000000000000000000000000002b15c3ca037040
6505,0000000000000000000000000000000000000000000000000000000000000000000000000000000000000000000000000000000000000000001f7a27eadd4860
6515,0000000000000000000000000000000000000000000000000000000000000000000000000000000000000000000000000000000000000000002fce030271c5c0
6525,00000000000000000000000000000000000000000000000000000000000000000000000000000000000000000000000000000000000000000017b2e30e948de0
6535,0000000000000000000000000000000000000000000000000000000000000000000000000000000000000000000000000000000000000000001d1615f691a840
6545,0000000000000000000000000000000000000000000000000000000000000000000000000000000000000000000000000000000000000000000e31890b297380
6555,0000000000000000000000000000000000000000000000000000000000000000000000000000000000000000000000000000000000000000001c071f7efb2780
6565,0000000000000000000000000000000000000000000000000000000000000000000000000000000000000000000000000000000000000000002f3eb91fcabc00
6575,0000000000000000000000000000000000000000000000000000000000000000000000000000000000000000000000000000000000000000002884719db0b2e0
6585,0000000000000000000000000000000000000000000000000000000000000000000000000000000000000000000000000000000000000000001baeed40003be0
6595,00000000000000000000000000000000000000000000000000000000000000000000000000000000000000000000000000000000000000000042633b90a88ce0
6605,000000000000000000000000000000000000000000000000000000000000000000000000000000000000000000000000000000000000000000103c19d441f480
6615,00000000000000000000000000000000000000000000000000000000000000000000000000000000000000000000000000000000000000000030d065bfcd89a0
6625,000000000000000000000000000000000000000000000000000000000000000000000000000000000000000000000000000000000000000000399c09594fcd00
6635,00000000000000000000000000000000000000000000000000000000000000000000000000000000000000000000000000000000000000000020f93002490ec0
6645,0000000000000000000000000000000000000000000000000000000000000000000000000000000000000000000000000000000000000000002aad5b0c2030c0
6655,0000000000000000000000000000000000000000000000000000000000000000000000000000000000000000000000000000000000000000001fa8854a33a4e0
6665,00000000000000000000000000000000000000000000000000000000000000000000000000000000000000000000000000000000000000000032d55a131f7320
6675,00000000000000000000000000000000000000000000000000000000000000000000000000000000000000000000000000000000000000000011be43e19f1380
6685,0000000000000000000000000000000000000000000000000000000000000000000000000000000000000000000000000000000000000000002f31dc3459da00
6695,0000000000000000000000000000000000000000000000000000000000000000000000000000000000000000000000000000000000000000002884c2cee64e00
6705,0000000000000000000000000000000000000000000000000000000000000000000000000000000000000000000000000000000000000000001795c1e92893a0
6715,0000000000000000000000000000000000000000000000000000000000000000000000000000000000000000000000000000000000000000003427a1cb1908c0
6725,0000000000000000000000000000000000000000000000000000000000000000000000000000000000000000000000000000000000000000002ef4864c2d1f40
6735,00000000000000000000000000000000000000000000000000000000000000000000000000000000000000000000000000000000000000000025218361f3e1e0
6745,00000000000000000000000000000000000000000000000000000000000000000000000000000000000000000000000000000000000000000023e5e2f7387280
6755,0000000000000000000000000000000000000000000000000000000000000000000000000000000000000000000000000000000000000000002348cb957f81a0
6765,000000000000000000000000000000000000000000000000000000000000000000000000000000000000000000000000000000000000000000243c9d5daf27a0
6775,000000000000000000000000000000000000000000000000000000000000000000000000000000000000000000000000000000000000000000505d6650c82ee0
6785,000000000000000000000000000000000000000000000000000000000000000000000000000000000000000000000000000000000000000000290d6c0a9d34e0
6795,0000000000000000000000000000000000000000000000000000000000000000000000000000000000000000000000000000000000000000000e53a9a6669980
6805,000000000000000000000000000000000000000000000000000000000000000000000000000000000000000000000000000000000000000000212d56b0008700
6815,00000000000000000000000000000000000000000000000000000000000000000000000000000000000000000000000000000000000000000017f4becf10cda0
6825,00000000000000000000000000000000000000000000000000000000000000000000000000000000000000000000000000000000000000000023b9f3c8f33ce0
6835,0000000000000000000000000000000000000000000000000000000000000000000000000000000000000000000000000000000000000000002474bb814995a0
6845,000000000000000000000000000000000000000000000000000000000000000000000000000000000000000000000000000000000000000000173b8ca077bee0
6855,000000000000000000000000000000000000000000000000000000000000000000000000000000000000000000000000000000000000000000146a286e9d9b20
6865,000000000000000000000000000000000000000000000000000000000000000000000000000000000000000000000000000000000000000000139f48a3aba6a0
6875,000000000000000000000000000000000000000000000000000000000000000000000000000000000000000000000000000000000000000000256b5cb5978680
6885,000000000000000000000000000000000000000000000000000000000000000000000000000000000000000000000000000000000000000000384414e6a469c0
6895,0000000000000000000000000000000000000000000000000000000000000000000000000000000000000000000000000000000000000000002823694b9cf900
6905,0000000000000000000000000000000000000000000000000000000000000000000000000000000000000000000000000000000000000000002ace1562892c20
6915,00000000000000000000000000000000000000000000000000000000000000000000000000000000000000000000000000000000000000000068687045bae240
6925,00000000000000000000000000000000000000000000000000000000000000000000000000000000000000000000000000000000000000000037a5e153c38b80
6935,0000000000000000000000000000000000000000000000000000000000000000000000000000000000000000000000000000000000000000000ffe8e6c18d4a0
6945,0000000000000000000000000000000000000000000000000000000000000000000000000000000000000000000000000000000000000000003534304cb1a860
6955,00000000000000000000000000000000000000000000000000000000000000000000000000000000000000000000000000000000000000000014b7ecf338ba60
6965,0000000000000000000000000000000000000000000000000000000000000000000000000000000000000000000000000000000000000000001bee38bbbc6580
6975,00000000000000000000000000000000000000000000000000000000000000000000000000000000000000000000000000000000000000000043023685f22320
6985,0000000000000000000000000000000000000000000000000000000000000000000000000000000000000000000000000000000000000000003143e669403160
6995,000000000000000000000000000000000000000000000000000000000000000000000000000000000000000000000000000000000000000000229debe5ef63c0
7005,000000000000000000000000000000000000000000000000000000000000000000000000000000000000000000000000000000000000000000518318159b7ce0
7015,000000000000000000000000000000000000000000000000000000000000000000000000000000000000000000000000000000000000000000304804fa392340
7025,0000000000000000000000000000000000000000000000000000000000000000000000000000000000000000000000000000000000000000001bb6ee846274c0
7035,0000000000000000000000000000000000000000000000000000000000000000000000000000000000000000000000000000000000000000002c00f53051bd80
7045,0000000000000000000000000000000000000000000000000000000000000000000000000000000000000000000000000000000000000000002a7dad8f56a1a0
7055,0000000000000000000000000000000000000000000000000000000000000000000000000000000000000000000000000000000000000000003a274c8b013680
7065,0000000000000000000000000000000000000000000000000000000000000000000000000000000000000000000000000000000000000000002682e04a245da0
7075,00000000000000000000000000000000000000000000000000000000000000000000000000000000000000000000000000000000000000000023fb05897d1920
7085,0000000000000000000000000000000000000000000000000000000000000000000000000000000000000000000000000000000000000000003465abd0c37920
7095,0000000000000000000000000000000000000000000000000000000000000000000000000000000000000000000000000000000000000000000d86426578e340
7105,0000000000000000000000000000000000000000000000000000000000000000000000000000000000000000000000000000000000000000001e21bf15c39560
7115,0000000000000000000000000000000000000000000000000000000000000000000000000000000000000000000000000000000000000000003884971386b7a0
7125,0000000000000000000000000000000000000000000000000000000000000000000000000000000000000000000000000000000000000000002865ed33705a40
7135,0000000000000000000000000000000000000000000000000000000000000000000000000000000000000000000000000000000000000000001df5b949f60d40
7145,0000000000000000000000000000000000000000000000000000000000000000000000000000000000000000000000000000000000000000002e4f2157522d80
7155,00000000000000000000000000000000000000000000000000000000000000000000000000000000000000000000000000000000000000000017757bc3f2d7a0
7165,00000000000000000000000000000000000000000000000000000000000000000000000000000000000000000000000000000000000000000020778832681440
7175,00000000000000000000000000000000000000000000000000000000000000000000000000000000000000000000000000000000000000000017975c690cea80
7185,00000000000000000000000000000000000000000000000000000000000000000000000000000000000000000000000000000000000000000022d9051d07a1c0
7195,0000000000000000000000000000000000000000000000000000000000000000000000000000000000000000000000000000000000000000002248a257fd5de0
7205,0000000000000000000000000000000000000000000000000000000000000000000000000000000000000000000000000000000000000000001341a41649c280
7215,0000000000000000000000000000000000000000000000000000000000000000000000000000000000000000000000000000000000000000001c7b7e45e8b060
7225,0000000000000000000000000000000000000000000000000000000000000000000000000000000000000000000000000000000000000000003118211d6e50a0
7235,0000000000000000000000000000000000000000000000000000000000000000000000000000000000000000000000000000000000000000001d17d893fd23c0
7245,0000000000000000000000000000000000000000000000000000000000000000000000000000000000000000000000000000000000000000001e08e4f00dd260
7255,00000000000000000000000000000000000000000000000000000000000000000000000000000000000000000000000000000000000000000023760274e9b640
7265,0000000000000000000000000000000000000000000000000000000000000000000000000000000000000000000000000000000000000000002b31f9a0ba5940
7275,000000000000000000000000000000000000000000000000000000000000000000000000000000000000000000000000000000000000000000510a48f65cfc20
7285,0000000000000000000000000000000000000000000000000000000000000000000000000000000000000000000000000000000000000000004f294416c69260
7295,000000000000000000000000000000000000000000000000000000000000000000000000000000000000000000000000000000000000000000266febade180a0
7305,0000000000000000000000000000000000000000000000000000000000000000000000000000000000000000000000000000000000000000003a5bb2563e46a0
7315,000000000000000000000000000000000000000000000000000000000000000000000000000000000000000000000000000000000000000000254de24b454160
7325,000000000000000000000000000000000000000000000000000000000000000000000000000000000000000000000000000000000000000000229c4e0d6dbcc0
7335,00000000000000000000000000000000000000000000000000000000000000000000000000000000000000000000000000000000000000000032ceecf60474c0
7345,000000000000000000000000000000000000000000000000000000000000000000000000000000000000000000000000000000000000000000265cc142dd5780
7355,000000000000000000000000000000000000000000000000000000000000000000000000000000000000000000000000000000000000000000260da8e5bb94c0
7365,00000000000000000000000000000000000000000000000000000000000000000000000000000000000000000000000000000000000000000022bbbd46632f40
7375,0000000000000000000000000000000000000000000000000000000000000000000000000000000000000000000000000000000000000000001858b934a2f2c0
7385,000000000000000000000000000000000000000000000000000000000000000000000000000000000000000000000000000000000000000000185cfe3e31e960
7395,0000000000000000000000000000000000000000000000000000000000000000000000000000000000000000000000000000000000000000000e2325024913a0
7405,0000000000000000000000000000000000000000000000000000000000000000000000000000000000000000000000000000000000000000005688f252a7bd80
7415,000000000000000000000000000000000000000000000000000000000000000000000000000000000000000000000000000000000000000000321d11da9e0300
7425,0000000000000000000000000000000000000000000000000000000000000000000000000000000000000000000000000000000000000000001b65abe279bc60
7435,00000000000000000000000000000000000000000000000000000000000000000000000000000000000000000000000000000000000000000020116391e79660
7445,00000000000000000000000000000000000000000000000000000000000000000000000000000000000000000000000000000000000000000051d0fca40d1100
7455,0000000000000000000000000000000000000000000000000000000000000000000000000000000000000000000000000000000000000000001f7d9ae0c92bc0
7465,00000000000000000000000000000000000000000000000000000000000000000000000000000000000000000000000000000000000000000015c3dbeb037c80
7475,0000000000000000000000000000000000000000000000000000000000000000000000000000000000000000000000000000000000000000001f36282a85f5a0
7485,00000000000000000000000000000000000000000000000000000000000000000000000000000000000000000000000000000000000000000027a833ddc2f0c0
7495,000000000000000000000000000000000000000000000000000000000000000000000000000000000000000000000000000000000000000000272170d3265ac0
7505,0000000000000000000000000000000000000000000000000000000000000000000000000000000000000000000000000000000000000000002212092a701cc0
7515,0000000000000000000000000000000000000000000000000000000000000000000000000000000000000000000000000000000000000000002edac5305f89e0
7525,000000000000000000000000000000000000000000000000000000000000000000000000000000000000000000000000000000000000000000314f8efc285080
7535,00000000000000000000000000000000000000000000000000000000000000000000000000000000000000000000000000000000000000000030dd73664ed440
7545,0000000000000000000000000000000000000000000000000000000000000000000000000000000000000000000000000000000000000000001f6c328957e9e0
7555,0000000000000000000000000000000000000000000000000000000000000000000000000000000000000000000000000000000000000000007126f58781e740
7565,0000000000000000000000000000000000000000000000000000000000000000000000000000000000000000000000000000000000000000003f68faeb67e1a0
7575,0000000000000000000000000000000000000000000000000000000000000000000000000000000000000000000000000000000000000000000f2d112b7199e0
7585,000000000000000000000000000000000000000000000000000000000000000000000000000000000000000000000000000000000000000000201ee307262220
7595,00000000000000000000000000000000000000000000000000000000000000000000000000000000000000000000000000000000000000000023467d29588580
7605,0000000000000000000000000000000000000000000000000000000000000000000000000000000000000000000000000000000000000000001ade0961c4d2a0
7615,00000000000000000000000000000000000000000000000000000000000000000000000000000000000000000000000000000000000000000031c3d9af65f8a0
7625,0000000000000000000000000000000000000000000000000000000000000000000000000000000000000000000000000000000000000000001c63eea01ca840
7635,0000000000000000000000000000000000000000000000000000000000000000000000000000000000000000000000000000000000000000000fec91d99dde80
7645,0000000000000000000000000000000000000000000000000000000000000000000000000000000000000000000000000000000000000000001e967a2b6fd240
7655,0000000000000000000000000000000000000000000000000000000000000000000000000000000000000000000000000000000000000000003bc5776f18d0c0
7665,0000000000000000000000000000000000000000000000000000000000000000000000000000000000000000000000000000000000000000002fe8ef6cf01c60
7675,0000000000000000000000000000000000000000000000000000000000000000000000000000000000000000000000000000000000000000005be710ec3789e0
7685,000000000000000000000000000000000000000000000000000000000000000000000000000000000000000000000000000000000000000000202f59e88046c0
7695,000000000000000000000000000000000000000000000000000000000000000000000000000000000000000000000000000000000000000000255777c0c751a0
7705,0000000000000000000000000000000000000000000000000000000000000000000000000000000000000000000000000000000000000000001779787ec1c140
7715,0000000000000000000000000000000000000000000000000000000000000000000000000000000000000000000000000000000000000000001f28023552a200
7725,00000000000000000000000000000000000000000000000000000000000000000000000000000000000000000000000000000000000000000036bd286d4a9fa0
7735,0000000000000000000000000000000000000000000000000000000000000000000000000000000000000000000000000000000000000000003a0fa22a234a40
7745,0000000000000000000000000000000000000000000000000000000000000000000000000000000000000000000000000000000000000000003298df65f7a3e0
7755,000000000000000000000000000000000000000000000000000000000000000000000000000000000000000000000000000000000000000000302ee60f9bb3c0
7765,00000000000000000000000000000000000000000000000000000000000000000000000000000000000000000000000000000000000000000018d17753e298c0
7775,00000000000000000000000000000000000000000000000000000000000000000000000000000000000000000000000000000000000000000010736a46af2b00
7785,0000000000000000000000000000000000000000000000000000000000000000000000000000000000000000000000000000000000000000001dbbfe618b20c0
7795,0000000000000000000000000000000000000000000000000000000000000000000000000000000000000000000000000000000000000000002ac536c59853a0
7805,00000000000000000000000000000000000000000000000000000000000000000000000000000000000000000000000000000000000000000027626f9d8a1ba0
7815,0000000000000000000000000000000000000000000000000000000000000000000000000000000000000000000000000000000000000000002a978f34faa340
7825,0000000000000000000000000000000000000000000000000000000000000000000000000000000000000000000000000000000000000000000f309483d28a00
7835,000000000000000000000000000000000000000000000000000000000000000000000000000000000000000000000000000000000000000000239e74ad43b500
7845,0000000000000000000000000000000000000000000000000000000000000000000000000000000000000000000000000000000000000000001db49626f73580
7855,0000000000000000000000000000000000000000000000000000000000000000000000000000000000000000000000000000000000000000002b24568df45b40
7865,00000000000000000000000000000000000000000000000000000000000000000000000000000000000000000000000000000000000000000026dd3ce19778a0
7875,0000000000000000000000000000000000000000000000000000000000000000000000000000000000000000000000000000000000000000001edc8a892d5f00
7885,000000000000000000000000000000000000000000000000000000000000000000000000000000000000000000000000000000000000000000330a90f1ffa7c0
7895,00000000000000000000000000000000000000000000000000000000000000000000000000000000000000000000000000000000000000000013ac2e8f1bed60
7905,0000000000000000000000000000000000000000000000000000000000000000000000000000000000000000000000000000000000000000001389767dc199a0
7915,0000000000000000000000000000000000000000000000000000000000000000000000000000000000000000000000000000000000000000003a7933acded940
7925,000000000000000000000000000000000000000000000000000000000000000000000000000000000000000000000000000000000000000000190a7a6d94fba0
7935,000000000000000000000000000000000000000000000000000000000000000000000000000000000000000000000000000000000000000000226a809aa17280
7945,0000000000000000000000000000000000000000000000000000000000000000000000000000000000000000000000000000000000000000001ad7193ada0b20
7955,0000000000000000000000000000000000000000000000000000000000000000000000000000000000000000000000000000000000000000001e73001a229100
7965,00000000000000000000000000000000000000000000000000000000000000000000000000000000000000000000000000000000000000000015c0767516b040
7975,0000000000000000000000000000000000000000000000000000000000000000000000000000000000000000000000000000000000000000002cd711f0a938e0
7985,00000000000000000000000000000000000000000000000000000000000000000000000000000000000000000000000000000000000000000022d0d9c4f703a0
7995,0000000000000000000000000000000000000000000000000000000000000000000000000000000000000000000000000000000000000000000d4ca155a9c2c0
8005,000000000000000000000000000000000000000000000000000000000000000000000000000000000000000000000000000000000000000000221a990279f540
8015,0000000000000000000000000000000000000000000000000000000000000000000000000000000000000000000000000000000000000000002907338b088380
8025,00000000000000000000000000000000000000000000000000000000000000000000000000000000000000000000000000000000000000000046ab4a78089a80
8035,0000000000000000000000000000000000000000000000000000000000000000000000000000000000000000000000000000000000000000003d3e6f733bf160
8045,00000000000000000000000000000000000000000000000000000000000000000000000000000000000000000000000000000000000000000035db42a3e5d2a0
8055,0000000000000000000000000000000000000000000000000000000000000000000000000000000000000000000000000000000000000000005288e1d2bc9000
8065,0000000000000000000000000000000000000000000000000000000000000000000000000000000000000000000000000000000000000000001df59cb646bf20
8075,0000000000000000000000000000000000000000000000000000000000000000000000000000000000000000000000000000000000000000001a1251ef7ef000
8085,0000000000000000000000000000000000000000000000000000000000000000000000000000000000000000000000000000000000000000001c696db36f1340
8095,00000000000000000000000000000000000000000000000000000000000000000000000000000000000000000000000000000000000000000015697d225573a0
8105,00000000000000000000000000000000000000000000000000000000000000000000000000000000000000000000000000000000000000000019fec8bf94dae0
8115,0000000000000000000000000000000000000000000000000000000000000000000000000000000000000000000000000000000000000000002e0a85c8406e20
8125,0000000000000000000000000000000000000000000000000000000000000000000000000000000000000000000000000000000000000000002fd96450726380
8135,0000000000000000000000000000000000000000000000000000000000000000000000000000000000000000000000000000000000000000002dcd2d2ed8ce20
8145,00000000000000000000000000000000000000000000000000000000000000000000000000000000000000000000000000000000000000000036ce4309ad6d20
8155,00000000000000000000000000000000000000000000000000000000000000000000000000000000000000000000000000000000000000000034cef398704ec0
8165,0000000000000000000000000000000000000000000000000000000000000000000000000000000000000000000000000000000000000000003e0ec1966d7b40
8175,0000000000000000000000000000000000000000000000000000000000000000000000000000000000000000000000000000000000000000002dfefae6916280
8185,0000000000000000000000000000000000000000000000000000000000000000000000000000000000000000000000000000000000000000001fde7446914a20
8195,0000000000000000000000000000000000000000000000000000000000000000000000000000000000000000000000000000000000000000004e7a4eb641d700
8205,00000000000000000000000000000000000000000000000000000000000000000000000000000000000000000000000000000000000000000039997b948f8bc0
8215,0000000000000000000000000000000000000000000000000000000000000000000000000000000000000000000000000000000000000000003dec50a2983560
8225,0000000000000000000000000000000000000000000000000000000000000000000000000000000000000000000000000000000000000000003e1fb8640dc620
8235,00000000000000000000000000000000000000000000000000000000000000000000000000000000000000000000000000000000000000000012659d4c7faec0
8245,0000000000000000000000000000000000000000000000000000000000000000000000000000000000000000000000000000000000000000002944dc381bf940
8255,00000000000000000000000000000000000000000000000000000000000000000000000000000000000000000000000000000000000000000018d18d2c7ea9c0
8265,0000000000000000000000000000000000000000000000000000000000000000000000000000000000000000000000000000000000000000003ac158809fe780
8275,0000000000000000000000000000000000000000000000000000000000000000000000000000000000000000000000000000000000000000001f5a1545a41400
8285,0000000000000000000000000000000000000000000000000000000000000000000000000000000000000000000000000000000000000000001a767c4b353c40
8295,00000000000000000000000000000000000000000000000000000000000000000000000000000000000000000000000000000000000000000033c3cc2a70b820
8305,000000000000000000000000000000000000000000000000000000000000000000000000000000000000000000000000000000000000000000255cfce7ca8ee0
8315,000000000000000000000000000000000000000000000000000000000000000000000000000000000000000000000000000000000000000000229a12176ce4a0
8325,000000000000000000000000000000000000000000000000000000000000000000000000000000000000000000000000000000000000000000309a05cd501e80
8335,0000000000000000000000000000000000000000000000000000000000000000000000000000000000000000000000000000000000000000002530cd12273e60
8345,000000000000000000000000000000000000000000000000000000000000000000000000000000000000000000000000000000000000000000284105a23bb9e0
8355,0000000000000000000000000000000000000000000000000000000000000000000000000000000000000000000000000000000000000000001f1d1fbfe70200
8365,000000000000000000000000000000000000000000000000000000000000000000000000000000000000000000000000000000000000000000172bff17ab6ae0
8375,0000000000000000000000000000000000000000000000000000000000000000000000000000000000000000000000000000000000000000001d886e0c6710e0
8385,0000000000000000000000000000000000000000000000000000000000000000000000000000000000000000000000000000000000000000001cece1481d6180
8395,0000000000000000000000000000000000000000000000000000000000000000000000000000000000000000000000000000000000000000003dda01fc718c00
8405,00000000000000000000000000000000000000000000000000000000000000000000000000000000000000000000000000000000000000000025eb205e36aa80
8415,00000000000000000000000000000000000000000000000000000000000000000000000000000000000000000000000000000000000000000011eb9ef241eb80
8425,00000000000000000000000000000000000000000000000000000000000000000000000000000000000000000000000000000000000000000021ad29ec4fd960
8435,0000000000000000000000000000000000000000000000000000000000000000000000000000000000000000000000000000000000000000001e2a7446687380
8445,0000000000000000000000000000000000000000000000000000000000000000000000000000000000000000000000000000000000000000002d604a7142c720
8455,0000000000000000000000000000000000000000000000000000000000000000000000000000000000000000000000000000000000000000003983265afd18c0
8465,000000000000000000000000000000000000000000000000000000000000000000000000000000000000000000000000000000000000000000218dfeb355d1e0
8475,0000000000000000000000000000000000000000000000000000000000000000000000000000000000000000000000000000000000000000002751ab325c9300
8485,0000000000000000000000000000000000000000000000000000000000000000000000000000000000000000000000000000000000000000001dcff060331240
8495,0000000000000000000000000000000000000000000000000000000000000000000000000000000000000000000000000000000000000000002be721cf991480
8505,0000000000000000000000000000000000000000000000000000000000000000000000000000000000000000000000000000000000000000001f161a4a38bdc0
8515,0000000000000000000000000000000000000000000000000000000000000000000000000000000000000000000000000000000000000000001b7cd2fe743240
8525,0000000000000000000000000000000000000000000000000000000000000000000000000000000000000000000000000000000000000000001eab418c7f8a40
8535,0000000000000000000000000000000000000000000000000000000000000000000000000000000000000000000000000000000000000000002c21b641cdf600
8545,0000000000000000000000000000000000000000000000000000000000000000000000000000000000000000000000000000000000000000002b50ee0af325e0
8555,0000000000000000000000000000000000000000000000000000000000000000000000000000000000000000000000000000000000000000003d6d7934fcd7a0
8565,00000000000000000000000000000000000000000000000000000000000000000000000000000000000000000000000000000000000000000038734101008960
8575,00000000000000000000000000000000000000000000000000000000000000000000000000000000000000000000000000000000000000000037ae8c04691ec0
8585,0000000000000000000000000000000000000000000000000000000000000000000000000000000000000000000000000000000000000000002db52e57d93060
8595,00000000000000000000000000000000000000000000000000000000000000000000000000000000000000000000000000000000000000000014f1bf16b5c760
8605,0000000000000000000000000000000000000000000000000000000000000000000000000000000000000000000000000000000000000000001a7456c181a640
8615,0000000000000000000000000000000000000000000000000000000000000000000000000000000000000000000000000000000000000000002d7f178cb94d80
8625,0000000000000000000000000000000000000000000000000000000000000000000000000000000000000000000000000000000000000000001bc2cfd25a7280
8635,00000000000000000000000000000000000000000000000000000000000000000000000000000000000000000000000000000000000000000035228a619351a0
8645,00000000000000000000000000000000000000000000000000000000000000000000000000000000000000000000000000000000000000000077c6c69f15a640
8655,0000000000000000000000000000000000000000000000000000000000000000000000000000000000000000000000000000000000000000002b7ead39191780
8665,000000000000000000000000000000000000000000000000000000000000000000000000000000000000000000000000000000000000000000494f7a71dad200
8675,000000000000000000000000000000000000000000000000000000000000000000000000000000000000000000000000000000000000000000131270fbee1ba0
8685,0000000000000000000000000000000000000000000000000000000000000000000000000000000000000000000000000000000000000000003e81d3e74a08a0
8695,0000000000000000000000000000000000000000000000000000000000000000000000000000000000000000000000000000000000000000003b024523a26b60
8705,00000000000000000000000000000000000000000000000000000000000000000000000000000000000000000000000000000000000000000028036ccdc4bca0
8715,0000000000000000000000000000000000000000000000000000000000000000000000000000000000000000000000000000000000000000002530d2f49d0040
8725,00000000000000000000000000000000000000000000000000000000000000000000000000000000000000000000000000000000000000000038b9f354da8ec0
8735,0000000000000000000000000000000000000000000000000000000000000000000000000000000000000000000000000000000000000000003f049c37179280
8745,0000000000000000000000000000000000000000000000000000000000000000000000000000000000000000000000000000000000000000002d65ced359c2e0
8755,00000000000000000000000000000000000000000000000000000000000000000000000000000000000000000000000000000000000000000013d9b7dacf5920
8765,0000000000000000000000000000000000000000000000000000000000000000000000000000000000000000000000000000000000000000002b9743cb222d20
8775,00000000000000000000000000000000000000000000000000000000000000000000000000000000000000000000000000000000000000000051ebf68e8a7ec0
8785,0000000000000000000000000000000000000000000000000000000000000000000000000000000000000000000000000000000000000000002d5868d440e260
8795,0000000000000000000000000000000000000000000000000000000000000000000000000000000000000000000000000000000000000000002a45ff131723c0
8805,0000000000000000000000000000000000000000000000000000000000000000000000000000000000000000000000000000000000000000001e0b0221246e80
8815,0000000000000000000000000000000000000000000000000000000000000000000000000000000000000000000000000000000000000000002566123fcb6880
8825,0000000000000000000000000000000000000000000000000000000000000000000000000000000000000000000000000000000000000000002e9d7a16f70100
8835,000000000000000000000000000000000000000000000000000000000000000000000000000000000000000000000000000000000000000000311a846c0a0be0
8845,00000000000000000000000000000000000000000000000000000000000000000000000000000000000000000000000000000000000000000033fddf7f247440
8855,0000000000000000000000000000000000000000000000000000000000000000000000000000000000000000000000000000000000000000002ef201a4f61960
8865,00000000000000000000000000000000000000000000000000000000000000000000000000000000000000000000000000000000000000000011a9c6e3007fc0
8875,0000000000000000000000000000000000000000000000000000000000000000000000000000000000000000000000000000000000000000002d9697814b50a0
8885,0000000000000000000000000000000000000000000000000000000000000000000000000000000000000000000000000000000000000000001aae48eed52820
8895,00000000000000000000000000000000000000000000000000000000000000000000000000000000000000000000000000000000000000000017de285a6f0ea0
8905,00000000000000000000000000000000000000000000000000000000000000000000000000000000000000000000000000000000000000000032e92c257ac660
8915,000000000000000000000000000000000000000000000000000000000000000000000000000000000000000000000000000000000000000000220e50c83a2200
8925,0000000000000000000000000000000000000000000000000000000000000000000000000000000000000000000000000000000000000000003a5c71cc58c260
8935,0000000000000000000000000000000000000000000000000000000000000000000000000000000000000000000000000000000000000000002f8acb2e5bbf40
8945,00000000000000000000000000000000000000000000000000000000000000000000000000000000000000000000000000000000000000000024a074083003e0
8955,00000000000000000000000000000000000000000000000000000000000000000000000000000000000000000000000000000000000000000018791a6d8816c0
8965,0000000000000000000000000000000000000000000000000000000000000000000000000000000000000000000000000000000000000000001b9941103b0280
8975,0000000000000000000000000000000000000000000000000000000000000000000000000000000000000000000000000000000000000000001a0377bf441020
8985,0000000000000000000000000000000000000000000000000000000000000000000000000000000000000000000000000000000000000000002b3858db601fc0
8995,0000000000000000000000000000000000000000000000000000000000000000000000000000000000000000000000000000000000000000001b22d9b5bf5280
9005,0000000000000000000000000000000000000000000000000000000000000000000000000000000000000000000000000000000000000000001a38bc0a722220
9015,0000000000000000000000000000000000000000000000000000000000000000000000000000000000000000000000000000000000000000002851dc6fde2cc0
9025,0000000000000000000000000000000000000000000000000000000000000000000000000000000000000000000000000000000000000000002a85dae7671d40
9035,0000000000000000000000000000000000000000000000000000000000000000000000000000000000000000000000000000000000000000002b36372a49d140
9045,00000000000000000000000000000000000000000000000000000000000000000000000000000000000000000000000000000000000000000032019cfa017be0
9055,0000000000000000000000000000000000000000000000000000000000000000000000000000000000000000000000000000000000000000002774eb9c4b40a0
9065,0000000000000000000000000000000000000000000000000000000000000000000000000000000000000000000000000000000000000000001a39af3b9cd2c0
9075,00000000000000000000000000000000000000000000000000000000000000000000000000000000000000000000000000000000000000000015709c358bd6a0
9085,00000000000000000000000000000000000000000000000000000000000000000000000000000000000000000000000000000000000000000035f40f35eb44c0
9095,00000000000000000000000000000000000000000000000000000000000000000000000000000000000000000000000000000000000000000014e3bd83f62780
9105,000000000000000000000000000000000000000000000000000000000000000000000000000000000000000000000000000000000000000000235e0594115920
9115,000000000000000000000000000000000000000000000000000000000000000000000000000000000000000000000000000000000000000000128309c0ab8240
9125,0000000000000000000000000000000000000000000000000000000000000000000000000000000000000000000000000000000000000000001c8bdbc4ce6380
9135,0000000000000000000000000000000000000000000000000000000000000000000000000000000000000000000000000000000000000000002db017d830f480
9145,000000000000000000000000000000000000000000000000000000000000000000000000000000000000000000000000000000000000000000411da07f36cb20
9155,0000000000000000000000000000000000000000000000000000000000000000000000000000000000000000000000000000000000000000001841cc362e6b00
9165,0000000000000000000000000000000000000000000000000000000000000000000000000000000000000000000000000000000000000000002c1b4024b392e0
9175,00000000000000000000000000000000000000000000000000000000000000000000000000000000000000000000000000000000000000000025f4e7f13f32e0
9185,000000000000000000000000000000000000000000000000000000000000000000000000000000000000000000000000000000000000000000267a7b197a1b80
9195,00000000000000000000000000000000000000000000000000000000000000000000000000000000000000000000000000000000000000000020d8e921ffae20
9205,000000000000000000000000000000000000000000000000000000000000000000000000000000000000000000000000000000000000000000283cc55d98bfc0
9215,000000000000000000000000000000000000000000000000000000000000000000000000000000000000000000000000000000000000000000102bb4c1ab8900
9225,0000000000000000000000000000000000000000000000000000000000000000000000000000000000000000000000000000000000000000000a13950d41da60
9235,00000000000000000000000000000000000000000000000000000000000000000000000000000000000000000000000000000000000000000032ca79278c5620
9245,000000000000000000000000000000000000000000000000000000000000000000000000000000000000000000000000000000000000000000150be16d9080c0
9255,000000000000000000000000000000000000000000000000000000000000000000000000000000000000000000000000000000000000000000356218fad4ce20
9265,00000000000000000000000000000000000000000000000000000000000000000000000000000000000000000000000000000000000000000011854a82ffba00
9275,0000000000000000000000000000000000000000000000000000000000000000000000000000000000000000000000000000000000000000000d18438a6c28a0
9285,000000000000000000000000000000000000000000000000000000000000000000000000000000000000000000000000000000000000000000194816fd1f69c0
9295,00000000000000000000000000000000000000000000000000000000000000000000000000000000000000000000000000000000000000000014d567400128e0
9305,0000000000000000000000000000000000000000000000000000000000000000000000000000000000000000000000000000000000000000002e755a05f9ef40
9315,0000000000000000000000000000000000000000000000000000000000000000000000000000000000000000000000000000000000000000001bae942c550160
9325,00000000000000000000000000000000000000000000000000000000000000000000000000000000000000000000000000000000000000000022a037c83dee20
9335,0000000000000000000000000000000000000000000000000000000000000000000000000000000000000000000000000000000000000000001bb94352ff2a20
9345,0000000000000000000000000000000000000000000000000000000000000000000000000000000000000000000000000000000000000000001c575b971cf320
9355,0000000000000000000000000000000000000000000000000000000000000000000000000000000000000000000000000000000000000000001e304c3c2b08a0
9365,0000000000000000000000000000000000000000000000000000000000000000000000000000000000000000000000000000000000000000003a5564af488c00
9375,00000000000000000000000000000000000000000000000000000000000000000000000000000000000000000000000000000000000000000031e9aa4a6382a0
9385,0000000000000000000000000000000000000000000000000000000000000000000000000000000000000000000000000000000000000000002be07a32820740
9395,00000000000000000000000000000000000000000000000000000000000000000000000000000000000000000000000000000000000000000035f6fe047d99a0
9405,0000000000000000000000000000000000000000000000000000000000000000000000000000000000000000000000000000000000000000002649fe4df99820
9415,0000000000000000000000000000000000000000000000000000000000000000000000000000000000000000000000000000000000000000003b8c35cb920720
9425,000000000000000000000000000000000000000000000000000000000000000000000000000000000000000000000000000000000000000000184e7da1a23b60
9435,0000000000000000000000000000000000000000000000000000000000000000000000000000000000000000000000000000000000000000003078d93bdb2460
9445,0000000000000000000000000000000000000000000000000000000000000000000000000000000000000000000000000000000000000000002d0eab5938e740
9455,00000000000000000000000000000000000000000000000000000000000000000000000000000000000000000000000000000000000000000049faa1702b0e20
9465,00000000000000000000000000000000000000000000000000000000000000000000000000000000000000000000000000000000000000000035b2fc756179c0
9475,000000000000000000000000000000000000000000000000000000000000000000000000000000000000000000000000000000000000000000207513d01c4480
9485,0000000000000000000000000000000000000000000000000000000000000000000000000000000000000000000000000000000000000000002eb70f018c7d00
9495,0000000000000000000000000000000000000000000000000000000000000000000000000000000000000000000000000000000000000000003345aa9f3f4040
9505,0000000000000000000000000000000000000000000000000000000000000000000000000000000000000000000000000000000000000000001cc62b197e14a0
9515,00000000000000000000000000000000000000000000000000000000000000000000000000000000000000000000000000000000000000000016bc1e0b841a60
9525,00000000000000000000000000000000000000000000000000000000000000000000000000000000000000000000000000000000000000000033c19f795b2760
9535,000000000000000000000000000000000000000000000000000000000000000000000000000000000000000000000000000000000000000000296a37045c8720
9545,0000000000000000000000000000000000000000000000000000000000000000000000000000000000000000000000000000000000000000001a7d71198229a0
9555,0000000000000000000000000000000000000000000000000000000000000000000000000000000000000000000000000000000000000000001d7ee46f81be20
9565,00000000000000000000000000000000000000000000000000000000000000000000000000000000000000000000000000000000000000000027542d2858b3a0
9575,00000000000000000000000000000000000000000000000000000000000000000000000000000000000000000000000000000000000000000014e978bea6fb00
9585,0000000000000000000000000000000000000000000000000000000000000000000000000000000000000000000000000000000000000000002be00c8b26f4a0
9595,0000000000000000000000000000000000000000000000000000000000000000000000000000000000000000000000000000000000000000002776fab9b19480
9605,0000000000000000000000000000000000000000000000000000000000000000000000000000000000000000000000000000000000000000003f1220ac55c800
9615,0000000000000000000000000000000000000000000000000000000000000000000000000000000000000000000000000000000000000000005db92f1b93eb60
9625,00000000000000000000000000000000000000000000000000000000000000000000000000000000000000000000000000000000000000000035636698482be0
9635,00000000000000000000000000000000000000000000000000000000000000000000000000000000000000000000000000000000000000000028dcbdbf200760
9645,00000000000000000000000000000000000000000000000000000000000000000000000000000000000000000000000000000000000000000018105bfe6f89c0
9655,0000000000000000000000000000000000000000000000000000000000000000000000000000000000000000000000000000000000000000002c4f1fd26fd3e0
9665,0000000000000000000000000000000000000000000000000000000000000000000000000000000000000000000000000000000000000000002057f9b4886e60
9675,0000000000000000000000000000000000000000000000000000000000000000000000000000000000000000000000000000000000000000001d9b689ed0e980
9685,0000000000000000000000000000000000000000000000000000000000000000000000000000000000000000000000000000000000000000002e201ada7d5da0
9695,00000000000000000000000000000000000000000000000000000000000000000000000000000000000000000000000000000000000000000035866433766da0
9705,000000000000000000000000000000000000000000000000000000000000000000000000000000000000000000000000000000000000000000218de6c708a9a0
9715,000000000000000000000000000000000000000000000000000000000000000000000000000000000000000000000000000000000000000000203ffaa2752360
9725,0000000000000000000000000000000000000000000000000000000000000000000000000000000000000000000000000000000000000000002486a2bb287220
9735,00000000000000000000000000000000000000000000000000000000000000000000000000000000000000000000000000000000000000000017680744daf140
9745,0000000000000000000000000000000000000000000000000000000000000000000000000000000000000000000000000000000000000000001f074e729a7040
9755,0000000000000000000000000000000000000000000000000000000000000000000000000000000000000000000000000000000000000000002c3e4b987e6fa0
9765,0000000000000000000000000000000000000000000000000000000000000000000000000000000000000000000000000000000000000000001f763539e64f20
9775,0000000000000000000000000000000000000000000000000000000000000000000000000000000000000000000000000000000000000000001555bba3aa3d80
9785,00000000000000000000000000000000000000000000000000000000000000000000000000000000000000000000000000000000000000000023b141f0ebaee0
9795,0000000000000000000000000000000000000000000000000000000000000000000000000000000000000000000000000000000000000000002d355511b1a8a0
9805,000000000000000000000000000000000000000000000000000000000000000000000000000000000000000000000000000000000000000000326a8ad5659bc0
9815,000000000000000000000000000000000000000000000000000000000000000000000000000000000000000000000000000000000000000000100af208ccf6e0
9825,00000000000000000000000000000000000000000000000000000000000000000000000000000000000000000000000000000000000000000043afd93f2b3a20
9835,0000000000000000000000000000000000000000000000000000000000000000000000000000000000000000000000000000000000000000001e20cb1faca340
9845,00000000000000000000000000000000000000000000000000000000000000000000000000000000000000000000000000000000000000000039dab3f2a0a680
9855,0000000000000000000000000000000000000000000000000000000000000000000000000000000000000000000000000000000000000000001aebebd6fcb2a0
9865,00000000000000000000000000000000000000000000000000000000000000000000000000000000000000000000000000000000000000000026bb7fa8c9c7a0
9875,0000000000000000000000000000000000000000000000000000000000000000000000000000000000000000000000000000000000000000001f1ca43616b780
9885,00000000000000000000000000000000000000000000000000000000000000000000000000000000000000000000000000000000000000000022d11c9d900c60
9895,00000000000000000000000000000000000000000000000000000000000000000000000000000000000000000000000000000000000000000028ee17f9086420
9905,00000000000000000000000000000000000000000000000000000000000000000000000000000000000000000000000000000000000000000025b64e1300ea00
9915,0000000000000000000000000000000000000000000000000000000000000000000000000000000000000000000000000000000000000000002616e9eef49060
9925,00000000000000000000000000000000000000000000000000000000000000000000000000000000000000000000000000000000000000000010443d84f0a080
9935,000000000000000000000000000000000000000000000000000000000000000000000000000000000000000000000000000000000000000000209e3bf4b8c600
9945,00000000000000000000000000000000000000000000000000000000000000000000000000000000000000000000000000000000000000000031858678856320
9955,00000000000000000000000000000000000000000000000000000000000000000000000000000000000000000000000000000000000000000032d6f561c8a860
9965,00000000000000000000000000000000000000000000000000000000000000000000000000000000000000000000000000000000000000000017444402578ae0
9975,00000000000000000000000000000000000000000000000000000000000000000000000000000000000000000000000000000000000000000022c0a32884d920
9985,0000000000000000000000000000000000000000000000000000000000000000000000000000000000000000000000000000000000000000003dbc6a0848a6e0
9995,0000000000000000000000000000000000000000000000000000000000000000000000000000000000000000000000000000000000000000001e68514c15ec20
10005,00000000000000000000000000000000000000000000000000000000000000000000000000000000000000000000000000000000000000000016232c50e61620
10015,00000000000000000000000000000000000000000000000000000000000000000000000000000000000000000000000000000000000000000010912c7fc185c0
10025,000000000000000000000000000000000000000000000000000000000000000000000000000000000000000000000000000000000000000000356cd82b567fc0
10035,0000000000000000000000000000000000000000000000000000000000000000000000000000000000000000000000000000000000000000002750e3c61b3e20
10045,00000000000000000000000000000000000000000000000000000000000000000000000000000000000000000000000000000000000000000020fa2ae4ae4e60
10055,00000000000000000000000000000000000000000000000000000000000000000000000000000000000000000000000000000000000000000028dbbcb558bbc0
10065,0000000000000000000000000000000000000000000000000000000000000000000000000000000000000000000000000000000000000000002139d260644500
10075,0000000000000000000000000000000000000000000000000000000000000000000000000000000000000000000000000000000000000000002a6476fd585400
10085,0000000000000000000000000000000000000000000000000000000000000000000000000000000000000000000000000000000000000000002f6f4b75226960
10095,00000000000000000000000000000000000000000000000000000000000000000000000000000000000000000000000000000000000000000037d894ede2c9c0
10105,0000000000000000000000000000000000000000000000000000000000000000000000000000000000000000000000000000000000000000002874c2e3ab87c0
10115,00000000000000000000000000000000000000000000000000000000000000000000000000000000000000000000000000000000000000000022499c892795c0
10125,000000000000000000000000000000000000000000000000000000000000000000000000000000000000000000000000000000000000000000113f4f9b681d80
10135,0000000000000000000000000000000000000000000000000000000000000000000000000000000000000000000000000000000000000000002057de2ab1abe0
10145,0000000000000000000000000000000000000000000000000000000000000000000000000000000000000000000000000000000000000000001b9dc72d76d1a0
10155,00000000000000000000000000000000000000000000000000000000000000000000000000000000000000000000000000000000000000000015ba6230933f20
10165,0000000000000000000000000000000000000000000000000000000000000000000000000000000000000000000000000000000000000000003770b91c44d040
10175,00000000000000000000000000000000000000000000000000000000000000000000000000000000000000000000000000000000000000000025878720006fa0
10185,0000000000000000000000000000000000000000000000000000000000000000000000000000000000000000000000000000000000000000002e7c8b2307b8a0
10195,00000000000000000000000000000000000000000000000000000000000000000000000000000000000000000000000000000000000000000021461ab82deee0
10205,00000000000000000000000000000000000000000000000000000000000000000000000000000000000000000000000000000000000000000030fcf1a91be0e0
10215,00000000000000000000000000000000000000000000000000000000000000000000000000000000000000000000000000000000000000000029a0e06cfc6180
10225,00000000000000000000000000000000000000000000000000000000000000000000000000000000000000000000000000000000000000000029faf384747060
10235,000000000000000000000000000000000000000000000000000000000000000000000000000000000000000000000000000000000000000000380ec4254fcc40
10245,000000000000000000000000000000000000000000000000000000000000000000000000000000000000000000000000000000000000000000168358b6b9dcc0
10255,00000000000000000000000000000000000000000000000000000000000000000000000000000000000000000000000000000000000000000031984fed68b260
10265,0000000000000000000000000000000000000000000000000000000000000000000000000000000000000000000000000000000000000000002fe45700f09cc0
10275,0000000000000000000000000000000000000000000000000000000000000000000000000000000000000000000000000000000000000000001cfc046e7ab940
10285,00000000000000000000000000000000000000000000000000000000000000000000000000000000000000000000000000000000000000000037415c01ebfde0
10295,0000000000000000000000000000000000000000000000000000000000000000000000000000000000000000000000000000000000000000002e0f7ec7eaa6e0
10305,000000000000000000000000000000000000000000000000000000000000000000000000000000000000000000000000000000000000000000169602f08b9580
10315,0000000000000000000000000000000000000000000000000000000000000000000000000000000000000000000000000000000000000000001c7dcd9485c4a0
10325,00000000000000000000000000000000000000000000000000000000000000000000000000000000000000000000000000000000000000000024d6d3bf99c1c0
10335,0000000000000000000000000000000000000000000000000000000000000000000000000000000000000000000000000000000000000000002c4c99f9fdcee0
10345,00000000000000000000000000000000000000000000000000000000000000000000000000000000000000000000000000000000000000000020c27be86ed920
10355,0000000000000000000000000000000000000000000000000000000000000000000000000000000000000000000000000000000000000000001a7b6319a59b20
10365,00000000000000000000000000000000000000000000000000000000000000000000000000000000000000000000000000000000000000000012adbab3f27820
10375,0000000000000000000000000000000000000000000000000000000000000000000000000000000000000000000000000000000000000000003752338aa21560
10385,0000000000000000000000000000000000000000000000000000000000000000000000000000000000000000000000000000000000000000002f38b5bdbc4f00
10395,0000000000000000000000000000000000000000000000000000000000000000000000000000000000000000000000000000000000000000001955c619bd35a0
10405,000000000000000000000000000000000000000000000000000000000000000000000000000000000000000000000000000000000000000000434f78281fecc0
10415,00000000000000000000000000000000000000000000000000000000000000000000000000000000000000000000000000000000000000000017f8e3f62bc2e0
10425,00000000000000000000000000000000000000000000000000000000000000000000000000000000000000000000000000000000000000000031cbaa077cb880
10435,0000000000000000000000000000000000000000000000000000000000000000000000000000000000000000000000000000000000000000002b257497b9b2a0
10445,0000000000000000000000000000000000000000000000000000000000000000000000000000000000000000000000000000000000000000003247e3d7bb5c80
10455,00000000000000000000000000000000000000000000000000000000000000000000000000000000000000000000000000000000000000000036329527dc2060
10465,00000000000000000000000000000000000000000000000000000000000000000000000000000000000000000000000000000000000000000022b22a1fa5e380
10475,00000000000000000000000000000000000000000000000000000000000000000000000000000000000000000000000000000000000000000024c2365e873540
10485,0000000000000000000000000000000000000000000000000000000000000000000000000000000000000000000000000000000000000000002c4a00f0520140
10495,0000000000000000000000000000000000000000000000000000000000000000000000000000000000000000000000000000000000000000002405f788c04aa0
10505,0000000000000000000000000000000000000000000000000000000000000000000000000000000000000000000000000000000000000000001a10278d2e23c0
10515,000000000000000000000000000000000000000000000000000000000000000000000000000000000000000000000000000000000000000000360c26dbae22e0
10525,00000000000000000000000000000000000000000000000000000000000000000000000000000000000000000000000000000000000000000020bf6f4140fd40
10535,0000000000000000000000000000000000000000000000000000000000000000000000000000000000000000000000000000000000000000001c27031a5ee9c0
10545,00000000000000000000000000000000000000000000000000000000000000000000000000000000000000000000000000000000000000000025f8cc22372640
10555,0000000000000000000000000000000000000000000000000000000000000000000000000000000000000000000000000000000000000000002a084e838e0ea0
10565,000000000000000000000000000000000000000000000000000000000000000000000000000000000000000000000000000000000000000000198255030b5920
10575,00000000000000000000000000000000000000000000000000000000000000000000000000000000000000000000000000000000000000000022aca7d13fff00
10585,00000000000000000000000000000000000000000000000000000000000000000000000000000000000000000000000000000000000000000046b75e8ae97b40
10595,0000000000000000000000000000000000000000000000000000000000000000000000000000000000000000000000000000000000000000003c8e35ba2f8720
10605,0000000000000000000000000000000000000000000000000000000000000000000000000000000000000000000000000000000000000000001ee00db0533ec0
10615,0000000000000000000000000000000000000000000000000000000000000000000000000000000000000000000000000000000000000000002850d9488d2d00
10625,00000000000000000000000000000000000000000000000000000000000000000000000000000000000000000000000000000000000000000025a88fbb5073a0
10635,0000000000000000000000000000000000000000000000000000000000000000000000000000000000000000000000000000000000000000005e826e66a1f080
10645,00000000000000000000000000000000000000000000000000000000000000000000000000000000000000000000000000000000000000000039d717d55512e0
10655,00000000000000000000000000000000000000000000000000000000000000000000000000000000000000000000000000000000000000000026c4979e544cc0
10665,000000000000000000000000000000000000000000000000000000000000000000000000000000000000000000000000000000000000000000232f5ea10eb6c0
10675,00000000000000000000000000000000000000000000000000000000000000000000000000000000000000000000000000000000000000000035aef77f7f6ce0
10685,000000000000000000000000000000000000000000000000000000000000000000000000000000000000000000000000000000000000000000156eb15d0f5fe0
10695,0000000000000000000000000000000000000000000000000000000000000000000000000000000000000000000000000000000000000000002c00c3f5415d80
10705,0000000000000000000000000000000000000000000000000000000000000000000000000000000000000000000000000000000000000000001340e80c7dd0a0
10715,000000000000000000000000000000000000000000000000000000000000000000000000000000000000000000000000000000000000000000171024b715baa0
10725,0000000000000000000000000000000000000000000000000000000000000000000000000000000000000000000000000000000000000000004716d6abdd18c0
10735,000000000000000000000000000000000000000000000000000000000000000000000000000000000000000000000000000000000000000000277f1060889520
10745,000000000000000000000000000000000000000000000000000000000000000000000000000000000000000000000000000000000000000000212d8f1272e1c0
10755,0000000000000000000000000000000000000000000000000000000000000000000000000000000000000000000000000000000000000000003a2f35cf650d60
10765,0000000000000000000000000000000000000000000000000000000000000000000000000000000000000000000000000000000000000000001e2d543c5e3ea0
10775,0000000000000000000000000000000000000000000000000000000000000000000000000000000000000000000000000000000000000000002d9ca1a84597a0
10785,000000000000000000000000000000000000000000000000000000000000000000000000000000000000000000000000000000000000000000222f80324c74e0
10795,0000000000000000000000000000000000000000000000000000000000000000000000000000000000000000000000000000000000000000004f092467b5a160
10805,00000000000000000000000000000000000000000000000000000000000000000000000000000000000000000000000000000000000000000039623cc9839ae0
10815,0000000000000000000000000000000000000000000000000000000000000000000000000000000000000000000000000000000000000000002a62725ff14b00
10825,0000000000000000000000000000000000000000000000000000000000000000000000000000000000000000000000000000000000000000002551a019c9a380
10835,000000000000000000000000000000000000000000000000000000000000000000000000000000000000000000000000000000000000000000199e761eaff680
10845,0000000000000000000000000000000000000000000000000000000000000000000000000000000000000000000000000000000000000000001888a7c5195a60
10855,0000000000000000000000000000000000000000000000000000000000000000000000000000000000000000000000000000000000000000002c5932ef4be2c0
10865,00000000000000000000000000000000000000000000000000000000000000000000000000000000000000000000000000000000000000000031ac29a725f7c0
