Zeit (ns),Daten (Hex)
1345,00000000000000000000000000000000000000000000000000000000000000000000000000000000000000000000000000000000000000000040ec6ad14c95a0
1355,000000000000000000000000000000000000000000000000000000000000000000000000000000000000000000000000000000000000000000221285f92ca020
1365,0000000000000000000000000000000000000000000000000000000000000000000000000000000000000000000000000000000000000000011ebf22b7763960
1375,0000000000000000000000000000000000000000000000000000000000000000000000000000000000000000000000000000000000000000003799e58fa5f3c0
1385,0000000000000000000000000000000000000000000000000000000000000000000000000000000000000000000000000000000000000000000ad0df6ccf5b80
1395,00000000000000000000000000000000000000000000000000000000000000000000000000000000000000000000000000000000000000000051a235f5f8e0c0
1405,00000000000000000000000000000000000000000000000000000000000000000000000000000000000000000000000000000000000000000031800e20463540
1415,0000000000000000000000000000000000000000000000000000000000000000000000000000000000000000000000000000000000000000001a5c5956d0b4e0
1425,000000000000000000000000000000000000000000000000000000000000000000000000000000000000000000000000000000000000000000187f1ee347ac40
1435,0000000000000000000000000000000000000000000000000000000000000000000000000000000000000000000000000000000000000000002b7b648816a9c0
1445,000000000000000000000000000000000000000000000000000000000000000000000000000000000000000000000000000000000000000000197c735235baa0
1455,000000000000000000000000000000000000000000000000000000000000000000000000000000000000000000000000000000000000000000169a61fa18cba0
1465,00000000000000000000000000000000000000000000000000000000000000000000000000000000000000000000000000000000000000000049dd86e8487a60
1475,00000000000000000000000000000000000000000000000000000000000000000000000000000000000000000000000000000000000000000022ecfd91d68640
1485,000000000000000000000000000000000000000000000000000000000000000000000000000000000000000000000000000000000000000000303749d3f74980
1495,0000000000000000000000000000000000000000000000000000000000000000000000000000000000000000000000000000000000000000001b0ccdcaecdb40
1505,0000000000000000000000000000000000000000000000000000000000000000000000000000000000000000000000000000000000000000003592d428c744c0
1515,0000000000000000000000000000000000000000000000000000000000000000000000000000000000000000000000000000000000000000003178e6e5ade8c0
1525,000000000000000000000000000000000000000000000000000000000000000000000000000000000000000000000000000000000000000000405d7d3d643fe0
1535,0000000000000000000000000000000000000000000000000000000000000000000000000000000000000000000000000000000000000000003192d19f0288e0
1545,0000000000000000000000000000000000000000000000000000000000000000000000000000000000000000000000000000000000000000003051f08366a1c0
1555,000000000000000000000000000000000000000000000000000000000000000000000000000000000000000000000000000000000000000000121875c7d9fb40
1565,0000000000000000000000000000000000000000000000000000000000000000000000000000000000000000000000000000000000000000001ad5b8ec2cdc20
1575,0000000000000000000000000000000000000000000000000000000000000000000000000000000000000000000000000000000000000000002d481e906d94c0
1585,0000000000000000000000000000000000000000000000000000000000000000000000000000000000000000000000000000000000000000001746502996af60
1595,0000000000000000000000000000000000000000000000000000000000000000000000000000000000000000000000000000000000000000001d7126355b1e60
1605,0000000000000000000000000000000000000000000000000000000000000000000000000000000000000000000000000000000000000000001604cfa1b6c160
1615,000000000000000000000000000000000000000000000000000000000000000000000000000000000000000000000000000000000000000000182dc6c16066c0
1625,000000000000000000000000000000000000000000000000000000000000000000000000000000000000000000000000000000000000000000219129294697e0
1635,0000000000000000000000000000000000000000000000000000000000000000000000000000000000000000000000000000000000000000001e98d9f0332d00
1645,0000000000000000000000000000000000000000000000000000000000000000000000000000000000000000000000000000000000000000002064698276d200
1655,0000000000000000000000000000000000000000000000000000000000000000000000000000000000000000000000000000000000000000003cd4d384325140
1665,0000000000000000000000000000000000000000000000000000000000000000000000000000000000000000000000000000000000000000003b11d67b336a00
1675,00000000000000000000000000000000000000000000000000000000000000000000000000000000000000000000000000000000000000000023dd9995513d00
1685,00000000000000000000000000000000000000000000000000000000000000000000000000000000000000000000000000000000000000000124238b293715c0
1695,000000000000000000000000000000000000000000000000000000000000000000000000000000000000000000000000000000000000000000285f86aa062580
1705,0000000000000000000000000000000000000000000000000000000000000000000000000000000000000000000000000000000000000000000defc95483eda0
1715,00000000000000000000000000000000000000000000000000000000000000000000000000000000000000000000000000000000000000000022b1f26495f3a0
1725,0000000000000000000000000000000000000000000000000000000000000000000000000000000000000000000000000000000000000000001ccf8d67a12120
1735,000000000000000000000000000000000000000000000000000000000000000000000000000000000000000000000000000000000000000000b59e16a58e4da0
1745,00000000000000000000000000000000000000000000000000000000000000000000000000000000000000000000000000000000000000000043af99d2e0bb40
1755,0000000000000000000000000000000000000000000000000000000000000000000000000000000000000000000000000000000000000000002a3130282f5040
1765,0000000000000000000000000000000000000000000000000000000000000000000000000000000000000000000000000000000000000000003c0dd2d6876ca0
1775,0000000000000000000000000000000000000000000000000000000000000000000000000000000000000000000000000000000000000000002f30820d0eb700
1785,00000000000000000000000000000000000000000000000000000000000000000000000000000000000000000000000000000000000000000044c8228ebe6fa0
1795,00000000000000000000000000000000000000000000000000000000000000000000000000000000000000000000000000000000000000000021ce34fdc71560
1805,0000000000000000000000000000000000000000000000000000000000000000000000000000000000000000000000000000000000000000006489228886e3c0
1815,0000000000000000000000000000000000000000000000000000000000000000000000000000000000000000000000000000000000000000001d045d0b749940
1825,0000000000000000000000000000000000000000000000000000000000000000000000000000000000000000000000000000000000000000001fa54e857ec6e0
1835,000000000000000000000000000000000000000000000000000000000000000000000000000000000000000000000000000000000000000000485e793d2bd920
1845,0000000000000000000000000000000000000000000000000000000000000000000000000000000000000000000000000000000000000000002b753ef4cf76e0
1855,0000000000000000000000000000000000000000000000000000000000000000000000000000000000000000000000000000000000000000003ad89692c033c0
1865,00000000000000000000000000000000000000000000000000000000000000000000000000000000000000000000000000000000000000000028867e2765f820
1875,000000000000000000000000000000000000000000000000000000000000000000000000000000000000000000000000000000000000000000106aa7025a04a0
1885,00000000000000000000000000000000000000000000000000000000000000000000000000000000000000000000000000000000000000000057d71f9e995600
1895,0000000000000000000000000000000000000000000000000000000000000000000000000000000000000000000000000000000000000000002748c68b938520
1905,0000000000000000000000000000000000000000000000000000000000000000000000000000000000000000000000000000000000000000002631b180d7d8c0
1915,00000000000000000000000000000000000000000000000000000000000000000000000000000000000000000000000000000000000000000028a0fd4cff5ce0
1925,0000000000000000000000000000000000000000000000000000000000000000000000000000000000000000000000000000000000000000003f072b7bd7b9e0
1935,00000000000000000000000000000000000000000000000000000000000000000000000000000000000000000000000000000000000000000025ac5044e857e0
1945,00000000000000000000000000000000000000000000000000000000000000000000000000000000000000000000000000000000000000000028f2ae5156cc80
1955,000000000000000000000000000000000000000000000000000000000000000000000000000000000000000000000000000000000000000000277572aff361a0
1965,0000000000000000000000000000000000000000000000000000000000000000000000000000000000000000000000000000000000000000002e8e85e6bde1a0
1975,000000000000000000000000000000000000000000000000000000000000000000000000000000000000000000000000000000000000000000181081121e4540
1985,000000000000000000000000000000000000000000000000000000000000000000000000000000000000000000000000000000000000000000944e495a566c20
1995,0000000000000000000000000000000000000000000000000000000000000000000000000000000000000000000000000000000000000000001f61c8cef7d880
2005,0000000000000000000000000000000000000000000000000000000000000000000000000000000000000000000000000000000000000000003208ebdbf99280
2015,0000000000000000000000000000000000000000000000000000000000000000000000000000000000000000000000000000000000000000002964dd537dbea0
2025,0000000000000000000000000000000000000000000000000000000000000000000000000000000000000000000000000000000000000000003f2f0047ed8f40
2035,00000000000000000000000000000000000000000000000000000000000000000000000000000000000000000000000000000000000000000023717d92c18320
2045,0000000000000000000000000000000000000000000000000000000000000000000000000000000000000000000000000000000000000000003a89979812e280
2055,0000000000000000000000000000000000000000000000000000000000000000000000000000000000000000000000000000000000000000002c835b93d71ba0
2065,0000000000000000000000000000000000000000000000000000000000000000000000000000000000000000000000000000000000000000009dfbe5e49ea840
2075,000000000000000000000000000000000000000000000000000000000000000000000000000000000000000000000000000000000000000000341491a4ff6940
2085,00000000000000000000000000000000000000000000000000000000000000000000000000000000000000000000000000000000000000000012e07f9cd57820
2095,000000000000000000000000000000000000000000000000000000000000000000000000000000000000000000000000000000000000000000146ed233397960
2105,000000000000000000000000000000000000000000000000000000000000000000000000000000000000000000000000000000000000000000222ab463da4440
2115,0000000000000000000000000000000000000000000000000000000000000000000000000000000000000000000000000000000000000000002f00725f10b200
2125,0000000000000000000000000000000000000000000000000000000000000000000000000000000000000000000000000000000000000000002102829f321640
2135,0000000000000000000000000000000000000000000000000000000000000000000000000000000000000000000000000000000000000000001c515297850e60
2145,0000000000000000000000000000000000000000000000000000000000000000000000000000000000000000000000000000000000000000002beb030a69d880
2155,00000000000000000000000000000000000000000000000000000000000000000000000000000000000000000000000000000000000000000019e8e654bf97c0
2165,0000000000000000000000000000000000000000000000000000000000000000000000000000000000000000000000000000000000000000002de69105c05da0
2175,000000000000000000000000000000000000000000000000000000000000000000000000000000000000000000000000000000000000000000200eb41bee86a0
2185,0000000000000000000000000000000000000000000000000000000000000000000000000000000000000000000000000000000000000000002f4dad94f02580
2195,0000000000000000000000000000000000000000000000000000000000000000000000000000000000000000000000000000000000000000002ac07d94aeba80
2205,00000000000000000000000000000000000000000000000000000000000000000000000000000000000000000000000000000000000000000044279bfc05a920
2215,0000000000000000000000000000000000000000000000000000000000000000000000000000000000000000000000000000000000000000003b79fc391b2d40
2225,000000000000000000000000000000000000000000000000000000000000000000000000000000000000000000000000000000000000000000510f1393942da0
2235,0000000000000000000000000000000000000000000000000000000000000000000000000000000000000000000000000000000000000000003ca3d325097080
2245,00000000000000000000000000000000000000000000000000000000000000000000000000000000000000000000000000000000000000000028757559c6e3c0
2255,0000000000000000000000000000000000000000000000000000000000000000000000000000000000000000000000000000000000000000001ed70044a0a160
2265,000000000000000000000000000000000000000000000000000000000000000000000000000000000000000000000000000000000000000000e1344684744d80
2275,0000000000000000000000000000000000000000000000000000000000000000000000000000000000000000000000000000000000000000002fff5fba31f760
2285,000000000000000000000000000000000000000000000000000000000000000000000000000000000000000000000000000000000000000001153eff47a76ca0
2295,00000000000000000000000000000000000000000000000000000000000000000000000000000000000000000000000000000000000000000031b4027f3c2500
2305,0000000000000000000000000000000000000000000000000000000000000000000000000000000000000000000000000000000000000000001709100654cbe0
2315,00000000000000000000000000000000000000000000000000000000000000000000000000000000000000000000000000000000000000000014e3cc3f08daa0
2325,000000000000000000000000000000000000000000000000000000000000000000000000000000000000000000000000000000000000000000152759e1de0540
2335,0000000000000000000000000000000000000000000000000000000000000000000000000000000000000000000000000000000000000000002ee83891edaae0
2345,00000000000000000000000000000000000000000000000000000000000000000000000000000000000000000000000000000000000000000011dd4010c3a8e0
2355,0000000000000000000000000000000000000000000000000000000000000000000000000000000000000000000000000000000000000000002485586c79c7a0
2365,00000000000000000000000000000000000000000000000000000000000000000000000000000000000000000000000000000000000000000017fd22271da5c0
2375,000000000000000000000000000000000000000000000000000000000000000000000000000000000000000000000000000000000000000000178666ea317560
2385,00000000000000000000000000000000000000000000000000000000000000000000000000000000000000000000000000000000000000000046144cd0fa1f00
2395,00000000000000000000000000000000000000000000000000000000000000000000000000000000000000000000000000000000000000000041d2d8908a9bc0
2405,0000000000000000000000000000000000000000000000000000000000000000000000000000000000000000000000000000000000000000002bf6ccce8acec0
2415,0000000000000000000000000000000000000000000000000000000000000000000000000000000000000000000000000000000000000000010a12604d557ec0
2425,0000000000000000000000000000000000000000000000000000000000000000000000000000000000000000000000000000000000000000000f8d95aec94920
2435,0000000000000000000000000000000000000000000000000000000000000000000000000000000000000000000000000000000000000000009fb306f842bf60
2445,000000000000000000000000000000000000000000000000000000000000000000000000000000000000000000000000000000000000000000263cc2a77b6700
2455,0000000000000000000000000000000000000000000000000000000000000000000000000000000000000000000000000000000000000000002b9695377cb580
2465,000000000000000000000000000000000000000000000000000000000000000000000000000000000000000000000000000000000000000000a22f5026005800
2475,000000000000000000000000000000000000000000000000000000000000000000000000000000000000000000000000000000000000000000383a16ac3d1a00
2485,00000000000000000000000000000000000000000000000000000000000000000000000000000000000000000000000000000000000000000029bc3b9c5f9020
2495,00000000000000000000000000000000000000000000000000000000000000000000000000000000000000000000000000000000000000000040c16536a8dde0
2505,0000000000000000000000000000000000000000000000000000000000000000000000000000000000000000000000000000000000000000002c62fa29b6e740
2515,000000000000000000000000000000000000000000000000000000000000000000000000000000000000000000000000000000000000000000dc6ac6afa5ba00
2525,000000000000000000000000000000000000000000000000000000000000000000000000000000000000000000000000000000000000000000343898fb2f7460
2535,0000000000000000000000000000000000000000000000000000000000000000000000000000000000000000000000000000000000000000000d47a07389eaa0
2545,000000000000000000000000000000000000000000000000000000000000000000000000000000000000000000000000000000000000000000213dd1915a66a0
2555,0000000000000000000000000000000000000000000000000000000000000000000000000000000000000000000000000000000000000000001a1f80b387d800
2565,00000000000000000000000000000000000000000000000000000000000000000000000000000000000000000000000000000000000000000033fe82c405c2a0
2575,000000000000000000000000000000000000000000000000000000000000000000000000000000000000000000000000000000000000000000196e17c954c820
2585,0000000000000000000000000000000000000000000000000000000000000000000000000000000000000000000000000000000000000000003324e0a174dcc0
2595,0000000000000000000000000000000000000000000000000000000000000000000000000000000000000000000000000000000000000000001223abe4a26e60
2605,0000000000000000000000000000000000000000000000000000000000000000000000000000000000000000000000000000000000000000000da02ad9e15bc0
2615,000000000000000000000000000000000000000000000000000000000000000000000000000000000000000000000000000000000000000000370aa8ca87e060
2625,000000000000000000000000000000000000000000000000000000000000000000000000000000000000000000000000000000000000000000395d505d89c440
2635,0000000000000000000000000000000000000000000000000000000000000000000000000000000000000000000000000000000000000000001f7539e159b500
2645,000000000000000000000000000000000000000000000000000000000000000000000000000000000000000000000000000000000000000000242b6210137a60
2655,0000000000000000000000000000000000000000000000000000000000000000000000000000000000000000000000000000000000000000001fee2d76bd2340
2665,0000000000000000000000000000000000000000000000000000000000000000000000000000000000000000000000000000000000000000002b99217c3d10a0
2675,0000000000000000000000000000000000000000000000000000000000000000000000000000000000000000000000000000000000000000002d8c506e4b5fa0
2685,0000000000000000000000000000000000000000000000000000000000000000000000000000000000000000000000000000000000000000002b4c45b2a5f400
2695,0000000000000000000000000000000000000000000000000000000000000000000000000000000000000000000000000000000000000000001d66e3f11fc6c0
2705,000000000000000000000000000000000000000000000000000000000000000000000000000000000000000000000000000000000000000000417e4d963cf980
2715,00000000000000000000000000000000000000000000000000000000000000000000000000000000000000000000000000000000000000000028a1a6ea7dc7a0
2725,0000000000000000000000000000000000000000000000000000000000000000000000000000000000000000000000000000000000000000002978b665d89920
2735,0000000000000000000000000000000000000000000000000000000000000000000000000000000000000000000000000000000000000000001f37e45ba31b00
2745,00000000000000000000000000000000000000000000000000000000000000000000000000000000000000000000000000000000000000000023f16b62c04620
2755,000000000000000000000000000000000000000000000000000000000000000000000000000000000000000000000000000000000000000000315471195deca0
2765,0000000000000000000000000000000000000000000000000000000000000000000000000000000000000000000000000000000000000000017f255e87572de0
2775,00000000000000000000000000000000000000000000000000000000000000000000000000000000000000000000000000000000000000000022d7b03aa872a0
2785,0000000000000000000000000000000000000000000000000000000000000000000000000000000000000000000000000000000000000000002f8a9d383775a0
2795,00000000000000000000000000000000000000000000000000000000000000000000000000000000000000000000000000000000000000000027a1db231cba20
2805,0000000000000000000000000000000000000000000000000000000000000000000000000000000000000000000000000000000000000000002b418795d56ae0
2815,0000000000000000000000000000000000000000000000000000000000000000000000000000000000000000000000000000000000000000003da62f09c820a0
2825,0000000000000000000000000000000000000000000000000000000000000000000000000000000000000000000000000000000000000000002e4b0c43e75e00
2835,0000000000000000000000000000000000000000000000000000000000000000000000000000000000000000000000000000000000000000001e13542094e800
2845,0000000000000000000000000000000000000000000000000000000000000000000000000000000000000000000000000000000000000000001c5344c89e9040
2855,00000000000000000000000000000000000000000000000000000000000000000000000000000000000000000000000000000000000000000026a1265bcb5fe0
2865,00000000000000000000000000000000000000000000000000000000000000000000000000000000000000000000000000000000000000000028a2866a6eb840
2875,0000000000000000000000000000000000000000000000000000000000000000000000000000000000000000000000000000000000000000002b3a7233d97460
2885,000000000000000000000000000000000000000000000000000000000000000000000000000000000000000000000000000000000000000000146a940c203360
2895,0000000000000000000000000000000000000000000000000000000000000000000000000000000000000000000000000000000000000000002467b515db7f80
2905,000000000000000000000000000000000000000000000000000000000000000000000000000000000000000000000000000000000000000000142ff6e8b0d420
2915,0000000000000000000000000000000000000000000000000000000000000000000000000000000000000000000000000000000000000000001d8e8fe49ad2e0
2925,0000000000000000000000000000000000000000000000000000000000000000000000000000000000000000000000000000000000000000001f959bb7c8a700
2935,0000000000000000000000000000000000000000000000000000000000000000000000000000000000000000000000000000000000000000000f74b7ba4edb80
2945,000000000000000000000000000000000000000000000000000000000000000000000000000000000000000000000000000000000000000000100291d8225e80
2955,00000000000000000000000000000000000000000000000000000000000000000000000000000000000000000000000000000000000000000026c085c5fcf6c0
2965,0000000000000000000000000000000000000000000000000000000000000000000000000000000000000000000000000000000000000000001685aa19080840
2975,0000000000000000000000000000000000000000000000000000000000000000000000000000000000000000000000000000000000000000005af91c99ca1a20
2985,0000000000000000000000000000000000000000000000000000000000000000000000000000000000000000000000000000000000000000001f2cd2e63aa5c0
2995,0000000000000000000000000000000000000000000000000000000000000000000000000000000000000000000000000000000000000000002af2b4f3c2a680
3005,000000000000000000000000000000000000000000000000000000000000000000000000000000000000000000000000000000000000000000276c32e1ce0200
3015,00000000000000000000000000000000000000000000000000000000000000000000000000000000000000000000000000000000000000000013893ed662e380
3025,00000000000000000000000000000000000000000000000000000000000000000000000000000000000000000000000000000000000000000024d962e6d01280
3035,0000000000000000000000000000000000000000000000000000000000000000000000000000000000000000000000000000000000000000001b5bf00a841ae0
3045,0000000000000000000000000000000000000000000000000000000000000000000000000000000000000000000000000000000000000000003d42d837dc30e0
3055,000000000000000000000000000000000000000000000000000000000000000000000000000000000000000000000000000000000000000000376e8f577dd200
3065,0000000000000000000000000000000000000000000000000000000000000000000000000000000000000000000000000000000000000000002b769c74b7ea00
3075,0000000000000000000000000000000000000000000000000000000000000000000000000000000000000000000000000000000000000000002a679969710720
3085,00000000000000000000000000000000000000000000000000000000000000000000000000000000000000000000000000000000000000000017180b67c882e0
3095,00000000000000000000000000000000000000000000000000000000000000000000000000000000000000000000000000000000000000000029481cdf465420
3105,0000000000000000000000000000000000000000000000000000000000000000000000000000000000000000000000000000000000000000001ec90731e06ee0
3115,0000000000000000000000000000000000000000000000000000000000000000000000000000000000000000000000000000000000000000004cb7b3d49ec8c0
3125,000000000000000000000000000000000000000000000000000000000000000000000000000000000000000000000000000000000000000000364efc9240ed40
3135,00000000000000000000000000000000000000000000000000000000000000000000000000000000000000000000000000000000000000000018eb5df9864420
3145,00000000000000000000000000000000000000000000000000000000000000000000000000000000000000000000000000000000000000000024c1785e9402c0
3155,00000000000000000000000000000000000000000000000000000000000000000000000000000000000000000000000000000000000000000027a1121951a880
3165,0000000000000000000000000000000000000000000000000000000000000000000000000000000000000000000000000000000000000000001992529f815ae0
3175,000000000000000000000000000000000000000000000000000000000000000000000000000000000000000000000000000000000000000000300440feca1840
3185,00000000000000000000000000000000000000000000000000000000000000000000000000000000000000000000000000000000000000000020d7a8d3505720
3195,0000000000000000000000000000000000000000000000000000000000000000000000000000000000000000000000000000000000000000003860f2023c5c20
3205,0000000000000000000000000000000000000000000000000000000000000000000000000000000000000000000000000000000000000000001b65f87ffe6b60
3215,000000000000000000000000000000000000000000000000000000000000000000000000000000000000000000000000000000000000000000402a69f21060a0
3225,00000000000000000000000000000000000000000000000000000000000000000000000000000000000000000000000000000000000000000019b4898981ec60
3235,000000000000000000000000000000000000000000000000000000000000000000000000000000000000000000000000000000000000000000213c009179bbe0
3245,0000000000000000000000000000000000000000000000000000000000000000000000000000000000000000000000000000000000000000005107cbc54cd800
3255,0000000000000000000000000000000000000000000000000000000000000000000000000000000000000000000000000000000000000000002dc33c56e6bee0
3265,00000000000000000000000000000000000000000000000000000000000000000000000000000000000000000000000000000000000000000028048261634380
3275,0000000000000000000000000000000000000000000000000000000000000000000000000000000000000000000000000000000000000000002a160c16524380
3285,0000000000000000000000000000000000000000000000000000000000000000000000000000000000000000000000000000000000000000002bcba7f8d58080
3295,00000000000000000000000000000000000000000000000000000000000000000000000000000000000000000000000000000000000000000024884a275aaf00
3305,0000000000000000000000000000000000000000000000000000000000000000000000000000000000000000000000000000000000000000002a1e2e0214bf40
3315,00000000000000000000000000000000000000000000000000000000000000000000000000000000000000000000000000000000000000000032d338447f4e00
3325,0000000000000000000000000000000000000000000000000000000000000000000000000000000000000000000000000000000000000000001d5c79fbac0820
3335,0000000000000000000000000000000000000000000000000000000000000000000000000000000000000000000000000000000000000000002686d4c9e02400
3345,00000000000000000000000000000000000000000000000000000000000000000000000000000000000000000000000000000000000000000012c12046551b00
3355,000000000000000000000000000000000000000000000000000000000000000000000000000000000000000000000000000000000000000000318762023df5a0
3365,000000000000000000000000000000000000000000000000000000000000000000000000000000000000000000000000000000000000000000214b19869cafc0
3375,0000000000000000000000000000000000000000000000000000000000000000000000000000000000000000000000000000000000000000003612e4e5127240
3385,0000000000000000000000000000000000000000000000000000000000000000000000000000000000000000000000000000000000000000002aefefa52d85c0
3395,000000000000000000000000000000000000000000000000000000000000000000000000000000000000000000000000000000000000000000180735e18382a0
3405,000000000000000000000000000000000000000000000000000000000000000000000000000000000000000000000000000000000000000000147b369eb27a00
3415,0000000000000000000000000000000000000000000000000000000000000000000000000000000000000000000000000000000000000000002cd9682b949aa0
3425,0000000000000000000000000000000000000000000000000000000000000000000000000000000000000000000000000000000000000000001c0c117ea5d900
3435,0000000000000000000000000000000000000000000000000000000000000000000000000000000000000000000000000000000000000000003795a4e88cd8e0
3445,0000000000000000000000000000000000000000000000000000000000000000000000000000000000000000000000000000000000000000010dc7a33e99cb60
3455,00000000000000000000000000000000000000000000000000000000000000000000000000000000000000000000000000000000000000000013965f730a4980
3465,00000000000000000000000000000000000000000000000000000000000000000000000000000000000000000000000000000000000000000080fc43803af160
3475,0000000000000000000000000000000000000000000000000000000000000000000000000000000000000000000000000000000000000000004401dff4b7f740
3485,0000000000000000000000000000000000000000000000000000000000000000000000000000000000000000000000000000000000000000002273b286519a40
3495,000000000000000000000000000000000000000000000000000000000000000000000000000000000000000000000000000000000000000000e0177da17d75a0
3505,000000000000000000000000000000000000000000000000000000000000000000000000000000000000000000000000000000000000000000ce24bb60f1bee0
3515,0000000000000000000000000000000000000000000000000000000000000000000000000000000000000000000000000000000000000000002563fc49c800e0
3525,00000000000000000000000000000000000000000000000000000000000000000000000000000000000000000000000000000000000000000027afbe222d2e60
3535,000000000000000000000000000000000000000000000000000000000000000000000000000000000000000000000000000000000000000000322802b27ed240
3545,0000000000000000000000000000000000000000000000000000000000000000000000000000000000000000000000000000000000000000004235c1ceccb2a0
3555,0000000000000000000000000000000000000000000000000000000000000000000000000000000000000000000000000000000000000000003c500e0d24a020
3565,0000000000000000000000000000000000000000000000000000000000000000000000000000000000000000000000000000000000000000001bb6832bcc26a0
3575,000000000000000000000000000000000000000000000000000000000000000000000000000000000000000000000000000000000000000001157b1292600be0
3585,000000000000000000000000000000000000000000000000000000000000000000000000000000000000000000000000000000000000000000317741be67d380
3595,00000000000000000000000000000000000000000000000000000000000000000000000000000000000000000000000000000000000000000012945570bc3c40
3605,000000000000000000000000000000000000000000000000000000000000000000000000000000000000000000000000000000000000000000232eb90d68a3e0
3615,000000000000000000000000000000000000000000000000000000000000000000000000000000000000000000000000000000000000000000395bcc71552300
3625,000000000000000000000000000000000000000000000000000000000000000000000000000000000000000000000000000000000000000000304b775c73d580
3635,00000000000000000000000000000000000000000000000000000000000000000000000000000000000000000000000000000000000000000033efde9d9fdc20
3645,000000000000000000000000000000000000000000000000000000000000000000000000000000000000000000000000000000000000000001afed5e82c94440
3655,00000000000000000000000000000000000000000000000000000000000000000000000000000000000000000000000000000000000000000042d49ab06759a0
3665,000000000000000000000000000000000000000000000000000000000000000000000000000000000000000000000000000000000000000000234b13d06bd4e0
3675,000000000000000000000000000000000000000000000000000000000000000000000000000000000000000000000000000000000000000000272aed79e52aa0
3685,0000000000000000000000000000000000000000000000000000000000000000000000000000000000000000000000000000000000000000002666c21ace52c0
3695,00000000000000000000000000000000000000000000000000000000000000000000000000000000000000000000000000000000000000000023f2dd451d8100
3705,000000000000000000000000000000000000000000000000000000000000000000000000000000000000000000000000000000000000000000231c68711ab9e0
3715,0000000000000000000000000000000000000000000000000000000000000000000000000000000000000000000000000000000000000000001a8ab1713b1d80
3725,0000000000000000000000000000000000000000000000000000000000000000000000000000000000000000000000000000000000000000002c02f32656c320
3735,00000000000000000000000000000000000000000000000000000000000000000000000000000000000000000000000000000000000000000017c8e5ef8f0380
3745,00000000000000000000000000000000000000000000000000000000000000000000000000000000000000000000000000000000000000000025743c214d3d60
3755,000000000000000000000000000000000000000000000000000000000000000000000000000000000000000000000000000000000000000000340f04ccc19d00
3765,00000000000000000000000000000000000000000000000000000000000000000000000000000000000000000000000000000000000000000017da85d0d524e0
3775,0000000000000000000000000000000000000000000000000000000000000000000000000000000000000000000000000000000000000000002aa1d0830ea900
3785,000000000000000000000000000000000000000000000000000000000000000000000000000000000000000000000000000000000000000000287d1f28079ee0
3795,00000000000000000000000000000000000000000000000000000000000000000000000000000000000000000000000000000000000000000034e80e96bf3d00
3805,0000000000000000000000000000000000000000000000000000000000000000000000000000000000000000000000000000000000000000005947dc2d2315e0
3815,0000000000000000000000000000000000000000000000000000000000000000000000000000000000000000000000000000000000000000001cd8292bf8f0e0
3825,0000000000000000000000000000000000000000000000000000000000000000000000000000000000000000000000000000000000000000002cd427fab41a40
3835,0000000000000000000000000000000000000000000000000000000000000000000000000000000000000000000000000000000000000000001a7751414e4520
3845,00000000000000000000000000000000000000000000000000000000000000000000000000000000000000000000000000000000000000000017ceec5b75d9a0
3855,00000000000000000000000000000000000000000000000000000000000000000000000000000000000000000000000000000000000000000025eb148f7289e0
3865,0000000000000000000000000000000000000000000000000000000000000000000000000000000000000000000000000000000000000000003170d35287ff60
3875,00000000000000000000000000000000000000000000000000000000000000000000000000000000000000000000000000000000000000000020202c2499cd80
3885,00000000000000000000000000000000000000000000000000000000000000000000000000000000000000000000000000000000000000000032c3ed1e24a840
3895,0000000000000000000000000000000000000000000000000000000000000000000000000000000000000000000000000000000000000000001a1d9bbd812320
3905,0000000000000000000000000000000000000000000000000000000000000000000000000000000000000000000000000000000000000000010618da39484260
3915,00000000000000000000000000000000000000000000000000000000000000000000000000000000000000000000000000000000000000000055e80353a73b60
3925,00000000000000000000000000000000000000000000000000000000000000000000000000000000000000000000000000000000000000000028ffe0155f80c0
3935,000000000000000000000000000000000000000000000000000000000000000000000000000000000000000000000000000000000000000000158bd35b18d560
3945,00000000000000000000000000000000000000000000000000000000000000000000000000000000000000000000000000000000000000000074450d82f5d9a0
3955,0000000000000000000000000000000000000000000000000000000000000000000000000000000000000000000000000000000000000000002acb3ac5308ea0
3965,0000000000000000000000000000000000000000000000000000000000000000000000000000000000000000000000000000000000000000001f2e43d2708ec0
3975,0000000000000000000000000000000000000000000000000000000000000000000000000000000000000000000000000000000000000000004284283fabada0
3985,0000000000000000000000000000000000000000000000000000000000000000000000000000000000000000000000000000000000000000000e5ef67e4135c0
3995,00000000000000000000000000000000000000000000000000000000000000000000000000000000000000000000000000000000000000000023074219ea0580
4005,00000000000000000000000000000000000000000000000000000000000000000000000000000000000000000000000000000000000000000070a866decdf100
4015,00000000000000000000000000000000000000000000000000000000000000000000000000000000000000000000000000000000000000000020838decac62a0
4025,0000000000000000000000000000000000000000000000000000000000000000000000000000000000000000000000000000000000000000001a4494ce9215a0
4035,000000000000000000000000000000000000000000000000000000000000000000000000000000000000000000000000000000000000000000145a0320ef3260
4045,0000000000000000000000000000000000000000000000000000000000000000000000000000000000000000000000000000000000000000001fab69ca01bf40
4055,00000000000000000000000000000000000000000000000000000000000000000000000000000000000000000000000000000000000000000020d599dd4c76c0
4065,00000000000000000000000000000000000000000000000000000000000000000000000000000000000000000000000000000000000000000024f704160c09a0
4075,00000000000000000000000000000000000000000000000000000000000000000000000000000000000000000000000000000000000000000016ae0651638280
4085,0000000000000000000000000000000000000000000000000000000000000000000000000000000000000000000000000000000000000000003235e51dde1560
4095,0000000000000000000000000000000000000000000000000000000000000000000000000000000000000000000000000000000000000000003d939ea89233e0
4105,0000000000000000000000000000000000000000000000000000000000000000000000000000000000000000000000000000000000000000004bfa6188c30b60
4115,00000000000000000000000000000000000000000000000000000000000000000000000000000000000000000000000000000000000000000022f6a5dff4db40
4125,00000000000000000000000000000000000000000000000000000000000000000000000000000000000000000000000000000000000000000026e6e9a5dce320
4135,000000000000000000000000000000000000000000000000000000000000000000000000000000000000000000000000000000000000000000486877a8ce3940
4145,000000000000000000000000000000000000000000000000000000000000000000000000000000000000000000000000000000000000000000351bd24e55fde0
4155,000000000000000000000000000000000000000000000000000000000000000000000000000000000000000000000000000000000000000000e48ae0fc1974c0
4165,00000000000000000000000000000000000000000000000000000000000000000000000000000000000000000000000000000000000000000023e772a8589780
4175,00000000000000000000000000000000000000000000000000000000000000000000000000000000000000000000000000000000000000000058b86771e16560
4185,00000000000000000000000000000000000000000000000000000000000000000000000000000000000000000000000000000000000000000022bfa28b0c4b20
4195,0000000000000000000000000000000000000000000000000000000000000000000000000000000000000000000000000000000000000000002651cc6afccd40
4205,0000000000000000000000000000000000000000000000000000000000000000000000000000000000000000000000000000000000000000002184ba6f095cc0
4215,0000000000000000000000000000000000000000000000000000000000000000000000000000000000000000000000000000000000000000004aac7146a5f380
4225,0000000000000000000000000000000000000000000000000000000000000000000000000000000000000000000000000000000000000000002f9a93d4adf020
4235,0000000000000000000000000000000000000000000000000000000000000000000000000000000000000000000000000000000000000000001d0d28d9a1c9e0
4245,0000000000000000000000000000000000000000000000000000000000000000000000000000000000000000000000000000000000000000001c8893c506fd80
4255,00000000000000000000000000000000000000000000000000000000000000000000000000000000000000000000000000000000000000000013becf8dda9420
4265,0000000000000000000000000000000000000000000000000000000000000000000000000000000000000000000000000000000000000000003676c6f208b180
4275,0000000000000000000000000000000000000000000000000000000000000000000000000000000000000000000000000000000000000000004a011c4858d0e0
4285,00000000000000000000000000000000000000000000000000000000000000000000000000000000000000000000000000000000000000000022304081046be0
4295,0000000000000000000000000000000000000000000000000000000000000000000000000000000000000000000000000000000000000000002f43626e3f3fc0
4305,00000000000000000000000000000000000000000000000000000000000000000000000000000000000000000000000000000000000000000027498a9f3789e0
4315,0000000000000000000000000000000000000000000000000000000000000000000000000000000000000000000000000000000000000000001487310a329f20
4325,00000000000000000000000000000000000000000000000000000000000000000000000000000000000000000000000000000000000000000030cc5d40131c40
4335,000000000000000000000000000000000000000000000000000000000000000000000000000000000000000000000000000000000000000000cb790998dc1a40
4345,0000000000000000000000000000000000000000000000000000000000000000000000000000000000000000000000000000000000000000004c5115656193c0
4355,00000000000000000000000000000000000000000000000000000000000000000000000000000000000000000000000000000000000000000035a5c2bb31ec60
4365,0000000000000000000000000000000000000000000000000000000000000000000000000000000000000000000000000000000000000000002c06b74d7841a0
4375,000000000000000000000000000000000000000000000000000000000000000000000000000000000000000000000000000000000000000000310efe6cd0d360
4385,0000000000000000000000000000000000000000000000000000000000000000000000000000000000000000000000000000000000000000002ad18ab11270e0
4395,0000000000000000000000000000000000000000000000000000000000000000000000000000000000000000000000000000000000000000001e7571b78241c0
4405,00000000000000000000000000000000000000000000000000000000000000000000000000000000000000000000000000000000000000000167cb0372cb7600
4415,000000000000000000000000000000000000000000000000000000000000000000000000000000000000000000000000000000000000000000462c6c14465260
4425,0000000000000000000000000000000000000000000000000000000000000000000000000000000000000000000000000000000000000000002d39ce9b3d15a0
4435,000000000000000000000000000000000000000000000000000000000000000000000000000000000000000000000000000000000000000001126877db123760
4445,0000000000000000000000000000000000000000000000000000000000000000000000000000000000000000000000000000000000000000002f164804fa82a0
4455,0000000000000000000000000000000000000000000000000000000000000000000000000000000000000000000000000000000000000000002803e1265a6f80
4465,0000000000000000000000000000000000000000000000000000000000000000000000000000000000000000000000000000000000000000003309b05484f1c0
4475,000000000000000000000000000000000000000000000000000000000000000000000000000000000000000000000000000000000000000000359de1a8089be0
4485,0000000000000000000000000000000000000000000000000000000000000000000000000000000000000000000000000000000000000000005ed4b3438cf3a0
4495,00000000000000000000000000000000000000000000000000000000000000000000000000000000000000000000000000000000000000000014577e0d696ee0
4505,00000000000000000000000000000000000000000000000000000000000000000000000000000000000000000000000000000000000000000028b287b81f8e00
4515,0000000000000000000000000000000000000000000000000000000000000000000000000000000000000000000000000000000000000000003ba4f9fb21e280
4525,0000000000000000000000000000000000000000000000000000000000000000000000000000000000000000000000000000000000000000004fde6f3bcc7d00
4535,0000000000000000000000000000000000000000000000000000000000000000000000000000000000000000000000000000000000000000002ec04a598ac720
4545,0000000000000000000000000000000000000000000000000000000000000000000000000000000000000000000000000000000000000000001f6323277e0be0
4555,0000000000000000000000000000000000000000000000000000000000000000000000000000000000000000000000000000000000000000003f9857b6fbcd00
4565,0000000000000000000000000000000000000000000000000000000000000000000000000000000000000000000000000000000000000000003dfbd0dca082a0
4575,00000000000000000000000000000000000000000000000000000000000000000000000000000000000000000000000000000000000000000027ed45bb91a3a0
4585,00000000000000000000000000000000000000000000000000000000000000000000000000000000000000000000000000000000000000000017d0830c9585e0
4595,00000000000000000000000000000000000000000000000000000000000000000000000000000000000000000000000000000000000000000012302181555a20
4605,000000000000000000000000000000000000000000000000000000000000000000000000000000000000000000000000000000000000000000273010b4a03c20
4615,0000000000000000000000000000000000000000000000000000000000000000000000000000000000000000000000000000000000000000002236124f64f500
4625,000000000000000000000000000000000000000000000000000000000000000000000000000000000000000000000000000000000000000000311fb8093a2a20
4635,0000000000000000000000000000000000000000000000000000000000000000000000000000000000000000000000000000000000000000008270f098595980
4645,0000000000000000000000000000000000000000000000000000000000000000000000000000000000000000000000000000000000000000001b6ea3ba7c92e0
4655,00000000000000000000000000000000000000000000000000000000000000000000000000000000000000000000000000000000000000000033f6986bf0c340
4665,0000000000000000000000000000000000000000000000000000000000000000000000000000000000000000000000000000000000000000001f06db41671fa0
4675,000000000000000000000000000000000000000000000000000000000000000000000000000000000000000000000000000000000000000000223b82d8dfbd40
4685,0000000000000000000000000000000000000000000000000000000000000000000000000000000000000000000000000000000000000000002bd63ada954220
4695,00000000000000000000000000000000000000000000000000000000000000000000000000000000000000000000000000000000000000000018fc2dd101cca0
4705,00000000000000000000000000000000000000000000000000000000000000000000000000000000000000000000000000000000000000000107a8388aadea80
4715,0000000000000000000000000000000000000000000000000000000000000000000000000000000000000000000000000000000000000000004649c0124c6960
4725,00000000000000000000000000000000000000000000000000000000000000000000000000000000000000000000000000000000000000000041192d9334c4a0
4735,0000000000000000000000000000000000000000000000000000000000000000000000000000000000000000000000000000000000000000011eb6cbdf6889a0
4745,0000000000000000000000000000000000000000000000000000000000000000000000000000000000000000000000000000000000000000002106ff46472620
4755,00000000000000000000000000000000000000000000000000000000000000000000000000000000000000000000000000000000000000000022004fd3045020
4765,0000000000000000000000000000000000000000000000000000000000000000000000000000000000000000000000000000000000000000004237b4c4d27600
4775,000000000000000000000000000000000000000000000000000000000000000000000000000000000000000000000000000000000000000000e4b72796a78b40
4785,0000000000000000000000000000000000000000000000000000000000000000000000000000000000000000000000000000000000000000002e51b6e0fe3780
4795,000000000000000000000000000000000000000000000000000000000000000000000000000000000000000000000000000000000000000000184a3fa1eb68e0
4805,0000000000000000000000000000000000000000000000000000000000000000000000000000000000000000000000000000000000000000002f88b4e99370a0
4815,00000000000000000000000000000000000000000000000000000000000000000000000000000000000000000000000000000000000000000022969af04635e0
4825,00000000000000000000000000000000000000000000000000000000000000000000000000000000000000000000000000000000000000000043302a20635160
4835,000000000000000000000000000000000000000000000000000000000000000000000000000000000000000000000000000000000000000000220736b50368c0
4845,00000000000000000000000000000000000000000000000000000000000000000000000000000000000000000000000000000000000000000036d9201ca342a0
4855,0000000000000000000000000000000000000000000000000000000000000000000000000000000000000000000000000000000000000000002a9da7d21b5340
4865,00000000000000000000000000000000000000000000000000000000000000000000000000000000000000000000000000000000000000000025b5768936d280
4875,00000000000000000000000000000000000000000000000000000000000000000000000000000000000000000000000000000000000000000013e32aeddd9320
4885,0000000000000000000000000000000000000000000000000000000000000000000000000000000000000000000000000000000000000000002b3aa43daeb2c0
4895,0000000000000000000000000000000000000000000000000000000000000000000000000000000000000000000000000000000000000000003dbc9943592960
4905,000000000000000000000000000000000000000000000000000000000000000000000000000000000000000000000000000000000000000000151d448015cec0
4915,00000000000000000000000000000000000000000000000000000000000000000000000000000000000000000000000000000000000000000054badab6b725a0
4925,00000000000000000000000000000000000000000000000000000000000000000000000000000000000000000000000000000000000000000023f48a58b1d280
4935,000000000000000000000000000000000000000000000000000000000000000000000000000000000000000000000000000000000000000001019ec2cb6eaa80
4945,00000000000000000000000000000000000000000000000000000000000000000000000000000000000000000000000000000000000000000018432f7b02c960
4955,00000000000000000000000000000000000000000000000000000000000000000000000000000000000000000000000000000000000000000021485a5590fe20
4965,00000000000000000000000000000000000000000000000000000000000000000000000000000000000000000000000000000000000000000013bc2e0e07f600
4975,0000000000000000000000000000000000000000000000000000000000000000000000000000000000000000000000000000000000000000002628e0816fee00
4985,0000000000000000000000000000000000000000000000000000000000000000000000000000000000000000000000000000000000000000004267fe5542bbe0
4995,0000000000000000000000000000000000000000000000000000000000000000000000000000000000000000000000000000000000000000001d192213e6efe0
5005,00000000000000000000000000000000000000000000000000000000000000000000000000000000000000000000000000000000000000000022d7dcebe08360
5015,0000000000000000000000000000000000000000000000000000000000000000000000000000000000000000000000000000000000000000003038c1e78f2d40
5025,0000000000000000000000000000000000000000000000000000000000000000000000000000000000000000000000000000000000000000003190aeedec4ba0
5035,00000000000000000000000000000000000000000000000000000000000000000000000000000000000000000000000000000000000000000025b5291ced4520
5045,0000000000000000000000000000000000000000000000000000000000000000000000000000000000000000000000000000000000000000001ff2e7bb57e4e0
5055,00000000000000000000000000000000000000000000000000000000000000000000000000000000000000000000000000000000000000000012b4516e948140
5065,000000000000000000000000000000000000000000000000000000000000000000000000000000000000000000000000000000000000000000323767803a33a0
5075,00000000000000000000000000000000000000000000000000000000000000000000000000000000000000000000000000000000000000000013ddfa6e3717c0
5085,00000000000000000000000000000000000000000000000000000000000000000000000000000000000000000000000000000000000000000027985c72856fe0
5095,0000000000000000000000000000000000000000000000000000000000000000000000000000000000000000000000000000000000000000004b399bdaacad00
5105,0000000000000000000000000000000000000000000000000000000000000000000000000000000000000000000000000000000000000000003110b059025b20
5115,000000000000000000000000000000000000000000000000000000000000000000000000000000000000000000000000000000000000000000306fee502633e0
5125,00000000000000000000000000000000000000000000000000000000000000000000000000000000000000000000000000000000000000000041c29507ca8b40
5135,0000000000000000000000000000000000000000000000000000000000000000000000000000000000000000000000000000000000000000001adcb258035280
5145,00000000000000000000000000000000000000000000000000000000000000000000000000000000000000000000000000000000000000000021ad4893b03ec0
5155,00000000000000000000000000000000000000000000000000000000000000000000000000000000000000000000000000000000000000000034e5b8b4715f20
5165,000000000000000000000000000000000000000000000000000000000000000000000000000000000000000000000000000000000000000000efa6958b406980
5175,000000000000000000000000000000000000000000000000000000000000000000000000000000000000000000000000000000000000000000258f1df81b0f60
5185,0000000000000000000000000000000000000000000000000000000000000000000000000000000000000000000000000000000000000000000ce48e52d46da0
5195,0000000000000000000000000000000000000000000000000000000000000000000000000000000000000000000000000000000000000000001449225d2608e0
5205,00000000000000000000000000000000000000000000000000000000000000000000000000000000000000000000000000000000000000000139bd1da0eca300
5215,00000000000000000000000000000000000000000000000000000000000000000000000000000000000000000000000000000000000000000013876b1b6eb6a0
5225,00000000000000000000000000000000000000000000000000000000000000000000000000000000000000000000000000000000000000000012e09e3084a3c0
5235,0000000000000000000000000000000000000000000000000000000000000000000000000000000000000000000000000000000000000000002d10b262ee8b60
5245,0000000000000000000000000000000000000000000000000000000000000000000000000000000000000000000000000000000000000000004fc2fad1575060
5255,000000000000000000000000000000000000000000000000000000000000000000000000000000000000000000000000000000000000000000421baad08ebf60
5265,0000000000000000000000000000000000000000000000000000000000000000000000000000000000000000000000000000000000000000003035cb67c24960
5275,0000000000000000000000000000000000000000000000000000000000000000000000000000000000000000000000000000000000000000003aecc673da2120
5285,0000000000000000000000000000000000000000000000000000000000000000000000000000000000000000000000000000000000000000005d739ea043e800
5295,0000000000000000000000000000000000000000000000000000000000000000000000000000000000000000000000000000000000000000001dccdcb905af20
5305,00000000000000000000000000000000000000000000000000000000000000000000000000000000000000000000000000000000000000000011e572c1715220
5315,00000000000000000000000000000000000000000000000000000000000000000000000000000000000000000000000000000000000000000034eb0bc7c6c120
5325,00000000000000000000000000000000000000000000000000000000000000000000000000000000000000000000000000000000000000000059db862d087e40
5335,00000000000000000000000000000000000000000000000000000000000000000000000000000000000000000000000000000000000000000020af55fd6a6260
5345,00000000000000000000000000000000000000000000000000000000000000000000000000000000000000000000000000000000000000000014e0f097d7b180
5355,0000000000000000000000000000000000000000000000000000000000000000000000000000000000000000000000000000000000000000002ccc1ad3dc8700
5365,000000000000000000000000000000000000000000000000000000000000000000000000000000000000000000000000000000000000000000315b8b0f0acf40
5375,0000000000000000000000000000000000000000000000000000000000000000000000000000000000000000000000000000000000000000003c2b37b70287c0
5385,00000000000000000000000000000000000000000000000000000000000000000000000000000000000000000000000000000000000000000129922f555b1d00
5395,000000000000000000000000000000000000000000000000000000000000000000000000000000000000000000000000000000000000000000c29383bc2c0740
5405,0000000000000000000000000000000000000000000000000000000000000000000000000000000000000000000000000000000000000000002422caf31dd080
5415,00000000000000000000000000000000000000000000000000000000000000000000000000000000000000000000000000000000000000000029d782694df700
5425,0000000000000000000000000000000000000000000000000000000000000000000000000000000000000000000000000000000000000000002cad0c5fccde00
5435,0000000000000000000000000000000000000000000000000000000000000000000000000000000000000000000000000000000000000000001e14d3db8ebde0
5445,00000000000000000000000000000000000000000000000000000000000000000000000000000000000000000000000000000000000000000037f349ffc75140
5455,000000000000000000000000000000000000000000000000000000000000000000000000000000000000000000000000000000000000000001178556341b49a0
5465,0000000000000000000000000000000000000000000000000000000000000000000000000000000000000000000000000000000000000000018ab219a291ac40
5475,0000000000000000000000000000000000000000000000000000000000000000000000000000000000000000000000000000000000000000003c4089494403a0
5485,000000000000000000000000000000000000000000000000000000000000000000000000000000000000000000000000000000000000000000880634d5945280
5495,00000000000000000000000000000000000000000000000000000000000000000000000000000000000000000000000000000000000000000033328adb9cd580
5505,0000000000000000000000000000000000000000000000000000000000000000000000000000000000000000000000000000000000000000001b56ece3781b20
5515,0000000000000000000000000000000000000000000000000000000000000000000000000000000000000000000000000000000000000000001668d3b8835300
5525,000000000000000000000000000000000000000000000000000000000000000000000000000000000000000000000000000000000000000000394eb6de859c20
5535,0000000000000000000000000000000000000000000000000000000000000000000000000000000000000000000000000000000000000000002500e4b2eb7fa0
5545,000000000000000000000000000000000000000000000000000000000000000000000000000000000000000000000000000000000000000000100b7bc3d76040
5555,0000000000000000000000000000000000000000000000000000000000000000000000000000000000000000000000000000000000000000002a97278d9f2920
5565,00000000000000000000000000000000000000000000000000000000000000000000000000000000000000000000000000000000000000000035a3aae2b87de0
5575,0000000000000000000000000000000000000000000000000000000000000000000000000000000000000000000000000000000000000000002ea674bdbe9360
5585,0000000000000000000000000000000000000000000000000000000000000000000000000000000000000000000000000000000000000000005b2a332053f2e0
5595,000000000000000000000000000000000000000000000000000000000000000000000000000000000000000000000000000000000000000000553f3d9041a340
5605,0000000000000000000000000000000000000000000000000000000000000000000000000000000000000000000000000000000000000000007f88bdf1e13cc0
5615,0000000000000000000000000000000000000000000000000000000000000000000000000000000000000000000000000000000000000000001fc9b13e1ed100
5625,0000000000000000000000000000000000000000000000000000000000000000000000000000000000000000000000000000000000000000001f51abe3bf0680
5635,000000000000000000000000000000000000000000000000000000000000000000000000000000000000000000000000000000000000000000176eccc4662260
5645,00000000000000000000000000000000000000000000000000000000000000000000000000000000000000000000000000000000000000000036126102a52de0
5655,00000000000000000000000000000000000000000000000000000000000000000000000000000000000000000000000000000000000000000037e2461e76ace0
5665,000000000000000000000000000000000000000000000000000000000000000000000000000000000000000000000000000000000000000000314586e92420c0
5675,0000000000000000000000000000000000000000000000000000000000000000000000000000000000000000000000000000000000000000000ce2a0dcce4b60
5685,0000000000000000000000000000000000000000000000000000000000000000000000000000000000000000000000000000000000000000002ae309cd6e78c0
5695,000000000000000000000000000000000000000000000000000000000000000000000000000000000000000000000000000000000000000000391c10ff792240
5705,00000000000000000000000000000000000000000000000000000000000000000000000000000000000000000000000000000000000000000020798d14bb6760
5715,0000000000000000000000000000000000000000000000000000000000000000000000000000000000000000000000000000000000000000002a5e18ea14efc0
5725,00000000000000000000000000000000000000000000000000000000000000000000000000000000000000000000000000000000000000000028095025fcb4c0
5735,0000000000000000000000000000000000000000000000000000000000000000000000000000000000000000000000000000000000000000002d7f3ea067e680
5745,0000000000000000000000000000000000000000000000000000000000000000000000000000000000000000000000000000000000000000001a6c8c247e34c0
5755,000000000000000000000000000000000000000000000000000000000000000000000000000000000000000000000000000000000000000000245a3b3e266b80
5765,0000000000000000000000000000000000000000000000000000000000000000000000000000000000000000000000000000000000000000002c2dbf6860ce40
5775,00000000000000000000000000000000000000000000000000000000000000000000000000000000000000000000000000000000000000000016ffeca47c46e0
5785,000000000000000000000000000000000000000000000000000000000000000000000000000000000000000000000000000000000000000000181c7e7d9e36a0
5795,00000000000000000000000000000000000000000000000000000000000000000000000000000000000000000000000000000000000000000038d545f08d1640
5805,0000000000000000000000000000000000000000000000000000000000000000000000000000000000000000000000000000000000000000004f3b1a5a7f3100
5815,000000000000000000000000000000000000000000000000000000000000000000000000000000000000000000000000000000000000000000340da2b9283dc0
5825,00000000000000000000000000000000000000000000000000000000000000000000000000000000000000000000000000000000000000000023f5cfa760d340
5835,000000000000000000000000000000000000000000000000000000000000000000000000000000000000000000000000000000000000000000243c98c9fe3b80
5845,00000000000000000000000000000000000000000000000000000000000000000000000000000000000000000000000000000000000000000041bfbdea71b160
5855,00000000000000000000000000000000000000000000000000000000000000000000000000000000000000000000000000000000000000000017d7dc29a09d40
5865,0000000000000000000000000000000000000000000000000000000000000000000000000000000000000000000000000000000000000000002832c95e44fac0
5875,000000000000000000000000000000000000000000000000000000000000000000000000000000000000000000000000000000000000000000149e05e1465160
5885,0000000000000000000000000000000000000000000000000000000000000000000000000000000000000000000000000000000000000000000d159900c188e0
5895,00000000000000000000000000000000000000000000000000000000000000000000000000000000000000000000000000000000000000000005f56c85852e00
5905,00000000000000000000000000000000000000000000000000000000000000000000000000000000000000000000000000000000000000000020ccba7b6f5cc0
5915,0000000000000000000000000000000000000000000000000000000000000000000000000000000000000000000000000000000000000000006ce3a5bd59d180
5925,0000000000000000000000000000000000000000000000000000000000000000000000000000000000000000000000000000000000000000003f077f71f97400
5935,000000000000000000000000000000000000000000000000000000000000000000000000000000000000000000000000000000000000000000e6b8ac9b6fc880
5945,0000000000000000000000000000000000000000000000000000000000000000000000000000000000000000000000000000000000000000002e9b88d22c3420
5955,00000000000000000000000000000000000000000000000000000000000000000000000000000000000000000000000000000000000000000021bb9d92b90480
5965,0000000000000000000000000000000000000000000000000000000000000000000000000000000000000000000000000000000000000000001c2c285ef275a0
5975,000000000000000000000000000000000000000000000000000000000000000000000000000000000000000000000000000000000000000000298a19785de720
5985,000000000000000000000000000000000000000000000000000000000000000000000000000000000000000000000000000000000000000000242b345edb7ae0
5995,00000000000000000000000000000000000000000000000000000000000000000000000000000000000000000000000000000000000000000036f1245618aae0
6005,000000000000000000000000000000000000000000000000000000000000000000000000000000000000000000000000000000000000000000302feae827aa00
6015,00000000000000000000000000000000000000000000000000000000000000000000000000000000000000000000000000000000000000000016da10b0e1f6c0
6025,0000000000000000000000000000000000000000000000000000000000000000000000000000000000000000000000000000000000000000001f8857a4fc4240
6035,0000000000000000000000000000000000000000000000000000000000000000000000000000000000000000000000000000000000000000000f2922bf66a5c0
6045,00000000000000000000000000000000000000000000000000000000000000000000000000000000000000000000000000000000000000000013e95d8afc82a0
6055,000000000000000000000000000000000000000000000000000000000000000000000000000000000000000000000000000000000000000000184a0a532a1420
6065,00000000000000000000000000000000000000000000000000000000000000000000000000000000000000000000000000000000000000000037b3263f2d6b80
6075,0000000000000000000000000000000000000000000000000000000000000000000000000000000000000000000000000000000000000000003c5166ef838a40
6085,0000000000000000000000000000000000000000000000000000000000000000000000000000000000000000000000000000000000000000008d1c39ea2739e0
6095,00000000000000000000000000000000000000000000000000000000000000000000000000000000000000000000000000000000000000000021d849734096e0
6105,00000000000000000000000000000000000000000000000000000000000000000000000000000000000000000000000000000000000000000032e2e774abd3a0
6115,0000000000000000000000000000000000000000000000000000000000000000000000000000000000000000000000000000000000000000001e4a719cde2b20
6125,00000000000000000000000000000000000000000000000000000000000000000000000000000000000000000000000000000000000000000020326a4ac19380
6135,0000000000000000000000000000000000000000000000000000000000000000000000000000000000000000000000000000000000000000002ba2d736a94300
6145,00000000000000000000000000000000000000000000000000000000000000000000000000000000000000000000000000000000000000000024e0ab702b0cc0
6155,000000000000000000000000000000000000000000000000000000000000000000000000000000000000000000000000000000000000000000c1de9197224560
6165,000000000000000000000000000000000000000000000000000000000000000000000000000000000000000000000000000000000000000000538f6ca381dba0
6175,0000000000000000000000000000000000000000000000000000000000000000000000000000000000000000000000000000000000000000001dcb76a56c94e0
6185,000000000000000000000000000000000000000000000000000000000000000000000000000000000000000000000000000000000000000000182553cbcac360
6195,00000000000000000000000000000000000000000000000000000000000000000000000000000000000000000000000000000000000000000049e5df54074a00
6205,000000000000000000000000000000000000000000000000000000000000000000000000000000000000000000000000000000000000000000154195e0197a40
6215,0000000000000000000000000000000000000000000000000000000000000000000000000000000000000000000000000000000000000000001e7343a3f6a180
6225,00000000000000000000000000000000000000000000000000000000000000000000000000000000000000000000000000000000000000000018a78591c9d480
6235,0000000000000000000000000000000000000000000000000000000000000000000000000000000000000000000000000000000000000000001e5a31d6e22860
6245,0000000000000000000000000000000000000000000000000000000000000000000000000000000000000000000000000000000000000000001cb2c7c22efc80
6255,000000000000000000000000000000000000000000000000000000000000000000000000000000000000000000000000000000000000000000eb10d977e133c0
6265,0000000000000000000000000000000000000000000000000000000000000000000000000000000000000000000000000000000000000000001decfdde3de960
6275,0000000000000000000000000000000000000000000000000000000000000000000000000000000000000000000000000000000000000000003d853eb362c8c0
6285,0000000000000000000000000000000000000000000000000000000000000000000000000000000000000000000000000000000000000000004b438e9514c320
6295,0000000000000000000000000000000000000000000000000000000000000000000000000000000000000000000000000000000000000000001c38adde1a76c0
6305,00000000000000000000000000000000000000000000000000000000000000000000000000000000000000000000000000000000000000000022c54845be9180
6315,0000000000000000000000000000000000000000000000000000000000000000000000000000000000000000000000000000000000000000001bbd93703e9cc0
6325,000000000000000000000000000000000000000000000000000000000000000000000000000000000000000000000000000000000000000000157d070d532d60
6335,00000000000000000000000000000000000000000000000000000000000000000000000000000000000000000000000000000000000000000026f3969b299e00
6345,0000000000000000000000000000000000000000000000000000000000000000000000000000000000000000000000000000000000000000001ad8f175cdea60
6355,0000000000000000000000000000000000000000000000000000000000000000000000000000000000000000000000000000000000000000003f01d1725b6d80
6365,0000000000000000000000000000000000000000000000000000000000000000000000000000000000000000000000000000000000000000001a28f9955a9a20
6375,00000000000000000000000000000000000000000000000000000000000000000000000000000000000000000000000000000000000000000029d3862e7f04c0
6385,0000000000000000000000000000000000000000000000000000000000000000000000000000000000000000000000000000000000000000002e7594fc1d58a0
6395,0000000000000000000000000000000000000000000000000000000000000000000000000000000000000000000000000000000000000000002998300b1c1cc0
6405,00000000000000000000000000000000000000000000000000000000000000000000000000000000000000000000000000000000000000000012be3cc686ef60
6415,000000000000000000000000000000000000000000000000000000000000000000000000000000000000000000000000000000000000000000184d31ab913740
6425,000000000000000000000000000000000000000000000000000000000000000000000000000000000000000000000000000000000000000000293ac1f3ddefa0
6435,00000000000000000000000000000000000000000000000000000000000000000000000000000000000000000000000000000000000000000042c6e89da25e60
6445,00000000000000000000000000000000000000000000000000000000000000000000000000000000000000000000000000000000000000000037605d2737a020
6455,0000000000000000000000000000000000000000000000000000000000000000000000000000000000000000000000000000000000000000002e2384b2e005a0
6465,0000000000000000000000000000000000000000000000000000000000000000000000000000000000000000000000000000000000000000003a58c911842fc0
6475,000000000000000000000000000000000000000000000000000000000000000000000000000000000000000000000000000000000000000000313a8caecdcc00
6485,0000000000000000000000000000000000000000000000000000000000000000000000000000000000000000000000000000000000000000001cc69d99765d80
6495,0000000000000000000000000000000000000000000000000000000000000000000000000000000000000000000000000000000000000000004c7a35c5124c80
6505,0000000000000000000000000000000000000000000000000000000000000000000000000000000000000000000000000000000000000000001f7a27eadd4860
6515,0000000000000000000000000000000000000000000000000000000000000000000000000000000000000000000000000000000000000000011d55a00ae5fa60
6525,000000000000000000000000000000000000000000000000000000000000000000000000000000000000000000000000000000000000000000170598f2df56e0
6535,0000000000000000000000000000000000000000000000000000000000000000000000000000000000000000000000000000000000000000001d1615f691a840
6545,0000000000000000000000000000000000000000000000000000000000000000000000000000000000000000000000000000000000000000000e31890b297380
6555,0000000000000000000000000000000000000000000000000000000000000000000000000000000000000000000000000000000000000000001c071f7efb2780
6565,0000000000000000000000000000000000000000000000000000000000000000000000000000000000000000000000000000000000000000002f3eb91fcabc00
6575,0000000000000000000000000000000000000000000000000000000000000000000000000000000000000000000000000000000000000000002884719db0b2e0
6585,0000000000000000000000000000000000000000000000000000000000000000000000000000000000000000000000000000000000000000001baeed40003be0
6595,00000000000000000000000000000000000000000000000000000000000000000000000000000000000000000000000000000000000000000042633b90a88ce0
6605,00000000000000000000000000000000000000000000000000000000000000000000000000000000000000000000000000000000000000000106bc7e55a3e8e0
6615,00000000000000000000000000000000000000000000000000000000000000000000000000000000000000000000000000000000000000000044e7416f1bc240
6625,00000000000000000000000000000000000000000000000000000000000000000000000000000000000000000000000000000000000000000033d5cb644df6a0
6635,00000000000000000000000000000000000000000000000000000000000000000000000000000000000000000000000000000000000000000038ab756985c600
6645,0000000000000000000000000000000000000000000000000000000000000000000000000000000000000000000000000000000000000000002aad5b0c2030c0
6655,000000000000000000000000000000000000000000000000000000000000000000000000000000000000000000000000000000000000000000195ac985b57f80
6665,00000000000000000000000000000000000000000000000000000000000000000000000000000000000000000000000000000000000000000076f1ffe87fbc40
6675,00000000000000000000000000000000000000000000000000000000000000000000000000000000000000000000000000000000000000000014758e9f140c00
6685,0000000000000000000000000000000000000000000000000000000000000000000000000000000000000000000000000000000000000000002f31dc3459da00
6695,0000000000000000000000000000000000000000000000000000000000000000000000000000000000000000000000000000000000000000003c72f594a323a0
6705,0000000000000000000000000000000000000000000000000000000000000000000000000000000000000000000000000000000000000000001795c1e92893a0
6715,0000000000000000000000000000000000000000000000000000000000000000000000000000000000000000000000000000000000000000004dca2dc2201040
6725,0000000000000000000000000000000000000000000000000000000000000000000000000000000000000000000000000000000000000000005033680eb04240
6735,00000000000000000000000000000000000000000000000000000000000000000000000000000000000000000000000000000000000000000025d4d17368b700
6745,000000000000000000000000000000000000000000000000000000000000000000000000000000000000000000000000000000000000000000364288f58ddf00
6755,0000000000000000000000000000000000000000000000000000000000000000000000000000000000000000000000000000000000000000002348cb957f81a0
6765,000000000000000000000000000000000000000000000000000000000000000000000000000000000000000000000000000000000000000000243c9d5daf27a0
6775,000000000000000000000000000000000000000000000000000000000000000000000000000000000000000000000000000000000000000000505d6650c82ee0
6785,00000000000000000000000000000000000000000000000000000000000000000000000000000000000000000000000000000000000000000037d74677d1f0c0
6795,0000000000000000000000000000000000000000000000000000000000000000000000000000000000000000000000000000000000000000000e53a9a6669980
6805,000000000000000000000000000000000000000000000000000000000000000000000000000000000000000000000000000000000000000000212d56b0008700
6815,00000000000000000000000000000000000000000000000000000000000000000000000000000000000000000000000000000000000000000017f4becf10cda0
6825,00000000000000000000000000000000000000000000000000000000000000000000000000000000000000000000000000000000000000000023b9f3c8f33ce0
6835,0000000000000000000000000000000000000000000000000000000000000000000000000000000000000000000000000000000000000000002474bb814995a0
6845,000000000000000000000000000000000000000000000000000000000000000000000000000000000000000000000000000000000000000000173b8ca077bee0
6855,00000000000000000000000000000000000000000000000000000000000000000000000000000000000000000000000000000000000000000110aba4aa468820
6865,000000000000000000000000000000000000000000000000000000000000000000000000000000000000000000000000000000000000000000139f48a3aba6a0
6875,00000000000000000000000000000000000000000000000000000000000000000000000000000000000000000000000000000000000000000024f7a429b27b60
6885,000000000000000000000000000000000000000000000000000000000000000000000000000000000000000000000000000000000000000000384414e6a469c0
6895,0000000000000000000000000000000000000000000000000000000000000000000000000000000000000000000000000000000000000000002823694b9cf900
6905,0000000000000000000000000000000000000000000000000000000000000000000000000000000000000000000000000000000000000000002ace1562892c20
6915,0000000000000000000000000000000000000000000000000000000000000000000000000000000000000000000000000000000000000000004eb11e501a3240
6925,0000000000000000000000000000000000000000000000000000000000000000000000000000000000000000000000000000000000000000005503b276baea60
6935,0000000000000000000000000000000000000000000000000000000000000000000000000000000000000000000000000000000000000000000ffe8e6c18d4a0
6945,0000000000000000000000000000000000000000000000000000000000000000000000000000000000000000000000000000000000000000003534304cb1a860
6955,00000000000000000000000000000000000000000000000000000000000000000000000000000000000000000000000000000000000000000014b7ecf338ba60
6965,0000000000000000000000000000000000000000000000000000000000000000000000000000000000000000000000000000000000000000001bee38bbbc6580
6975,00000000000000000000000000000000000000000000000000000000000000000000000000000000000000000000000000000000000000000050ef9ac6ee2540
6985,0000000000000000000000000000000000000000000000000000000000000000000000000000000000000000000000000000000000000000003d65fc17f42d40
6995,00000000000000000000000000000000000000000000000000000000000000000000000000000000000000000000000000000000000000000041362cb8a30960
7005,0000000000000000000000000000000000000000000000000000000000000000000000000000000000000000000000000000000000000000005bd87645d0ff80
7015,000000000000000000000000000000000000000000000000000000000000000000000000000000000000000000000000000000000000000000193c64d686b4c0
7025,0000000000000000000000000000000000000000000000000000000000000000000000000000000000000000000000000000000000000000001bb6ee846274c0
7035,000000000000000000000000000000000000000000000000000000000000000000000000000000000000000000000000000000000000000000473cd4332660c0
7045,0000000000000000000000000000000000000000000000000000000000000000000000000000000000000000000000000000000000000000002a7dad8f56a1a0
7055,0000000000000000000000000000000000000000000000000000000000000000000000000000000000000000000000000000000000000000003a812b98a42980
7065,0000000000000000000000000000000000000000000000000000000000000000000000000000000000000000000000000000000000000000002acdc5c504b0e0
7075,00000000000000000000000000000000000000000000000000000000000000000000000000000000000000000000000000000000000000000025ab03ced75c60
7085,0000000000000000000000000000000000000000000000000000000000000000000000000000000000000000000000000000000000000000003465abd0c37920
7095,00000000000000000000000000000000000000000000000000000000000000000000000000000000000000000000000000000000000000000011c1decdafa800
7105,000000000000000000000000000000000000000000000000000000000000000000000000000000000000000000000000000000000000000000227f3a409e6620
7115,00000000000000000000000000000000000000000000000000000000000000000000000000000000000000000000000000000000000000000115a5cac0ba3640
7125,0000000000000000000000000000000000000000000000000000000000000000000000000000000000000000000000000000000000000000002865ed33705a40
7135,0000000000000000000000000000000000000000000000000000000000000000000000000000000000000000000000000000000000000000001df5b949f60d40
7145,0000000000000000000000000000000000000000000000000000000000000000000000000000000000000000000000000000000000000000003ea727a9b27260
7155,00000000000000000000000000000000000000000000000000000000000000000000000000000000000000000000000000000000000000000022c85131d8fc80
7165,00000000000000000000000000000000000000000000000000000000000000000000000000000000000000000000000000000000000000000020778832681440
7175,00000000000000000000000000000000000000000000000000000000000000000000000000000000000000000000000000000000000000000017975c690cea80
7185,00000000000000000000000000000000000000000000000000000000000000000000000000000000000000000000000000000000000000000022d9051d07a1c0
7195,0000000000000000000000000000000000000000000000000000000000000000000000000000000000000000000000000000000000000000002248a257fd5de0
7205,0000000000000000000000000000000000000000000000000000000000000000000000000000000000000000000000000000000000000000001341a41649c280
7215,0000000000000000000000000000000000000000000000000000000000000000000000000000000000000000000000000000000000000000001c7b7e45e8b060
7225,0000000000000000000000000000000000000000000000000000000000000000000000000000000000000000000000000000000000000000006427cb8f160080
7235,0000000000000000000000000000000000000000000000000000000000000000000000000000000000000000000000000000000000000000011816b9ef3b9f60
7245,0000000000000000000000000000000000000000000000000000000000000000000000000000000000000000000000000000000000000000001e08e4f00dd260
7255,00000000000000000000000000000000000000000000000000000000000000000000000000000000000000000000000000000000000000000023760274e9b640
7265,0000000000000000000000000000000000000000000000000000000000000000000000000000000000000000000000000000000000000000002ceda8d199b580
7275,000000000000000000000000000000000000000000000000000000000000000000000000000000000000000000000000000000000000000000510a48f65cfc20
7285,0000000000000000000000000000000000000000000000000000000000000000000000000000000000000000000000000000000000000000004f294416c69260
7295,00000000000000000000000000000000000000000000000000000000000000000000000000000000000000000000000000000000000000000116f4fdd1867a00
7305,0000000000000000000000000000000000000000000000000000000000000000000000000000000000000000000000000000000000000000009ec187cd74e0e0
7315,000000000000000000000000000000000000000000000000000000000000000000000000000000000000000000000000000000000000000000c9d58f5c828ee0
7325,0000000000000000000000000000000000000000000000000000000000000000000000000000000000000000000000000000000000000000003903113c3c0f80
7335,0000000000000000000000000000000000000000000000000000000000000000000000000000000000000000000000000000000000000000002c7d52a7f070a0
7345,000000000000000000000000000000000000000000000000000000000000000000000000000000000000000000000000000000000000000000282505106d88c0
7355,0000000000000000000000000000000000000000000000000000000000000000000000000000000000000000000000000000000000000000002afdec7cd9c600
7365,0000000000000000000000000000000000000000000000000000000000000000000000000000000000000000000000000000000000000000002775f56125a6e0
7375,0000000000000000000000000000000000000000000000000000000000000000000000000000000000000000000000000000000000000000002ca4b6a548f3a0
7385,0000000000000000000000000000000000000000000000000000000000000000000000000000000000000000000000000000000000000000010f53e89a0d7fa0
7395,0000000000000000000000000000000000000000000000000000000000000000000000000000000000000000000000000000000000000000000e7134f32de2c0
7405,0000000000000000000000000000000000000000000000000000000000000000000000000000000000000000000000000000000000000000006afcb0058c5880
7415,00000000000000000000000000000000000000000000000000000000000000000000000000000000000000000000000000000000000000000033645d097c7f60
7425,0000000000000000000000000000000000000000000000000000000000000000000000000000000000000000000000000000000000000000001b65abe279bc60
7435,00000000000000000000000000000000000000000000000000000000000000000000000000000000000000000000000000000000000000000026699a41ffb840
7445,00000000000000000000000000000000000000000000000000000000000000000000000000000000000000000000000000000000000000000023fed7893b32a0
7455,0000000000000000000000000000000000000000000000000000000000000000000000000000000000000000000000000000000000000000001eaedaf89038a0
7465,00000000000000000000000000000000000000000000000000000000000000000000000000000000000000000000000000000000000000000015c3dbeb037c80
7475,0000000000000000000000000000000000000000000000000000000000000000000000000000000000000000000000000000000000000000001f36282a85f5a0
7485,00000000000000000000000000000000000000000000000000000000000000000000000000000000000000000000000000000000000000000027a833ddc2f0c0
7495,000000000000000000000000000000000000000000000000000000000000000000000000000000000000000000000000000000000000000000272170d3265ac0
7505,0000000000000000000000000000000000000000000000000000000000000000000000000000000000000000000000000000000000000000001a02ef97eac6a0
7515,00000000000000000000000000000000000000000000000000000000000000000000000000000000000000000000000000000000000000000071e730c952d480
7525,0000000000000000000000000000000000000000000000000000000000000000000000000000000000000000000000000000000000000000003e807dfb124de0
7535,000000000000000000000000000000000000000000000000000000000000000000000000000000000000000000000000000000000000000000350fa4cf280ec0
7545,00000000000000000000000000000000000000000000000000000000000000000000000000000000000000000000000000000000000000000050cf18356db6a0
7555,0000000000000000000000000000000000000000000000000000000000000000000000000000000000000000000000000000000000000000007126f58781e740
7565,0000000000000000000000000000000000000000000000000000000000000000000000000000000000000000000000000000000000000000003e823b187e2840
7575,0000000000000000000000000000000000000000000000000000000000000000000000000000000000000000000000000000000000000000000f2d112b7199e0
7585,000000000000000000000000000000000000000000000000000000000000000000000000000000000000000000000000000000000000000000201ee307262220
7595,00000000000000000000000000000000000000000000000000000000000000000000000000000000000000000000000000000000000000000023467d29588580
7605,000000000000000000000000000000000000000000000000000000000000000000000000000000000000000000000000000000000000000001166e8e95a92aa0
7615,0000000000000000000000000000000000000000000000000000000000000000000000000000000000000000000000000000000000000000003c3a9dbfd18520
7625,0000000000000000000000000000000000000000000000000000000000000000000000000000000000000000000000000000000000000000001c63eea01ca840
7635,0000000000000000000000000000000000000000000000000000000000000000000000000000000000000000000000000000000000000000000fec91d99dde80
7645,0000000000000000000000000000000000000000000000000000000000000000000000000000000000000000000000000000000000000000001e967a2b6fd240
7655,0000000000000000000000000000000000000000000000000000000000000000000000000000000000000000000000000000000000000000011ec80705a1c360
7665,0000000000000000000000000000000000000000000000000000000000000000000000000000000000000000000000000000000000000000002fe8ef6cf01c60
7675,000000000000000000000000000000000000000000000000000000000000000000000000000000000000000000000000000000000000000000565b9655b63080
7685,000000000000000000000000000000000000000000000000000000000000000000000000000000000000000000000000000000000000000000202f59e88046c0
7695,000000000000000000000000000000000000000000000000000000000000000000000000000000000000000000000000000000000000000000255777c0c751a0
7705,0000000000000000000000000000000000000000000000000000000000000000000000000000000000000000000000000000000000000000001779787ec1c140
7715,00000000000000000000000000000000000000000000000000000000000000000000000000000000000000000000000000000000000000000036c2ba458815a0
7725,00000000000000000000000000000000000000000000000000000000000000000000000000000000000000000000000000000000000000000036bd286d4a9fa0
7735,0000000000000000000000000000000000000000000000000000000000000000000000000000000000000000000000000000000000000000003a0fa22a234a40
7745,0000000000000000000000000000000000000000000000000000000000000000000000000000000000000000000000000000000000000000003298df65f7a3e0
7755,0000000000000000000000000000000000000000000000000000000000000000000000000000000000000000000000000000000000000000002e48549cb3c7e0
7765,0000000000000000000000000000000000000000000000000000000000000000000000000000000000000000000000000000000000000000003a775bfbc38e40
7775,0000000000000000000000000000000000000000000000000000000000000000000000000000000000000000000000000000000000000000001560a2542945c0
7785,0000000000000000000000000000000000000000000000000000000000000000000000000000000000000000000000000000000000000000001dbbfe618b20c0
7795,0000000000000000000000000000000000000000000000000000000000000000000000000000000000000000000000000000000000000000002ba520c05a6c00
7805,00000000000000000000000000000000000000000000000000000000000000000000000000000000000000000000000000000000000000000027626f9d8a1ba0
7815,0000000000000000000000000000000000000000000000000000000000000000000000000000000000000000000000000000000000000000002a978f34faa340
7825,0000000000000000000000000000000000000000000000000000000000000000000000000000000000000000000000000000000000000000000f309483d28a00
7835,000000000000000000000000000000000000000000000000000000000000000000000000000000000000000000000000000000000000000000239e74ad43b500
7845,0000000000000000000000000000000000000000000000000000000000000000000000000000000000000000000000000000000000000000001db49626f73580
7855,0000000000000000000000000000000000000000000000000000000000000000000000000000000000000000000000000000000000000000002d2fbaa5c38b80
7865,0000000000000000000000000000000000000000000000000000000000000000000000000000000000000000000000000000000000000000003e9beb51d6b980
7875,0000000000000000000000000000000000000000000000000000000000000000000000000000000000000000000000000000000000000000001edc8a892d5f00
7885,000000000000000000000000000000000000000000000000000000000000000000000000000000000000000000000000000000000000000000330a90f1ffa7c0
7895,00000000000000000000000000000000000000000000000000000000000000000000000000000000000000000000000000000000000000000013ac2e8f1bed60
7905,0000000000000000000000000000000000000000000000000000000000000000000000000000000000000000000000000000000000000000001389767dc199a0
7915,000000000000000000000000000000000000000000000000000000000000000000000000000000000000000000000000000000000000000000494a9d85dff000
7925,000000000000000000000000000000000000000000000000000000000000000000000000000000000000000000000000000000000000000000190a7a6d94fba0
7935,000000000000000000000000000000000000000000000000000000000000000000000000000000000000000000000000000000000000000000226a809aa17280
7945,0000000000000000000000000000000000000000000000000000000000000000000000000000000000000000000000000000000000000000001ad7193ada0b20
7955,0000000000000000000000000000000000000000000000000000000000000000000000000000000000000000000000000000000000000000001e73001a229100
7965,00000000000000000000000000000000000000000000000000000000000000000000000000000000000000000000000000000000000000000015c0767516b040
7975,00000000000000000000000000000000000000000000000000000000000000000000000000000000000000000000000000000000000000000038656301efbee0
7985,00000000000000000000000000000000000000000000000000000000000000000000000000000000000000000000000000000000000000000022d0d9c4f703a0
7995,0000000000000000000000000000000000000000000000000000000000000000000000000000000000000000000000000000000000000000000d4ca155a9c2c0
8005,000000000000000000000000000000000000000000000000000000000000000000000000000000000000000000000000000000000000000000221a990279f540
8015,0000000000000000000000000000000000000000000000000000000000000000000000000000000000000000000000000000000000000000002907338b088380
8025,00000000000000000000000000000000000000000000000000000000000000000000000000000000000000000000000000000000000000000046ab4a78089a80
8035,00000000000000000000000000000000000000000000000000000000000000000000000000000000000000000000000000000000000000000100a2d4dc687400
8045,0000000000000000000000000000000000000000000000000000000000000000000000000000000000000000000000000000000000000000003579b234516c20
8055,0000000000000000000000000000000000000000000000000000000000000000000000000000000000000000000000000000000000000000006f8901fc041c20
8065,0000000000000000000000000000000000000000000000000000000000000000000000000000000000000000000000000000000000000000001df59cb646bf20
8075,0000000000000000000000000000000000000000000000000000000000000000000000000000000000000000000000000000000000000000001a1251ef7ef000
8085,0000000000000000000000000000000000000000000000000000000000000000000000000000000000000000000000000000000000000000001c696db36f1340
8095,00000000000000000000000000000000000000000000000000000000000000000000000000000000000000000000000000000000000000000015697d225573a0
8105,00000000000000000000000000000000000000000000000000000000000000000000000000000000000000000000000000000000000000000019fec8bf94dae0
8115,0000000000000000000000000000000000000000000000000000000000000000000000000000000000000000000000000000000000000000002e0a85c8406e20
8125,0000000000000000000000000000000000000000000000000000000000000000000000000000000000000000000000000000000000000000002fd96450726380
8135,00000000000000000000000000000000000000000000000000000000000000000000000000000000000000000000000000000000000000000044ec58c7617960
8145,00000000000000000000000000000000000000000000000000000000000000000000000000000000000000000000000000000000000000000040c6f66783e900
8155,00000000000000000000000000000000000000000000000000000000000000000000000000000000000000000000000000000000000000000034cef398704ec0
8165,000000000000000000000000000000000000000000000000000000000000000000000000000000000000000000000000000000000000000001418137387fb920
8175,0000000000000000000000000000000000000000000000000000000000000000000000000000000000000000000000000000000000000000002dfefae6916280
8185,0000000000000000000000000000000000000000000000000000000000000000000000000000000000000000000000000000000000000000001fde7446914a20
8195,0000000000000000000000000000000000000000000000000000000000000000000000000000000000000000000000000000000000000000004e20f2f75af740
8205,0000000000000000000000000000000000000000000000000000000000000000000000000000000000000000000000000000000000000000003b4838f78946e0
8215,0000000000000000000000000000000000000000000000000000000000000000000000000000000000000000000000000000000000000000003c211e7c9d09c0
8225,000000000000000000000000000000000000000000000000000000000000000000000000000000000000000000000000000000000000000000369c71b46b3e80
8235,00000000000000000000000000000000000000000000000000000000000000000000000000000000000000000000000000000000000000000012659d4c7faec0
8245,0000000000000000000000000000000000000000000000000000000000000000000000000000000000000000000000000000000000000000002944dc381bf940
8255,00000000000000000000000000000000000000000000000000000000000000000000000000000000000000000000000000000000000000000018d18d2c7ea9c0
8265,0000000000000000000000000000000000000000000000000000000000000000000000000000000000000000000000000000000000000000003b4fe13bf17f00
8275,0000000000000000000000000000000000000000000000000000000000000000000000000000000000000000000000000000000000000000001f5a1545a41400
8285,0000000000000000000000000000000000000000000000000000000000000000000000000000000000000000000000000000000000000000001a767c4b353c40
8295,00000000000000000000000000000000000000000000000000000000000000000000000000000000000000000000000000000000000000000033c3cc2a70b820
8305,000000000000000000000000000000000000000000000000000000000000000000000000000000000000000000000000000000000000000000255cfce7ca8ee0
8315,00000000000000000000000000000000000000000000000000000000000000000000000000000000000000000000000000000000000000000024b13d10e71580
8325,000000000000000000000000000000000000000000000000000000000000000000000000000000000000000000000000000000000000000000309a05cd501e80
8335,0000000000000000000000000000000000000000000000000000000000000000000000000000000000000000000000000000000000000000002530cd12273e60
8345,0000000000000000000000000000000000000000000000000000000000000000000000000000000000000000000000000000000000000000003bf79cff6903a0
8355,0000000000000000000000000000000000000000000000000000000000000000000000000000000000000000000000000000000000000000001f1d1fbfe70200
8365,000000000000000000000000000000000000000000000000000000000000000000000000000000000000000000000000000000000000000000172bff17ab6ae0
8375,00000000000000000000000000000000000000000000000000000000000000000000000000000000000000000000000000000000000000000021a42f27fe7060
8385,0000000000000000000000000000000000000000000000000000000000000000000000000000000000000000000000000000000000000000001cece1481d6180
8395,0000000000000000000000000000000000000000000000000000000000000000000000000000000000000000000000000000000000000000002f003ce8ece9c0
8405,00000000000000000000000000000000000000000000000000000000000000000000000000000000000000000000000000000000000000000025eb205e36aa80
8415,00000000000000000000000000000000000000000000000000000000000000000000000000000000000000000000000000000000000000000011eb9ef241eb80
8425,00000000000000000000000000000000000000000000000000000000000000000000000000000000000000000000000000000000000000000026056597853180
8435,0000000000000000000000000000000000000000000000000000000000000000000000000000000000000000000000000000000000000000001e2a7446687380
8445,0000000000000000000000000000000000000000000000000000000000000000000000000000000000000000000000000000000000000000002d604a7142c720
8455,00000000000000000000000000000000000000000000000000000000000000000000000000000000000000000000000000000000000000000070434ea0b184e0
8465,000000000000000000000000000000000000000000000000000000000000000000000000000000000000000000000000000000000000000001161179748c6160
8475,000000000000000000000000000000000000000000000000000000000000000000000000000000000000000000000000000000000000000000277e37ea6fc8a0
8485,000000000000000000000000000000000000000000000000000000000000000000000000000000000000000000000000000000000000000000e83888d0571c80
8495,0000000000000000000000000000000000000000000000000000000000000000000000000000000000000000000000000000000000000000002be721cf991480
8505,0000000000000000000000000000000000000000000000000000000000000000000000000000000000000000000000000000000000000000002481508a492840
8515,0000000000000000000000000000000000000000000000000000000000000000000000000000000000000000000000000000000000000000001b7cd2fe743240
8525,0000000000000000000000000000000000000000000000000000000000000000000000000000000000000000000000000000000000000000001eab418c7f8a40
8535,0000000000000000000000000000000000000000000000000000000000000000000000000000000000000000000000000000000000000000002b90d7d5699100
8545,0000000000000000000000000000000000000000000000000000000000000000000000000000000000000000000000000000000000000000002b50ee0af325e0
8555,0000000000000000000000000000000000000000000000000000000000000000000000000000000000000000000000000000000000000000004222583291b7e0
8565,0000000000000000000000000000000000000000000000000000000000000000000000000000000000000000000000000000000000000000003ad96512b249a0
8575,00000000000000000000000000000000000000000000000000000000000000000000000000000000000000000000000000000000000000000088d0c647ee04a0
8585,0000000000000000000000000000000000000000000000000000000000000000000000000000000000000000000000000000000000000000010bc94c885f9ba0
8595,00000000000000000000000000000000000000000000000000000000000000000000000000000000000000000000000000000000000000000014f1bf16b5c760
8605,0000000000000000000000000000000000000000000000000000000000000000000000000000000000000000000000000000000000000000001a7456c181a640
8615,0000000000000000000000000000000000000000000000000000000000000000000000000000000000000000000000000000000000000000002d7f178cb94d80
8625,0000000000000000000000000000000000000000000000000000000000000000000000000000000000000000000000000000000000000000001bc2cfd25a7280
8635,00000000000000000000000000000000000000000000000000000000000000000000000000000000000000000000000000000000000000000035c9236a0abc20
8645,00000000000000000000000000000000000000000000000000000000000000000000000000000000000000000000000000000000000000000077c6c69f15a640
8655,0000000000000000000000000000000000000000000000000000000000000000000000000000000000000000000000000000000000000000002c112d07d78400
8665,0000000000000000000000000000000000000000000000000000000000000000000000000000000000000000000000000000000000000000005a9fb71fd03100
8675,000000000000000000000000000000000000000000000000000000000000000000000000000000000000000000000000000000000000000000131270fbee1ba0
8685,0000000000000000000000000000000000000000000000000000000000000000000000000000000000000000000000000000000000000000003c6f7f59cb29e0
8695,0000000000000000000000000000000000000000000000000000000000000000000000000000000000000000000000000000000000000000003b024523a26b60
8705,000000000000000000000000000000000000000000000000000000000000000000000000000000000000000000000000000000000000000000645a25293b4f40
8715,00000000000000000000000000000000000000000000000000000000000000000000000000000000000000000000000000000000000000000025324f43484c40
8725,0000000000000000000000000000000000000000000000000000000000000000000000000000000000000000000000000000000000000000003b9facddf37c20
8735,0000000000000000000000000000000000000000000000000000000000000000000000000000000000000000000000000000000000000000014662d9509a4c40
8745,0000000000000000000000000000000000000000000000000000000000000000000000000000000000000000000000000000000000000000003e0162f9ca42c0
8755,00000000000000000000000000000000000000000000000000000000000000000000000000000000000000000000000000000000000000000017c910f964baa0
8765,0000000000000000000000000000000000000000000000000000000000000000000000000000000000000000000000000000000000000000002b9743cb222d20
8775,00000000000000000000000000000000000000000000000000000000000000000000000000000000000000000000000000000000000000000030bb4d7c4d1d80
8785,0000000000000000000000000000000000000000000000000000000000000000000000000000000000000000000000000000000000000000002bfc9c9312dd80
8795,0000000000000000000000000000000000000000000000000000000000000000000000000000000000000000000000000000000000000000003d84275ad811a0
8805,0000000000000000000000000000000000000000000000000000000000000000000000000000000000000000000000000000000000000000011736657480b420
8815,0000000000000000000000000000000000000000000000000000000000000000000000000000000000000000000000000000000000000000002566123fcb6880
8825,00000000000000000000000000000000000000000000000000000000000000000000000000000000000000000000000000000000000000000030eac0b42e4b00
8835,000000000000000000000000000000000000000000000000000000000000000000000000000000000000000000000000000000000000000000329bfac83832e0
8845,00000000000000000000000000000000000000000000000000000000000000000000000000000000000000000000000000000000000000000033fddf7f247440
8855,0000000000000000000000000000000000000000000000000000000000000000000000000000000000000000000000000000000000000000002e04495c5d3b80
8865,00000000000000000000000000000000000000000000000000000000000000000000000000000000000000000000000000000000000000000011a9c6e3007fc0
8875,000000000000000000000000000000000000000000000000000000000000000000000000000000000000000000000000000000000000000000d70f946e810a80
8885,0000000000000000000000000000000000000000000000000000000000000000000000000000000000000000000000000000000000000000001fddf1a9103ea0
8895,000000000000000000000000000000000000000000000000000000000000000000000000000000000000000000000000000000000000000000b78a4f84637660
8905,00000000000000000000000000000000000000000000000000000000000000000000000000000000000000000000000000000000000000000033b5ec3538ad00
8915,000000000000000000000000000000000000000000000000000000000000000000000000000000000000000000000000000000000000000000220e50c83a2200
8925,0000000000000000000000000000000000000000000000000000000000000000000000000000000000000000000000000000000000000000003e9b492a7f3080
8935,0000000000000000000000000000000000000000000000000000000000000000000000000000000000000000000000000000000000000000002cd8bec929dd20
8945,0000000000000000000000000000000000000000000000000000000000000000000000000000000000000000000000000000000000000000002d07efa871f940
8955,00000000000000000000000000000000000000000000000000000000000000000000000000000000000000000000000000000000000000000018791a6d8816c0
8965,0000000000000000000000000000000000000000000000000000000000000000000000000000000000000000000000000000000000000000001b9941103b0280
8975,0000000000000000000000000000000000000000000000000000000000000000000000000000000000000000000000000000000000000000001a0377bf441020
8985,00000000000000000000000000000000000000000000000000000000000000000000000000000000000000000000000000000000000000000137576b990bd120
8995,0000000000000000000000000000000000000000000000000000000000000000000000000000000000000000000000000000000000000000001b22d9b5bf5280
9005,0000000000000000000000000000000000000000000000000000000000000000000000000000000000000000000000000000000000000000001a38bc0a722220
9015,0000000000000000000000000000000000000000000000000000000000000000000000000000000000000000000000000000000000000000002851dc6fde2cc0
9025,0000000000000000000000000000000000000000000000000000000000000000000000000000000000000000000000000000000000000000002a85dae7671d40
9035,0000000000000000000000000000000000000000000000000000000000000000000000000000000000000000000000000000000000000000002dff083f2e0620
9045,0000000000000000000000000000000000000000000000000000000000000000000000000000000000000000000000000000000000000000003b04912d536940
9055,0000000000000000000000000000000000000000000000000000000000000000000000000000000000000000000000000000000000000000002774eb9c4b40a0
9065,0000000000000000000000000000000000000000000000000000000000000000000000000000000000000000000000000000000000000000001a39af3b9cd2c0
9075,00000000000000000000000000000000000000000000000000000000000000000000000000000000000000000000000000000000000000000015709c358bd6a0
9085,00000000000000000000000000000000000000000000000000000000000000000000000000000000000000000000000000000000000000000036745e0fbc1b60
9095,0000000000000000000000000000000000000000000000000000000000000000000000000000000000000000000000000000000000000000002ffadd931d4660
9105,000000000000000000000000000000000000000000000000000000000000000000000000000000000000000000000000000000000000000000235e0594115920
9115,000000000000000000000000000000000000000000000000000000000000000000000000000000000000000000000000000000000000000000128309c0ab8240
9125,0000000000000000000000000000000000000000000000000000000000000000000000000000000000000000000000000000000000000000001c8bdbc4ce6380
9135,00000000000000000000000000000000000000000000000000000000000000000000000000000000000000000000000000000000000000000045bbc112053b40
9145,0000000000000000000000000000000000000000000000000000000000000000000000000000000000000000000000000000000000000000004e1655bcfe5e40
9155,0000000000000000000000000000000000000000000000000000000000000000000000000000000000000000000000000000000000000000001841cc362e6b00
9165,0000000000000000000000000000000000000000000000000000000000000000000000000000000000000000000000000000000000000000002c1b4024b392e0
9175,00000000000000000000000000000000000000000000000000000000000000000000000000000000000000000000000000000000000000000025f4e7f13f32e0
9185,000000000000000000000000000000000000000000000000000000000000000000000000000000000000000000000000000000000000000001101641c808ada0
9195,000000000000000000000000000000000000000000000000000000000000000000000000000000000000000000000000000000000000000000248aa74e945e40
9205,000000000000000000000000000000000000000000000000000000000000000000000000000000000000000000000000000000000000000000283cc55d98bfc0
9215,00000000000000000000000000000000000000000000000000000000000000000000000000000000000000000000000000000000000000000010e26a6696de80
9225,0000000000000000000000000000000000000000000000000000000000000000000000000000000000000000000000000000000000000000000fa89facf6dca0
9235,00000000000000000000000000000000000000000000000000000000000000000000000000000000000000000000000000000000000000000031769c2ac1c0a0
9245,000000000000000000000000000000000000000000000000000000000000000000000000000000000000000000000000000000000000000000150be16d9080c0
9255,0000000000000000000000000000000000000000000000000000000000000000000000000000000000000000000000000000000000000000003d0fa513eced20
9265,00000000000000000000000000000000000000000000000000000000000000000000000000000000000000000000000000000000000000000011854a82ffba00
9275,0000000000000000000000000000000000000000000000000000000000000000000000000000000000000000000000000000000000000000000df2e8544e16e0
9285,000000000000000000000000000000000000000000000000000000000000000000000000000000000000000000000000000000000000000000194816fd1f69c0
9295,00000000000000000000000000000000000000000000000000000000000000000000000000000000000000000000000000000000000000000014d567400128e0
9305,0000000000000000000000000000000000000000000000000000000000000000000000000000000000000000000000000000000000000000002e755a05f9ef40
9315,0000000000000000000000000000000000000000000000000000000000000000000000000000000000000000000000000000000000000000001bae942c550160
9325,00000000000000000000000000000000000000000000000000000000000000000000000000000000000000000000000000000000000000000022a037c83dee20
9335,0000000000000000000000000000000000000000000000000000000000000000000000000000000000000000000000000000000000000000001bb94352ff2a20
9345,0000000000000000000000000000000000000000000000000000000000000000000000000000000000000000000000000000000000000000001c575b971cf320
9355,0000000000000000000000000000000000000000000000000000000000000000000000000000000000000000000000000000000000000000001e304c3c2b08a0
9365,0000000000000000000000000000000000000000000000000000000000000000000000000000000000000000000000000000000000000000009bd56ef604f340
9375,0000000000000000000000000000000000000000000000000000000000000000000000000000000000000000000000000000000000000000003f86dd7d159840
9385,0000000000000000000000000000000000000000000000000000000000000000000000000000000000000000000000000000000000000000002be07a32820740
9395,0000000000000000000000000000000000000000000000000000000000000000000000000000000000000000000000000000000000000000003c141b2eb89680
9405,0000000000000000000000000000000000000000000000000000000000000000000000000000000000000000000000000000000000000000002649fe4df99820
9415,0000000000000000000000000000000000000000000000000000000000000000000000000000000000000000000000000000000000000000003b8c35cb920720
9425,000000000000000000000000000000000000000000000000000000000000000000000000000000000000000000000000000000000000000000184e7da1a23b60
9435,0000000000000000000000000000000000000000000000000000000000000000000000000000000000000000000000000000000000000000003078d93bdb2460
9445,0000000000000000000000000000000000000000000000000000000000000000000000000000000000000000000000000000000000000000002d0eab5938e740
9455,0000000000000000000000000000000000000000000000000000000000000000000000000000000000000000000000000000000000000000003cec1be516d800
9465,00000000000000000000000000000000000000000000000000000000000000000000000000000000000000000000000000000000000000000035b2fc756179c0
9475,00000000000000000000000000000000000000000000000000000000000000000000000000000000000000000000000000000000000000000022964017aecb20
9485,0000000000000000000000000000000000000000000000000000000000000000000000000000000000000000000000000000000000000000002eb70f018c7d00
9495,000000000000000000000000000000000000000000000000000000000000000000000000000000000000000000000000000000000000000001559c85f159cee0
9505,0000000000000000000000000000000000000000000000000000000000000000000000000000000000000000000000000000000000000000003188daf84bf180
9515,00000000000000000000000000000000000000000000000000000000000000000000000000000000000000000000000000000000000000000016bc1e0b841a60
9525,00000000000000000000000000000000000000000000000000000000000000000000000000000000000000000000000000000000000000000052679d68aba760
9535,000000000000000000000000000000000000000000000000000000000000000000000000000000000000000000000000000000000000000000296a37045c8720
9545,0000000000000000000000000000000000000000000000000000000000000000000000000000000000000000000000000000000000000000001a7d71198229a0
9555,0000000000000000000000000000000000000000000000000000000000000000000000000000000000000000000000000000000000000000001d7ee46f81be20
9565,00000000000000000000000000000000000000000000000000000000000000000000000000000000000000000000000000000000000000000027542d2858b3a0
9575,00000000000000000000000000000000000000000000000000000000000000000000000000000000000000000000000000000000000000000014e978bea6fb00
9585,00000000000000000000000000000000000000000000000000000000000000000000000000000000000000000000000000000000000000000026c70131dbeaa0
9595,0000000000000000000000000000000000000000000000000000000000000000000000000000000000000000000000000000000000000000003091857f1dd780
9605,0000000000000000000000000000000000000000000000000000000000000000000000000000000000000000000000000000000000000000003f1220ac55c800
9615,00000000000000000000000000000000000000000000000000000000000000000000000000000000000000000000000000000000000000000074404ca0d1b180
9625,0000000000000000000000000000000000000000000000000000000000000000000000000000000000000000000000000000000000000000004a5abfdfd86320
9635,00000000000000000000000000000000000000000000000000000000000000000000000000000000000000000000000000000000000000000028dcbdbf200760
9645,00000000000000000000000000000000000000000000000000000000000000000000000000000000000000000000000000000000000000000018105bfe6f89c0
9655,00000000000000000000000000000000000000000000000000000000000000000000000000000000000000000000000000000000000000000155af1fab2ca440
9665,0000000000000000000000000000000000000000000000000000000000000000000000000000000000000000000000000000000000000000002d876964c75380
9675,0000000000000000000000000000000000000000000000000000000000000000000000000000000000000000000000000000000000000000001d9b689ed0e980
9685,0000000000000000000000000000000000000000000000000000000000000000000000000000000000000000000000000000000000000000002d1de9620a96a0
9695,000000000000000000000000000000000000000000000000000000000000000000000000000000000000000000000000000000000000000000413b187d3a7520
9705,000000000000000000000000000000000000000000000000000000000000000000000000000000000000000000000000000000000000000000218de6c708a9a0
9715,0000000000000000000000000000000000000000000000000000000000000000000000000000000000000000000000000000000000000000002055b2d2398dc0
9725,0000000000000000000000000000000000000000000000000000000000000000000000000000000000000000000000000000000000000000002486a2bb287220
9735,00000000000000000000000000000000000000000000000000000000000000000000000000000000000000000000000000000000000000000017680744daf140
9745,000000000000000000000000000000000000000000000000000000000000000000000000000000000000000000000000000000000000000000337edb7ddadc60
9755,00000000000000000000000000000000000000000000000000000000000000000000000000000000000000000000000000000000000000000028ca4f4a369660
9765,0000000000000000000000000000000000000000000000000000000000000000000000000000000000000000000000000000000000000000001f763539e64f20
9775,000000000000000000000000000000000000000000000000000000000000000000000000000000000000000000000000000000000000000000648c0ca5de75e0
9785,00000000000000000000000000000000000000000000000000000000000000000000000000000000000000000000000000000000000000000023b141f0ebaee0
9795,00000000000000000000000000000000000000000000000000000000000000000000000000000000000000000000000000000000000000000038574c0cbb6880
9805,00000000000000000000000000000000000000000000000000000000000000000000000000000000000000000000000000000000000000000110efb1b961e1a0
9815,000000000000000000000000000000000000000000000000000000000000000000000000000000000000000000000000000000000000000000100af208ccf6e0
9825,000000000000000000000000000000000000000000000000000000000000000000000000000000000000000000000000000000000000000000460fd4f8a9a880
9835,0000000000000000000000000000000000000000000000000000000000000000000000000000000000000000000000000000000000000000001e20cb1faca340
9845,0000000000000000000000000000000000000000000000000000000000000000000000000000000000000000000000000000000000000000007083053017b280
9855,0000000000000000000000000000000000000000000000000000000000000000000000000000000000000000000000000000000000000000001aebebd6fcb2a0
9865,0000000000000000000000000000000000000000000000000000000000000000000000000000000000000000000000000000000000000000006c383548e72620
9875,00000000000000000000000000000000000000000000000000000000000000000000000000000000000000000000000000000000000000000026fd05fcfd0400
9885,0000000000000000000000000000000000000000000000000000000000000000000000000000000000000000000000000000000000000000003ce46c03254aa0
9895,00000000000000000000000000000000000000000000000000000000000000000000000000000000000000000000000000000000000000000036f2bedfd59ea0
9905,00000000000000000000000000000000000000000000000000000000000000000000000000000000000000000000000000000000000000000025b64e1300ea00
9915,0000000000000000000000000000000000000000000000000000000000000000000000000000000000000000000000000000000000000000002616e9eef49060
9925,00000000000000000000000000000000000000000000000000000000000000000000000000000000000000000000000000000000000000000010443d84f0a080
9935,0000000000000000000000000000000000000000000000000000000000000000000000000000000000000000000000000000000000000000002664e7a4c6e8c0
9945,00000000000000000000000000000000000000000000000000000000000000000000000000000000000000000000000000000000000000000031858678856320
9955,00000000000000000000000000000000000000000000000000000000000000000000000000000000000000000000000000000000000000000028517daaf840c0
9965,000000000000000000000000000000000000000000000000000000000000000000000000000000000000000000000000000000000000000001223248fbf3e140
9975,00000000000000000000000000000000000000000000000000000000000000000000000000000000000000000000000000000000000000000022c0a32884d920
9985,0000000000000000000000000000000000000000000000000000000000000000000000000000000000000000000000000000000000000000013e54a0791982c0
9995,0000000000000000000000000000000000000000000000000000000000000000000000000000000000000000000000000000000000000000001e68514c15ec20
10005,00000000000000000000000000000000000000000000000000000000000000000000000000000000000000000000000000000000000000000016232c50e61620
10015,00000000000000000000000000000000000000000000000000000000000000000000000000000000000000000000000000000000000000000010912c7fc185c0
10025,000000000000000000000000000000000000000000000000000000000000000000000000000000000000000000000000000000000000000000356cd82b567fc0
10035,0000000000000000000000000000000000000000000000000000000000000000000000000000000000000000000000000000000000000000002750e3c61b3e20
10045,0000000000000000000000000000000000000000000000000000000000000000000000000000000000000000000000000000000000000000001f2ec6f9ca2e80
10055,00000000000000000000000000000000000000000000000000000000000000000000000000000000000000000000000000000000000000000053dfb30a67e1c0
10065,0000000000000000000000000000000000000000000000000000000000000000000000000000000000000000000000000000000000000000002139d260644500
10075,0000000000000000000000000000000000000000000000000000000000000000000000000000000000000000000000000000000000000000002a6476fd585400
10085,000000000000000000000000000000000000000000000000000000000000000000000000000000000000000000000000000000000000000000e296264f121ee0
10095,00000000000000000000000000000000000000000000000000000000000000000000000000000000000000000000000000000000000000000037d0e0c7053740
10105,0000000000000000000000000000000000000000000000000000000000000000000000000000000000000000000000000000000000000000002874c2e3ab87c0
10115,00000000000000000000000000000000000000000000000000000000000000000000000000000000000000000000000000000000000000000022499c892795c0
10125,000000000000000000000000000000000000000000000000000000000000000000000000000000000000000000000000000000000000000000113f4f9b681d80
10135,00000000000000000000000000000000000000000000000000000000000000000000000000000000000000000000000000000000000000000028ff43ee079040
10145,0000000000000000000000000000000000000000000000000000000000000000000000000000000000000000000000000000000000000000001b9dc72d76d1a0
10155,00000000000000000000000000000000000000000000000000000000000000000000000000000000000000000000000000000000000000000015ba6230933f20
10165,0000000000000000000000000000000000000000000000000000000000000000000000000000000000000000000000000000000000000000003770b91c44d040
10175,00000000000000000000000000000000000000000000000000000000000000000000000000000000000000000000000000000000000000000025878720006fa0
10185,0000000000000000000000000000000000000000000000000000000000000000000000000000000000000000000000000000000000000000002e7c8b2307b8a0
10195,00000000000000000000000000000000000000000000000000000000000000000000000000000000000000000000000000000000000000000021461ab82deee0
10205,00000000000000000000000000000000000000000000000000000000000000000000000000000000000000000000000000000000000000000030fcf1a91be0e0
10215,0000000000000000000000000000000000000000000000000000000000000000000000000000000000000000000000000000000000000000002f9c9ccab23800
10225,000000000000000000000000000000000000000000000000000000000000000000000000000000000000000000000000000000000000000000281f35ae5b9ac0
10235,000000000000000000000000000000000000000000000000000000000000000000000000000000000000000000000000000000000000000000380ec4254fcc40
10245,000000000000000000000000000000000000000000000000000000000000000000000000000000000000000000000000000000000000000000168358b6b9dcc0
10255,00000000000000000000000000000000000000000000000000000000000000000000000000000000000000000000000000000000000000000031984fed68b260
10265,00000000000000000000000000000000000000000000000000000000000000000000000000000000000000000000000000000000000000000037b037d3113760
10275,0000000000000000000000000000000000000000000000000000000000000000000000000000000000000000000000000000000000000000001d44ee55dfbb00
10285,00000000000000000000000000000000000000000000000000000000000000000000000000000000000000000000000000000000000000000040783e94344280
10295,0000000000000000000000000000000000000000000000000000000000000000000000000000000000000000000000000000000000000000002e0f7ec7eaa6e0
10305,000000000000000000000000000000000000000000000000000000000000000000000000000000000000000000000000000000000000000000169602f08b9580
10315,000000000000000000000000000000000000000000000000000000000000000000000000000000000000000000000000000000000000000000286d41da545c20
10325,00000000000000000000000000000000000000000000000000000000000000000000000000000000000000000000000000000000000000000023793274b2ba40
10335,0000000000000000000000000000000000000000000000000000000000000000000000000000000000000000000000000000000000000000004624ef011644e0
10345,00000000000000000000000000000000000000000000000000000000000000000000000000000000000000000000000000000000000000000020c27be86ed920
10355,0000000000000000000000000000000000000000000000000000000000000000000000000000000000000000000000000000000000000000001a7b6319a59b20
10365,00000000000000000000000000000000000000000000000000000000000000000000000000000000000000000000000000000000000000000012adbab3f27820
10375,00000000000000000000000000000000000000000000000000000000000000000000000000000000000000000000000000000000000000000157e3cba2a9e3e0
10385,0000000000000000000000000000000000000000000000000000000000000000000000000000000000000000000000000000000000000000002e408b1d3a1bc0
10395,0000000000000000000000000000000000000000000000000000000000000000000000000000000000000000000000000000000000000000001955c619bd35a0
10405,00000000000000000000000000000000000000000000000000000000000000000000000000000000000000000000000000000000000000000136145ca4f7f700
10415,00000000000000000000000000000000000000000000000000000000000000000000000000000000000000000000000000000000000000000017f8e3f62bc2e0
10425,00000000000000000000000000000000000000000000000000000000000000000000000000000000000000000000000000000000000000000031cbaa077cb880
10435,000000000000000000000000000000000000000000000000000000000000000000000000000000000000000000000000000000000000000000568a62beddaf20
10445,000000000000000000000000000000000000000000000000000000000000000000000000000000000000000000000000000000000000000000346024d122d1e0
10455,00000000000000000000000000000000000000000000000000000000000000000000000000000000000000000000000000000000000000000118ea6525e4a3c0
10465,00000000000000000000000000000000000000000000000000000000000000000000000000000000000000000000000000000000000000000023ee19a7e5d6c0
10475,00000000000000000000000000000000000000000000000000000000000000000000000000000000000000000000000000000000000000000024c2365e873540
10485,00000000000000000000000000000000000000000000000000000000000000000000000000000000000000000000000000000000000000000032ff80b7aace80
10495,0000000000000000000000000000000000000000000000000000000000000000000000000000000000000000000000000000000000000000002405f788c04aa0
10505,0000000000000000000000000000000000000000000000000000000000000000000000000000000000000000000000000000000000000000001a10278d2e23c0
10515,000000000000000000000000000000000000000000000000000000000000000000000000000000000000000000000000000000000000000000350076151a43a0
10525,0000000000000000000000000000000000000000000000000000000000000000000000000000000000000000000000000000000000000000006ec07a449af360
10535,0000000000000000000000000000000000000000000000000000000000000000000000000000000000000000000000000000000000000000002c87e1624e03c0
10545,00000000000000000000000000000000000000000000000000000000000000000000000000000000000000000000000000000000000000000025f8cc22372640
10555,0000000000000000000000000000000000000000000000000000000000000000000000000000000000000000000000000000000000000000003862a495d04ec0
10565,000000000000000000000000000000000000000000000000000000000000000000000000000000000000000000000000000000000000000000198255030b5920
10575,00000000000000000000000000000000000000000000000000000000000000000000000000000000000000000000000000000000000000000022aca7d13fff00
10585,0000000000000000000000000000000000000000000000000000000000000000000000000000000000000000000000000000000000000000011ad49d49c8a7e0
10595,000000000000000000000000000000000000000000000000000000000000000000000000000000000000000000000000000000000000000001657546f3aff620
10605,0000000000000000000000000000000000000000000000000000000000000000000000000000000000000000000000000000000000000000001ee00db0533ec0
10615,0000000000000000000000000000000000000000000000000000000000000000000000000000000000000000000000000000000000000000002850d9488d2d00