Zeit (ns),Daten (Hex)
1295,000000000000000000000000000000000000000000000000000000000000000000000000000000000000000000000000000000000000000000707acd931b9940
1305,0000000000000000000000000000000000000000000000000000000000000000000000000000000000000000000000000000000000000000003c75106d1c5e60
1315,0000000000000000000000000000000000000000000000000000000000000000000000000000000000000000000000000000000000000000002dce15fd8e0a80
1325,0000000000000000000000000000000000000000000000000000000000000000000000000000000000000000000000000000000000000000003ab89ced855020
1335,0000000000000000000000000000000000000000000000000000000000000000000000000000000000000000000000000000000000000000003d230aeb3bda20
1345,00000000000000000000000000000000000000000000000000000000000000000000000000000000000000000000000000000000000000000033325f03024000
1355,00000000000000000000000000000000000000000000000000000000000000000000000000000000000000000000000000000000000000000032b62ac67476e0
1365,00000000000000000000000000000000000000000000000000000000000000000000000000000000000000000000000000000000000000000053a889fa6e2b40
1375,00000000000000000000000000000000000000000000000000000000000000000000000000000000000000000000000000000000000000000020443ac98e46e0
1385,00000000000000000000000000000000000000000000000000000000000000000000000000000000000000000000000000000000000000000039307f74401340
1395,0000000000000000000000000000000000000000000000000000000000000000000000000000000000000000000000000000000000000000002976d052481ee0
1405,0000000000000000000000000000000000000000000000000000000000000000000000000000000000000000000000000000000000000000002632831e539180
1415,00000000000000000000000000000000000000000000000000000000000000000000000000000000000000000000000000000000000000000045a1499da66580
1425,0000000000000000000000000000000000000000000000000000000000000000000000000000000000000000000000000000000000000000003b64aece3bdfe0
1435,0000000000000000000000000000000000000000000000000000000000000000000000000000000000000000000000000000000000000000004cacd806952c20
1445,0000000000000000000000000000000000000000000000000000000000000000000000000000000000000000000000000000000000000000001e31144fcec860
1455,0000000000000000000000000000000000000000000000000000000000000000000000000000000000000000000000000000000000000000003407eb5714b1c0
1465,00000000000000000000000000000000000000000000000000000000000000000000000000000000000000000000000000000000000000000030af92733eda60
1475,0000000000000000000000000000000000000000000000000000000000000000000000000000000000000000000000000000000000000000003294c8663e30a0
1485,00000000000000000000000000000000000000000000000000000000000000000000000000000000000000000000000000000000000000000035ac417fae3060
1495,0000000000000000000000000000000000000000000000000000000000000000000000000000000000000000000000000000000000000000005974f2a040b4e0
1505,000000000000000000000000000000000000000000000000000000000000000000000000000000000000000000000000000000000000000000258a430c200ae0
1515,00000000000000000000000000000000000000000000000000000000000000000000000000000000000000000000000000000000000000000025c16c12412480
1525,00000000000000000000000000000000000000000000000000000000000000000000000000000000000000000000000000000000000000000035c38e6a6b0660
1535,0000000000000000000000000000000000000000000000000000000000000000000000000000000000000000000000000000000000000000003214e90c65d6a0
1545,00000000000000000000000000000000000000000000000000000000000000000000000000000000000000000000000000000000000000000015aa8e1df30e60
1555,00000000000000000000000000000000000000000000000000000000000000000000000000000000000000000000000000000000000000000028353afba4ab80
1565,00000000000000000000000000000000000000000000000000000000000000000000000000000000000000000000000000000000000000000019df82adff18a0
1575,0000000000000000000000000000000000000000000000000000000000000000000000000000000000000000000000000000000000000000002f3fc829911620
1585,0000000000000000000000000000000000000000000000000000000000000000000000000000000000000000000000000000000000000000002d80ca82c360e0
1595,0000000000000000000000000000000000000000000000000000000000000000000000000000000000000000000000000000000000000000002c9d007492e6c0
1605,000000000000000000000000000000000000000000000000000000000000000000000000000000000000000000000000000000000000000000471aef7082bc40
1615,0000000000000000000000000000000000000000000000000000000000000000000000000000000000000000000000000000000000000000006405fa42986ec0
1625,000000000000000000000000000000000000000000000000000000000000000000000000000000000000000000000000000000000000000000422574c60d4600
1635,0000000000000000000000000000000000000000000000000000000000000000000000000000000000000000000000000000000000000000003ea474eecd4c40
1645,000000000000000000000000000000000000000000000000000000000000000000000000000000000000000000000000000000000000000000226dcc73062000
1655,0000000000000000000000000000000000000000000000000000000000000000000000000000000000000000000000000000000000000000004341cbf7d0b360
1665,00000000000000000000000000000000000000000000000000000000000000000000000000000000000000000000000000000000000000000038597a166e6be0
1675,00000000000000000000000000000000000000000000000000000000000000000000000000000000000000000000000000000000000000000025542037285a20
1685,0000000000000000000000000000000000000000000000000000000000000000000000000000000000000000000000000000000000000000003a0e378cb1e0c0
1695,000000000000000000000000000000000000000000000000000000000000000000000000000000000000000000000000000000000000000000308f067f48e640
1705,000000000000000000000000000000000000000000000000000000000000000000000000000000000000000000000000000000000000000000393d4010edf140
1715,0000000000000000000000000000000000000000000000000000000000000000000000000000000000000000000000000000000000000000003f2854172595e0
1725,000000000000000000000000000000000000000000000000000000000000000000000000000000000000000000000000000000000000000000413bc824911540
1735,000000000000000000000000000000000000000000000000000000000000000000000000000000000000000000000000000000000000000000413bf1d5c959c0
1745,000000000000000000000000000000000000000000000000000000000000000000000000000000000000000000000000000000000000000000320a2765bced00
1755,0000000000000000000000000000000000000000000000000000000000000000000000000000000000000000000000000000000000000000004586fc3cf5f500
1765,0000000000000000000000000000000000000000000000000000000000000000000000000000000000000000000000000000000000000000002f6e95e17d6a80
1775,0000000000000000000000000000000000000000000000000000000000000000000000000000000000000000000000000000000000000000002147987d008420
1785,0000000000000000000000000000000000000000000000000000000000000000000000000000000000000000000000000000000000000000003c07af39677a60
1795,0000000000000000000000000000000000000000000000000000000000000000000000000000000000000000000000000000000000000000002f50aa14bca1e0
1805,0000000000000000000000000000000000000000000000000000000000000000000000000000000000000000000000000000000000000000004fa5475357a8c0
1815,0000000000000000000000000000000000000000000000000000000000000000000000000000000000000000000000000000000000000000004df5f0bf2d2c80
1825,00000000000000000000000000000000000000000000000000000000000000000000000000000000000000000000000000000000000000000021572605ccd820
1835,00000000000000000000000000000000000000000000000000000000000000000000000000000000000000000000000000000000000000000033463677d35dc0
1845,0000000000000000000000000000000000000000000000000000000000000000000000000000000000000000000000000000000000000000003287cef0f69d60
1855,000000000000000000000000000000000000000000000000000000000000000000000000000000000000000000000000000000000000000000263373281c0260
1865,00000000000000000000000000000000000000000000000000000000000000000000000000000000000000000000000000000000000000000032090eaabc2660
1875,00000000000000000000000000000000000000000000000000000000000000000000000000000000000000000000000000000000000000000038155324dea980
1885,0000000000000000000000000000000000000000000000000000000000000000000000000000000000000000000000000000000000000000003e307245636700
1895,0000000000000000000000000000000000000000000000000000000000000000000000000000000000000000000000000000000000000000003a6919cb7e7060
1905,00000000000000000000000000000000000000000000000000000000000000000000000000000000000000000000000000000000000000000049335a877133c0
1915,0000000000000000000000000000000000000000000000000000000000000000000000000000000000000000000000000000000000000000005b5105ec7b2ac0
1925,00000000000000000000000000000000000000000000000000000000000000000000000000000000000000000000000000000000000000000032bbac639f53a0
1935,0000000000000000000000000000000000000000000000000000000000000000000000000000000000000000000000000000000000000000003e488539eb8260
1945,0000000000000000000000000000000000000000000000000000000000000000000000000000000000000000000000000000000000000000003709ae2d0eeae0
1955,00000000000000000000000000000000000000000000000000000000000000000000000000000000000000000000000000000000000000000036d96ef53b7c60
1965,00000000000000000000000000000000000000000000000000000000000000000000000000000000000000000000000000000000000000000035b93eb0093480
1975,00000000000000000000000000000000000000000000000000000000000000000000000000000000000000000000000000000000000000000051f2d72b9db4c0
1985,00000000000000000000000000000000000000000000000000000000000000000000000000000000000000000000000000000000000000000033a565c02e5a00
1995,0000000000000000000000000000000000000000000000000000000000000000000000000000000000000000000000000000000000000000003232eb31c2a7a0
2005,00000000000000000000000000000000000000000000000000000000000000000000000000000000000000000000000000000000000000000048f73c29081880
2015,00000000000000000000000000000000000000000000000000000000000000000000000000000000000000000000000000000000000000000014e6c983c19880
2025,0000000000000000000000000000000000000000000000000000000000000000000000000000000000000000000000000000000000000000002c2ab554e40100
2035,00000000000000000000000000000000000000000000000000000000000000000000000000000000000000000000000000000000000000000019db55733373a0
2045,0000000000000000000000000000000000000000000000000000000000000000000000000000000000000000000000000000000000000000001788e738cb3c60
2055,00000000000000000000000000000000000000000000000000000000000000000000000000000000000000000000000000000000000000000062e1294c7ae720
2065,0000000000000000000000000000000000000000000000000000000000000000000000000000000000000000000000000000000000000000003f731d0842edc0
2075,0000000000000000000000000000000000000000000000000000000000000000000000000000000000000000000000000000000000000000001fdcdbda5e0a80
2085,0000000000000000000000000000000000000000000000000000000000000000000000000000000000000000000000000000000000000000002ef6471ad3cda0
2095,0000000000000000000000000000000000000000000000000000000000000000000000000000000000000000000000000000000000000000004cec6f47388980
2105,00000000000000000000000000000000000000000000000000000000000000000000000000000000000000000000000000000000000000000033d2c0296ec720
2115,000000000000000000000000000000000000000000000000000000000000000000000000000000000000000000000000000000000000000000620cc71fb6d460
2125,000000000000000000000000000000000000000000000000000000000000000000000000000000000000000000000000000000000000000000406812d05ee6c0
2135,000000000000000000000000000000000000000000000000000000000000000000000000000000000000000000000000000000000000000000206d571f66a7c0
2145,0000000000000000000000000000000000000000000000000000000000000000000000000000000000000000000000000000000000000000002ba020fbc45940
2155,0000000000000000000000000000000000000000000000000000000000000000000000000000000000000000000000000000000000000000004c7f9f1d527d20
2165,0000000000000000000000000000000000000000000000000000000000000000000000000000000000000000000000000000000000000000005701c519487560
2175,00000000000000000000000000000000000000000000000000000000000000000000000000000000000000000000000000000000000000000043b723e60fe880
2185,00000000000000000000000000000000000000000000000000000000000000000000000000000000000000000000000000000000000000000031fe023f2bf7c0
2195,0000000000000000000000000000000000000000000000000000000000000000000000000000000000000000000000000000000000000000004748eb6d698140
2205,00000000000000000000000000000000000000000000000000000000000000000000000000000000000000000000000000000000000000000024d6d222100500
2215,0000000000000000000000000000000000000000000000000000000000000000000000000000000000000000000000000000000000000000002d18ae6264d060
2225,0000000000000000000000000000000000000000000000000000000000000000000000000000000000000000000000000000000000000000002fca9a5b4a1ce0
2235,000000000000000000000000000000000000000000000000000000000000000000000000000000000000000000000000000000000000000000168740a2c54100
2245,000000000000000000000000000000000000000000000000000000000000000000000000000000000000000000000000000000000000000000332e10a0d660c0
2255,0000000000000000000000000000000000000000000000000000000000000000000000000000000000000000000000000000000000000000001a56bde10a0c20
2265,0000000000000000000000000000000000000000000000000000000000000000000000000000000000000000000000000000000000000000002829029028b3e0
2275,0000000000000000000000000000000000000000000000000000000000000000000000000000000000000000000000000000000000000000001d56d319975f80
2285,00000000000000000000000000000000000000000000000000000000000000000000000000000000000000000000000000000000000000000042fc400658ff40
2295,0000000000000000000000000000000000000000000000000000000000000000000000000000000000000000000000000000000000000000002d2650ba1729c0
2305,000000000000000000000000000000000000000000000000000000000000000000000000000000000000000000000000000000000000000000396b94a17ff960
2315,00000000000000000000000000000000000000000000000000000000000000000000000000000000000000000000000000000000000000000026204f333ecc40
2325,000000000000000000000000000000000000000000000000000000000000000000000000000000000000000000000000000000000000000000185e2f3444bf40
2335,0000000000000000000000000000000000000000000000000000000000000000000000000000000000000000000000000000000000000000003e7e575dad8f60
2345,00000000000000000000000000000000000000000000000000000000000000000000000000000000000000000000000000000000000000000059ed17fa9e5760
2355,0000000000000000000000000000000000000000000000000000000000000000000000000000000000000000000000000000000000000000002d76ea3e816ec0
2365,0000000000000000000000000000000000000000000000000000000000000000000000000000000000000000000000000000000000000000002d98ae461396a0
2375,0000000000000000000000000000000000000000000000000000000000000000000000000000000000000000000000000000000000000000001f582ced277220
2385,00000000000000000000000000000000000000000000000000000000000000000000000000000000000000000000000000000000000000000023036de8f0fe20
2395,0000000000000000000000000000000000000000000000000000000000000000000000000000000000000000000000000000000000000000002a7638caeaf120
2405,00000000000000000000000000000000000000000000000000000000000000000000000000000000000000000000000000000000000000000050ef27a96c0e60
2415,000000000000000000000000000000000000000000000000000000000000000000000000000000000000000000000000000000000000000000180e7a437c4e60
2425,0000000000000000000000000000000000000000000000000000000000000000000000000000000000000000000000000000000000000000005acb6326b776e0
2435,00000000000000000000000000000000000000000000000000000000000000000000000000000000000000000000000000000000000000000034e22cf99ad840
2445,000000000000000000000000000000000000000000000000000000000000000000000000000000000000000000000000000000000000000000253c30a51403c0
2455,000000000000000000000000000000000000000000000000000000000000000000000000000000000000000000000000000000000000000000401fc31a2a94e0
2465,000000000000000000000000000000000000000000000000000000000000000000000000000000000000000000000000000000000000000000312ada087a1fa0
2475,0000000000000000000000000000000000000000000000000000000000000000000000000000000000000000000000000000000000000000004b67494dc01f40
2485,000000000000000000000000000000000000000000000000000000000000000000000000000000000000000000000000000000000000000000313a1169e9cba0
2495,0000000000000000000000000000000000000000000000000000000000000000000000000000000000000000000000000000000000000000001f3468e5b7ca40
2505,00000000000000000000000000000000000000000000000000000000000000000000000000000000000000000000000000000000000000000014a3672fae6f20
2515,000000000000000000000000000000000000000000000000000000000000000000000000000000000000000000000000000000000000000000324a0392aa6a60
2525,000000000000000000000000000000000000000000000000000000000000000000000000000000000000000000000000000000000000000000296554fad824c0
2535,00000000000000000000000000000000000000000000000000000000000000000000000000000000000000000000000000000000000000000032b4b8d0660240
2545,00000000000000000000000000000000000000000000000000000000000000000000000000000000000000000000000000000000000000000017cf852057dd20
2555,0000000000000000000000000000000000000000000000000000000000000000000000000000000000000000000000000000000000000000001ba53fd4586680
2565,0000000000000000000000000000000000000000000000000000000000000000000000000000000000000000000000000000000000000000005983a0d07e8bc0
2575,00000000000000000000000000000000000000000000000000000000000000000000000000000000000000000000000000000000000000000037f0d8b12c8780
2585,0000000000000000000000000000000000000000000000000000000000000000000000000000000000000000000000000000000000000000002988d4e4c28b00
2595,00000000000000000000000000000000000000000000000000000000000000000000000000000000000000000000000000000000000000000039b4f4eb532860
2605,0000000000000000000000000000000000000000000000000000000000000000000000000000000000000000000000000000000000000000004d58fe53992080
2615,0000000000000000000000000000000000000000000000000000000000000000000000000000000000000000000000000000000000000000002e1bcab3654e20
2625,0000000000000000000000000000000000000000000000000000000000000000000000000000000000000000000000000000000000000000004925d939953e00
2635,0000000000000000000000000000000000000000000000000000000000000000000000000000000000000000000000000000000000000000003c624e6e5ff0e0
2645,0000000000000000000000000000000000000000000000000000000000000000000000000000000000000000000000000000000000000000001b3f106eec53a0
2655,0000000000000000000000000000000000000000000000000000000000000000000000000000000000000000000000000000000000000000003101da329fd320
2665,000000000000000000000000000000000000000000000000000000000000000000000000000000000000000000000000000000000000000000244789dcf2b800
2675,00000000000000000000000000000000000000000000000000000000000000000000000000000000000000000000000000000000000000000064fb216d273b40
2685,00000000000000000000000000000000000000000000000000000000000000000000000000000000000000000000000000000000000000000022bf23bc4fea40
2695,0000000000000000000000000000000000000000000000000000000000000000000000000000000000000000000000000000000000000000003bc536c7bab5e0
2705,00000000000000000000000000000000000000000000000000000000000000000000000000000000000000000000000000000000000000000032e4db121401e0
2715,00000000000000000000000000000000000000000000000000000000000000000000000000000000000000000000000000000000000000000025e7c44abf63c0
2725,0000000000000000000000000000000000000000000000000000000000000000000000000000000000000000000000000000000000000000003b222d66685380
2735,0000000000000000000000000000000000000000000000000000000000000000000000000000000000000000000000000000000000000000002ba9a8676ebe20
2745,00000000000000000000000000000000000000000000000000000000000000000000000000000000000000000000000000000000000000000027136dca3f71a0
2755,00000000000000000000000000000000000000000000000000000000000000000000000000000000000000000000000000000000000000000043562b3b5d96c0
2765,000000000000000000000000000000000000000000000000000000000000000000000000000000000000000000000000000000000000000000658c12284f50c0
2775,00000000000000000000000000000000000000000000000000000000000000000000000000000000000000000000000000000000000000000025cb28d6857b00
2785,0000000000000000000000000000000000000000000000000000000000000000000000000000000000000000000000000000000000000000002a1fe7da948340
2795,0000000000000000000000000000000000000000000000000000000000000000000000000000000000000000000000000000000000000000001b334e522d4f80
2805,00000000000000000000000000000000000000000000000000000000000000000000000000000000000000000000000000000000000000000033e18f3c208e20
2815,0000000000000000000000000000000000000000000000000000000000000000000000000000000000000000000000000000000000000000003c302336ada960
2825,0000000000000000000000000000000000000000000000000000000000000000000000000000000000000000000000000000000000000000002c1b9aae8616a0
2835,00000000000000000000000000000000000000000000000000000000000000000000000000000000000000000000000000000000000000000023a1d419584be0
2845,0000000000000000000000000000000000000000000000000000000000000000000000000000000000000000000000000000000000000000003c0c5fea51a620
2855,0000000000000000000000000000000000000000000000000000000000000000000000000000000000000000000000000000000000000000003d3ccb4bf5cae0
2865,0000000000000000000000000000000000000000000000000000000000000000000000000000000000000000000000000000000000000000002c996a39bd1500
2875,00000000000000000000000000000000000000000000000000000000000000000000000000000000000000000000000000000000000000000022d02d628c79e0
2885,0000000000000000000000000000000000000000000000000000000000000000000000000000000000000000000000000000000000000000001ee89aafbfbe80
2895,000000000000000000000000000000000000000000000000000000000000000000000000000000000000000000000000000000000000000000144ca67a733a80
2905,000000000000000000000000000000000000000000000000000000000000000000000000000000000000000000000000000000000000000000439c592cca6060
2915,00000000000000000000000000000000000000000000000000000000000000000000000000000000000000000000000000000000000000000028e795c83d9640
2925,0000000000000000000000000000000000000000000000000000000000000000000000000000000000000000000000000000000000000000003dfc87d2bb9100
2935,000000000000000000000000000000000000000000000000000000000000000000000000000000000000000000000000000000000000000000240565302c9d40
2945,0000000000000000000000000000000000000000000000000000000000000000000000000000000000000000000000000000000000000000002e1053aa527600
2955,000000000000000000000000000000000000000000000000000000000000000000000000000000000000000000000000000000000000000000295cb84a31a000
2965,000000000000000000000000000000000000000000000000000000000000000000000000000000000000000000000000000000000000000000229bd16fec49c0
2975,000000000000000000000000000000000000000000000000000000000000000000000000000000000000000000000000000000000000000000208d71f5da6280
2985,0000000000000000000000000000000000000000000000000000000000000000000000000000000000000000000000000000000000000000002747c733073000
2995,0000000000000000000000000000000000000000000000000000000000000000000000000000000000000000000000000000000000000000005a54cdfd79f0c0
3005,0000000000000000000000000000000000000000000000000000000000000000000000000000000000000000000000000000000000000000005acf7675361620
3015,000000000000000000000000000000000000000000000000000000000000000000000000000000000000000000000000000000000000000000639f0970ea9f80
3025,0000000000000000000000000000000000000000000000000000000000000000000000000000000000000000000000000000000000000000003c570a2a35fbc0
3035,0000000000000000000000000000000000000000000000000000000000000000000000000000000000000000000000000000000000000000004aa995c6d73de0
3045,000000000000000000000000000000000000000000000000000000000000000000000000000000000000000000000000000000000000000000322110bccf3da0
3055,00000000000000000000000000000000000000000000000000000000000000000000000000000000000000000000000000000000000000000023327fdbec6ac0
3065,0000000000000000000000000000000000000000000000000000000000000000000000000000000000000000000000000000000000000000003b813260013d40
3075,0000000000000000000000000000000000000000000000000000000000000000000000000000000000000000000000000000000000000000003829b8de927fe0
3085,0000000000000000000000000000000000000000000000000000000000000000000000000000000000000000000000000000000000000000002a25488b72d300
3095,00000000000000000000000000000000000000000000000000000000000000000000000000000000000000000000000000000000000000000056a81f33041ea0
3105,000000000000000000000000000000000000000000000000000000000000000000000000000000000000000000000000000000000000000000298a0bf85ed000
3115,00000000000000000000000000000000000000000000000000000000000000000000000000000000000000000000000000000000000000000026f88efd4a08c0
3125,00000000000000000000000000000000000000000000000000000000000000000000000000000000000000000000000000000000000000000049728e65a51c20
3135,0000000000000000000000000000000000000000000000000000000000000000000000000000000000000000000000000000000000000000005dec2953384020
3145,00000000000000000000000000000000000000000000000000000000000000000000000000000000000000000000000000000000000000000048d4ca48e41da0
3155,0000000000000000000000000000000000000000000000000000000000000000000000000000000000000000000000000000000000000000002d9fe1c5975e40
3165,0000000000000000000000000000000000000000000000000000000000000000000000000000000000000000000000000000000000000000003ccdea985abe40
3175,0000000000000000000000000000000000000000000000000000000000000000000000000000000000000000000000000000000000000000001d36217468e1e0
3185,000000000000000000000000000000000000000000000000000000000000000000000000000000000000000000000000000000000000000000168c75f13055c0
3195,000000000000000000000000000000000000000000000000000000000000000000000000000000000000000000000000000000000000000000345b61bdc3bbe0
3205,0000000000000000000000000000000000000000000000000000000000000000000000000000000000000000000000000000000000000000002f7c8bc302c060
3215,000000000000000000000000000000000000000000000000000000000000000000000000000000000000000000000000000000000000000000363fc84e5ae420
3225,000000000000000000000000000000000000000000000000000000000000000000000000000000000000000000000000000000000000000000444e4a5be09060
3235,0000000000000000000000000000000000000000000000000000000000000000000000000000000000000000000000000000000000000000004185170216abe0
3245,00000000000000000000000000000000000000000000000000000000000000000000000000000000000000000000000000000000000000000034bddfa36f84a0
3255,0000000000000000000000000000000000000000000000000000000000000000000000000000000000000000000000000000000000000000006bd2513c138960
3265,00000000000000000000000000000000000000000000000000000000000000000000000000000000000000000000000000000000000000000055be442f14e6a0
3275,0000000000000000000000000000000000000000000000000000000000000000000000000000000000000000000000000000000000000000002fe7b7c5a2a640
3285,0000000000000000000000000000000000000000000000000000000000000000000000000000000000000000000000000000000000000000002f76412fbe0bc0
3295,0000000000000000000000000000000000000000000000000000000000000000000000000000000000000000000000000000000000000000002c3d9484d98aa0
3305,00000000000000000000000000000000000000000000000000000000000000000000000000000000000000000000000000000000000000000045c7ed3895b7c0
3315,00000000000000000000000000000000000000000000000000000000000000000000000000000000000000000000000000000000000000000032869d5d59f980
3325,000000000000000000000000000000000000000000000000000000000000000000000000000000000000000000000000000000000000000000506040bce5bc00
3335,0000000000000000000000000000000000000000000000000000000000000000000000000000000000000000000000000000000000000000006adf2d38c47ca0
3345,000000000000000000000000000000000000000000000000000000000000000000000000000000000000000000000000000000000000000000230fa2ad0abea0
3355,0000000000000000000000000000000000000000000000000000000000000000000000000000000000000000000000000000000000000000001ff7d31d792fe0
3365,0000000000000000000000000000000000000000000000000000000000000000000000000000000000000000000000000000000000000000003f458832b7ab80
3375,00000000000000000000000000000000000000000000000000000000000000000000000000000000000000000000000000000000000000000024d0ec3fff9b20
3385,0000000000000000000000000000000000000000000000000000000000000000000000000000000000000000000000000000000000000000004853eeaa307480
3395,00000000000000000000000000000000000000000000000000000000000000000000000000000000000000000000000000000000000000000012bbe077eabb60
3405,0000000000000000000000000000000000000000000000000000000000000000000000000000000000000000000000000000000000000000001c84e5805a2ce0
3415,0000000000000000000000000000000000000000000000000000000000000000000000000000000000000000000000000000000000000000004abe0ad9279560
3425,0000000000000000000000000000000000000000000000000000000000000000000000000000000000000000000000000000000000000000004abee43b8f16e0
3435,0000000000000000000000000000000000000000000000000000000000000000000000000000000000000000000000000000000000000000003886c230eb2880
3445,000000000000000000000000000000000000000000000000000000000000000000000000000000000000000000000000000000000000000000360990be50e7c0
3455,00000000000000000000000000000000000000000000000000000000000000000000000000000000000000000000000000000000000000000018af39d6313da0
3465,0000000000000000000000000000000000000000000000000000000000000000000000000000000000000000000000000000000000000000004e06d5be09be40
3475,00000000000000000000000000000000000000000000000000000000000000000000000000000000000000000000000000000000000000000049a41844c4b900
3485,0000000000000000000000000000000000000000000000000000000000000000000000000000000000000000000000000000000000000000002b5f563b35b440
3495,0000000000000000000000000000000000000000000000000000000000000000000000000000000000000000000000000000000000000000003a9ba70d02ba40
3505,0000000000000000000000000000000000000000000000000000000000000000000000000000000000000000000000000000000000000000003443720e258ee0
3515,00000000000000000000000000000000000000000000000000000000000000000000000000000000000000000000000000000000000000000028899c937ef040
3525,0000000000000000000000000000000000000000000000000000000000000000000000000000000000000000000000000000000000000000001231789ec81400
3535,0000000000000000000000000000000000000000000000000000000000000000000000000000000000000000000000000000000000000000002f700e08c68800
3545,00000000000000000000000000000000000000000000000000000000000000000000000000000000000000000000000000000000000000000010c14a4b486fe0
3555,0000000000000000000000000000000000000000000000000000000000000000000000000000000000000000000000000000000000000000001f93704b9f4f20
3565,000000000000000000000000000000000000000000000000000000000000000000000000000000000000000000000000000000000000000000270ad5f2362320
3575,0000000000000000000000000000000000000000000000000000000000000000000000000000000000000000000000000000000000000000003fbba365d60700
3585,00000000000000000000000000000000000000000000000000000000000000000000000000000000000000000000000000000000000000000031c4cc4306db40
3595,0000000000000000000000000000000000000000000000000000000000000000000000000000000000000000000000000000000000000000003f634df5a266c0
3605,0000000000000000000000000000000000000000000000000000000000000000000000000000000000000000000000000000000000000000002b9f6bad0ba480
3615,0000000000000000000000000000000000000000000000000000000000000000000000000000000000000000000000000000000000000000003ecbd6ce9c1b20
3625,0000000000000000000000000000000000000000000000000000000000000000000000000000000000000000000000000000000000000000002978b7d2274580
3635,000000000000000000000000000000000000000000000000000000000000000000000000000000000000000000000000000000000000000000293ab8f3de8ae0
3645,0000000000000000000000000000000000000000000000000000000000000000000000000000000000000000000000000000000000000000003446deab7455e0
3655,00000000000000000000000000000000000000000000000000000000000000000000000000000000000000000000000000000000000000000050f7d728d63b00
3665,00000000000000000000000000000000000000000000000000000000000000000000000000000000000000000000000000000000000000000041d142df6ade40
3675,00000000000000000000000000000000000000000000000000000000000000000000000000000000000000000000000000000000000000000048b3fe99dec3a0
3685,00000000000000000000000000000000000000000000000000000000000000000000000000000000000000000000000000000000000000000022271ac68e8580
3695,000000000000000000000000000000000000000000000000000000000000000000000000000000000000000000000000000000000000000000277dad6a791dc0
3705,000000000000000000000000000000000000000000000000000000000000000000000000000000000000000000000000000000000000000000267bfae8252b20
3715,0000000000000000000000000000000000000000000000000000000000000000000000000000000000000000000000000000000000000000002c33228f665600
3725,0000000000000000000000000000000000000000000000000000000000000000000000000000000000000000000000000000000000000000002b458364559f80
3735,000000000000000000000000000000000000000000000000000000000000000000000000000000000000000000000000000000000000000000312a614395f420
3745,00000000000000000000000000000000000000000000000000000000000000000000000000000000000000000000000000000000000000000031c1b160c643a0
3755,0000000000000000000000000000000000000000000000000000000000000000000000000000000000000000000000000000000000000000002bf3c6e2703000
3765,00000000000000000000000000000000000000000000000000000000000000000000000000000000000000000000000000000000000000000022704837c797c0
3775,000000000000000000000000000000000000000000000000000000000000000000000000000000000000000000000000000000000000000000317e4e519f75a0
3785,00000000000000000000000000000000000000000000000000000000000000000000000000000000000000000000000000000000000000000048c87af11aec80
3795,00000000000000000000000000000000000000000000000000000000000000000000000000000000000000000000000000000000000000000029cfde11344020
3805,0000000000000000000000000000000000000000000000000000000000000000000000000000000000000000000000000000000000000000005614e60bb4a580
3815,0000000000000000000000000000000000000000000000000000000000000000000000000000000000000000000000000000000000000000003ac2eb59224c40
3825,000000000000000000000000000000000000000000000000000000000000000000000000000000000000000000000000000000000000000000486433c6a1a4e0
3835,0000000000000000000000000000000000000000000000000000000000000000000000000000000000000000000000000000000000000000003ac554a7bda000
3845,000000000000000000000000000000000000000000000000000000000000000000000000000000000000000000000000000000000000000000272348dcdf29a0
3855,0000000000000000000000000000000000000000000000000000000000000000000000000000000000000000000000000000000000000000002fc15a16fd62c0
3865,000000000000000000000000000000000000000000000000000000000000000000000000000000000000000000000000000000000000000000403aa0e7200f00
3875,00000000000000000000000000000000000000000000000000000000000000000000000000000000000000000000000000000000000000000052293b8a699880
3885,0000000000000000000000000000000000000000000000000000000000000000000000000000000000000000000000000000000000000000002a33e42800af40
3895,00000000000000000000000000000000000000000000000000000000000000000000000000000000000000000000000000000000000000000048d6cb7023ffe0
3905,0000000000000000000000000000000000000000000000000000000000000000000000000000000000000000000000000000000000000000003e4a2943a7d240
3915,0000000000000000000000000000000000000000000000000000000000000000000000000000000000000000000000000000000000000000005dbd59f3e99220
3925,000000000000000000000000000000000000000000000000000000000000000000000000000000000000000000000000000000000000000000236f39d7d4e240
3935,00000000000000000000000000000000000000000000000000000000000000000000000000000000000000000000000000000000000000000027b3b153241f00
3945,00000000000000000000000000000000000000000000000000000000000000000000000000000000000000000000000000000000000000000038abfa73556ca0
3955,000000000000000000000000000000000000000000000000000000000000000000000000000000000000000000000000000000000000000000360abc51edf320
3965,0000000000000000000000000000000000000000000000000000000000000000000000000000000000000000000000000000000000000000003220f85a5abae0
3975,0000000000000000000000000000000000000000000000000000000000000000000000000000000000000000000000000000000000000000005aef1b2e27edc0
3985,000000000000000000000000000000000000000000000000000000000000000000000000000000000000000000000000000000000000000000199c0b77773020
3995,00000000000000000000000000000000000000000000000000000000000000000000000000000000000000000000000000000000000000000040de5da103e580
4005,0000000000000000000000000000000000000000000000000000000000000000000000000000000000000000000000000000000000000000002f86ec387722e0
4015,0000000000000000000000000000000000000000000000000000000000000000000000000000000000000000000000000000000000000000002ecb4bf656c3e0
4025,00000000000000000000000000000000000000000000000000000000000000000000000000000000000000000000000000000000000000000028beebf25d7e40
4035,00000000000000000000000000000000000000000000000000000000000000000000000000000000000000000000000000000000000000000048dd5eb49ee240
4045,00000000000000000000000000000000000000000000000000000000000000000000000000000000000000000000000000000000000000000055332824c34fe0
4055,000000000000000000000000000000000000000000000000000000000000000000000000000000000000000000000000000000000000000000181b89f3d61360
4065,000000000000000000000000000000000000000000000000000000000000000000000000000000000000000000000000000000000000000000495f8966ed3260
4075,0000000000000000000000000000000000000000000000000000000000000000000000000000000000000000000000000000000000000000004a820b7abc6360
4085,0000000000000000000000000000000000000000000000000000000000000000000000000000000000000000000000000000000000000000003c77bb6315bbc0
4095,0000000000000000000000000000000000000000000000000000000000000000000000000000000000000000000000000000000000000000001cd1308ee758e0
4105,0000000000000000000000000000000000000000000000000000000000000000000000000000000000000000000000000000000000000000003f52d7cf5be6c0
4115,00000000000000000000000000000000000000000000000000000000000000000000000000000000000000000000000000000000000000000053f2b857e4b280
4125,0000000000000000000000000000000000000000000000000000000000000000000000000000000000000000000000000000000000000000004a89397a4089e0
4135,000000000000000000000000000000000000000000000000000000000000000000000000000000000000000000000000000000000000000000326f6cdee9fe20
4145,0000000000000000000000000000000000000000000000000000000000000000000000000000000000000000000000000000000000000000001a24d3c6dd3a00
4155,00000000000000000000000000000000000000000000000000000000000000000000000000000000000000000000000000000000000000000025fefbaba50fc0
4165,000000000000000000000000000000000000000000000000000000000000000000000000000000000000000000000000000000000000000000313e2e5fca3a80
4175,0000000000000000000000000000000000000000000000000000000000000000000000000000000000000000000000000000000000000000004020df68dc58e0
4185,00000000000000000000000000000000000000000000000000000000000000000000000000000000000000000000000000000000000000000037ccbc82605a20
4195,0000000000000000000000000000000000000000000000000000000000000000000000000000000000000000000000000000000000000000002b665f7fa8a320
4205,0000000000000000000000000000000000000000000000000000000000000000000000000000000000000000000000000000000000000000003a0c3d82fb5c60
4215,0000000000000000000000000000000000000000000000000000000000000000000000000000000000000000000000000000000000000000005679f584e55a20
4225,0000000000000000000000000000000000000000000000000000000000000000000000000000000000000000000000000000000000000000004c028b4d2289a0
4235,0000000000000000000000000000000000000000000000000000000000000000000000000000000000000000000000000000000000000000003950478fa5afe0
4245,00000000000000000000000000000000000000000000000000000000000000000000000000000000000000000000000000000000000000000014c8848fa45ba0
4255,0000000000000000000000000000000000000000000000000000000000000000000000000000000000000000000000000000000000000000003e4b40f4d00d40
4265,0000000000000000000000000000000000000000000000000000000000000000000000000000000000000000000000000000000000000000001fc0ef0d7ad320
4275,000000000000000000000000000000000000000000000000000000000000000000000000000000000000000000000000000000000000000000262deab25411e0
4285,00000000000000000000000000000000000000000000000000000000000000000000000000000000000000000000000000000000000000000034972f2fe38620
4295,0000000000000000000000000000000000000000000000000000000000000000000000000000000000000000000000000000000000000000004e2df262c98620
4305,000000000000000000000000000000000000000000000000000000000000000000000000000000000000000000000000000000000000000000262240a944a980
4315,0000000000000000000000000000000000000000000000000000000000000000000000000000000000000000000000000000000000000000002761361d9f3b80
4325,00000000000000000000000000000000000000000000000000000000000000000000000000000000000000000000000000000000000000000031d7fa4b949ea0
4335,00000000000000000000000000000000000000000000000000000000000000000000000000000000000000000000000000000000000000000058c81edd210e40
4345,00000000000000000000000000000000000000000000000000000000000000000000000000000000000000000000000000000000000000000028dfd5f9fe56a0
4355,00000000000000000000000000000000000000000000000000000000000000000000000000000000000000000000000000000000000000000041a2e358b230c0
4365,00000000000000000000000000000000000000000000000000000000000000000000000000000000000000000000000000000000000000000060daa8ef6b0fc0
4375,0000000000000000000000000000000000000000000000000000000000000000000000000000000000000000000000000000000000000000002edbb2753bdbc0
4385,00000000000000000000000000000000000000000000000000000000000000000000000000000000000000000000000000000000000000000013538601640e40
4395,0000000000000000000000000000000000000000000000000000000000000000000000000000000000000000000000000000000000000000004769b0b9f92200
4405,0000000000000000000000000000000000000000000000000000000000000000000000000000000000000000000000000000000000000000004e519cf41382c0
4415,0000000000000000000000000000000000000000000000000000000000000000000000000000000000000000000000000000000000000000003d82bfd117ae20
4425,0000000000000000000000000000000000000000000000000000000000000000000000000000000000000000000000000000000000000000002b89715fc1d600
4435,0000000000000000000000000000000000000000000000000000000000000000000000000000000000000000000000000000000000000000002a9118491b61c0
4445,0000000000000000000000000000000000000000000000000000000000000000000000000000000000000000000000000000000000000000001e199978c645a0
4455,0000000000000000000000000000000000000000000000000000000000000000000000000000000000000000000000000000000000000000002884d3ec6eff60
4465,000000000000000000000000000000000000000000000000000000000000000000000000000000000000000000000000000000000000000000420d1b653b2480
4475,00000000000000000000000000000000000000000000000000000000000000000000000000000000000000000000000000000000000000000054b8bb232a8b40
4485,0000000000000000000000000000000000000000000000000000000000000000000000000000000000000000000000000000000000000000002c67d43d147080
4495,0000000000000000000000000000000000000000000000000000000000000000000000000000000000000000000000000000000000000000003f09f6058031a0
4505,0000000000000000000000000000000000000000000000000000000000000000000000000000000000000000000000000000000000000000003c898c61e26680
4515,0000000000000000000000000000000000000000000000000000000000000000000000000000000000000000000000000000000000000000002b35302a5b8a00
4525,00000000000000000000000000000000000000000000000000000000000000000000000000000000000000000000000000000000000000000062312e622f2dc0
4535,0000000000000000000000000000000000000000000000000000000000000000000000000000000000000000000000000000000000000000002a596b07ef7fe0
4545,00000000000000000000000000000000000000000000000000000000000000000000000000000000000000000000000000000000000000000020731f32b42780
4555,00000000000000000000000000000000000000000000000000000000000000000000000000000000000000000000000000000000000000000036693cfccadae0
4565,0000000000000000000000000000000000000000000000000000000000000000000000000000000000000000000000000000000000000000003bd168647236a0
4575,0000000000000000000000000000000000000000000000000000000000000000000000000000000000000000000000000000000000000000003fb0db52dec740
4585,0000000000000000000000000000000000000000000000000000000000000000000000000000000000000000000000000000000000000000003ec69a7658e240
4595,000000000000000000000000000000000000000000000000000000000000000000000000000000000000000000000000000000000000000000241809aeeb07a0
4605,0000000000000000000000000000000000000000000000000000000000000000000000000000000000000000000000000000000000000000004dcda006d0ebe0
4615,000000000000000000000000000000000000000000000000000000000000000000000000000000000000000000000000000000000000000000248a1a09b19460
4625,00000000000000000000000000000000000000000000000000000000000000000000000000000000000000000000000000000000000000000033d9ee6ddf37c0
4635,000000000000000000000000000000000000000000000000000000000000000000000000000000000000000000000000000000000000000000407606b1e45f20
4645,0000000000000000000000000000000000000000000000000000000000000000000000000000000000000000000000000000000000000000001cbff486380700
4655,00000000000000000000000000000000000000000000000000000000000000000000000000000000000000000000000000000000000000000012a394d22b5e40
4665,00000000000000000000000000000000000000000000000000000000000000000000000000000000000000000000000000000000000000000035aec84e478740
4675,00000000000000000000000000000000000000000000000000000000000000000000000000000000000000000000000000000000000000000060bc134a182f20
4685,000000000000000000000000000000000000000000000000000000000000000000000000000000000000000000000000000000000000000000479d5cf1917840
4695,0000000000000000000000000000000000000000000000000000000000000000000000000000000000000000000000000000000000000000004f4ef7a7ed73c0
4705,000000000000000000000000000000000000000000000000000000000000000000000000000000000000000000000000000000000000000000223b9b4f0579c0
4715,000000000000000000000000000000000000000000000000000000000000000000000000000000000000000000000000000000000000000000398a730bba4180
4725,000000000000000000000000000000000000000000000000000000000000000000000000000000000000000000000000000000000000000000348390275d6000
4735,00000000000000000000000000000000000000000000000000000000000000000000000000000000000000000000000000000000000000000050aa004b9ece60
4745,0000000000000000000000000000000000000000000000000000000000000000000000000000000000000000000000000000000000000000001532c84d679960
4755,00000000000000000000000000000000000000000000000000000000000000000000000000000000000000000000000000000000000000000032048c34e28e60
4765,0000000000000000000000000000000000000000000000000000000000000000000000000000000000000000000000000000000000000000002b3742f8fcb1e0
4775,000000000000000000000000000000000000000000000000000000000000000000000000000000000000000000000000000000000000000000321a1b5ad11f20
4785,0000000000000000000000000000000000000000000000000000000000000000000000000000000000000000000000000000000000000000002f2421c8f7e4e0
4795,000000000000000000000000000000000000000000000000000000000000000000000000000000000000000000000000000000000000000000292f647e7a9960
4805,0000000000000000000000000000000000000000000000000000000000000000000000000000000000000000000000000000000000000000002b70c2616ba0c0
4815,000000000000000000000000000000000000000000000000000000000000000000000000000000000000000000000000000000000000000000554749236816a0
4825,00000000000000000000000000000000000000000000000000000000000000000000000000000000000000000000000000000000000000000049004ad9a6eec0
4835,000000000000000000000000000000000000000000000000000000000000000000000000000000000000000000000000000000000000000000305e13e50b66c0
4845,0000000000000000000000000000000000000000000000000000000000000000000000000000000000000000000000000000000000000000002c514a0d5e2ca0
4855,0000000000000000000000000000000000000000000000000000000000000000000000000000000000000000000000000000000000000000001d88b4bd9d6120
4865,00000000000000000000000000000000000000000000000000000000000000000000000000000000000000000000000000000000000000000032604cd6164940
4875,000000000000000000000000000000000000000000000000000000000000000000000000000000000000000000000000000000000000000000319aa114a330a0
4885,000000000000000000000000000000000000000000000000000000000000000000000000000000000000000000000000000000000000000000293defdff5dc60
4895,00000000000000000000000000000000000000000000000000000000000000000000000000000000000000000000000000000000000000000013f5729ddd5220
4905,0000000000000000000000000000000000000000000000000000000000000000000000000000000000000000000000000000000000000000002fb3687a641200
4915,000000000000000000000000000000000000000000000000000000000000000000000000000000000000000000000000000000000000000000403c8622130e00
4925,00000000000000000000000000000000000000000000000000000000000000000000000000000000000000000000000000000000000000000055d8712378c180
4935,0000000000000000000000000000000000000000000000000000000000000000000000000000000000000000000000000000000000000000003811957dbcbae0
4945,0000000000000000000000000000000000000000000000000000000000000000000000000000000000000000000000000000000000000000003a83c53fd9c520
4955,000000000000000000000000000000000000000000000000000000000000000000000000000000000000000000000000000000000000000000430789680c74c0
4965,0000000000000000000000000000000000000000000000000000000000000000000000000000000000000000000000000000000000000000002e7671c0fac720
4975,0000000000000000000000000000000000000000000000000000000000000000000000000000000000000000000000000000000000000000002e67869a99a960
4985,00000000000000000000000000000000000000000000000000000000000000000000000000000000000000000000000000000000000000000043c0e3c7dde1e0
4995,00000000000000000000000000000000000000000000000000000000000000000000000000000000000000000000000000000000000000000065772bbd6912a0
5005,000000000000000000000000000000000000000000000000000000000000000000000000000000000000000000000000000000000000000000232a9a48c367e0
5015,000000000000000000000000000000000000000000000000000000000000000000000000000000000000000000000000000000000000000000272e8b837f6200
5025,0000000000000000000000000000000000000000000000000000000000000000000000000000000000000000000000000000000000000000002018b09b424300
5035,0000000000000000000000000000000000000000000000000000000000000000000000000000000000000000000000000000000000000000002f7084f50d4980
5045,0000000000000000000000000000000000000000000000000000000000000000000000000000000000000000000000000000000000000000003cf06f3d69c420
5055,0000000000000000000000000000000000000000000000000000000000000000000000000000000000000000000000000000000000000000002c9f1008209520
5065,00000000000000000000000000000000000000000000000000000000000000000000000000000000000000000000000000000000000000000041d261f308c140
5075,0000000000000000000000000000000000000000000000000000000000000000000000000000000000000000000000000000000000000000004190ce59ea1b00
5085,000000000000000000000000000000000000000000000000000000000000000000000000000000000000000000000000000000000000000000425b4a4c454000
5095,00000000000000000000000000000000000000000000000000000000000000000000000000000000000000000000000000000000000000000037179cdd59a920
5105,00000000000000000000000000000000000000000000000000000000000000000000000000000000000000000000000000000000000000000041947db2481420
5115,0000000000000000000000000000000000000000000000000000000000000000000000000000000000000000000000000000000000000000001b5f66590d4e60
5125,00000000000000000000000000000000000000000000000000000000000000000000000000000000000000000000000000000000000000000035cab91151dcc0
5135,0000000000000000000000000000000000000000000000000000000000000000000000000000000000000000000000000000000000000000000eab6eb42dcd00
5145,00000000000000000000000000000000000000000000000000000000000000000000000000000000000000000000000000000000000000000018a347af9cd8a0
5155,000000000000000000000000000000000000000000000000000000000000000000000000000000000000000000000000000000000000000000212e6c888b5800
5165,00000000000000000000000000000000000000000000000000000000000000000000000000000000000000000000000000000000000000000016d10593f41de0
5175,0000000000000000000000000000000000000000000000000000000000000000000000000000000000000000000000000000000000000000001a5e02e08ca5e0
5185,0000000000000000000000000000000000000000000000000000000000000000000000000000000000000000000000000000000000000000003f2c36dbcedce0
5195,00000000000000000000000000000000000000000000000000000000000000000000000000000000000000000000000000000000000000000043d39f155faf20
5205,0000000000000000000000000000000000000000000000000000000000000000000000000000000000000000000000000000000000000000002c8e02ce330820
5215,0000000000000000000000000000000000000000000000000000000000000000000000000000000000000000000000000000000000000000002f1926d38deb80
5225,00000000000000000000000000000000000000000000000000000000000000000000000000000000000000000000000000000000000000000025d2ebd5ff9740
5235,0000000000000000000000000000000000000000000000000000000000000000000000000000000000000000000000000000000000000000003fc234e564b920
5245,0000000000000000000000000000000000000000000000000000000000000000000000000000000000000000000000000000000000000000001d749d216e1fe0
5255,00000000000000000000000000000000000000000000000000000000000000000000000000000000000000000000000000000000000000000021571be843ae00
5265,00000000000000000000000000000000000000000000000000000000000000000000000000000000000000000000000000000000000000000059acd89c7c7560
5275,0000000000000000000000000000000000000000000000000000000000000000000000000000000000000000000000000000000000000000002ba7d70517f2a0
5285,0000000000000000000000000000000000000000000000000000000000000000000000000000000000000000000000000000000000000000005f6b8dcd13f440
5295,00000000000000000000000000000000000000000000000000000000000000000000000000000000000000000000000000000000000000000031d001910a7000
5305,00000000000000000000000000000000000000000000000000000000000000000000000000000000000000000000000000000000000000000027f457ec52bd80
5315,0000000000000000000000000000000000000000000000000000000000000000000000000000000000000000000000000000000000000000002a73c1a3b30260
5325,00000000000000000000000000000000000000000000000000000000000000000000000000000000000000000000000000000000000000000040097fd6be4e80
5335,00000000000000000000000000000000000000000000000000000000000000000000000000000000000000000000000000000000000000000029ac1be2620240
5345,0000000000000000000000000000000000000000000000000000000000000000000000000000000000000000000000000000000000000000002d390d91717a00
5355,00000000000000000000000000000000000000000000000000000000000000000000000000000000000000000000000000000000000000000026a69f2a31e840
5365,0000000000000000000000000000000000000000000000000000000000000000000000000000000000000000000000000000000000000000003d7aca3defbf40
5375,00000000000000000000000000000000000000000000000000000000000000000000000000000000000000000000000000000000000000000025e3ffcb006160
5385,0000000000000000000000000000000000000000000000000000000000000000000000000000000000000000000000000000000000000000004541b6adefaa20
5395,00000000000000000000000000000000000000000000000000000000000000000000000000000000000000000000000000000000000000000023558245df45e0
5405,000000000000000000000000000000000000000000000000000000000000000000000000000000000000000000000000000000000000000000410946f6bd3620
5415,00000000000000000000000000000000000000000000000000000000000000000000000000000000000000000000000000000000000000000102724e0bf273c0
5425,00000000000000000000000000000000000000000000000000000000000000000000000000000000000000000000000000000000000000000065586621f20ae0
5435,0000000000000000000000000000000000000000000000000000000000000000000000000000000000000000000000000000000000000000004052c5e57f90c0
5445,00000000000000000000000000000000000000000000000000000000000000000000000000000000000000000000000000000000000000000025192b13bee8e0
5455,00000000000000000000000000000000000000000000000000000000000000000000000000000000000000000000000000000000000000000047961154857800
5465,000000000000000000000000000000000000000000000000000000000000000000000000000000000000000000000000000000000000000000224efee1683f20
5475,000000000000000000000000000000000000000000000000000000000000000000000000000000000000000000000000000000000000000000399ab2633f86a0
5485,00000000000000000000000000000000000000000000000000000000000000000000000000000000000000000000000000000000000000000026e81260dc95c0
5495,0000000000000000000000000000000000000000000000000000000000000000000000000000000000000000000000000000000000000000001cac4eea011740
5505,00000000000000000000000000000000000000000000000000000000000000000000000000000000000000000000000000000000000000000050cca0045d3c40
5515,000000000000000000000000000000000000000000000000000000000000000000000000000000000000000000000000000000000000000000323dedbadd5960
5525,00000000000000000000000000000000000000000000000000000000000000000000000000000000000000000000000000000000000000000033c19520be5000
5535,0000000000000000000000000000000000000000000000000000000000000000000000000000000000000000000000000000000000000000003398cc7c1b5f20
5545,00000000000000000000000000000000000000000000000000000000000000000000000000000000000000000000000000000000000000000043a220228e1ac0
5555,0000000000000000000000000000000000000000000000000000000000000000000000000000000000000000000000000000000000000000002674dc54eebf80
5565,0000000000000000000000000000000000000000000000000000000000000000000000000000000000000000000000000000000000000000002a048a97803d60
5575,0000000000000000000000000000000000000000000000000000000000000000000000000000000000000000000000000000000000000000005aab2177a8d060
5585,00000000000000000000000000000000000000000000000000000000000000000000000000000000000000000000000000000000000000000031908f290220e0
5595,000000000000000000000000000000000000000000000000000000000000000000000000000000000000000000000000000000000000000000694bcc717c9c80
5605,00000000000000000000000000000000000000000000000000000000000000000000000000000000000000000000000000000000000000000017c2f483a6c320
5615,00000000000000000000000000000000000000000000000000000000000000000000000000000000000000000000000000000000000000000032463989132a00
5625,0000000000000000000000000000000000000000000000000000000000000000000000000000000000000000000000000000000000000000000e10fb97339940
5635,00000000000000000000000000000000000000000000000000000000000000000000000000000000000000000000000000000000000000000021979ae3eb1f40
5645,00000000000000000000000000000000000000000000000000000000000000000000000000000000000000000000000000000000000000000036fa1606b97560
5655,0000000000000000000000000000000000000000000000000000000000000000000000000000000000000000000000000000000000000000002df24622804200
5665,0000000000000000000000000000000000000000000000000000000000000000000000000000000000000000000000000000000000000000001f1dafbfdd4e00
5675,0000000000000000000000000000000000000000000000000000000000000000000000000000000000000000000000000000000000000000003e2f1376b61e20
5685,000000000000000000000000000000000000000000000000000000000000000000000000000000000000000000000000000000000000000000422204c6489200
5695,0000000000000000000000000000000000000000000000000000000000000000000000000000000000000000000000000000000000000000001ac08eed99f0a0
5705,00000000000000000000000000000000000000000000000000000000000000000000000000000000000000000000000000000000000000000033204e7088a2e0
5715,00000000000000000000000000000000000000000000000000000000000000000000000000000000000000000000000000000000000000000032f914a4685bc0
5725,0000000000000000000000000000000000000000000000000000000000000000000000000000000000000000000000000000000000000000001a321e94bcdbe0
5735,0000000000000000000000000000000000000000000000000000000000000000000000000000000000000000000000000000000000000000001a8046de3d90e0
5745,00000000000000000000000000000000000000000000000000000000000000000000000000000000000000000000000000000000000000000028d7f6f0ad8080
5755,000000000000000000000000000000000000000000000000000000000000000000000000000000000000000000000000000000000000000000245181e61f5ee0
5765,000000000000000000000000000000000000000000000000000000000000000000000000000000000000000000000000000000000000000000707b0193181840
5775,00000000000000000000000000000000000000000000000000000000000000000000000000000000000000000000000000000000000000000038be75a351b340
5785,0000000000000000000000000000000000000000000000000000000000000000000000000000000000000000000000000000000000000000003317fc8ea20000
5795,000000000000000000000000000000000000000000000000000000000000000000000000000000000000000000000000000000000000000000292fccd7111b40
5805,0000000000000000000000000000000000000000000000000000000000000000000000000000000000000000000000000000000000000000002bbdd66feb4180
5815,0000000000000000000000000000000000000000000000000000000000000000000000000000000000000000000000000000000000000000002880314f351be0
5825,0000000000000000000000000000000000000000000000000000000000000000000000000000000000000000000000000000000000000000002e911d52dff280
5835,00000000000000000000000000000000000000000000000000000000000000000000000000000000000000000000000000000000000000000016493febdf1c60
5845,000000000000000000000000000000000000000000000000000000000000000000000000000000000000000000000000000000000000000000362d2000d7cf20
5855,0000000000000000000000000000000000000000000000000000000000000000000000000000000000000000000000000000000000000000005f192b3eefdda0
5865,00000000000000000000000000000000000000000000000000000000000000000000000000000000000000000000000000000000000000000048d7eeb4fcae40
5875,000000000000000000000000000000000000000000000000000000000000000000000000000000000000000000000000000000000000000000529a98db639820
5885,0000000000000000000000000000000000000000000000000000000000000000000000000000000000000000000000000000000000000000001dbebd39f94e80
5895,00000000000000000000000000000000000000000000000000000000000000000000000000000000000000000000000000000000000000000055a0f06c227ce0
5905,0000000000000000000000000000000000000000000000000000000000000000000000000000000000000000000000000000000000000000003185bbc746b7e0
5915,0000000000000000000000000000000000000000000000000000000000000000000000000000000000000000000000000000000000000000002d757d524b40c0
5925,00000000000000000000000000000000000000000000000000000000000000000000000000000000000000000000000000000000000000000052f711df010dc0
5935,00000000000000000000000000000000000000000000000000000000000000000000000000000000000000000000000000000000000000000031656166fea7a0
5945,00000000000000000000000000000000000000000000000000000000000000000000000000000000000000000000000000000000000000000055f27397df7980
5955,0000000000000000000000000000000000000000000000000000000000000000000000000000000000000000000000000000000000000000005cba9dca450fe0
5965,000000000000000000000000000000000000000000000000000000000000000000000000000000000000000000000000000000000000000000221b50c759e200
5975,00000000000000000000000000000000000000000000000000000000000000000000000000000000000000000000000000000000000000000038704d9ebd4860
5985,00000000000000000000000000000000000000000000000000000000000000000000000000000000000000000000000000000000000000000016c44d9ea820c0
5995,00000000000000000000000000000000000000000000000000000000000000000000000000000000000000000000000000000000000000000037061e40fd98a0
6005,00000000000000000000000000000000000000000000000000000000000000000000000000000000000000000000000000000000000000000061934bc5703d60
6015,0000000000000000000000000000000000000000000000000000000000000000000000000000000000000000000000000000000000000000003ec70645168ae0
6025,0000000000000000000000000000000000000000000000000000000000000000000000000000000000000000000000000000000000000000001e2d7414f9a320
6035,0000000000000000000000000000000000000000000000000000000000000000000000000000000000000000000000000000000000000000004a1a2f5080e600
6045,00000000000000000000000000000000000000000000000000000000000000000000000000000000000000000000000000000000000000000024de7d2b645c20
6055,00000000000000000000000000000000000000000000000000000000000000000000000000000000000000000000000000000000000000000045b433cd9b3160
6065,0000000000000000000000000000000000000000000000000000000000000000000000000000000000000000000000000000000000000000003979152a6fada0
6075,0000000000000000000000000000000000000000000000000000000000000000000000000000000000000000000000000000000000000000002b4a0064083340
6085,000000000000000000000000000000000000000000000000000000000000000000000000000000000000000000000000000000000000000000410eaf00389100
6095,0000000000000000000000000000000000000000000000000000000000000000000000000000000000000000000000000000000000000000003afcddc1897b60
6105,0000000000000000000000000000000000000000000000000000000000000000000000000000000000000000000000000000000000000000002aca53d8f15920
6115,0000000000000000000000000000000000000000000000000000000000000000000000000000000000000000000000000000000000000000002f2bf9210e2c00
6125,0000000000000000000000000000000000000000000000000000000000000000000000000000000000000000000000000000000000000000002f309765aad0a0
6135,0000000000000000000000000000000000000000000000000000000000000000000000000000000000000000000000000000000000000000002d69a25317c280
6145,0000000000000000000000000000000000000000000000000000000000000000000000000000000000000000000000000000000000000000008d9c9e43f69da0
6155,0000000000000000000000000000000000000000000000000000000000000000000000000000000000000000000000000000000000000000005212b13d297e00
6165,0000000000000000000000000000000000000000000000000000000000000000000000000000000000000000000000000000000000000000001ea721db8b9940
6175,0000000000000000000000000000000000000000000000000000000000000000000000000000000000000000000000000000000000000000002206a597835760
6185,000000000000000000000000000000000000000000000000000000000000000000000000000000000000000000000000000000000000000000578f52e85c3060
6195,0000000000000000000000000000000000000000000000000000000000000000000000000000000000000000000000000000000000000000002c7262d00f9020
6205,00000000000000000000000000000000000000000000000000000000000000000000000000000000000000000000000000000000000000000026f0366a28c5a0
6215,000000000000000000000000000000000000000000000000000000000000000000000000000000000000000000000000000000000000000000346112f8753be0
6225,00000000000000000000000000000000000000000000000000000000000000000000000000000000000000000000000000000000000000000030b1505596f640
6235,0000000000000000000000000000000000000000000000000000000000000000000000000000000000000000000000000000000000000000004ea2618c2c1bc0
6245,00000000000000000000000000000000000000000000000000000000000000000000000000000000000000000000000000000000000000000026137b51a5ebe0
6255,0000000000000000000000000000000000000000000000000000000000000000000000000000000000000000000000000000000000000000002be9a33bbca0e0
6265,0000000000000000000000000000000000000000000000000000000000000000000000000000000000000000000000000000000000000000002c4e6083b7cba0
6275,0000000000000000000000000000000000000000000000000000000000000000000000000000000000000000000000000000000000000000002629995a010340
6285,0000000000000000000000000000000000000000000000000000000000000000000000000000000000000000000000000000000000000000002d248512d3aca0
6295,000000000000000000000000000000000000000000000000000000000000000000000000000000000000000000000000000000000000000000218c9ea994ed00
6305,00000000000000000000000000000000000000000000000000000000000000000000000000000000000000000000000000000000000000000025606c0ef1c7a0
6315,0000000000000000000000000000000000000000000000000000000000000000000000000000000000000000000000000000000000000000003bf74c89470d20
6325,000000000000000000000000000000000000000000000000000000000000000000000000000000000000000000000000000000000000000000374d994fddc8a0
6335,000000000000000000000000000000000000000000000000000000000000000000000000000000000000000000000000000000000000000000327d3a4a4aab80
6345,0000000000000000000000000000000000000000000000000000000000000000000000000000000000000000000000000000000000000000004d3236f3bfe880
6355,00000000000000000000000000000000000000000000000000000000000000000000000000000000000000000000000000000000000000000025c244ead011c0
6365,0000000000000000000000000000000000000000000000000000000000000000000000000000000000000000000000000000000000000000001b1234ad05d3e0
6375,0000000000000000000000000000000000000000000000000000000000000000000000000000000000000000000000000000000000000000001d64362c61ad80
6385,0000000000000000000000000000000000000000000000000000000000000000000000000000000000000000000000000000000000000000004e38e85833d5c0
6395,0000000000000000000000000000000000000000000000000000000000000000000000000000000000000000000000000000000000000000003c9d3756b683e0
6405,00000000000000000000000000000000000000000000000000000000000000000000000000000000000000000000000000000000000000000036c33c6ce1c6a0
6415,0000000000000000000000000000000000000000000000000000000000000000000000000000000000000000000000000000000000000000001cfb8e9fbdbd20
6425,0000000000000000000000000000000000000000000000000000000000000000000000000000000000000000000000000000000000000000002f018eadc27600
6435,00000000000000000000000000000000000000000000000000000000000000000000000000000000000000000000000000000000000000000023f5faec4a37a0
6445,0000000000000000000000000000000000000000000000000000000000000000000000000000000000000000000000000000000000000000004198ece336a9c0
6455,00000000000000000000000000000000000000000000000000000000000000000000000000000000000000000000000000000000000000000027ee824f2d89c0
6465,000000000000000000000000000000000000000000000000000000000000000000000000000000000000000000000000000000000000000000312a3beafaee80
6475,0000000000000000000000000000000000000000000000000000000000000000000000000000000000000000000000000000000000000000004f4cb031ed6200
6485,0000000000000000000000000000000000000000000000000000000000000000000000000000000000000000000000000000000000000000002b0cf471fddf20
6495,00000000000000000000000000000000000000000000000000000000000000000000000000000000000000000000000000000000000000000027f8803acff280
6505,00000000000000000000000000000000000000000000000000000000000000000000000000000000000000000000000000000000000000000017388d20ab7640
6515,0000000000000000000000000000000000000000000000000000000000000000000000000000000000000000000000000000000000000000003851ad65b9e320
6525,000000000000000000000000000000000000000000000000000000000000000000000000000000000000000000000000000000000000000000327a7bf1dc7520
6535,000000000000000000000000000000000000000000000000000000000000000000000000000000000000000000000000000000000000000000268f9cf0ab1d80
6545,0000000000000000000000000000000000000000000000000000000000000000000000000000000000000000000000000000000000000000004a5f38a4778ea0
6555,00000000000000000000000000000000000000000000000000000000000000000000000000000000000000000000000000000000000000000010127bafad6680
6565,0000000000000000000000000000000000000000000000000000000000000000000000000000000000000000000000000000000000000000003cffb0d9ec70e0
6575,0000000000000000000000000000000000000000000000000000000000000000000000000000000000000000000000000000000000000000003179ba2a8bfb20
6585,000000000000000000000000000000000000000000000000000000000000000000000000000000000000000000000000000000000000000000317322c8878720
6595,00000000000000000000000000000000000000000000000000000000000000000000000000000000000000000000000000000000000000000033c6af3df02620
6605,0000000000000000000000000000000000000000000000000000000000000000000000000000000000000000000000000000000000000000001de4e0d4f140c0
6615,00000000000000000000000000000000000000000000000000000000000000000000000000000000000000000000000000000000000000000029eb0efbadf920
6625,0000000000000000000000000000000000000000000000000000000000000000000000000000000000000000000000000000000000000000001fe6559ea6e4c0
6635,000000000000000000000000000000000000000000000000000000000000000000000000000000000000000000000000000000000000000000328f59c9120c20
6645,0000000000000000000000000000000000000000000000000000000000000000000000000000000000000000000000000000000000000000003282ad714f1f40
6655,00000000000000000000000000000000000000000000000000000000000000000000000000000000000000000000000000000000000000000045ecd38eb6bc20
6665,00000000000000000000000000000000000000000000000000000000000000000000000000000000000000000000000000000000000000000051819a15b53a60
6675,0000000000000000000000000000000000000000000000000000000000000000000000000000000000000000000000000000000000000000002bbb35f9f12f00
6685,0000000000000000000000000000000000000000000000000000000000000000000000000000000000000000000000000000000000000000004f4a7a1489aee0
6695,0000000000000000000000000000000000000000000000000000000000000000000000000000000000000000000000000000000000000000002f53d545c10c80
6705,000000000000000000000000000000000000000000000000000000000000000000000000000000000000000000000000000000000000000000386f670142f9e0
6715,0000000000000000000000000000000000000000000000000000000000000000000000000000000000000000000000000000000000000000002d4eea0ff85e60
6725,0000000000000000000000000000000000000000000000000000000000000000000000000000000000000000000000000000000000000000002e6efcdf054000
6735,00000000000000000000000000000000000000000000000000000000000000000000000000000000000000000000000000000000000000000035d35c06e44420
6745,000000000000000000000000000000000000000000000000000000000000000000000000000000000000000000000000000000000000000000107f4b4fbadea0
6755,0000000000000000000000000000000000000000000000000000000000000000000000000000000000000000000000000000000000000000001ee5c51c3f67a0
6765,0000000000000000000000000000000000000000000000000000000000000000000000000000000000000000000000000000000000000000001bc0465c5ed340
6775,0000000000000000000000000000000000000000000000000000000000000000000000000000000000000000000000000000000000000000004802d6b97fef60
6785,000000000000000000000000000000000000000000000000000000000000000000000000000000000000000000000000000000000000000000477822d689ca20
6795,0000000000000000000000000000000000000000000000000000000000000000000000000000000000000000000000000000000000000000002007bffedca100
6805,00000000000000000000000000000000000000000000000000000000000000000000000000000000000000000000000000000000000000000012dca3ff8e2be0
6815,0000000000000000000000000000000000000000000000000000000000000000000000000000000000000000000000000000000000000000001c32eef22ecf40
6825,00000000000000000000000000000000000000000000000000000000000000000000000000000000000000000000000000000000000000000052b93ef6dcbf40
6835,000000000000000000000000000000000000000000000000000000000000000000000000000000000000000000000000000000000000000000469e4a6f103da0
6845,0000000000000000000000000000000000000000000000000000000000000000000000000000000000000000000000000000000000000000003927859264c260
6855,000000000000000000000000000000000000000000000000000000000000000000000000000000000000000000000000000000000000000000317b36ef5ea1a0
6865,000000000000000000000000000000000000000000000000000000000000000000000000000000000000000000000000000000000000000000349561613db800
6875,0000000000000000000000000000000000000000000000000000000000000000000000000000000000000000000000000000000000000000003cf44db34e6920
6885,000000000000000000000000000000000000000000000000000000000000000000000000000000000000000000000000000000000000000000546f6f281aea40
6895,0000000000000000000000000000000000000000000000000000000000000000000000000000000000000000000000000000000000000000003bb4343f078420
6905,00000000000000000000000000000000000000000000000000000000000000000000000000000000000000000000000000000000000000000016f85124ff8140
6915,0000000000000000000000000000000000000000000000000000000000000000000000000000000000000000000000000000000000000000002678065e90c7e0
6925,00000000000000000000000000000000000000000000000000000000000000000000000000000000000000000000000000000000000000000053382de47687a0
6935,00000000000000000000000000000000000000000000000000000000000000000000000000000000000000000000000000000000000000000030d466c9611540
6945,00000000000000000000000000000000000000000000000000000000000000000000000000000000000000000000000000000000000000000022d4fb1374b160
6955,0000000000000000000000000000000000000000000000000000000000000000000000000000000000000000000000000000000000000000004e92ec65d44a80
6965,000000000000000000000000000000000000000000000000000000000000000000000000000000000000000000000000000000000000000000163d59005da6e0
6975,00000000000000000000000000000000000000000000000000000000000000000000000000000000000000000000000000000000000000000028cc74ca118f80
6985,000000000000000000000000000000000000000000000000000000000000000000000000000000000000000000000000000000000000000000423b5e30e21060
6995,00000000000000000000000000000000000000000000000000000000000000000000000000000000000000000000000000000000000000000034ecefdb575de0
7005,0000000000000000000000000000000000000000000000000000000000000000000000000000000000000000000000000000000000000000004a37479d4fef00
7015,0000000000000000000000000000000000000000000000000000000000000000000000000000000000000000000000000000000000000000001ef4a76a039420
7025,0000000000000000000000000000000000000000000000000000000000000000000000000000000000000000000000000000000000000000003cfd6bbc89c080
7035,0000000000000000000000000000000000000000000000000000000000000000000000000000000000000000000000000000000000000000003a868918479ca0
7045,00000000000000000000000000000000000000000000000000000000000000000000000000000000000000000000000000000000000000000015a9f027d650c0
7055,0000000000000000000000000000000000000000000000000000000000000000000000000000000000000000000000000000000000000000005b53e2e27129a0
7065,00000000000000000000000000000000000000000000000000000000000000000000000000000000000000000000000000000000000000000037c5402a43f140
7075,0000000000000000000000000000000000000000000000000000000000000000000000000000000000000000000000000000000000000000002c41f18e66e340
7085,0000000000000000000000000000000000000000000000000000000000000000000000000000000000000000000000000000000000000000001fd4b1f874b5a0
7095,0000000000000000000000000000000000000000000000000000000000000000000000000000000000000000000000000000000000000000004a0d8d5b336d60
7105,000000000000000000000000000000000000000000000000000000000000000000000000000000000000000000000000000000000000000000373d01a9998a80
7115,000000000000000000000000000000000000000000000000000000000000000000000000000000000000000000000000000000000000000000655a25530efc80
7125,0000000000000000000000000000000000000000000000000000000000000000000000000000000000000000000000000000000000000000003c7c241404c180
7135,0000000000000000000000000000000000000000000000000000000000000000000000000000000000000000000000000000000000000000003c2e9a40a0c180
7145,00000000000000000000000000000000000000000000000000000000000000000000000000000000000000000000000000000000000000000038bde2e847e520
7155,000000000000000000000000000000000000000000000000000000000000000000000000000000000000000000000000000000000000000000160767b53b3d20
7165,0000000000000000000000000000000000000000000000000000000000000000000000000000000000000000000000000000000000000000002decbc4069a520
7175,0000000000000000000000000000000000000000000000000000000000000000000000000000000000000000000000000000000000000000002e38eb4ef8b420
7185,0000000000000000000000000000000000000000000000000000000000000000000000000000000000000000000000000000000000000000001e22268be3ff20
7195,000000000000000000000000000000000000000000000000000000000000000000000000000000000000000000000000000000000000000000309a802fbe06c0
7205,0000000000000000000000000000000000000000000000000000000000000000000000000000000000000000000000000000000000000000002158c1de4ea1a0
7215,00000000000000000000000000000000000000000000000000000000000000000000000000000000000000000000000000000000000000000046b9ef45d0ebe0
7225,000000000000000000000000000000000000000000000000000000000000000000000000000000000000000000000000000000000000000000643bb7f0347a40
7235,00000000000000000000000000000000000000000000000000000000000000000000000000000000000000000000000000000000000000000042b9ae00fcb8e0
7245,0000000000000000000000000000000000000000000000000000000000000000000000000000000000000000000000000000000000000000002533b9881c31e0
7255,0000000000000000000000000000000000000000000000000000000000000000000000000000000000000000000000000000000000000000003c51f45bc8c7a0
7265,0000000000000000000000000000000000000000000000000000000000000000000000000000000000000000000000000000000000000000002aaf6229870ea0
7275,00000000000000000000000000000000000000000000000000000000000000000000000000000000000000000000000000000000000000000064cbe90ddfa080
7285,0000000000000000000000000000000000000000000000000000000000000000000000000000000000000000000000000000000000000000004935f2387f8ec0
7295,0000000000000000000000000000000000000000000000000000000000000000000000000000000000000000000000000000000000000000003be7b80a53cec0
7305,00000000000000000000000000000000000000000000000000000000000000000000000000000000000000000000000000000000000000000048d7cb663a2300
7315,0000000000000000000000000000000000000000000000000000000000000000000000000000000000000000000000000000000000000000006631841350c560
7325,00000000000000000000000000000000000000000000000000000000000000000000000000000000000000000000000000000000000000000016cc9814407ec0
7335,000000000000000000000000000000000000000000000000000000000000000000000000000000000000000000000000000000000000000000180c6dafee6c40
7345,0000000000000000000000000000000000000000000000000000000000000000000000000000000000000000000000000000000000000000002c45ee044982c0
7355,00000000000000000000000000000000000000000000000000000000000000000000000000000000000000000000000000000000000000000048d14097e61120
7365,00000000000000000000000000000000000000000000000000000000000000000000000000000000000000000000000000000000000000000049e3115437ab80
7375,0000000000000000000000000000000000000000000000000000000000000000000000000000000000000000000000000000000000000000001dcd8b2548b340
7385,0000000000000000000000000000000000000000000000000000000000000000000000000000000000000000000000000000000000000000002b5f6ae296c620
7395,00000000000000000000000000000000000000000000000000000000000000000000000000000000000000000000000000000000000000000026e7fb6ab6bf60
7405,00000000000000000000000000000000000000000000000000000000000000000000000000000000000000000000000000000000000000000052bee6eca29060
7415,0000000000000000000000000000000000000000000000000000000000000000000000000000000000000000000000000000000000000000001e893fb62ca040
7425,0000000000000000000000000000000000000000000000000000000000000000000000000000000000000000000000000000000000000000002150b7a3c5a0e0
7435,0000000000000000000000000000000000000000000000000000000000000000000000000000000000000000000000000000000000000000003b0a0068095bc0
7445,000000000000000000000000000000000000000000000000000000000000000000000000000000000000000000000000000000000000000000383117acd848c0
7455,0000000000000000000000000000000000000000000000000000000000000000000000000000000000000000000000000000000000000000002bdac0506ea660
7465,0000000000000000000000000000000000000000000000000000000000000000000000000000000000000000000000000000000000000000002c615b3d8417c0
7475,000000000000000000000000000000000000000000000000000000000000000000000000000000000000000000000000000000000000000000698ed5f6d0d580
7485,0000000000000000000000000000000000000000000000000000000000000000000000000000000000000000000000000000000000000000005699c2aa233d60
7495,00000000000000000000000000000000000000000000000000000000000000000000000000000000000000000000000000000000000000000021fe2b359f6f20
7505,00000000000000000000000000000000000000000000000000000000000000000000000000000000000000000000000000000000000000000057d30b8b2e7540
7515,00000000000000000000000000000000000000000000000000000000000000000000000000000000000000000000000000000000000000000049d5249a142de0
7525,0000000000000000000000000000000000000000000000000000000000000000000000000000000000000000000000000000000000000000000d595dd4ce0f20
7535,0000000000000000000000000000000000000000000000000000000000000000000000000000000000000000000000000000000000000000002b83e78783d600
7545,0000000000000000000000000000000000000000000000000000000000000000000000000000000000000000000000000000000000000000002c3753a2cf4280
7555,0000000000000000000000000000000000000000000000000000000000000000000000000000000000000000000000000000000000000000001846cf70eba480
7565,0000000000000000000000000000000000000000000000000000000000000000000000000000000000000000000000000000000000000000004cfa8c8b315f60
7575,000000000000000000000000000000000000000000000000000000000000000000000000000000000000000000000000000000000000000000232a6ea163e2c0
7585,0000000000000000000000000000000000000000000000000000000000000000000000000000000000000000000000000000000000000000003041a2b5baf3a0
7595,0000000000000000000000000000000000000000000000000000000000000000000000000000000000000000000000000000000000000000001ec6f56d17d2a0
7605,0000000000000000000000000000000000000000000000000000000000000000000000000000000000000000000000000000000000000000003c105d73e56e20
7615,0000000000000000000000000000000000000000000000000000000000000000000000000000000000000000000000000000000000000000005d956fbb866960
7625,000000000000000000000000000000000000000000000000000000000000000000000000000000000000000000000000000000000000000000379fb2ca5590c0
7635,00000000000000000000000000000000000000000000000000000000000000000000000000000000000000000000000000000000000000000021ae5e626272e0
7645,000000000000000000000000000000000000000000000000000000000000000000000000000000000000000000000000000000000000000000230d172d36a500
7655,000000000000000000000000000000000000000000000000000000000000000000000000000000000000000000000000000000000000000000291c6c1d4baea0
7665,000000000000000000000000000000000000000000000000000000000000000000000000000000000000000000000000000000000000000000325d1169ff4560
7675,0000000000000000000000000000000000000000000000000000000000000000000000000000000000000000000000000000000000000000003f15a89867a440
7685,0000000000000000000000000000000000000000000000000000000000000000000000000000000000000000000000000000000000000000004c5ce0b35b0d00
7695,00000000000000000000000000000000000000000000000000000000000000000000000000000000000000000000000000000000000000000030ad9fdfaf37c0
7705,0000000000000000000000000000000000000000000000000000000000000000000000000000000000000000000000000000000000000000004ad0a71cd2dc80
7715,00000000000000000000000000000000000000000000000000000000000000000000000000000000000000000000000000000000000000000061ce3de8d9e260
7725,0000000000000000000000000000000000000000000000000000000000000000000000000000000000000000000000000000000000000000003a9d0e16c32660
7735,0000000000000000000000000000000000000000000000000000000000000000000000000000000000000000000000000000000000000000002934887e21ec60
7745,0000000000000000000000000000000000000000000000000000000000000000000000000000000000000000000000000000000000000000005a53c924edfa80
7755,000000000000000000000000000000000000000000000000000000000000000000000000000000000000000000000000000000000000000000301bbd6983bae0
7765,0000000000000000000000000000000000000000000000000000000000000000000000000000000000000000000000000000000000000000002d73155c4d5fa0
7775,00000000000000000000000000000000000000000000000000000000000000000000000000000000000000000000000000000000000000000029b7a444113900
7785,0000000000000000000000000000000000000000000000000000000000000000000000000000000000000000000000000000000000000000002866eb784b86e0
7795,0000000000000000000000000000000000000000000000000000000000000000000000000000000000000000000000000000000000000000002268b010e82240
7805,0000000000000000000000000000000000000000000000000000000000000000000000000000000000000000000000000000000000000000003e8a84357913a0
7815,00000000000000000000000000000000000000000000000000000000000000000000000000000000000000000000000000000000000000000033ee98ec7abaa0
7825,00000000000000000000000000000000000000000000000000000000000000000000000000000000000000000000000000000000000000000036cb90b13e67c0
7835,000000000000000000000000000000000000000000000000000000000000000000000000000000000000000000000000000000000000000000446963bc8341e0
7845,000000000000000000000000000000000000000000000000000000000000000000000000000000000000000000000000000000000000000000155aa7fbf2da60
7855,0000000000000000000000000000000000000000000000000000000000000000000000000000000000000000000000000000000000000000002528c0d79e6020
7865,0000000000000000000000000000000000000000000000000000000000000000000000000000000000000000000000000000000000000000003db5535787daa0
7875,00000000000000000000000000000000000000000000000000000000000000000000000000000000000000000000000000000000000000000024167887a39960
7885,000000000000000000000000000000000000000000000000000000000000000000000000000000000000000000000000000000000000000000354dd719bc1740
7895,000000000000000000000000000000000000000000000000000000000000000000000000000000000000000000000000000000000000000000250d1ac5ca15e0
7905,00000000000000000000000000000000000000000000000000000000000000000000000000000000000000000000000000000000000000000029dac82e01d240
7915,000000000000000000000000000000000000000000000000000000000000000000000000000000000000000000000000000000000000000000228894989a9980
7925,0000000000000000000000000000000000000000000000000000000000000000000000000000000000000000000000000000000000000000003e0dd58ca4c560
7935,00000000000000000000000000000000000000000000000000000000000000000000000000000000000000000000000000000000000000000022dc58c430b4e0
7945,0000000000000000000000000000000000000000000000000000000000000000000000000000000000000000000000000000000000000000002b728d4d9b7940
7955,00000000000000000000000000000000000000000000000000000000000000000000000000000000000000000000000000000000000000000024191bb8b12e00
7965,0000000000000000000000000000000000000000000000000000000000000000000000000000000000000000000000000000000000000000002fd2c164961900
7975,00000000000000000000000000000000000000000000000000000000000000000000000000000000000000000000000000000000000000000049f83848f22de0
7985,0000000000000000000000000000000000000000000000000000000000000000000000000000000000000000000000000000000000000000003bb6f879eb7c60
7995,000000000000000000000000000000000000000000000000000000000000000000000000000000000000000000000000000000000000000000454f7f681594c0
8005,0000000000000000000000000000000000000000000000000000000000000000000000000000000000000000000000000000000000000000005190b1c5ebf560
8015,0000000000000000000000000000000000000000000000000000000000000000000000000000000000000000000000000000000000000000002bbc4f2140b340
8025,000000000000000000000000000000000000000000000000000000000000000000000000000000000000000000000000000000000000000000300ea5b92a7fe0
8035,00000000000000000000000000000000000000000000000000000000000000000000000000000000000000000000000000000000000000000021f4663647f560
8045,000000000000000000000000000000000000000000000000000000000000000000000000000000000000000000000000000000000000000000210494018491c0
8055,0000000000000000000000000000000000000000000000000000000000000000000000000000000000000000000000000000000000000000001d71e87a3a5600
8065,00000000000000000000000000000000000000000000000000000000000000000000000000000000000000000000000000000000000000000033d0a5e4a6bd80
8075,00000000000000000000000000000000000000000000000000000000000000000000000000000000000000000000000000000000000000000035c2fa2f615220
8085,0000000000000000000000000000000000000000000000000000000000000000000000000000000000000000000000000000000000000000002f5d042798cb20
8095,0000000000000000000000000000000000000000000000000000000000000000000000000000000000000000000000000000000000000000004baaf77a6bb620
8105,000000000000000000000000000000000000000000000000000000000000000000000000000000000000000000000000000000000000000000309883a607ad80
8115,0000000000000000000000000000000000000000000000000000000000000000000000000000000000000000000000000000000000000000003b16c9c9a2f140
8125,00000000000000000000000000000000000000000000000000000000000000000000000000000000000000000000000000000000000000000019bc0f890024e0
8135,00000000000000000000000000000000000000000000000000000000000000000000000000000000000000000000000000000000000000000040bec6f1e9b940
8145,0000000000000000000000000000000000000000000000000000000000000000000000000000000000000000000000000000000000000000002f29e634e32d80
8155,000000000000000000000000000000000000000000000000000000000000000000000000000000000000000000000000000000000000000000651d35572a2880
8165,0000000000000000000000000000000000000000000000000000000000000000000000000000000000000000000000000000000000000000004e5bfc10ea72a0
8175,0000000000000000000000000000000000000000000000000000000000000000000000000000000000000000000000000000000000000000003b630b5830c120
8185,000000000000000000000000000000000000000000000000000000000000000000000000000000000000000000000000000000000000000000150c444ffffe60
8195,00000000000000000000000000000000000000000000000000000000000000000000000000000000000000000000000000000000000000000049d9144b0b5ae0
8205,000000000000000000000000000000000000000000000000000000000000000000000000000000000000000000000000000000000000000000200f921206f440
8215,00000000000000000000000000000000000000000000000000000000000000000000000000000000000000000000000000000000000000000074c9f0fa018540
8225,00000000000000000000000000000000000000000000000000000000000000000000000000000000000000000000000000000000000000000025c22fc36f0880
8235,000000000000000000000000000000000000000000000000000000000000000000000000000000000000000000000000000000000000000000237c4a3969af00
8245,0000000000000000000000000000000000000000000000000000000000000000000000000000000000000000000000000000000000000000003cac6686eba980
8255,0000000000000000000000000000000000000000000000000000000000000000000000000000000000000000000000000000000000000000002d0c7b31fc2fc0
8265,000000000000000000000000000000000000000000000000000000000000000000000000000000000000000000000000000000000000000000493622f38ff760
8275,000000000000000000000000000000000000000000000000000000000000000000000000000000000000000000000000000000000000000000312b792fd1dc60
8285,000000000000000000000000000000000000000000000000000000000000000000000000000000000000000000000000000000000000000000510b81f647e4e0
8295,0000000000000000000000000000000000000000000000000000000000000000000000000000000000000000000000000000000000000000002678ccc0f99120
8305,0000000000000000000000000000000000000000000000000000000000000000000000000000000000000000000000000000000000000000003046a4c915cae0
8315,0000000000000000000000000000000000000000000000000000000000000000000000000000000000000000000000000000000000000000001fdc4bbcdde7e0
8325,00000000000000000000000000000000000000000000000000000000000000000000000000000000000000000000000000000000000000000045d65c417559e0
8335,0000000000000000000000000000000000000000000000000000000000000000000000000000000000000000000000000000000000000000002ea220b4309f80
8345,000000000000000000000000000000000000000000000000000000000000000000000000000000000000000000000000000000000000000000363faa9d21d0a0
8355,00000000000000000000000000000000000000000000000000000000000000000000000000000000000000000000000000000000000000000030ab7869acfe00
8365,0000000000000000000000000000000000000000000000000000000000000000000000000000000000000000000000000000000000000000001ff26676744c00
8375,00000000000000000000000000000000000000000000000000000000000000000000000000000000000000000000000000000000000000000046d95d613c9900
8385,0000000000000000000000000000000000000000000000000000000000000000000000000000000000000000000000000000000000000000002c2f97197c1940
8395,00000000000000000000000000000000000000000000000000000000000000000000000000000000000000000000000000000000000000000050da8720f74220
8405,0000000000000000000000000000000000000000000000000000000000000000000000000000000000000000000000000000000000000000003c2e6b4a7c8920
8415,00000000000000000000000000000000000000000000000000000000000000000000000000000000000000000000000000000000000000000021f8a118752500
8425,000000000000000000000000000000000000000000000000000000000000000000000000000000000000000000000000000000000000000000421977e465e8e0
8435,00000000000000000000000000000000000000000000000000000000000000000000000000000000000000000000000000000000000000000030fb83c6be6100
8445,0000000000000000000000000000000000000000000000000000000000000000000000000000000000000000000000000000000000000000004432ddfb4376a0
8455,00000000000000000000000000000000000000000000000000000000000000000000000000000000000000000000000000000000000000000068a61837bab360
8465,0000000000000000000000000000000000000000000000000000000000000000000000000000000000000000000000000000000000000000002f843cd62f4ce0
8475,000000000000000000000000000000000000000000000000000000000000000000000000000000000000000000000000000000000000000000348e4aff41d2c0
8485,00000000000000000000000000000000000000000000000000000000000000000000000000000000000000000000000000000000000000000054365da21abb40
8495,0000000000000000000000000000000000000000000000000000000000000000000000000000000000000000000000000000000000000000003cf97581ba66c0
8505,0000000000000000000000000000000000000000000000000000000000000000000000000000000000000000000000000000000000000000003ce09c03670ea0
8515,00000000000000000000000000000000000000000000000000000000000000000000000000000000000000000000000000000000000000000062580655b882e0
8525,0000000000000000000000000000000000000000000000000000000000000000000000000000000000000000000000000000000000000000004d5b0dbfc45b60
8535,00000000000000000000000000000000000000000000000000000000000000000000000000000000000000000000000000000000000000000028adfcb86debc0
8545,0000000000000000000000000000000000000000000000000000000000000000000000000000000000000000000000000000000000000000002718803636b8c0
8555,00000000000000000000000000000000000000000000000000000000000000000000000000000000000000000000000000000000000000000020878680191dc0
8565,0000000000000000000000000000000000000000000000000000000000000000000000000000000000000000000000000000000000000000005b584cce73cb60
8575,000000000000000000000000000000000000000000000000000000000000000000000000000000000000000000000000000000000000000000296ba90e1c3580
8585,0000000000000000000000000000000000000000000000000000000000000000000000000000000000000000000000000000000000000000004e2256e391c080
8595,0000000000000000000000000000000000000000000000000000000000000000000000000000000000000000000000000000000000000000005214cf81f142a0
8605,0000000000000000000000000000000000000000000000000000000000000000000000000000000000000000000000000000000000000000004d8da78147cda0
8615,0000000000000000000000000000000000000000000000000000000000000000000000000000000000000000000000000000000000000000003c6cd4950cdce0
8625,0000000000000000000000000000000000000000000000000000000000000000000000000000000000000000000000000000000000000000002862e0bd7d8ec0
8635,0000000000000000000000000000000000000000000000000000000000000000000000000000000000000000000000000000000000000000003cd0270e5b8dc0
8645,000000000000000000000000000000000000000000000000000000000000000000000000000000000000000000000000000000000000000000556eea16e3e080
8655,00000000000000000000000000000000000000000000000000000000000000000000000000000000000000000000000000000000000000000024e7a16fb2f940
8665,00000000000000000000000000000000000000000000000000000000000000000000000000000000000000000000000000000000000000000038edd5b3d1b500
8675,0000000000000000000000000000000000000000000000000000000000000000000000000000000000000000000000000000000000000000003785287d5a7640
8685,0000000000000000000000000000000000000000000000000000000000000000000000000000000000000000000000000000000000000000003bd4886e14eb80
8695,0000000000000000000000000000000000000000000000000000000000000000000000000000000000000000000000000000000000000000004d4fb1c0884e60
8705,0000000000000000000000000000000000000000000000000000000000000000000000000000000000000000000000000000000000000000001dd758f3648160
8715,0000000000000000000000000000000000000000000000000000000000000000000000000000000000000000000000000000000000000000002fffce1ca0aea0
8725,0000000000000000000000000000000000000000000000000000000000000000000000000000000000000000000000000000000000000000002d1f9b759e91e0
8735,0000000000000000000000000000000000000000000000000000000000000000000000000000000000000000000000000000000000000000004b959d2d171fa0
8745,0000000000000000000000000000000000000000000000000000000000000000000000000000000000000000000000000000000000000000004b22303eb6d4c0
8755,000000000000000000000000000000000000000000000000000000000000000000000000000000000000000000000000000000000000000000219dc68ae32460
8765,00000000000000000000000000000000000000000000000000000000000000000000000000000000000000000000000000000000000000000039321b7dfced20
8775,00000000000000000000000000000000000000000000000000000000000000000000000000000000000000000000000000000000000000000047a24e22774b60
8785,00000000000000000000000000000000000000000000000000000000000000000000000000000000000000000000000000000000000000000049c652aec50e20
8795,00000000000000000000000000000000000000000000000000000000000000000000000000000000000000000000000000000000000000000055973be2f149a0
8805,000000000000000000000000000000000000000000000000000000000000000000000000000000000000000000000000000000000000000000446c2d63b5a180
8815,0000000000000000000000000000000000000000000000000000000000000000000000000000000000000000000000000000000000000000001c0f9b25cb48a0
8825,0000000000000000000000000000000000000000000000000000000000000000000000000000000000000000000000000000000000000000002d2a551c480580
8835,000000000000000000000000000000000000000000000000000000000000000000000000000000000000000000000000000000000000000000359fc56cd451a0
8845,00000000000000000000000000000000000000000000000000000000000000000000000000000000000000000000000000000000000000000012d67013aa66a0
8855,0000000000000000000000000000000000000000000000000000000000000000000000000000000000000000000000000000000000000000001cb039cc33aae0
8865,0000000000000000000000000000000000000000000000000000000000000000000000000000000000000000000000000000000000000000002de4900fbb8bc0
8875,00000000000000000000000000000000000000000000000000000000000000000000000000000000000000000000000000000000000000000034f65d50dc2020
8885,0000000000000000000000000000000000000000000000000000000000000000000000000000000000000000000000000000000000000000002f270521639d00
8895,0000000000000000000000000000000000000000000000000000000000000000000000000000000000000000000000000000000000000000004527e774992fa0
8905,0000000000000000000000000000000000000000000000000000000000000000000000000000000000000000000000000000000000000000002b3c4a33b9a660
8915,00000000000000000000000000000000000000000000000000000000000000000000000000000000000000000000000000000000000000000032931c0dbd83c0
8925,00000000000000000000000000000000000000000000000000000000000000000000000000000000000000000000000000000000000000000033c88bf8e3b7c0
8935,000000000000000000000000000000000000000000000000000000000000000000000000000000000000000000000000000000000000000000298c03d0da6680
8945,0000000000000000000000000000000000000000000000000000000000000000000000000000000000000000000000000000000000000000001f401ee4edc6c0
8955,0000000000000000000000000000000000000000000000000000000000000000000000000000000000000000000000000000000000000000002643e727003160
8965,000000000000000000000000000000000000000000000000000000000000000000000000000000000000000000000000000000000000000000403d3366f3afe0
8975,000000000000000000000000000000000000000000000000000000000000000000000000000000000000000000000000000000000000000000259de8636ab080
8985,0000000000000000000000000000000000000000000000000000000000000000000000000000000000000000000000000000000000000000002c6e161f1ea760
8995,00000000000000000000000000000000000000000000000000000000000000000000000000000000000000000000000000000000000000000065cf4899ef47c0
9005,0000000000000000000000000000000000000000000000000000000000000000000000000000000000000000000000000000000000000000003441fa04664800
9015,0000000000000000000000000000000000000000000000000000000000000000000000000000000000000000000000000000000000000000001bd24529ed5420
9025,00000000000000000000000000000000000000000000000000000000000000000000000000000000000000000000000000000000000000000022d0cc13bcdc20
9035,00000000000000000000000000000000000000000000000000000000000000000000000000000000000000000000000000000000000000000049b1831c7acfc0
9045,00000000000000000000000000000000000000000000000000000000000000000000000000000000000000000000000000000000000000000012c208f78080c0
9055,00000000000000000000000000000000000000000000000000000000000000000000000000000000000000000000000000000000000000000053bd2f6f316780
9065,0000000000000000000000000000000000000000000000000000000000000000000000000000000000000000000000000000000000000000001449dbfaa35fa0
9075,000000000000000000000000000000000000000000000000000000000000000000000000000000000000000000000000000000000000000000280234c40125c0
9085,0000000000000000000000000000000000000000000000000000000000000000000000000000000000000000000000000000000000000000003dde0072540900
9095,0000000000000000000000000000000000000000000000000000000000000000000000000000000000000000000000000000000000000000002fd57cf8183060
9105,000000000000000000000000000000000000000000000000000000000000000000000000000000000000000000000000000000000000000000203eb4c9ed8e60
9115,00000000000000000000000000000000000000000000000000000000000000000000000000000000000000000000000000000000000000000049e350b6a98d80
9125,00000000000000000000000000000000000000000000000000000000000000000000000000000000000000000000000000000000000000000035259e39fbc520
9135,00000000000000000000000000000000000000000000000000000000000000000000000000000000000000000000000000000000000000000028f3898c5bb800
9145,0000000000000000000000000000000000000000000000000000000000000000000000000000000000000000000000000000000000000000004427f6ad3aa060
9155,00000000000000000000000000000000000000000000000000000000000000000000000000000000000000000000000000000000000000000045b558a624ffa0
9165,000000000000000000000000000000000000000000000000000000000000000000000000000000000000000000000000000000000000000000521f596d8a3c60
9175,0000000000000000000000000000000000000000000000000000000000000000000000000000000000000000000000000000000000000000001ece224f1233c0
9185,00000000000000000000000000000000000000000000000000000000000000000000000000000000000000000000000000000000000000000069c1f4cbfc8b40
9195,00000000000000000000000000000000000000000000000000000000000000000000000000000000000000000000000000000000000000000024e23003c218e0
9205,0000000000000000000000000000000000000000000000000000000000000000000000000000000000000000000000000000000000000000005115afba849e20
9215,000000000000000000000000000000000000000000000000000000000000000000000000000000000000000000000000000000000000000000319355edbe8ae0
9225,00000000000000000000000000000000000000000000000000000000000000000000000000000000000000000000000000000000000000000033c91ab3edcae0
9235,0000000000000000000000000000000000000000000000000000000000000000000000000000000000000000000000000000000000000000002664a77d68c540
9245,000000000000000000000000000000000000000000000000000000000000000000000000000000000000000000000000000000000000000000199f7fc6008620
9255,00000000000000000000000000000000000000000000000000000000000000000000000000000000000000000000000000000000000000000053aae652e2fc20
9265,00000000000000000000000000000000000000000000000000000000000000000000000000000000000000000000000000000000000000000033956ccb1a7e20
9275,0000000000000000000000000000000000000000000000000000000000000000000000000000000000000000000000000000000000000000003489a09d1c2680
9285,0000000000000000000000000000000000000000000000000000000000000000000000000000000000000000000000000000000000000000003cd13edd0d9f60
9295,0000000000000000000000000000000000000000000000000000000000000000000000000000000000000000000000000000000000000000002c80fcf6762320
9305,000000000000000000000000000000000000000000000000000000000000000000000000000000000000000000000000000000000000000000217e7cef7501a0
9315,00000000000000000000000000000000000000000000000000000000000000000000000000000000000000000000000000000000000000000030f910b3376700
9325,000000000000000000000000000000000000000000000000000000000000000000000000000000000000000000000000000000000000000000321feb01cf5740
9335,0000000000000000000000000000000000000000000000000000000000000000000000000000000000000000000000000000000000000000002f6c7261a24ee0
9345,0000000000000000000000000000000000000000000000000000000000000000000000000000000000000000000000000000000000000000003125a46b4a23e0
9355,0000000000000000000000000000000000000000000000000000000000000000000000000000000000000000000000000000000000000000003ce56e51d8cf20
9365,0000000000000000000000000000000000000000000000000000000000000000000000000000000000000000000000000000000000000000005428a0409196c0
9375,0000000000000000000000000000000000000000000000000000000000000000000000000000000000000000000000000000000000000000002523a0b09454a0
9385,0000000000000000000000000000000000000000000000000000000000000000000000000000000000000000000000000000000000000000003dc16c74410200
9395,0000000000000000000000000000000000000000000000000000000000000000000000000000000000000000000000000000000000000000004b6812a65017e0
9405,0000000000000000000000000000000000000000000000000000000000000000000000000000000000000000000000000000000000000000004932a74290f960
9415,00000000000000000000000000000000000000000000000000000000000000000000000000000000000000000000000000000000000000000021c04e57546a00
9425,0000000000000000000000000000000000000000000000000000000000000000000000000000000000000000000000000000000000000000004fa63aabe4cce0
9435,0000000000000000000000000000000000000000000000000000000000000000000000000000000000000000000000000000000000000000002899df74dc95e0
9445,000000000000000000000000000000000000000000000000000000000000000000000000000000000000000000000000000000000000000000327cde1915ce20
9455,0000000000000000000000000000000000000000000000000000000000000000000000000000000000000000000000000000000000000000001bbfa1177da760
9465,000000000000000000000000000000000000000000000000000000000000000000000000000000000000000000000000000000000000000000287ac9596afac0
9475,0000000000000000000000000000000000000000000000000000000000000000000000000000000000000000000000000000000000000000003680388eefa240
9485,0000000000000000000000000000000000000000000000000000000000000000000000000000000000000000000000000000000000000000002a40e8d85b3200
9495,0000000000000000000000000000000000000000000000000000000000000000000000000000000000000000000000000000000000000000002f7795397fbfa0
9505,0000000000000000000000000000000000000000000000000000000000000000000000000000000000000000000000000000000000000000002a545cf49577a0
9515,000000000000000000000000000000000000000000000000000000000000000000000000000000000000000000000000000000000000000000313bc3e9cc8480
9525,00000000000000000000000000000000000000000000000000000000000000000000000000000000000000000000000000000000000000000036935c5c6a64e0
9535,0000000000000000000000000000000000000000000000000000000000000000000000000000000000000000000000000000000000000000002b4e7fed9338c0
9545,00000000000000000000000000000000000000000000000000000000000000000000000000000000000000000000000000000000000000000042c4c9803d1e80
9555,00000000000000000000000000000000000000000000000000000000000000000000000000000000000000000000000000000000000000000040d39a3f476880
9565,0000000000000000000000000000000000000000000000000000000000000000000000000000000000000000000000000000000000000000003c4f9ca0dd7fc0
9575,00000000000000000000000000000000000000000000000000000000000000000000000000000000000000000000000000000000000000000040a32425018560
9585,00000000000000000000000000000000000000000000000000000000000000000000000000000000000000000000000000000000000000000037aea484677820
9595,0000000000000000000000000000000000000000000000000000000000000000000000000000000000000000000000000000000000000000001bd8392986a320
9605,00000000000000000000000000000000000000000000000000000000000000000000000000000000000000000000000000000000000000000029db5fa41f0000
9615,00000000000000000000000000000000000000000000000000000000000000000000000000000000000000000000000000000000000000000045286b7e68e780
9625,0000000000000000000000000000000000000000000000000000000000000000000000000000000000000000000000000000000000000000004893891c0eae80
9635,0000000000000000000000000000000000000000000000000000000000000000000000000000000000000000000000000000000000000000006fbe539fced1c0
9645,0000000000000000000000000000000000000000000000000000000000000000000000000000000000000000000000000000000000000000002dd810e930a700
9655,00000000000000000000000000000000000000000000000000000000000000000000000000000000000000000000000000000000000000000036e262922aeaa0
9665,00000000000000000000000000000000000000000000000000000000000000000000000000000000000000000000000000000000000000000033c1f1832e3dc0
9675,00000000000000000000000000000000000000000000000000000000000000000000000000000000000000000000000000000000000000000031e1c7b73a4c00
9685,0000000000000000000000000000000000000000000000000000000000000000000000000000000000000000000000000000000000000000002663411b0ac400
9695,000000000000000000000000000000000000000000000000000000000000000000000000000000000000000000000000000000000000000000234a1681b7fa20
9705,0000000000000000000000000000000000000000000000000000000000000000000000000000000000000000000000000000000000000000001ff9db272ec2c0
9715,0000000000000000000000000000000000000000000000000000000000000000000000000000000000000000000000000000000000000000002aabe164d72d20
9725,0000000000000000000000000000000000000000000000000000000000000000000000000000000000000000000000000000000000000000001a10d120d3f1a0
9735,00000000000000000000000000000000000000000000000000000000000000000000000000000000000000000000000000000000000000000039f1bda24e5300
9745,00000000000000000000000000000000000000000000000000000000000000000000000000000000000000000000000000000000000000000030fbeb33062de0
9755,0000000000000000000000000000000000000000000000000000000000000000000000000000000000000000000000000000000000000000002f3972d160cc80
9765,0000000000000000000000000000000000000000000000000000000000000000000000000000000000000000000000000000000000000000002a37eb0058c300
9775,0000000000000000000000000000000000000000000000000000000000000000000000000000000000000000000000000000000000000000006ad05239c4be60
9785,00000000000000000000000000000000000000000000000000000000000000000000000000000000000000000000000000000000000000000022f47b4c68fea0
9795,000000000000000000000000000000000000000000000000000000000000000000000000000000000000000000000000000000000000000000409e4dccb76d00
9805,0000000000000000000000000000000000000000000000000000000000000000000000000000000000000000000000000000000000000000003c5a9c964722e0
9815,0000000000000000000000000000000000000000000000000000000000000000000000000000000000000000000000000000000000000000002760eef64190c0
9825,000000000000000000000000000000000000000000000000000000000000000000000000000000000000000000000000000000000000000000380d3a07e08220
9835,0000000000000000000000000000000000000000000000000000000000000000000000000000000000000000000000000000000000000000002da3226cc1b920
9845,00000000000000000000000000000000000000000000000000000000000000000000000000000000000000000000000000000000000000000056f8ce8631d7c0
9855,0000000000000000000000000000000000000000000000000000000000000000000000000000000000000000000000000000000000000000003eb527bc722c20
9865,0000000000000000000000000000000000000000000000000000000000000000000000000000000000000000000000000000000000000000003955d267e39ea0
9875,00000000000000000000000000000000000000000000000000000000000000000000000000000000000000000000000000000000000000000026d50bd84c2900
9885,0000000000000000000000000000000000000000000000000000000000000000000000000000000000000000000000000000000000000000002a550eeab0dc40
9895,00000000000000000000000000000000000000000000000000000000000000000000000000000000000000000000000000000000000000000028bedcfc371de0
9905,0000000000000000000000000000000000000000000000000000000000000000000000000000000000000000000000000000000000000000003265a5f343e0a0
9915,00000000000000000000000000000000000000000000000000000000000000000000000000000000000000000000000000000000000000000016c6d259906060
9925,0000000000000000000000000000000000000000000000000000000000000000000000000000000000000000000000000000000000000000003a4efb6acad520
9935,0000000000000000000000000000000000000000000000000000000000000000000000000000000000000000000000000000000000000000003a0bf3208a3820
9945,00000000000000000000000000000000000000000000000000000000000000000000000000000000000000000000000000000000000000000036270c0b194500
9955,000000000000000000000000000000000000000000000000000000000000000000000000000000000000000000000000000000000000000000299b42324999c0
9965,0000000000000000000000000000000000000000000000000000000000000000000000000000000000000000000000000000000000000000001d2071d8551ea0
9975,00000000000000000000000000000000000000000000000000000000000000000000000000000000000000000000000000000000000000000035c07fa5b37660
9985,0000000000000000000000000000000000000000000000000000000000000000000000000000000000000000000000000000000000000000002a578b080fd7e0
9995,00000000000000000000000000000000000000000000000000000000000000000000000000000000000000000000000000000000000000000043f828e1ae5240
10005,00000000000000000000000000000000000000000000000000000000000000000000000000000000000000000000000000000000000000000044ca10dd620d20
10015,0000000000000000000000000000000000000000000000000000000000000000000000000000000000000000000000000000000000000000003452ede5b80060
10025,0000000000000000000000000000000000000000000000000000000000000000000000000000000000000000000000000000000000000000005bf8ae4d7dd660
10035,0000000000000000000000000000000000000000000000000000000000000000000000000000000000000000000000000000000000000000002e582907f17c80
10045,000000000000000000000000000000000000000000000000000000000000000000000000000000000000000000000000000000000000000000379d3fd4586d60
10055,00000000000000000000000000000000000000000000000000000000000000000000000000000000000000000000000000000000000000000025f9f08e7236e0
10065,000000000000000000000000000000000000000000000000000000000000000000000000000000000000000000000000000000000000000000313a7ccc58b6a0
10075,00000000000000000000000000000000000000000000000000000000000000000000000000000000000000000000000000000000000000000035e4fe7bdb7420
10085,00000000000000000000000000000000000000000000000000000000000000000000000000000000000000000000000000000000000000000021be3e5777fe00
10095,00000000000000000000000000000000000000000000000000000000000000000000000000000000000000000000000000000000000000000023f86c75f8aea0
10105,000000000000000000000000000000000000000000000000000000000000000000000000000000000000000000000000000000000000000000427e4c4010c0a0
10115,0000000000000000000000000000000000000000000000000000000000000000000000000000000000000000000000000000000000000000003b524131efea20
10125,000000000000000000000000000000000000000000000000000000000000000000000000000000000000000000000000000000000000000000317de9db7ed820
10135,0000000000000000000000000000000000000000000000000000000000000000000000000000000000000000000000000000000000000000003ee4a9b93ea9a0
10145,0000000000000000000000000000000000000000000000000000000000000000000000000000000000000000000000000000000000000000002ec343cf7eda60
10155,000000000000000000000000000000000000000000000000000000000000000000000000000000000000000000000000000000000000000000348a4858248a60
10165,0000000000000000000000000000000000000000000000000000000000000000000000000000000000000000000000000000000000000000002c3b0ddda2a740
10175,0000000000000000000000000000000000000000000000000000000000000000000000000000000000000000000000000000000000000000002aa6086f14a940
10185,0000000000000000000000000000000000000000000000000000000000000000000000000000000000000000000000000000000000000000003a1eada91fc3e0
10195,0000000000000000000000000000000000000000000000000000000000000000000000000000000000000000000000000000000000000000002e9624d2893120
10205,0000000000000000000000000000000000000000000000000000000000000000000000000000000000000000000000000000000000000000004d685683cb82e0
10215,0000000000000000000000000000000000000000000000000000000000000000000000000000000000000000000000000000000000000000003e1b2f0bbe7d80
10225,0000000000000000000000000000000000000000000000000000000000000000000000000000000000000000000000000000000000000000004d0f91c4da7660
10235,00000000000000000000000000000000000000000000000000000000000000000000000000000000000000000000000000000000000000000032e56b7e590b80
10245,00000000000000000000000000000000000000000000000000000000000000000000000000000000000000000000000000000000000000000054d003840f1200
10255,0000000000000000000000000000000000000000000000000000000000000000000000000000000000000000000000000000000000000000002710e399302dc0
10265,0000000000000000000000000000000000000000000000000000000000000000000000000000000000000000000000000000000000000000001a56859c218800
10275,00000000000000000000000000000000000000000000000000000000000000000000000000000000000000000000000000000000000000000032cd9f312ea380
10285,0000000000000000000000000000000000000000000000000000000000000000000000000000000000000000000000000000000000000000003c2d487bcb3540
10295,000000000000000000000000000000000000000000000000000000000000000000000000000000000000000000000000000000000000000000427b0bb6703c60
10305,000000000000000000000000000000000000000000000000000000000000000000000000000000000000000000000000000000000000000000261f6e648905e0
10315,0000000000000000000000000000000000000000000000000000000000000000000000000000000000000000000000000000000000000000001c7df3320d1460
10325,0000000000000000000000000000000000000000000000000000000000000000000000000000000000000000000000000000000000000000003229181ebae5a0
10335,00000000000000000000000000000000000000000000000000000000000000000000000000000000000000000000000000000000000000000024a5c34cc0bb40
10345,0000000000000000000000000000000000000000000000000000000000000000000000000000000000000000000000000000000000000000001c13c9393468e0
10355,000000000000000000000000000000000000000000000000000000000000000000000000000000000000000000000000000000000000000000401866fd1fb140
10365,0000000000000000000000000000000000000000000000000000000000000000000000000000000000000000000000000000000000000000001d9d26288b8180
10375,00000000000000000000000000000000000000000000000000000000000000000000000000000000000000000000000000000000000000000037ac5f8e673b40
10385,000000000000000000000000000000000000000000000000000000000000000000000000000000000000000000000000000000000000000000276d20ce0cbec0
10395,00000000000000000000000000000000000000000000000000000000000000000000000000000000000000000000000000000000000000000028b4a11a717f80
10405,000000000000000000000000000000000000000000000000000000000000000000000000000000000000000000000000000000000000000000389465eb139160
10415,0000000000000000000000000000000000000000000000000000000000000000000000000000000000000000000000000000000000000000002c83cae29487e0
10425,0000000000000000000000000000000000000000000000000000000000000000000000000000000000000000000000000000000000000000002968dea1fd9460
10435,0000000000000000000000000000000000000000000000000000000000000000000000000000000000000000000000000000000000000000002aa30565700020
10445,00000000000000000000000000000000000000000000000000000000000000000000000000000000000000000000000000000000000000000036704e2d8c0600
10455,0000000000000000000000000000000000000000000000000000000000000000000000000000000000000000000000000000000000000000002f6ba1a69cae40
10465,00000000000000000000000000000000000000000000000000000000000000000000000000000000000000000000000000000000000000000026474dce27fcc0
10475,0000000000000000000000000000000000000000000000000000000000000000000000000000000000000000000000000000000000000000001eaccd8c64db40
10485,0000000000000000000000000000000000000000000000000000000000000000000000000000000000000000000000000000000000000000001849e1e6de0880
10495,00000000000000000000000000000000000000000000000000000000000000000000000000000000000000000000000000000000000000000050ebd73d5674c0
10505,0000000000000000000000000000000000000000000000000000000000000000000000000000000000000000000000000000000000000000002abb0728be3060
10515,000000000000000000000000000000000000000000000000000000000000000000000000000000000000000000000000000000000000000000189caa92851640
10525,00000000000000000000000000000000000000000000000000000000000000000000000000000000000000000000000000000000000000000038a1c64ca2fa20
10535,0000000000000000000000000000000000000000000000000000000000000000000000000000000000000000000000000000000000000000002bae5270f6e680
10545,0000000000000000000000000000000000000000000000000000000000000000000000000000000000000000000000000000000000000000003f9da4e7db6d20
10555,0000000000000000000000000000000000000000000000000000000000000000000000000000000000000000000000000000000000000000002afc3ab80ab1c0
10565,000000000000000000000000000000000000000000000000000000000000000000000000000000000000000000000000000000000000000000309a72a5e652c0
10575,0000000000000000000000000000000000000000000000000000000000000000000000000000000000000000000000000000000000000000002a59086a6c4c60
10585,0000000000000000000000000000000000000000000000000000000000000000000000000000000000000000000000000000000000000000005fc0174761b060
10595,0000000000000000000000000000000000000000000000000000000000000000000000000000000000000000000000000000000000000000003cb306df16e560
10605,00000000000000000000000000000000000000000000000000000000000000000000000000000000000000000000000000000000000000000064664d14b86380
10615,0000000000000000000000000000000000000000000000000000000000000000000000000000000000000000000000000000000000000000001e4c379cbf93a0
10625,00000000000000000000000000000000000000000000000000000000000000000000000000000000000000000000000000000000000000000027bbff17813040
10635,0000000000000000000000000000000000000000000000000000000000000000000000000000000000000000000000000000000000000000002b27595c855720
10645,00000000000000000000000000000000000000000000000000000000000000000000000000000000000000000000000000000000000000000028f88f15ddb600
10655,0000000000000000000000000000000000000000000000000000000000000000000000000000000000000000000000000000000000000000001ef328ea1d5a40
10665,0000000000000000000000000000000000000000000000000000000000000000000000000000000000000000000000000000000000000000002ea22fa07e6300
10675,0000000000000000000000000000000000000000000000000000000000000000000000000000000000000000000000000000000000000000004de2cc22ed8b80
10685,00000000000000000000000000000000000000000000000000000000000000000000000000000000000000000000000000000000000000000036c0a0ed0ec100
10695,00000000000000000000000000000000000000000000000000000000000000000000000000000000000000000000000000000000000000000043b66203a6d1a0
10705,00000000000000000000000000000000000000000000000000000000000000000000000000000000000000000000000000000000000000000048324dd3d70140
10715,0000000000000000000000000000000000000000000000000000000000000000000000000000000000000000000000000000000000000000001b3b67bdf05de0
10725,00000000000000000000000000000000000000000000000000000000000000000000000000000000000000000000000000000000000000000047418a28fc8060
10735,000000000000000000000000000000000000000000000000000000000000000000000000000000000000000000000000000000000000000000308fcdba4f2ac0
10745,000000000000000000000000000000000000000000000000000000000000000000000000000000000000000000000000000000000000000000560281e58f6f00
10755,00000000000000000000000000000000000000000000000000000000000000000000000000000000000000000000000000000000000000000038b96c54e3a780
10765,0000000000000000000000000000000000000000000000000000000000000000000000000000000000000000000000000000000000000000003d337511832920
10775,0000000000000000000000000000000000000000000000000000000000000000000000000000000000000000000000000000000000000000002817b973c90880
10785,0000000000000000000000000000000000000000000000000000000000000000000000000000000000000000000000000000000000000000001825fa86d33880
10795,0000000000000000000000000000000000000000000000000000000000000000000000000000000000000000000000000000000000000000002fb0272bd74c40
10805,0000000000000000000000000000000000000000000000000000000000000000000000000000000000000000000000000000000000000000003892b99292e480
10815,00000000000000000000000000000000000000000000000000000000000000000000000000000000000000000000000000000000000000000030707b501cb3a0
10825,0000000000000000000000000000000000000000000000000000000000000000000000000000000000000000000000000000000000000000003978ae48007500
10835,0000000000000000000000000000000000000000000000000000000000000000000000000000000000000000000000000000000000000000002d9976a87c3d60
10845,00000000000000000000000000000000000000000000000000000000000000000000000000000000000000000000000000000000000000000048d6fc8daa8940
10855,00000000000000000000000000000000000000000000000000000000000000000000000000000000000000000000000000000000000000000040e772aa3fd820
10865,0000000000000000000000000000000000000000000000000000000000000000000000000000000000000000000000000000000000000000003a3e249d286240
10875,0000000000000000000000000000000000000000000000000000000000000000000000000000000000000000000000000000000000000000003343f095846be0
10885,0000000000000000000000000000000000000000000000000000000000000000000000000000000000000000000000000000000000000000002ba3e0ca4898e0
10895,0000000000000000000000000000000000000000000000000000000000000000000000000000000000000000000000000000000000000000002934217e28dd20
10905,00000000000000000000000000000000000000000000000000000000000000000000000000000000000000000000000000000000000000000016529a6b3dc340
10915,00000000000000000000000000000000000000000000000000000000000000000000000000000000000000000000000000000000000000000025e17fb77a47a0
10925,0000000000000000000000000000000000000000000000000000000000000000000000000000000000000000000000000000000000000000002196095a2d9040
10935,0000000000000000000000000000000000000000000000000000000000000000000000000000000000000000000000000000000000000000001e978db535dec0
10945,00000000000000000000000000000000000000000000000000000000000000000000000000000000000000000000000000000000000000000037ec52ec8e3c40
10955,0000000000000000000000000000000000000000000000000000000000000000000000000000000000000000000000000000000000000000005c396df0836280
10965,0000000000000000000000000000000000000000000000000000000000000000000000000000000000000000000000000000000000000000002fa1c4a2f6d280
10975,00000000000000000000000000000000000000000000000000000000000000000000000000000000000000000000000000000000000000000068bed57afc4140
10985,0000000000000000000000000000000000000000000000000000000000000000000000000000000000000000000000000000000000000000003834c205369820
10995,00000000000000000000000000000000000000000000000000000000000000000000000000000000000000000000000000000000000000000024e0bc83db2140
11005,0000000000000000000000000000000000000000000000000000000000000000000000000000000000000000000000000000000000000000002f5075010efa60
11015,0000000000000000000000000000000000000000000000000000000000000000000000000000000000000000000000000000000000000000002b6bc0b086ea40
11025,00000000000000000000000000000000000000000000000000000000000000000000000000000000000000000000000000000000000000000038fd8f28e9d840
11035,00000000000000000000000000000000000000000000000000000000000000000000000000000000000000000000000000000000000000000024e7385c08d2c0
11045,0000000000000000000000000000000000000000000000000000000000000000000000000000000000000000000000000000000000000000003aa83864c778e0
11055,000000000000000000000000000000000000000000000000000000000000000000000000000000000000000000000000000000000000000000392571cd9c48a0
11065,00000000000000000000000000000000000000000000000000000000000000000000000000000000000000000000000000000000000000000020f1cb3403ad60
11075,0000000000000000000000000000000000000000000000000000000000000000000000000000000000000000000000000000000000000000002fee9258dda6e0
11085,0000000000000000000000000000000000000000000000000000000000000000000000000000000000000000000000000000000000000000002af05a1b4dbbc0
11095,000000000000000000000000000000000000000000000000000000000000000000000000000000000000000000000000000000000000000000589dd591359280
11105,00000000000000000000000000000000000000000000000000000000000000000000000000000000000000000000000000000000000000000030077dc37e8ec0
11115,0000000000000000000000000000000000000000000000000000000000000000000000000000000000000000000000000000000000000000002d053214f00460
11125,00000000000000000000000000000000000000000000000000000000000000000000000000000000000000000000000000000000000000000045accbce1af360
11135,0000000000000000000000000000000000000000000000000000000000000000000000000000000000000000000000000000000000000000002579ea03616d40
11145,00000000000000000000000000000000000000000000000000000000000000000000000000000000000000000000000000000000000000000017f0b2b1ccc600
11155,0000000000000000000000000000000000000000000000000000000000000000000000000000000000000000000000000000000000000000003149ef72b0b300
11165,000000000000000000000000000000000000000000000000000000000000000000000000000000000000000000000000000000000000000000229621353ab880
11175,0000000000000000000000000000000000000000000000000000000000000000000000000000000000000000000000000000000000000000002eb22029440b40
11185,0000000000000000000000000000000000000000000000000000000000000000000000000000000000000000000000000000000000000000003a6a5acb68cf20
11195,0000000000000000000000000000000000000000000000000000000000000000000000000000000000000000000000000000000000000000002877a7c5efc2e0
11205,000000000000000000000000000000000000000000000000000000000000000000000000000000000000000000000000000000000000000000380b74f44dcea0
11215,0000000000000000000000000000000000000000000000000000000000000000000000000000000000000000000000000000000000000000002b7d4ed6ba8c40
11225,0000000000000000000000000000000000000000000000000000000000000000000000000000000000000000000000000000000000000000004b859ad58dbe40
11235,000000000000000000000000000000000000000000000000000000000000000000000000000000000000000000000000000000000000000000195790d4b1fdc0
11245,0000000000000000000000000000000000000000000000000000000000000000000000000000000000000000000000000000000000000000002405d308c2c040
11255,0000000000000000000000000000000000000000000000000000000000000000000000000000000000000000000000000000000000000000001fcb5e65645c40
11265,00000000000000000000000000000000000000000000000000000000000000000000000000000000000000000000000000000000000000000024350b680a5b00
11275,0000000000000000000000000000000000000000000000000000000000000000000000000000000000000000000000000000000000000000008376e1a43cb2e0
11285,00000000000000000000000000000000000000000000000000000000000000000000000000000000000000000000000000000000000000000036a19e519bd580
11295,0000000000000000000000000000000000000000000000000000000000000000000000000000000000000000000000000000000000000000001ede4ab071a280
11305,0000000000000000000000000000000000000000000000000000000000000000000000000000000000000000000000000000000000000000004c7dd0ec368e40
11315,0000000000000000000000000000000000000000000000000000000000000000000000000000000000000000000000000000000000000000003450350d496b20
11325,00000000000000000000000000000000000000000000000000000000000000000000000000000000000000000000000000000000000000000065034b58e92d00
11335,00000000000000000000000000000000000000000000000000000000000000000000000000000000000000000000000000000000000000000038d15abf959ba0
11345,000000000000000000000000000000000000000000000000000000000000000000000000000000000000000000000000000000000000000000278d531aa64740
11355,0000000000000000000000000000000000000000000000000000000000000000000000000000000000000000000000000000000000000000002e7f2bb68ba1c0
11365,000000000000000000000000000000000000000000000000000000000000000000000000000000000000000000000000000000000000000000429c67aa582c80
11375,0000000000000000000000000000000000000000000000000000000000000000000000000000000000000000000000000000000000000000004bc30ea02e9ce0
11385,000000000000000000000000000000000000000000000000000000000000000000000000000000000000000000000000000000000000000000315d043653db80
11395,0000000000000000000000000000000000000000000000000000000000000000000000000000000000000000000000000000000000000000002ddbc65f180f40
11405,0000000000000000000000000000000000000000000000000000000000000000000000000000000000000000000000000000000000000000002bac63b6048b60
11415,0000000000000000000000000000000000000000000000000000000000000000000000000000000000000000000000000000000000000000001c5d97d1c51560
11425,00000000000000000000000000000000000000000000000000000000000000000000000000000000000000000000000000000000000000000016b975d09e3f20
11435,000000000000000000000000000000000000000000000000000000000000000000000000000000000000000000000000000000000000000000145ce4be475720
11445,000000000000000000000000000000000000000000000000000000000000000000000000000000000000000000000000000000000000000000448f4b43ce0560
11455,0000000000000000000000000000000000000000000000000000000000000000000000000000000000000000000000000000000000000000002d2125f583fcc0
11465,00000000000000000000000000000000000000000000000000000000000000000000000000000000000000000000000000000000000000000031b81f12a67320
11475,00000000000000000000000000000000000000000000000000000000000000000000000000000000000000000000000000000000000000000020b4ba7d0d5cc0
11485,00000000000000000000000000000000000000000000000000000000000000000000000000000000000000000000000000000000000000000032274b50150640
11495,0000000000000000000000000000000000000000000000000000000000000000000000000000000000000000000000000000000000000000002af1eb07817cc0
11505,000000000000000000000000000000000000000000000000000000000000000000000000000000000000000000000000000000000000000000359ba676f40540
11515,0000000000000000000000000000000000000000000000000000000000000000000000000000000000000000000000000000000000000000001e306628780e60
11525,00000000000000000000000000000000000000000000000000000000000000000000000000000000000000000000000000000000000000000022ff5ed585c720
11535,00000000000000000000000000000000000000000000000000000000000000000000000000000000000000000000000000000000000000000026e99425aee600
11545,0000000000000000000000000000000000000000000000000000000000000000000000000000000000000000000000000000000000000000002801e5d7b7b240
11555,0000000000000000000000000000000000000000000000000000000000000000000000000000000000000000000000000000000000000000005f225265b47060
11565,0000000000000000000000000000000000000000000000000000000000000000000000000000000000000000000000000000000000000000002557bca338d4c0
11575,0000000000000000000000000000000000000000000000000000000000000000000000000000000000000000000000000000000000000000001c2827069a0300
11585,00000000000000000000000000000000000000000000000000000000000000000000000000000000000000000000000000000000000000000034f34dee9ac220
11595,0000000000000000000000000000000000000000000000000000000000000000000000000000000000000000000000000000000000000000001c238f10c1dde0
11605,00000000000000000000000000000000000000000000000000000000000000000000000000000000000000000000000000000000000000000045813164bc5640
11615,0000000000000000000000000000000000000000000000000000000000000000000000000000000000000000000000000000000000000000003a2f32a802cda0
11625,0000000000000000000000000000000000000000000000000000000000000000000000000000000000000000000000000000000000000000001e418d09c65700
11635,00000000000000000000000000000000000000000000000000000000000000000000000000000000000000000000000000000000000000000024d58ef0eab860
11645,0000000000000000000000000000000000000000000000000000000000000000000000000000000000000000000000000000000000000000001ddd27a43b67a0
11655,000000000000000000000000000000000000000000000000000000000000000000000000000000000000000000000000000000000000000000213c5cfdc24680
11665,000000000000000000000000000000000000000000000000000000000000000000000000000000000000000000000000000000000000000000220fabdbd3fa00
11675,000000000000000000000000000000000000000000000000000000000000000000000000000000000000000000000000000000000000000000422d010a776120
11685,000000000000000000000000000000000000000000000000000000000000000000000000000000000000000000000000000000000000000000210611da0860c0
11695,0000000000000000000000000000000000000000000000000000000000000000000000000000000000000000000000000000000000000000001e0a3679cfb160
11705,000000000000000000000000000000000000000000000000000000000000000000000000000000000000000000000000000000000000000000248df11347f480
11715,0000000000000000000000000000000000000000000000000000000000000000000000000000000000000000000000000000000000000000004bee0d6c0dddc0
11725,0000000000000000000000000000000000000000000000000000000000000000000000000000000000000000000000000000000000000000001effe724553a00
11735,0000000000000000000000000000000000000000000000000000000000000000000000000000000000000000000000000000000000000000003215f4827b3360
11745,0000000000000000000000000000000000000000000000000000000000000000000000000000000000000000000000000000000000000000002eeb2e7430c0c0
11755,0000000000000000000000000000000000000000000000000000000000000000000000000000000000000000000000000000000000000000005cb2514ad43780
11765,0000000000000000000000000000000000000000000000000000000000000000000000000000000000000000000000000000000000000000003074634fd951a0
11775,000000000000000000000000000000000000000000000000000000000000000000000000000000000000000000000000000000000000000000215a7036cf2c00
11785,0000000000000000000000000000000000000000000000000000000000000000000000000000000000000000000000000000000000000000005194b8c5a67ca0
11795,00000000000000000000000000000000000000000000000000000000000000000000000000000000000000000000000000000000000000000065a8fd43e651a0
11805,000000000000000000000000000000000000000000000000000000000000000000000000000000000000000000000000000000000000000000298f9cf7fecac0
11815,0000000000000000000000000000000000000000000000000000000000000000000000000000000000000000000000000000000000000000003b8912df795ca0
11825,0000000000000000000000000000000000000000000000000000000000000000000000000000000000000000000000000000000000000000001529619cceb120
11835,00000000000000000000000000000000000000000000000000000000000000000000000000000000000000000000000000000000000000000024c05a72588200
11845,0000000000000000000000000000000000000000000000000000000000000000000000000000000000000000000000000000000000000000000e3e8ec55c81e0
11855,0000000000000000000000000000000000000000000000000000000000000000000000000000000000000000000000000000000000000000002fe34d14b3c300
11865,0000000000000000000000000000000000000000000000000000000000000000000000000000000000000000000000000000000000000000002f15b55da1ee40
11875,000000000000000000000000000000000000000000000000000000000000000000000000000000000000000000000000000000000000000000347b264f50f800
11885,0000000000000000000000000000000000000000000000000000000000000000000000000000000000000000000000000000000000000000002fe19e59bd17e0
11895,0000000000000000000000000000000000000000000000000000000000000000000000000000000000000000000000000000000000000000001a4006cee0a720
11905,00000000000000000000000000000000000000000000000000000000000000000000000000000000000000000000000000000000000000000033f5f6622310e0
11915,00000000000000000000000000000000000000000000000000000000000000000000000000000000000000000000000000000000000000000044a499874ace00
11925,0000000000000000000000000000000000000000000000000000000000000000000000000000000000000000000000000000000000000000002c9bdcf4a68b20
11935,0000000000000000000000000000000000000000000000000000000000000000000000000000000000000000000000000000000000000000002eb43a1f472de0
11945,00000000000000000000000000000000000000000000000000000000000000000000000000000000000000000000000000000000000000000036d7e91cb83760
11955,0000000000000000000000000000000000000000000000000000000000000000000000000000000000000000000000000000000000000000003d1ebed7d4bf60
11965,0000000000000000000000000000000000000000000000000000000000000000000000000000000000000000000000000000000000000000002948f2f2e92260
11975,000000000000000000000000000000000000000000000000000000000000000000000000000000000000000000000000000000000000000000356880708db7e0
11985,0000000000000000000000000000000000000000000000000000000000000000000000000000000000000000000000000000000000000000002fce0feebfabc0
11995,00000000000000000000000000000000000000000000000000000000000000000000000000000000000000000000000000000000000000000018a212c362e4a0
12005,00000000000000000000000000000000000000000000000000000000000000000000000000000000000000000000000000000000000000000034e7e5d1d5ad80
12015,000000000000000000000000000000000000000000000000000000000000000000000000000000000000000000000000000000000000000000284a31ab761fc0
12025,0000000000000000000000000000000000000000000000000000000000000000000000000000000000000000000000000000000000000000007c24530502ff00
12035,0000000000000000000000000000000000000000000000000000000000000000000000000000000000000000000000000000000000000000005f464494837240
12045,00000000000000000000000000000000000000000000000000000000000000000000000000000000000000000000000000000000000000000066dea3fdcdc080
12055,0000000000000000000000000000000000000000000000000000000000000000000000000000000000000000000000000000000000000000002e5c80cc92e140
12065,0000000000000000000000000000000000000000000000000000000000000000000000000000000000000000000000000000000000000000002ef247562c7ae0
12075,000000000000000000000000000000000000000000000000000000000000000000000000000000000000000000000000000000000000000000307d139e085ca0
12085,0000000000000000000000000000000000000000000000000000000000000000000000000000000000000000000000000000000000000000002641fdec0d7760
12095,000000000000000000000000000000000000000000000000000000000000000000000000000000000000000000000000000000000000000000334e9db2561a40
12105,00000000000000000000000000000000000000000000000000000000000000000000000000000000000000000000000000000000000000000033360cbdd67c60
12115,00000000000000000000000000000000000000000000000000000000000000000000000000000000000000000000000000000000000000000014a58c2f8970e0
12125,000000000000000000000000000000000000000000000000000000000000000000000000000000000000000000000000000000000000000000263d6a13bee3e0
12135,0000000000000000000000000000000000000000000000000000000000000000000000000000000000000000000000000000000000000000003070a646413100
12145,0000000000000000000000000000000000000000000000000000000000000000000000000000000000000000000000000000000000000000002ee87a43245160
12155,0000000000000000000000000000000000000000000000000000000000000000000000000000000000000000000000000000000000000000003f597689fd65e0
12165,00000000000000000000000000000000000000000000000000000000000000000000000000000000000000000000000000000000000000000027c49179637a80
12175,00000000000000000000000000000000000000000000000000000000000000000000000000000000000000000000000000000000000000000028a78df3f093c0
12185,00000000000000000000000000000000000000000000000000000000000000000000000000000000000000000000000000000000000000000025fb6c8e589be0
12195,0000000000000000000000000000000000000000000000000000000000000000000000000000000000000000000000000000000000000000004f8d5068a64740
12205,0000000000000000000000000000000000000000000000000000000000000000000000000000000000000000000000000000000000000000002f1f5421e84a40
12215,0000000000000000000000000000000000000000000000000000000000000000000000000000000000000000000000000000000000000000003647b24dd25fa0
12225,000000000000000000000000000000000000000000000000000000000000000000000000000000000000000000000000000000000000000000274e0e95110800
12235,000000000000000000000000000000000000000000000000000000000000000000000000000000000000000000000000000000000000000000242a0ab78d1340
12245,00000000000000000000000000000000000000000000000000000000000000000000000000000000000000000000000000000000000000000028edb182e7e920
12255,00000000000000000000000000000000000000000000000000000000000000000000000000000000000000000000000000000000000000000021cf22c2a35ea0
12265,000000000000000000000000000000000000000000000000000000000000000000000000000000000000000000000000000000000000000000440e4c6a090ac0
12275,0000000000000000000000000000000000000000000000000000000000000000000000000000000000000000000000000000000000000000003c5610c7d0a240
12285,0000000000000000000000000000000000000000000000000000000000000000000000000000000000000000000000000000000000000000003683c384d9e7a0
12295,000000000000000000000000000000000000000000000000000000000000000000000000000000000000000000000000000000000000000000379ac240d22880
12305,00000000000000000000000000000000000000000000000000000000000000000000000000000000000000000000000000000000000000000021d87b38298b20
12315,0000000000000000000000000000000000000000000000000000000000000000000000000000000000000000000000000000000000000000003bfe7f3a05f660
12325,00000000000000000000000000000000000000000000000000000000000000000000000000000000000000000000000000000000000000000046681686687860
12335,000000000000000000000000000000000000000000000000000000000000000000000000000000000000000000000000000000000000000000322855d0031120
12345,000000000000000000000000000000000000000000000000000000000000000000000000000000000000000000000000000000000000000000423c979d1bb6c0
12355,000000000000000000000000000000000000000000000000000000000000000000000000000000000000000000000000000000000000000000387de5a7ab6740
12365,0000000000000000000000000000000000000000000000000000000000000000000000000000000000000000000000000000000000000000005162ab841992c0
12375,00000000000000000000000000000000000000000000000000000000000000000000000000000000000000000000000000000000000000000020c6bc68258080
12385,00000000000000000000000000000000000000000000000000000000000000000000000000000000000000000000000000000000000000000026e273a629d6a0
12395,0000000000000000000000000000000000000000000000000000000000000000000000000000000000000000000000000000000000000000002f3cbb64d963a0
12405,000000000000000000000000000000000000000000000000000000000000000000000000000000000000000000000000000000000000000000358db81f46cae0
12415,0000000000000000000000000000000000000000000000000000000000000000000000000000000000000000000000000000000000000000004a0c783dbc4100
12425,0000000000000000000000000000000000000000000000000000000000000000000000000000000000000000000000000000000000000000002ed12d1d53ce20
12435,0000000000000000000000000000000000000000000000000000000000000000000000000000000000000000000000000000000000000000004349e90af5f8e0
12445,00000000000000000000000000000000000000000000000000000000000000000000000000000000000000000000000000000000000000000033fc14891bfee0
12455,0000000000000000000000000000000000000000000000000000000000000000000000000000000000000000000000000000000000000000003ed96b6b3bb020
12465,0000000000000000000000000000000000000000000000000000000000000000000000000000000000000000000000000000000000000000005d9faaffc239c0
12475,0000000000000000000000000000000000000000000000000000000000000000000000000000000000000000000000000000000000000000004bfab039f8d1a0
12485,0000000000000000000000000000000000000000000000000000000000000000000000000000000000000000000000000000000000000000004a5dd2ae684b00
12495,00000000000000000000000000000000000000000000000000000000000000000000000000000000000000000000000000000000000000000038d24e66e7a6c0
12505,00000000000000000000000000000000000000000000000000000000000000000000000000000000000000000000000000000000000000000085051de204abc0
12515,000000000000000000000000000000000000000000000000000000000000000000000000000000000000000000000000000000000000000000126ce34c023740
12525,0000000000000000000000000000000000000000000000000000000000000000000000000000000000000000000000000000000000000000001b7c889c030e00
12535,0000000000000000000000000000000000000000000000000000000000000000000000000000000000000000000000000000000000000000002e331a1e21f900
12545,0000000000000000000000000000000000000000000000000000000000000000000000000000000000000000000000000000000000000000002eb984e3d832e0
12555,00000000000000000000000000000000000000000000000000000000000000000000000000000000000000000000000000000000000000000023d90615a02d60
12565,0000000000000000000000000000000000000000000000000000000000000000000000000000000000000000000000000000000000000000003c51efdbc91540
12575,0000000000000000000000000000000000000000000000000000000000000000000000000000000000000000000000000000000000000000005e1c308b0f74a0
12585,0000000000000000000000000000000000000000000000000000000000000000000000000000000000000000000000000000000000000000001d161e59073f00
12595,00000000000000000000000000000000000000000000000000000000000000000000000000000000000000000000000000000000000000000034aeccfd111040
12605,000000000000000000000000000000000000000000000000000000000000000000000000000000000000000000000000000000000000000000348311e2799360
12615,000000000000000000000000000000000000000000000000000000000000000000000000000000000000000000000000000000000000000000194963e957bfc0
12625,00000000000000000000000000000000000000000000000000000000000000000000000000000000000000000000000000000000000000000034447d843aeba0
12635,00000000000000000000000000000000000000000000000000000000000000000000000000000000000000000000000000000000000000000036e3b2b976ba20
12645,0000000000000000000000000000000000000000000000000000000000000000000000000000000000000000000000000000000000000000002ad5e53a9ff4a0
12655,00000000000000000000000000000000000000000000000000000000000000000000000000000000000000000000000000000000000000000053dd1276e3f8a0
12665,0000000000000000000000000000000000000000000000000000000000000000000000000000000000000000000000000000000000000000003a776c0f73b400
12675,0000000000000000000000000000000000000000000000000000000000000000000000000000000000000000000000000000000000000000004a388a3ac40a80
12685,00000000000000000000000000000000000000000000000000000000000000000000000000000000000000000000000000000000000000000028c5ef4a820e60
12695,00000000000000000000000000000000000000000000000000000000000000000000000000000000000000000000000000000000000000000032360300523940
12705,000000000000000000000000000000000000000000000000000000000000000000000000000000000000000000000000000000000000000000318dea957e7cc0
12715,0000000000000000000000000000000000000000000000000000000000000000000000000000000000000000000000000000000000000000006da4dc75412f80
12725,00000000000000000000000000000000000000000000000000000000000000000000000000000000000000000000000000000000000000000024bd412da1a720
12735,0000000000000000000000000000000000000000000000000000000000000000000000000000000000000000000000000000000000000000002470b795401460
12745,0000000000000000000000000000000000000000000000000000000000000000000000000000000000000000000000000000000000000000005ab89400997620
12755,000000000000000000000000000000000000000000000000000000000000000000000000000000000000000000000000000000000000000000434f1ccf888aa0
12765,0000000000000000000000000000000000000000000000000000000000000000000000000000000000000000000000000000000000000000002d32869bbaafa0
12775,0000000000000000000000000000000000000000000000000000000000000000000000000000000000000000000000000000000000000000001fd81164894c80
12785,0000000000000000000000000000000000000000000000000000000000000000000000000000000000000000000000000000000000000000004f439a8b27a160
12795,000000000000000000000000000000000000000000000000000000000000000000000000000000000000000000000000000000000000000000390eb80a37fe60
12805,0000000000000000000000000000000000000000000000000000000000000000000000000000000000000000000000000000000000000000003d3bae4c08ff20
12815,000000000000000000000000000000000000000000000000000000000000000000000000000000000000000000000000000000000000000000267daeca7df380
12825,0000000000000000000000000000000000000000000000000000000000000000000000000000000000000000000000000000000000000000001ba592d452cec0
12835,0000000000000000000000000000000000000000000000000000000000000000000000000000000000000000000000000000000000000000001eb3fc7837b6c0
12845,000000000000000000000000000000000000000000000000000000000000000000000000000000000000000000000000000000000000000000284fd983b21a40
12855,0000000000000000000000000000000000000000000000000000000000000000000000000000000000000000000000000000000000000000005a34669d32c0c0
12865,0000000000000000000000000000000000000000000000000000000000000000000000000000000000000000000000000000000000000000001780702f84a440
12875,00000000000000000000000000000000000000000000000000000000000000000000000000000000000000000000000000000000000000000023b7d42b8e05a0
12885,00000000000000000000000000000000000000000000000000000000000000000000000000000000000000000000000000000000000000000027ad92dd664a00
12895,0000000000000000000000000000000000000000000000000000000000000000000000000000000000000000000000000000000000000000002a32e80a87d3a0
12905,0000000000000000000000000000000000000000000000000000000000000000000000000000000000000000000000000000000000000000004913787fbe9160
12915,0000000000000000000000000000000000000000000000000000000000000000000000000000000000000000000000000000000000000000004075069e446560
12925,00000000000000000000000000000000000000000000000000000000000000000000000000000000000000000000000000000000000000000038dfb366009880
12935,00000000000000000000000000000000000000000000000000000000000000000000000000000000000000000000000000000000000000000027abb5b623fac0
12945,000000000000000000000000000000000000000000000000000000000000000000000000000000000000000000000000000000000000000000323b1131361820
12955,00000000000000000000000000000000000000000000000000000000000000000000000000000000000000000000000000000000000000000037118fd3e96c80
12965,00000000000000000000000000000000000000000000000000000000000000000000000000000000000000000000000000000000000000000029f1c9d3d76be0
12975,00000000000000000000000000000000000000000000000000000000000000000000000000000000000000000000000000000000000000000023995c7c6082a0
12985,00000000000000000000000000000000000000000000000000000000000000000000000000000000000000000000000000000000000000000043f06927204c60
12995,00000000000000000000000000000000000000000000000000000000000000000000000000000000000000000000000000000000000000000035f6ae18343760
13005,0000000000000000000000000000000000000000000000000000000000000000000000000000000000000000000000000000000000000000002df624223d8c80
13015,0000000000000000000000000000000000000000000000000000000000000000000000000000000000000000000000000000000000000000004f9aa718fb4380
13025,00000000000000000000000000000000000000000000000000000000000000000000000000000000000000000000000000000000000000000029d7c49a8494e0
13035,0000000000000000000000000000000000000000000000000000000000000000000000000000000000000000000000000000000000000000003135e0c2cf9cc0
13045,0000000000000000000000000000000000000000000000000000000000000000000000000000000000000000000000000000000000000000002ddde21a076220
13055,0000000000000000000000000000000000000000000000000000000000000000000000000000000000000000000000000000000000000000001df46853e55f60
13065,0000000000000000000000000000000000000000000000000000000000000000000000000000000000000000000000000000000000000000001b07655efb5fa0
13075,0000000000000000000000000000000000000000000000000000000000000000000000000000000000000000000000000000000000000000002957a9194dd260
13085,00000000000000000000000000000000000000000000000000000000000000000000000000000000000000000000000000000000000000000034d0b73fb455e0
13095,0000000000000000000000000000000000000000000000000000000000000000000000000000000000000000000000000000000000000000001cc3785e98ee80
13105,000000000000000000000000000000000000000000000000000000000000000000000000000000000000000000000000000000000000000000378d86e918de60
13115,0000000000000000000000000000000000000000000000000000000000000000000000000000000000000000000000000000000000000000002878cd80efa940
13125,0000000000000000000000000000000000000000000000000000000000000000000000000000000000000000000000000000000000000000002add6f3a1de820
13135,00000000000000000000000000000000000000000000000000000000000000000000000000000000000000000000000000000000000000000036bb12c60c1f00
13145,0000000000000000000000000000000000000000000000000000000000000000000000000000000000000000000000000000000000000000001fba1d52dcc3c0
13155,0000000000000000000000000000000000000000000000000000000000000000000000000000000000000000000000000000000000000000002fc9439674e6e0
13165,0000000000000000000000000000000000000000000000000000000000000000000000000000000000000000000000000000000000000000003a9b60795640a0
13175,0000000000000000000000000000000000000000000000000000000000000000000000000000000000000000000000000000000000000000003043c3dcf8ade0
13185,0000000000000000000000000000000000000000000000000000000000000000000000000000000000000000000000000000000000000000001987cf0c857d80
13195,0000000000000000000000000000000000000000000000000000000000000000000000000000000000000000000000000000000000000000003944fba419c8a0
13205,00000000000000000000000000000000000000000000000000000000000000000000000000000000000000000000000000000000000000000039aa414e81ea20
13215,000000000000000000000000000000000000000000000000000000000000000000000000000000000000000000000000000000000000000000282b55c13bac80
13225,0000000000000000000000000000000000000000000000000000000000000000000000000000000000000000000000000000000000000000003fa175ddc0fb00
13235,0000000000000000000000000000000000000000000000000000000000000000000000000000000000000000000000000000000000000000002f40be15cf48e0
13245,00000000000000000000000000000000000000000000000000000000000000000000000000000000000000000000000000000000000000000029b3e8e1db7200
13255,0000000000000000000000000000000000000000000000000000000000000000000000000000000000000000000000000000000000000000003685fca23d6700
13265,00000000000000000000000000000000000000000000000000000000000000000000000000000000000000000000000000000000000000000043c6fa33c3a400
13275,0000000000000000000000000000000000000000000000000000000000000000000000000000000000000000000000000000000000000000002304cc55282640
13285,0000000000000000000000000000000000000000000000000000000000000000000000000000000000000000000000000000000000000000002c66ec95c19660
13295,0000000000000000000000000000000000000000000000000000000000000000000000000000000000000000000000000000000000000000002ebde5e38ca9a0
13305,00000000000000000000000000000000000000000000000000000000000000000000000000000000000000000000000000000000000000000026c36400df2e80
13315,00000000000000000000000000000000000000000000000000000000000000000000000000000000000000000000000000000000000000000054c918a2103e60
13325,0000000000000000000000000000000000000000000000000000000000000000000000000000000000000000000000000000000000000000004e2fd89dbc73e0
13335,00000000000000000000000000000000000000000000000000000000000000000000000000000000000000000000000000000000000000000018098d12963640
13345,0000000000000000000000000000000000000000000000000000000000000000000000000000000000000000000000000000000000000000005c62e5da06d2c0
13355,0000000000000000000000000000000000000000000000000000000000000000000000000000000000000000000000000000000000000000003bb077a1be2120
13365,00000000000000000000000000000000000000000000000000000000000000000000000000000000000000000000000000000000000000000020fc6b648775c0
13375,00000000000000000000000000000000000000000000000000000000000000000000000000000000000000000000000000000000000000000031f8458e53db00
13385,0000000000000000000000000000000000000000000000000000000000000000000000000000000000000000000000000000000000000000003cd786c8f00ba0
13395,00000000000000000000000000000000000000000000000000000000000000000000000000000000000000000000000000000000000000000022334c80cfdce0
13405,00000000000000000000000000000000000000000000000000000000000000000000000000000000000000000000000000000000000000000033133e8ef3cd80
13415,00000000000000000000000000000000000000000000000000000000000000000000000000000000000000000000000000000000000000000017fc804e8b03c0
13425,0000000000000000000000000000000000000000000000000000000000000000000000000000000000000000000000000000000000000000002883af4ef8de60
13435,00000000000000000000000000000000000000000000000000000000000000000000000000000000000000000000000000000000000000000027d4fe6e6f8560
13445,000000000000000000000000000000000000000000000000000000000000000000000000000000000000000000000000000000000000000000370ac7680fa8e0
13455,000000000000000000000000000000000000000000000000000000000000000000000000000000000000000000000000000000000000000000316e4a3529e400
13465,0000000000000000000000000000000000000000000000000000000000000000000000000000000000000000000000000000000000000000002afe6486aa4ce0
13475,00000000000000000000000000000000000000000000000000000000000000000000000000000000000000000000000000000000000000000019bd4d4dd70a20
13485,0000000000000000000000000000000000000000000000000000000000000000000000000000000000000000000000000000000000000000002f5c92b1790de0
13495,0000000000000000000000000000000000000000000000000000000000000000000000000000000000000000000000000000000000000000004c2b83a2fd5780
13505,00000000000000000000000000000000000000000000000000000000000000000000000000000000000000000000000000000000000000000045578dd3d960e0
13515,000000000000000000000000000000000000000000000000000000000000000000000000000000000000000000000000000000000000000000572474b47bf8a0
13525,0000000000000000000000000000000000000000000000000000000000000000000000000000000000000000000000000000000000000000001f447450f1ca20
13535,0000000000000000000000000000000000000000000000000000000000000000000000000000000000000000000000000000000000000000002b6575622e9100
13545,0000000000000000000000000000000000000000000000000000000000000000000000000000000000000000000000000000000000000000002c0674261a51e0
13555,0000000000000000000000000000000000000000000000000000000000000000000000000000000000000000000000000000000000000000003adcc3613d1b20
13565,00000000000000000000000000000000000000000000000000000000000000000000000000000000000000000000000000000000000000000036852918730a80
13575,000000000000000000000000000000000000000000000000000000000000000000000000000000000000000000000000000000000000000000327e7da2d26ba0
13585,00000000000000000000000000000000000000000000000000000000000000000000000000000000000000000000000000000000000000000026b690f7e3c960
13595,00000000000000000000000000000000000000000000000000000000000000000000000000000000000000000000000000000000000000000022aa6be517c3c0
13605,0000000000000000000000000000000000000000000000000000000000000000000000000000000000000000000000000000000000000000003710f9ac911480
13615,0000000000000000000000000000000000000000000000000000000000000000000000000000000000000000000000000000000000000000001b745126696840
13625,000000000000000000000000000000000000000000000000000000000000000000000000000000000000000000000000000000000000000000209d821c27c200
13635,00000000000000000000000000000000000000000000000000000000000000000000000000000000000000000000000000000000000000000046cb9f7fb37d20
13645,0000000000000000000000000000000000000000000000000000000000000000000000000000000000000000000000000000000000000000003753b61460a720
13655,0000000000000000000000000000000000000000000000000000000000000000000000000000000000000000000000000000000000000000004d064de3042200
13665,00000000000000000000000000000000000000000000000000000000000000000000000000000000000000000000000000000000000000000047a9138e5142c0
13675,0000000000000000000000000000000000000000000000000000000000000000000000000000000000000000000000000000000000000000003519d9f5da7000
13685,00000000000000000000000000000000000000000000000000000000000000000000000000000000000000000000000000000000000000000026697edf8b6940
13695,0000000000000000000000000000000000000000000000000000000000000000000000000000000000000000000000000000000000000000006b01ed0531fc40
13705,0000000000000000000000000000000000000000000000000000000000000000000000000000000000000000000000000000000000000000002cc76f5e05b240
13715,0000000000000000000000000000000000000000000000000000000000000000000000000000000000000000000000000000000000000000002941ad24a1aa40
13725,0000000000000000000000000000000000000000000000000000000000000000000000000000000000000000000000000000000000000000001b48b746e35f60
13735,000000000000000000000000000000000000000000000000000000000000000000000000000000000000000000000000000000000000000000112b2a57d751a0
13745,0000000000000000000000000000000000000000000000000000000000000000000000000000000000000000000000000000000000000000002c54a4be5f63e0
13755,00000000000000000000000000000000000000000000000000000000000000000000000000000000000000000000000000000000000000000070aec2ad252da0
13765,00000000000000000000000000000000000000000000000000000000000000000000000000000000000000000000000000000000000000000029f17e0ef03820
13775,000000000000000000000000000000000000000000000000000000000000000000000000000000000000000000000000000000000000000000855735b51a1a40
13785,000000000000000000000000000000000000000000000000000000000000000000000000000000000000000000000000000000000000000000364584b06e19e0
13795,00000000000000000000000000000000000000000000000000000000000000000000000000000000000000000000000000000000000000000022765fb75e8260
13805,00000000000000000000000000000000000000000000000000000000000000000000000000000000000000000000000000000000000000000039005046442da0
13815,0000000000000000000000000000000000000000000000000000000000000000000000000000000000000000000000000000000000000000002a01aa2b6317c0
13825,0000000000000000000000000000000000000000000000000000000000000000000000000000000000000000000000000000000000000000003b44035a480b20
13835,00000000000000000000000000000000000000000000000000000000000000000000000000000000000000000000000000000000000000000037fa2561c73040
13845,000000000000000000000000000000000000000000000000000000000000000000000000000000000000000000000000000000000000000000360d9fef45f560
13855,0000000000000000000000000000000000000000000000000000000000000000000000000000000000000000000000000000000000000000003587a30bfe7b60
13865,000000000000000000000000000000000000000000000000000000000000000000000000000000000000000000000000000000000000000000410e63a7a01ae0
13875,0000000000000000000000000000000000000000000000000000000000000000000000000000000000000000000000000000000000000000005281c2e6e8a080
13885,00000000000000000000000000000000000000000000000000000000000000000000000000000000000000000000000000000000000000000017867ccca62340
13895,0000000000000000000000000000000000000000000000000000000000000000000000000000000000000000000000000000000000000000004697b765a90880
13905,0000000000000000000000000000000000000000000000000000000000000000000000000000000000000000000000000000000000000000001f7ce24d2460a0
13915,000000000000000000000000000000000000000000000000000000000000000000000000000000000000000000000000000000000000000000485b745ae9c600
13925,00000000000000000000000000000000000000000000000000000000000000000000000000000000000000000000000000000000000000000026de136b61a160
13935,0000000000000000000000000000000000000000000000000000000000000000000000000000000000000000000000000000000000000000003609b020c4f1c0
13945,0000000000000000000000000000000000000000000000000000000000000000000000000000000000000000000000000000000000000000002bb210dd0516a0
13955,00000000000000000000000000000000000000000000000000000000000000000000000000000000000000000000000000000000000000000027a0cf85a4e9e0
13965,00000000000000000000000000000000000000000000000000000000000000000000000000000000000000000000000000000000000000000021dc1dae123b20
13975,00000000000000000000000000000000000000000000000000000000000000000000000000000000000000000000000000000000000000000037a9e635f45ea0
13985,0000000000000000000000000000000000000000000000000000000000000000000000000000000000000000000000000000000000000000001d6f57c92b8240
13995,000000000000000000000000000000000000000000000000000000000000000000000000000000000000000000000000000000000000000000628dced218c040
14005,000000000000000000000000000000000000000000000000000000000000000000000000000000000000000000000000000000000000000000388837baaa9a80
14015,0000000000000000000000000000000000000000000000000000000000000000000000000000000000000000000000000000000000000000003e12153d968e60
14025,00000000000000000000000000000000000000000000000000000000000000000000000000000000000000000000000000000000000000000031de9ec1496c20
14035,00000000000000000000000000000000000000000000000000000000000000000000000000000000000000000000000000000000000000000038c3ae0f466ae0
14045,00000000000000000000000000000000000000000000000000000000000000000000000000000000000000000000000000000000000000000051f804b51d00c0
14055,00000000000000000000000000000000000000000000000000000000000000000000000000000000000000000000000000000000000000000015cbec6a785fe0
14065,0000000000000000000000000000000000000000000000000000000000000000000000000000000000000000000000000000000000000000005260f9691e3460
14075,00000000000000000000000000000000000000000000000000000000000000000000000000000000000000000000000000000000000000000026dff6302d6860
14085,00000000000000000000000000000000000000000000000000000000000000000000000000000000000000000000000000000000000000000056b32777321ec0
14095,00000000000000000000000000000000000000000000000000000000000000000000000000000000000000000000000000000000000000000033a3adc04c0000
14105,0000000000000000000000000000000000000000000000000000000000000000000000000000000000000000000000000000000000000000001f3a1e82df2600
14115,00000000000000000000000000000000000000000000000000000000000000000000000000000000000000000000000000000000000000000042902b0da16980
14125,0000000000000000000000000000000000000000000000000000000000000000000000000000000000000000000000000000000000000000002ef92e733f40c0
14135,0000000000000000000000000000000000000000000000000000000000000000000000000000000000000000000000000000000000000000003fff38f4f96de0
14145,000000000000000000000000000000000000000000000000000000000000000000000000000000000000000000000000000000000000000000296e2bfa3fa800
14155,0000000000000000000000000000000000000000000000000000000000000000000000000000000000000000000000000000000000000000002bf662624335a0
14165,000000000000000000000000000000000000000000000000000000000000000000000000000000000000000000000000000000000000000000288d7275b2ee20
14175,0000000000000000000000000000000000000000000000000000000000000000000000000000000000000000000000000000000000000000004ed168619e6f80
14185,0000000000000000000000000000000000000000000000000000000000000000000000000000000000000000000000000000000000000000001db2f8e226bfa0
14195,0000000000000000000000000000000000000000000000000000000000000000000000000000000000000000000000000000000000000000003044282bb6d7e0
14205,000000000000000000000000000000000000000000000000000000000000000000000000000000000000000000000000000000000000000000239d8d8fc96f20
14215,0000000000000000000000000000000000000000000000000000000000000000000000000000000000000000000000000000000000000000002a8727988bc600
14225,00000000000000000000000000000000000000000000000000000000000000000000000000000000000000000000000000000000000000000038638082104200
14235,0000000000000000000000000000000000000000000000000000000000000000000000000000000000000000000000000000000000000000001b250f7a8581c0
14245,0000000000000000000000000000000000000000000000000000000000000000000000000000000000000000000000000000000000000000003ae9a8740fe6a0
14255,0000000000000000000000000000000000000000000000000000000000000000000000000000000000000000000000000000000000000000004892716ae67380
14265,0000000000000000000000000000000000000000000000000000000000000000000000000000000000000000000000000000000000000000001c6075167ffb40
14275,0000000000000000000000000000000000000000000000000000000000000000000000000000000000000000000000000000000000000000001fe13d0b4d91a0
14285,0000000000000000000000000000000000000000000000000000000000000000000000000000000000000000000000000000000000000000005fc455a98ea3a0
14295,0000000000000000000000000000000000000000000000000000000000000000000000000000000000000000000000000000000000000000001d9b91a8a6c320
14305,0000000000000000000000000000000000000000000000000000000000000000000000000000000000000000000000000000000000000000002d4f1019ce6bc0
14315,000000000000000000000000000000000000000000000000000000000000000000000000000000000000000000000000000000000000000000666f547b753f00
14325,000000000000000000000000000000000000000000000000000000000000000000000000000000000000000000000000000000000000000000243163e8496460
14335,0000000000000000000000000000000000000000000000000000000000000000000000000000000000000000000000000000000000000000002b3fc229a53380
14345,0000000000000000000000000000000000000000000000000000000000000000000000000000000000000000000000000000000000000000001e650d69d817c0
14355,0000000000000000000000000000000000000000000000000000000000000000000000000000000000000000000000000000000000000000004d444fe8af1c60
14365,0000000000000000000000000000000000000000000000000000000000000000000000000000000000000000000000000000000000000000003a2ff6a7f598a0
14375,00000000000000000000000000000000000000000000000000000000000000000000000000000000000000000000000000000000000000000021e27fcb2df740
14385,000000000000000000000000000000000000000000000000000000000000000000000000000000000000000000000000000000000000000000235a2a6318ca80
14395,0000000000000000000000000000000000000000000000000000000000000000000000000000000000000000000000000000000000000000003d4d8e8fc0f140
14405,00000000000000000000000000000000000000000000000000000000000000000000000000000000000000000000000000000000000000000012a656dbd468a0
14415,00000000000000000000000000000000000000000000000000000000000000000000000000000000000000000000000000000000000000000035f3a8d37c0380
14425,00000000000000000000000000000000000000000000000000000000000000000000000000000000000000000000000000000000000000000028effcef0f1900
14435,00000000000000000000000000000000000000000000000000000000000000000000000000000000000000000000000000000000000000000025328f25ba25a0
14445,0000000000000000000000000000000000000000000000000000000000000000000000000000000000000000000000000000000000000000003954a0fba96e40
14455,0000000000000000000000000000000000000000000000000000000000000000000000000000000000000000000000000000000000000000006296970c94f380
14465,00000000000000000000000000000000000000000000000000000000000000000000000000000000000000000000000000000000000000000046c1010a434820
14475,0000000000000000000000000000000000000000000000000000000000000000000000000000000000000000000000000000000000000000004727d0d21ab3c0
14485,0000000000000000000000000000000000000000000000000000000000000000000000000000000000000000000000000000000000000000002795eaa3eaaec0
14495,00000000000000000000000000000000000000000000000000000000000000000000000000000000000000000000000000000000000000000026961dc8d878c0
14505,00000000000000000000000000000000000000000000000000000000000000000000000000000000000000000000000000000000000000000035f4f7c98cd3e0
14515,0000000000000000000000000000000000000000000000000000000000000000000000000000000000000000000000000000000000000000002687b4dd8245c0
14525,0000000000000000000000000000000000000000000000000000000000000000000000000000000000000000000000000000000000000000002aafd3e4931600
14535,0000000000000000000000000000000000000000000000000000000000000000000000000000000000000000000000000000000000000000003f16457ad33960
14545,0000000000000000000000000000000000000000000000000000000000000000000000000000000000000000000000000000000000000000002b568abbcd6aa0
14555,00000000000000000000000000000000000000000000000000000000000000000000000000000000000000000000000000000000000000000044c16f7b80c5a0
14565,000000000000000000000000000000000000000000000000000000000000000000000000000000000000000000000000000000000000000000512fa311628240
14575,00000000000000000000000000000000000000000000000000000000000000000000000000000000000000000000000000000000000000000016166c3e10cc60
14585,0000000000000000000000000000000000000000000000000000000000000000000000000000000000000000000000000000000000000000005958f170e8b5c0
14595,0000000000000000000000000000000000000000000000000000000000000000000000000000000000000000000000000000000000000000004f285716d68aa0
14605,0000000000000000000000000000000000000000000000000000000000000000000000000000000000000000000000000000000000000000002e0b3f65bdc4e0
14615,0000000000000000000000000000000000000000000000000000000000000000000000000000000000000000000000000000000000000000005d98866c8c35a0
14625,0000000000000000000000000000000000000000000000000000000000000000000000000000000000000000000000000000000000000000001e75631020c860
14635,00000000000000000000000000000000000000000000000000000000000000000000000000000000000000000000000000000000000000000028dd02d2cc9ae0
14645,0000000000000000000000000000000000000000000000000000000000000000000000000000000000000000000000000000000000000000004cce8a3f639ae0
14655,00000000000000000000000000000000000000000000000000000000000000000000000000000000000000000000000000000000000000000023e496d9c4fae0
14665,00000000000000000000000000000000000000000000000000000000000000000000000000000000000000000000000000000000000000000022c0658aff2760
14675,000000000000000000000000000000000000000000000000000000000000000000000000000000000000000000000000000000000000000000601637240a31c0
14685,0000000000000000000000000000000000000000000000000000000000000000000000000000000000000000000000000000000000000000001a9b3b8da7a7a0
14695,0000000000000000000000000000000000000000000000000000000000000000000000000000000000000000000000000000000000000000003bad17dd0c0660
14705,0000000000000000000000000000000000000000000000000000000000000000000000000000000000000000000000000000000000000000003494ea6145bcc0
14715,000000000000000000000000000000000000000000000000000000000000000000000000000000000000000000000000000000000000000000674de200276fe0
14725,0000000000000000000000000000000000000000000000000000000000000000000000000000000000000000000000000000000000000000003ed16c61ed0200
14735,00000000000000000000000000000000000000000000000000000000000000000000000000000000000000000000000000000000000000000025806f5b8e7ae0
14745,0000000000000000000000000000000000000000000000000000000000000000000000000000000000000000000000000000000000000000003475ac9e745780
14755,00000000000000000000000000000000000000000000000000000000000000000000000000000000000000000000000000000000000000000040f3ba82098aa0
14765,00000000000000000000000000000000000000000000000000000000000000000000000000000000000000000000000000000000000000000028456e66dbf960
14775,00000000000000000000000000000000000000000000000000000000000000000000000000000000000000000000000000000000000000000014186042e544c0
14785,0000000000000000000000000000000000000000000000000000000000000000000000000000000000000000000000000000000000000000003b6d8d75055540
14795,000000000000000000000000000000000000000000000000000000000000000000000000000000000000000000000000000000000000000000504c505bc78740
14805,000000000000000000000000000000000000000000000000000000000000000000000000000000000000000000000000000000000000000000163d8d6ca8e380
14815,0000000000000000000000000000000000000000000000000000000000000000000000000000000000000000000000000000000000000000002f37c9e52ea980
14825,0000000000000000000000000000000000000000000000000000000000000000000000000000000000000000000000000000000000000000001e5051302a1580
14835,00000000000000000000000000000000000000000000000000000000000000000000000000000000000000000000000000000000000000000033885bcbfbe360
14845,0000000000000000000000000000000000000000000000000000000000000000000000000000000000000000000000000000000000000000004bfc9fcd88a800
14855,000000000000000000000000000000000000000000000000000000000000000000000000000000000000000000000000000000000000000000480c237dcbd1e0
14865,0000000000000000000000000000000000000000000000000000000000000000000000000000000000000000000000000000000000000000005e5ea372e3fb20
14875,0000000000000000000000000000000000000000000000000000000000000000000000000000000000000000000000000000000000000000001e0cd452401860
14885,00000000000000000000000000000000000000000000000000000000000000000000000000000000000000000000000000000000000000000045c0bdea4cbb80
14895,0000000000000000000000000000000000000000000000000000000000000000000000000000000000000000000000000000000000000000001ba589f1dd40a0
14905,00000000000000000000000000000000000000000000000000000000000000000000000000000000000000000000000000000000000000000020c1ed5e9fd660
14915,0000000000000000000000000000000000000000000000000000000000000000000000000000000000000000000000000000000000000000007e1bb6b1dc71a0
14925,0000000000000000000000000000000000000000000000000000000000000000000000000000000000000000000000000000000000000000003910f24efde000
14935,00000000000000000000000000000000000000000000000000000000000000000000000000000000000000000000000000000000000000000057a614045d85c0
14945,0000000000000000000000000000000000000000000000000000000000000000000000000000000000000000000000000000000000000000002deaabe7efb540
14955,0000000000000000000000000000000000000000000000000000000000000000000000000000000000000000000000000000000000000000002c62bf02586d80
14965,0000000000000000000000000000000000000000000000000000000000000000000000000000000000000000000000000000000000000000002ce52f522be560
14975,0000000000000000000000000000000000000000000000000000000000000000000000000000000000000000000000000000000000000000005601ab0d005f40
14985,00000000000000000000000000000000000000000000000000000000000000000000000000000000000000000000000000000000000000000045979476eb6440
14995,0000000000000000000000000000000000000000000000000000000000000000000000000000000000000000000000000000000000000000003b3b62f866b260
15005,0000000000000000000000000000000000000000000000000000000000000000000000000000000000000000000000000000000000000000001fb422e6f51ea0
15015,0000000000000000000000000000000000000000000000000000000000000000000000000000000000000000000000000000000000000000005a09ac29ec6ec0
15025,00000000000000000000000000000000000000000000000000000000000000000000000000000000000000000000000000000000000000000037ecce45237660
15035,00000000000000000000000000000000000000000000000000000000000000000000000000000000000000000000000000000000000000000018729a955aaa40
15045,00000000000000000000000000000000000000000000000000000000000000000000000000000000000000000000000000000000000000000030e110525f4640
15055,000000000000000000000000000000000000000000000000000000000000000000000000000000000000000000000000000000000000000000220d3f971176e0
15065,0000000000000000000000000000000000000000000000000000000000000000000000000000000000000000000000000000000000000000004040bdb57b8a60
15075,0000000000000000000000000000000000000000000000000000000000000000000000000000000000000000000000000000000000000000005ca48586d5e3c0
15085,0000000000000000000000000000000000000000000000000000000000000000000000000000000000000000000000000000000000000000003d108b13dd6da0
15095,0000000000000000000000000000000000000000000000000000000000000000000000000000000000000000000000000000000000000000003e077ebe4d3280
15105,00000000000000000000000000000000000000000000000000000000000000000000000000000000000000000000000000000000000000000031f3767af59400
15115,00000000000000000000000000000000000000000000000000000000000000000000000000000000000000000000000000000000000000000047bc74832a5ca0
15125,0000000000000000000000000000000000000000000000000000000000000000000000000000000000000000000000000000000000000000002d5e2d7b3fd840
15135,0000000000000000000000000000000000000000000000000000000000000000000000000000000000000000000000000000000000000000007b6b8ee03b23a0
15145,00000000000000000000000000000000000000000000000000000000000000000000000000000000000000000000000000000000000000000035b2ebe1b15ca0
15155,000000000000000000000000000000000000000000000000000000000000000000000000000000000000000000000000000000000000000000256aa6f0b77740
15165,000000000000000000000000000000000000000000000000000000000000000000000000000000000000000000000000000000000000000000290d43f6eead20
15175,00000000000000000000000000000000000000000000000000000000000000000000000000000000000000000000000000000000000000000027d18f6eaac020
15185,0000000000000000000000000000000000000000000000000000000000000000000000000000000000000000000000000000000000000000002dcc9f69f60ce0
15195,00000000000000000000000000000000000000000000000000000000000000000000000000000000000000000000000000000000000000000046f1f238321b40
15205,0000000000000000000000000000000000000000000000000000000000000000000000000000000000000000000000000000000000000000002b16bb98b7a9e0
15215,00000000000000000000000000000000000000000000000000000000000000000000000000000000000000000000000000000000000000000023c92447ed3840
15225,00000000000000000000000000000000000000000000000000000000000000000000000000000000000000000000000000000000000000000036699a2dffa700
15235,00000000000000000000000000000000000000000000000000000000000000000000000000000000000000000000000000000000000000000064ae94d4c5dc40
15245,0000000000000000000000000000000000000000000000000000000000000000000000000000000000000000000000000000000000000000002e7d7536a92de0
15255,00000000000000000000000000000000000000000000000000000000000000000000000000000000000000000000000000000000000000000046b6b20af51ae0
15265,0000000000000000000000000000000000000000000000000000000000000000000000000000000000000000000000000000000000000000004e8e61effb3c80
15275,0000000000000000000000000000000000000000000000000000000000000000000000000000000000000000000000000000000000000000001ba69854412fe0
15285,00000000000000000000000000000000000000000000000000000000000000000000000000000000000000000000000000000000000000000020be1c7292e560
15295,00000000000000000000000000000000000000000000000000000000000000000000000000000000000000000000000000000000000000000028ba332dc2a2c0
15305,0000000000000000000000000000000000000000000000000000000000000000000000000000000000000000000000000000000000000000002ed8c8e1bcdde0
15315,00000000000000000000000000000000000000000000000000000000000000000000000000000000000000000000000000000000000000000034b0aa4bb5d300
15325,00000000000000000000000000000000000000000000000000000000000000000000000000000000000000000000000000000000000000000024bf73fc40a700
15335,00000000000000000000000000000000000000000000000000000000000000000000000000000000000000000000000000000000000000000023903d24605580
15345,0000000000000000000000000000000000000000000000000000000000000000000000000000000000000000000000000000000000000000003305bfd4c8e660
15355,00000000000000000000000000000000000000000000000000000000000000000000000000000000000000000000000000000000000000000027642209bb9ac0
15365,0000000000000000000000000000000000000000000000000000000000000000000000000000000000000000000000000000000000000000002a0bd56f9ffc20
15375,0000000000000000000000000000000000000000000000000000000000000000000000000000000000000000000000000000000000000000002b8a2eb8529da0
15385,0000000000000000000000000000000000000000000000000000000000000000000000000000000000000000000000000000000000000000003ff7a61305ec40
15395,000000000000000000000000000000000000000000000000000000000000000000000000000000000000000000000000000000000000000000480d442ef371a0
15405,00000000000000000000000000000000000000000000000000000000000000000000000000000000000000000000000000000000000000000039846e33848b40
15415,0000000000000000000000000000000000000000000000000000000000000000000000000000000000000000000000000000000000000000002b4b2cbc918020
15425,0000000000000000000000000000000000000000000000000000000000000000000000000000000000000000000000000000000000000000002d9ba06d433ba0
15435,0000000000000000000000000000000000000000000000000000000000000000000000000000000000000000000000000000000000000000002440690ea8c1a0
15445,00000000000000000000000000000000000000000000000000000000000000000000000000000000000000000000000000000000000000000032d78a9cd24b60
15455,0000000000000000000000000000000000000000000000000000000000000000000000000000000000000000000000000000000000000000004416dda488f2c0
15465,0000000000000000000000000000000000000000000000000000000000000000000000000000000000000000000000000000000000000000003a624bcbf3d1e0
15475,000000000000000000000000000000000000000000000000000000000000000000000000000000000000000000000000000000000000000000286553823fa1c0
15485,0000000000000000000000000000000000000000000000000000000000000000000000000000000000000000000000000000000000000000001eae0d0c4f53e0
15495,000000000000000000000000000000000000000000000000000000000000000000000000000000000000000000000000000000000000000000503d8e2b8b0960
15505,0000000000000000000000000000000000000000000000000000000000000000000000000000000000000000000000000000000000000000002aebf66085c2e0
15515,0000000000000000000000000000000000000000000000000000000000000000000000000000000000000000000000000000000000000000002aa342656be3e0
15525,0000000000000000000000000000000000000000000000000000000000000000000000000000000000000000000000000000000000000000002a0ab065db1d80
15535,00000000000000000000000000000000000000000000000000000000000000000000000000000000000000000000000000000000000000000038170bcc236e60
15545,00000000000000000000000000000000000000000000000000000000000000000000000000000000000000000000000000000000000000000033b69503f23960
15555,00000000000000000000000000000000000000000000000000000000000000000000000000000000000000000000000000000000000000000031d42d7338a260
15565,0000000000000000000000000000000000000000000000000000000000000000000000000000000000000000000000000000000000000000001b15abb6a2ac00
15575,0000000000000000000000000000000000000000000000000000000000000000000000000000000000000000000000000000000000000000002a08b4be9adc60
15585,0000000000000000000000000000000000000000000000000000000000000000000000000000000000000000000000000000000000000000003709f1d46cd200
15595,000000000000000000000000000000000000000000000000000000000000000000000000000000000000000000000000000000000000000000441d18adf615e0
15605,0000000000000000000000000000000000000000000000000000000000000000000000000000000000000000000000000000000000000000007013f6b7936ca0
15615,0000000000000000000000000000000000000000000000000000000000000000000000000000000000000000000000000000000000000000001e225346f4acc0
15625,00000000000000000000000000000000000000000000000000000000000000000000000000000000000000000000000000000000000000000016ae7d4782e0e0
15635,0000000000000000000000000000000000000000000000000000000000000000000000000000000000000000000000000000000000000000003c829b760b5d80
15645,0000000000000000000000000000000000000000000000000000000000000000000000000000000000000000000000000000000000000000005a88fba1585360
15655,00000000000000000000000000000000000000000000000000000000000000000000000000000000000000000000000000000000000000000021542f2d627060
15665,0000000000000000000000000000000000000000000000000000000000000000000000000000000000000000000000000000000000000000001ece88f66dbf20
15675,000000000000000000000000000000000000000000000000000000000000000000000000000000000000000000000000000000000000000000392ce72f91c720
15685,000000000000000000000000000000000000000000000000000000000000000000000000000000000000000000000000000000000000000000390f15940a4e60
15695,000000000000000000000000000000000000000000000000000000000000000000000000000000000000000000000000000000000000000000383a2b988a7600
15705,0000000000000000000000000000000000000000000000000000000000000000000000000000000000000000000000000000000000000000002f63f409974880
15715,0000000000000000000000000000000000000000000000000000000000000000000000000000000000000000000000000000000000000000001edf67e1997ea0
15725,0000000000000000000000000000000000000000000000000000000000000000000000000000000000000000000000000000000000000000002e493fff1a12e0
15735,0000000000000000000000000000000000000000000000000000000000000000000000000000000000000000000000000000000000000000004dc854a4b618e0
15745,00000000000000000000000000000000000000000000000000000000000000000000000000000000000000000000000000000000000000000039ae7dba879cc0
15755,00000000000000000000000000000000000000000000000000000000000000000000000000000000000000000000000000000000000000000024bf2023a8c380
15765,00000000000000000000000000000000000000000000000000000000000000000000000000000000000000000000000000000000000000000068eea73cafad80
15775,0000000000000000000000000000000000000000000000000000000000000000000000000000000000000000000000000000000000000000002b66f2e214dc20
15785,00000000000000000000000000000000000000000000000000000000000000000000000000000000000000000000000000000000000000000012f84873d8b960
15795,00000000000000000000000000000000000000000000000000000000000000000000000000000000000000000000000000000000000000000029f9deb5c22b00
15805,00000000000000000000000000000000000000000000000000000000000000000000000000000000000000000000000000000000000000000036a754bd880fa0
15815,00000000000000000000000000000000000000000000000000000000000000000000000000000000000000000000000000000000000000000030d6ca21d56d60
15825,00000000000000000000000000000000000000000000000000000000000000000000000000000000000000000000000000000000000000000040bddcde484400
15835,00000000000000000000000000000000000000000000000000000000000000000000000000000000000000000000000000000000000000000019ae1658b61bc0
15845,00000000000000000000000000000000000000000000000000000000000000000000000000000000000000000000000000000000000000000021497ba4426be0
15855,0000000000000000000000000000000000000000000000000000000000000000000000000000000000000000000000000000000000000000002c0b9d434b2540
15865,00000000000000000000000000000000000000000000000000000000000000000000000000000000000000000000000000000000000000000036275577631760
15875,0000000000000000000000000000000000000000000000000000000000000000000000000000000000000000000000000000000000000000003970e45c380b40
15885,0000000000000000000000000000000000000000000000000000000000000000000000000000000000000000000000000000000000000000003b699b3a35b680
15895,0000000000000000000000000000000000000000000000000000000000000000000000000000000000000000000000000000000000000000003337655b491c60
15905,0000000000000000000000000000000000000000000000000000000000000000000000000000000000000000000000000000000000000000002c07e30877c080
15915,0000000000000000000000000000000000000000000000000000000000000000000000000000000000000000000000000000000000000000001b98d923f33e40
15925,00000000000000000000000000000000000000000000000000000000000000000000000000000000000000000000000000000000000000000026fc9c6952e620
15935,0000000000000000000000000000000000000000000000000000000000000000000000000000000000000000000000000000000000000000001efbd0e9880840
15945,0000000000000000000000000000000000000000000000000000000000000000000000000000000000000000000000000000000000000000002e4a8e08dc2e40
15955,0000000000000000000000000000000000000000000000000000000000000000000000000000000000000000000000000000000000000000002c15ff250e3420
15965,0000000000000000000000000000000000000000000000000000000000000000000000000000000000000000000000000000000000000000001cd92c84850100
15975,0000000000000000000000000000000000000000000000000000000000000000000000000000000000000000000000000000000000000000003717fb3fc97460
15985,0000000000000000000000000000000000000000000000000000000000000000000000000000000000000000000000000000000000000000003a4d3261110380
15995,0000000000000000000000000000000000000000000000000000000000000000000000000000000000000000000000000000000000000000004e88568414bca0
16005,000000000000000000000000000000000000000000000000000000000000000000000000000000000000000000000000000000000000000000653825906d29c0
16015,0000000000000000000000000000000000000000000000000000000000000000000000000000000000000000000000000000000000000000002b2b2dbeb96ee0
16025,0000000000000000000000000000000000000000000000000000000000000000000000000000000000000000000000000000000000000000001f79fdeae01ce0
16035,0000000000000000000000000000000000000000000000000000000000000000000000000000000000000000000000000000000000000000003b09d1b6d16d80
16045,000000000000000000000000000000000000000000000000000000000000000000000000000000000000000000000000000000000000000000444ddcc836b780
16055,00000000000000000000000000000000000000000000000000000000000000000000000000000000000000000000000000000000000000000031e5d0c0cd4da0
16065,0000000000000000000000000000000000000000000000000000000000000000000000000000000000000000000000000000000000000000003b240252977f80
16075,0000000000000000000000000000000000000000000000000000000000000000000000000000000000000000000000000000000000000000004e82aca20047c0
16085,0000000000000000000000000000000000000000000000000000000000000000000000000000000000000000000000000000000000000000001d9f8c94b0dfa0
16095,0000000000000000000000000000000000000000000000000000000000000000000000000000000000000000000000000000000000000000003567ea044915c0
16105,00000000000000000000000000000000000000000000000000000000000000000000000000000000000000000000000000000000000000000047bf4e79208f40
16115,00000000000000000000000000000000000000000000000000000000000000000000000000000000000000000000000000000000000000000057746c118eb4a0
16125,000000000000000000000000000000000000000000000000000000000000000000000000000000000000000000000000000000000000000000236ad2ce483620
16135,0000000000000000000000000000000000000000000000000000000000000000000000000000000000000000000000000000000000000000001c361336e4ec60
16145,0000000000000000000000000000000000000000000000000000000000000000000000000000000000000000000000000000000000000000002b9fdcc0b54100
16155,0000000000000000000000000000000000000000000000000000000000000000000000000000000000000000000000000000000000000000003070abeda345a0
16165,00000000000000000000000000000000000000000000000000000000000000000000000000000000000000000000000000000000000000000019acb26c7f5280
16175,000000000000000000000000000000000000000000000000000000000000000000000000000000000000000000000000000000000000000000252adfe1526640
16185,0000000000000000000000000000000000000000000000000000000000000000000000000000000000000000000000000000000000000000004f6a4012659760
16195,00000000000000000000000000000000000000000000000000000000000000000000000000000000000000000000000000000000000000000015701c180aa000
16205,00000000000000000000000000000000000000000000000000000000000000000000000000000000000000000000000000000000000000000039ee4f8ed842c0
16215,00000000000000000000000000000000000000000000000000000000000000000000000000000000000000000000000000000000000000000013a04054d609a0
16225,00000000000000000000000000000000000000000000000000000000000000000000000000000000000000000000000000000000000000000010be1e37cded20
16235,00000000000000000000000000000000000000000000000000000000000000000000000000000000000000000000000000000000000000000023d23351299260
16245,000000000000000000000000000000000000000000000000000000000000000000000000000000000000000000000000000000000000000000341f6d5f57cc20
16255,00000000000000000000000000000000000000000000000000000000000000000000000000000000000000000000000000000000000000000067f5b7e1270aa0
16265,0000000000000000000000000000000000000000000000000000000000000000000000000000000000000000000000000000000000000000003ab08fa923e640
16275,00000000000000000000000000000000000000000000000000000000000000000000000000000000000000000000000000000000000000000021c92511cfa320
16285,000000000000000000000000000000000000000000000000000000000000000000000000000000000000000000000000000000000000000000383c39223faa00
16295,0000000000000000000000000000000000000000000000000000000000000000000000000000000000000000000000000000000000000000002f40d1021cc760
16305,0000000000000000000000000000000000000000000000000000000000000000000000000000000000000000000000000000000000000000002c8ac29d3007c0
16315,0000000000000000000000000000000000000000000000000000000000000000000000000000000000000000000000000000000000000000003f175ed35dce00
16325,00000000000000000000000000000000000000000000000000000000000000000000000000000000000000000000000000000000000000000016c42bed6f5240
16335,00000000000000000000000000000000000000000000000000000000000000000000000000000000000000000000000000000000000000000044ffab4fecc720
16345,000000000000000000000000000000000000000000000000000000000000000000000000000000000000000000000000000000000000000000223c8f6c7edf60
16355,0000000000000000000000000000000000000000000000000000000000000000000000000000000000000000000000000000000000000000002f11e55de3b240
16365,00000000000000000000000000000000000000000000000000000000000000000000000000000000000000000000000000000000000000000035e32fc0e6f100
16375,00000000000000000000000000000000000000000000000000000000000000000000000000000000000000000000000000000000000000000032a670e50d9600
16385,000000000000000000000000000000000000000000000000000000000000000000000000000000000000000000000000000000000000000000451d20a68e28c0
16395,0000000000000000000000000000000000000000000000000000000000000000000000000000000000000000000000000000000000000000005c351666f5ab00
16405,00000000000000000000000000000000000000000000000000000000000000000000000000000000000000000000000000000000000000000044a6991100f380
16415,00000000000000000000000000000000000000000000000000000000000000000000000000000000000000000000000000000000000000000044305467be00c0
16425,0000000000000000000000000000000000000000000000000000000000000000000000000000000000000000000000000000000000000000003daea7c449af40
16435,0000000000000000000000000000000000000000000000000000000000000000000000000000000000000000000000000000000000000000003ca6ee38851880
16445,0000000000000000000000000000000000000000000000000000000000000000000000000000000000000000000000000000000000000000002ad0e7ffe253a0
16455,000000000000000000000000000000000000000000000000000000000000000000000000000000000000000000000000000000000000000000271f5f220ef840
16465,00000000000000000000000000000000000000000000000000000000000000000000000000000000000000000000000000000000000000000029f7e1bfbd1420
16475,000000000000000000000000000000000000000000000000000000000000000000000000000000000000000000000000000000000000000000344e40839287e0
16485,0000000000000000000000000000000000000000000000000000000000000000000000000000000000000000000000000000000000000000002e0c5bc820c2a0
16495,0000000000000000000000000000000000000000000000000000000000000000000000000000000000000000000000000000000000000000003e69782dda85c0
16505,0000000000000000000000000000000000000000000000000000000000000000000000000000000000000000000000000000000000000000003c12164c654360
16515,00000000000000000000000000000000000000000000000000000000000000000000000000000000000000000000000000000000000000000032bec614a4ec20
16525,00000000000000000000000000000000000000000000000000000000000000000000000000000000000000000000000000000000000000000042ef5fb8723040
16535,000000000000000000000000000000000000000000000000000000000000000000000000000000000000000000000000000000000000000000263ebff61e01c0
16545,00000000000000000000000000000000000000000000000000000000000000000000000000000000000000000000000000000000000000000036dbe5578729a0
16555,00000000000000000000000000000000000000000000000000000000000000000000000000000000000000000000000000000000000000000056985bf9005520
16565,00000000000000000000000000000000000000000000000000000000000000000000000000000000000000000000000000000000000000000040cdfb35cfc260
16575,000000000000000000000000000000000000000000000000000000000000000000000000000000000000000000000000000000000000000000204c37d2dd1780
16585,000000000000000000000000000000000000000000000000000000000000000000000000000000000000000000000000000000000000000000424cc8a5dd0660
16595,0000000000000000000000000000000000000000000000000000000000000000000000000000000000000000000000000000000000000000002d5b6798f98660
16605,0000000000000000000000000000000000000000000000000000000000000000000000000000000000000000000000000000000000000000002b6ed4440313a0
16615,000000000000000000000000000000000000000000000000000000000000000000000000000000000000000000000000000000000000000000292f9eafb1c140
16625,000000000000000000000000000000000000000000000000000000000000000000000000000000000000000000000000000000000000000000880d107c807ba0
16635,00000000000000000000000000000000000000000000000000000000000000000000000000000000000000000000000000000000000000000038c9d5f1526240
16645,00000000000000000000000000000000000000000000000000000000000000000000000000000000000000000000000000000000000000000030ddd9702091a0
16655,0000000000000000000000000000000000000000000000000000000000000000000000000000000000000000000000000000000000000000003803b8088484a0
16665,0000000000000000000000000000000000000000000000000000000000000000000000000000000000000000000000000000000000000000002a8d4b66e6c8a0
16675,0000000000000000000000000000000000000000000000000000000000000000000000000000000000000000000000000000000000000000002a3c3c44fa97e0
16685,0000000000000000000000000000000000000000000000000000000000000000000000000000000000000000000000000000000000000000004cf2e5da7a4720
16695,0000000000000000000000000000000000000000000000000000000000000000000000000000000000000000000000000000000000000000003543f0692bcf00
16705,00000000000000000000000000000000000000000000000000000000000000000000000000000000000000000000000000000000000000000023f91a3ad947e0
16715,000000000000000000000000000000000000000000000000000000000000000000000000000000000000000000000000000000000000000000513a262e370520
16725,000000000000000000000000000000000000000000000000000000000000000000000000000000000000000000000000000000000000000000267b92caa25680
16735,0000000000000000000000000000000000000000000000000000000000000000000000000000000000000000000000000000000000000000002b6ddaff2790c0
16745,00000000000000000000000000000000000000000000000000000000000000000000000000000000000000000000000000000000000000000028887ee2571cc0
16755,0000000000000000000000000000000000000000000000000000000000000000000000000000000000000000000000000000000000000000005eb591bbcd58a0
16765,00000000000000000000000000000000000000000000000000000000000000000000000000000000000000000000000000000000000000000058b8b1858da2a0
16775,00000000000000000000000000000000000000000000000000000000000000000000000000000000000000000000000000000000000000000038b6af7c755740
16785,0000000000000000000000000000000000000000000000000000000000000000000000000000000000000000000000000000000000000000003f0d3405484420
16795,0000000000000000000000000000000000000000000000000000000000000000000000000000000000000000000000000000000000000000002ccc6298c3ffc0
16805,0000000000000000000000000000000000000000000000000000000000000000000000000000000000000000000000000000000000000000005501bfcf7a0e00
16815,0000000000000000000000000000000000000000000000000000000000000000000000000000000000000000000000000000000000000000006800c8c2de4ec0
16825,00000000000000000000000000000000000000000000000000000000000000000000000000000000000000000000000000000000000000000036a20682cfe3e0
16835,00000000000000000000000000000000000000000000000000000000000000000000000000000000000000000000000000000000000000000041b128ff1e7560
16845,0000000000000000000000000000000000000000000000000000000000000000000000000000000000000000000000000000000000000000001162d4d4171480
16855,00000000000000000000000000000000000000000000000000000000000000000000000000000000000000000000000000000000000000000030db6817ad2b00
16865,00000000000000000000000000000000000000000000000000000000000000000000000000000000000000000000000000000000000000000020d6f7670d86c0
16875,000000000000000000000000000000000000000000000000000000000000000000000000000000000000000000000000000000000000000000491e82e17645a0
16885,000000000000000000000000000000000000000000000000000000000000000000000000000000000000000000000000000000000000000000290079641a1880
16895,00000000000000000000000000000000000000000000000000000000000000000000000000000000000000000000000000000000000000000035f754abda3900
16905,00000000000000000000000000000000000000000000000000000000000000000000000000000000000000000000000000000000000000000060746b80275180
16915,00000000000000000000000000000000000000000000000000000000000000000000000000000000000000000000000000000000000000000034a2e37dde8c20
16925,00000000000000000000000000000000000000000000000000000000000000000000000000000000000000000000000000000000000000000041a8ad449d1a80
16935,0000000000000000000000000000000000000000000000000000000000000000000000000000000000000000000000000000000000000000003ca4b924f9f100
16945,000000000000000000000000000000000000000000000000000000000000000000000000000000000000000000000000000000000000000000337ee1918baea0
16955,0000000000000000000000000000000000000000000000000000000000000000000000000000000000000000000000000000000000000000003690b4ab5d1de0
16965,00000000000000000000000000000000000000000000000000000000000000000000000000000000000000000000000000000000000000000025bd3488b14500
16975,0000000000000000000000000000000000000000000000000000000000000000000000000000000000000000000000000000000000000000003956c822e6c100
16985,0000000000000000000000000000000000000000000000000000000000000000000000000000000000000000000000000000000000000000004e122aee815460
16995,00000000000000000000000000000000000000000000000000000000000000000000000000000000000000000000000000000000000000000071700147822b00
17005,00000000000000000000000000000000000000000000000000000000000000000000000000000000000000000000000000000000000000000069302710e35a00
17015,00000000000000000000000000000000000000000000000000000000000000000000000000000000000000000000000000000000000000000020820bb1b2b7e0
17025,0000000000000000000000000000000000000000000000000000000000000000000000000000000000000000000000000000000000000000002fa1725e100ee0
17035,00000000000000000000000000000000000000000000000000000000000000000000000000000000000000000000000000000000000000000021cb9eea427720
17045,0000000000000000000000000000000000000000000000000000000000000000000000000000000000000000000000000000000000000000002927f1b0362980
17055,0000000000000000000000000000000000000000000000000000000000000000000000000000000000000000000000000000000000000000001156dd4b0ce500
17065,0000000000000000000000000000000000000000000000000000000000000000000000000000000000000000000000000000000000000000001ae6490898fec0
17075,0000000000000000000000000000000000000000000000000000000000000000000000000000000000000000000000000000000000000000007734b11f14fc40
17085,00000000000000000000000000000000000000000000000000000000000000000000000000000000000000000000000000000000000000000020ec2df950d460
17095,0000000000000000000000000000000000000000000000000000000000000000000000000000000000000000000000000000000000000000005195bec594d520
17105,0000000000000000000000000000000000000000000000000000000000000000000000000000000000000000000000000000000000000000003219166e93ef20
17115,0000000000000000000000000000000000000000000000000000000000000000000000000000000000000000000000000000000000000000005cf41b77a06b60
17125,00000000000000000000000000000000000000000000000000000000000000000000000000000000000000000000000000000000000000000018ea61036fed40
17135,0000000000000000000000000000000000000000000000000000000000000000000000000000000000000000000000000000000000000000002e20b65a72e340
17145,0000000000000000000000000000000000000000000000000000000000000000000000000000000000000000000000000000000000000000002c2e471992bd40
17155,0000000000000000000000000000000000000000000000000000000000000000000000000000000000000000000000000000000000000000004d010ae35ee5c0
17165,00000000000000000000000000000000000000000000000000000000000000000000000000000000000000000000000000000000000000000021b93fd7ce2420
17175,0000000000000000000000000000000000000000000000000000000000000000000000000000000000000000000000000000000000000000002bd359f850c200
17185,0000000000000000000000000000000000000000000000000000000000000000000000000000000000000000000000000000000000000000002e03007024a080
17195,0000000000000000000000000000000000000000000000000000000000000000000000000000000000000000000000000000000000000000001ef01eea51c6c0
17205,0000000000000000000000000000000000000000000000000000000000000000000000000000000000000000000000000000000000000000003669834b8b0a60
17215,0000000000000000000000000000000000000000000000000000000000000000000000000000000000000000000000000000000000000000003b9bc7994a6040
17225,0000000000000000000000000000000000000000000000000000000000000000000000000000000000000000000000000000000000000000002de327a3851020
17235,00000000000000000000000000000000000000000000000000000000000000000000000000000000000000000000000000000000000000000028e0c3f9ee4d20
17245,0000000000000000000000000000000000000000000000000000000000000000000000000000000000000000000000000000000000000000003bb3de8dd236a0
17255,0000000000000000000000000000000000000000000000000000000000000000000000000000000000000000000000000000000000000000005f8becd4be2a60
17265,000000000000000000000000000000000000000000000000000000000000000000000000000000000000000000000000000000000000000000280be5084653e0
17275,00000000000000000000000000000000000000000000000000000000000000000000000000000000000000000000000000000000000000000044d885977c60c0
17285,0000000000000000000000000000000000000000000000000000000000000000000000000000000000000000000000000000000000000000001c991692af1960
17295,000000000000000000000000000000000000000000000000000000000000000000000000000000000000000000000000000000000000000000363d5f30faa0c0
17305,00000000000000000000000000000000000000000000000000000000000000000000000000000000000000000000000000000000000000000024b41706dd4820
17315,0000000000000000000000000000000000000000000000000000000000000000000000000000000000000000000000000000000000000000002cb072247e9140
17325,00000000000000000000000000000000000000000000000000000000000000000000000000000000000000000000000000000000000000000046aee63cb6aa40
17335,000000000000000000000000000000000000000000000000000000000000000000000000000000000000000000000000000000000000000000350e7559151f00
17345,000000000000000000000000000000000000000000000000000000000000000000000000000000000000000000000000000000000000000000168f725d4b9860
17355,00000000000000000000000000000000000000000000000000000000000000000000000000000000000000000000000000000000000000000014055bff40ffa0
17365,00000000000000000000000000000000000000000000000000000000000000000000000000000000000000000000000000000000000000000043c711028706e0
17375,0000000000000000000000000000000000000000000000000000000000000000000000000000000000000000000000000000000000000000003bec67c516a8a0
17385,0000000000000000000000000000000000000000000000000000000000000000000000000000000000000000000000000000000000000000003734c2653b7f20
17395,00000000000000000000000000000000000000000000000000000000000000000000000000000000000000000000000000000000000000000022a48051cca860
17405,00000000000000000000000000000000000000000000000000000000000000000000000000000000000000000000000000000000000000000043dde9c5e93a60
17415,00000000000000000000000000000000000000000000000000000000000000000000000000000000000000000000000000000000000000000030b5c6fcac6da0
17425,00000000000000000000000000000000000000000000000000000000000000000000000000000000000000000000000000000000000000000020963608f46740
17435,00000000000000000000000000000000000000000000000000000000000000000000000000000000000000000000000000000000000000000037021854f439e0
17445,000000000000000000000000000000000000000000000000000000000000000000000000000000000000000000000000000000000000000000312562579d5ca0
17455,00000000000000000000000000000000000000000000000000000000000000000000000000000000000000000000000000000000000000000024996ab00bdb40
17465,0000000000000000000000000000000000000000000000000000000000000000000000000000000000000000000000000000000000000000002ac8ddecbbc660
17475,0000000000000000000000000000000000000000000000000000000000000000000000000000000000000000000000000000000000000000002d45c855823300
17485,0000000000000000000000000000000000000000000000000000000000000000000000000000000000000000000000000000000000000000005592f4c5b13bc0
17495,000000000000000000000000000000000000000000000000000000000000000000000000000000000000000000000000000000000000000000238edadf8be5e0
17505,0000000000000000000000000000000000000000000000000000000000000000000000000000000000000000000000000000000000000000003af6915f7ff9a0
17515,0000000000000000000000000000000000000000000000000000000000000000000000000000000000000000000000000000000000000000005bb8553449ff00
17525,00000000000000000000000000000000000000000000000000000000000000000000000000000000000000000000000000000000000000000058d2ac03cd8180
17535,000000000000000000000000000000000000000000000000000000000000000000000000000000000000000000000000000000000000000000467a7398dcede0
17545,000000000000000000000000000000000000000000000000000000000000000000000000000000000000000000000000000000000000000000363432805dd000
17555,00000000000000000000000000000000000000000000000000000000000000000000000000000000000000000000000000000000000000000025fea366beb3a0
17565,000000000000000000000000000000000000000000000000000000000000000000000000000000000000000000000000000000000000000000248d593ab4a600
17575,000000000000000000000000000000000000000000000000000000000000000000000000000000000000000000000000000000000000000000512a52ccd1dc20
17585,0000000000000000000000000000000000000000000000000000000000000000000000000000000000000000000000000000000000000000002c34490f527de0
17595,0000000000000000000000000000000000000000000000000000000000000000000000000000000000000000000000000000000000000000002d815c02b99300
17605,0000000000000000000000000000000000000000000000000000000000000000000000000000000000000000000000000000000000000000002aa8a9c784d3e0
17615,0000000000000000000000000000000000000000000000000000000000000000000000000000000000000000000000000000000000000000004cb2a5b76c23a0
17625,000000000000000000000000000000000000000000000000000000000000000000000000000000000000000000000000000000000000000000483349c014cc80
17635,000000000000000000000000000000000000000000000000000000000000000000000000000000000000000000000000000000000000000000434a5846022b60
17645,00000000000000000000000000000000000000000000000000000000000000000000000000000000000000000000000000000000000000000025f9ebb5d500a0
17655,00000000000000000000000000000000000000000000000000000000000000000000000000000000000000000000000000000000000000000055664b83c754e0
17665,0000000000000000000000000000000000000000000000000000000000000000000000000000000000000000000000000000000000000000001df1f95de7f700
17675,000000000000000000000000000000000000000000000000000000000000000000000000000000000000000000000000000000000000000000342e5a5e5653e0
17685,00000000000000000000000000000000000000000000000000000000000000000000000000000000000000000000000000000000000000000023d37351140260
17695,0000000000000000000000000000000000000000000000000000000000000000000000000000000000000000000000000000000000000000003d1b62a6d3a200
17705,0000000000000000000000000000000000000000000000000000000000000000000000000000000000000000000000000000000000000000003cf4b764825da0
17715,0000000000000000000000000000000000000000000000000000000000000000000000000000000000000000000000000000000000000000002b98b4861d05c0
17725,000000000000000000000000000000000000000000000000000000000000000000000000000000000000000000000000000000000000000000320737b4b48000
17735,000000000000000000000000000000000000000000000000000000000000000000000000000000000000000000000000000000000000000000348c0a6bb771a0
17745,00000000000000000000000000000000000000000000000000000000000000000000000000000000000000000000000000000000000000000046ec88875466c0
17755,0000000000000000000000000000000000000000000000000000000000000000000000000000000000000000000000000000000000000000005591886353a200
17765,00000000000000000000000000000000000000000000000000000000000000000000000000000000000000000000000000000000000000000030b8a9102bece0
17775,000000000000000000000000000000000000000000000000000000000000000000000000000000000000000000000000000000000000000000150ffac5e75560
17785,000000000000000000000000000000000000000000000000000000000000000000000000000000000000000000000000000000000000000000658bb1f71ab860
17795,00000000000000000000000000000000000000000000000000000000000000000000000000000000000000000000000000000000000000000030f7b45ab15620
17805,0000000000000000000000000000000000000000000000000000000000000000000000000000000000000000000000000000000000000000003da24e93e39e20
17815,0000000000000000000000000000000000000000000000000000000000000000000000000000000000000000000000000000000000000000003d272992573f80
17825,0000000000000000000000000000000000000000000000000000000000000000000000000000000000000000000000000000000000000000003328e5661bd940
17835,0000000000000000000000000000000000000000000000000000000000000000000000000000000000000000000000000000000000000000004d9d6cc5241180
17845,00000000000000000000000000000000000000000000000000000000000000000000000000000000000000000000000000000000000000000024215510c0daa0
17855,00000000000000000000000000000000000000000000000000000000000000000000000000000000000000000000000000000000000000000022c1f377331c20
17865,00000000000000000000000000000000000000000000000000000000000000000000000000000000000000000000000000000000000000000031571ed4436900
17875,0000000000000000000000000000000000000000000000000000000000000000000000000000000000000000000000000000000000000000003f2786be95e240
17885,0000000000000000000000000000000000000000000000000000000000000000000000000000000000000000000000000000000000000000001f0e5d99832100
17895,0000000000000000000000000000000000000000000000000000000000000000000000000000000000000000000000000000000000000000002ecbfd00237380
17905,000000000000000000000000000000000000000000000000000000000000000000000000000000000000000000000000000000000000000000290c4f76ff26c0
17915,0000000000000000000000000000000000000000000000000000000000000000000000000000000000000000000000000000000000000000003681de8ed332c0
17925,0000000000000000000000000000000000000000000000000000000000000000000000000000000000000000000000000000000000000000001e891353b97680
17935,00000000000000000000000000000000000000000000000000000000000000000000000000000000000000000000000000000000000000000032c7256cb20940
17945,000000000000000000000000000000000000000000000000000000000000000000000000000000000000000000000000000000000000000000384919664ddc20
17955,0000000000000000000000000000000000000000000000000000000000000000000000000000000000000000000000000000000000000000004557e4e784bde0
17965,0000000000000000000000000000000000000000000000000000000000000000000000000000000000000000000000000000000000000000002f5e931da54b80
17975,0000000000000000000000000000000000000000000000000000000000000000000000000000000000000000000000000000000000000000004f9f26ac5ee5e0
17985,00000000000000000000000000000000000000000000000000000000000000000000000000000000000000000000000000000000000000000056df6ffe0ed900
17995,00000000000000000000000000000000000000000000000000000000000000000000000000000000000000000000000000000000000000000070bcc449bd6a60
18005,0000000000000000000000000000000000000000000000000000000000000000000000000000000000000000000000000000000000000000002db5111cc77760
18015,0000000000000000000000000000000000000000000000000000000000000000000000000000000000000000000000000000000000000000004b653f440aaee0
18025,0000000000000000000000000000000000000000000000000000000000000000000000000000000000000000000000000000000000000000005a7106a2f595a0
18035,00000000000000000000000000000000000000000000000000000000000000000000000000000000000000000000000000000000000000000043829bdfc175a0
18045,00000000000000000000000000000000000000000000000000000000000000000000000000000000000000000000000000000000000000000024786459a7fee0
18055,00000000000000000000000000000000000000000000000000000000000000000000000000000000000000000000000000000000000000000030b279ae2076e0
18065,0000000000000000000000000000000000000000000000000000000000000000000000000000000000000000000000000000000000000000004d00a7a851e440
18075,000000000000000000000000000000000000000000000000000000000000000000000000000000000000000000000000000000000000000000366a91cb78d040
18085,00000000000000000000000000000000000000000000000000000000000000000000000000000000000000000000000000000000000000000025f4f0f13e97a0
18095,000000000000000000000000000000000000000000000000000000000000000000000000000000000000000000000000000000000000000000296038b643fda0
18105,0000000000000000000000000000000000000000000000000000000000000000000000000000000000000000000000000000000000000000002ff633136dc380
18115,00000000000000000000000000000000000000000000000000000000000000000000000000000000000000000000000000000000000000000020f9a3bd54f3a0
18125,0000000000000000000000000000000000000000000000000000000000000000000000000000000000000000000000000000000000000000003d554ac07696a0
18135,0000000000000000000000000000000000000000000000000000000000000000000000000000000000000000000000000000000000000000003903681eac5c20
18145,0000000000000000000000000000000000000000000000000000000000000000000000000000000000000000000000000000000000000000003f7a447deee780
18155,000000000000000000000000000000000000000000000000000000000000000000000000000000000000000000000000000000000000000000251a3b89d3ef60
18165,0000000000000000000000000000000000000000000000000000000000000000000000000000000000000000000000000000000000000000003cfc3e3c9e1160
18175,0000000000000000000000000000000000000000000000000000000000000000000000000000000000000000000000000000000000000000002aa2a9e5762a80
18185,00000000000000000000000000000000000000000000000000000000000000000000000000000000000000000000000000000000000000000043a9680486aa20
18195,0000000000000000000000000000000000000000000000000000000000000000000000000000000000000000000000000000000000000000001c7cb2bbfb49e0
18205,0000000000000000000000000000000000000000000000000000000000000000000000000000000000000000000000000000000000000000005629c89424ff40
18215,0000000000000000000000000000000000000000000000000000000000000000000000000000000000000000000000000000000000000000001fc41e7992a600
18225,0000000000000000000000000000000000000000000000000000000000000000000000000000000000000000000000000000000000000000003e9ccec7eec840
18235,0000000000000000000000000000000000000000000000000000000000000000000000000000000000000000000000000000000000000000003234d9768da840
18245,0000000000000000000000000000000000000000000000000000000000000000000000000000000000000000000000000000000000000000002f6e9db041d020
18255,00000000000000000000000000000000000000000000000000000000000000000000000000000000000000000000000000000000000000000019bfe75782c680
18265,000000000000000000000000000000000000000000000000000000000000000000000000000000000000000000000000000000000000000000394b1ed4eafd40
18275,0000000000000000000000000000000000000000000000000000000000000000000000000000000000000000000000000000000000000000001ab48ba97cda40
18285,00000000000000000000000000000000000000000000000000000000000000000000000000000000000000000000000000000000000000000041e847aca2b7a0
18295,0000000000000000000000000000000000000000000000000000000000000000000000000000000000000000000000000000000000000000002c16fab8ae7b80
18305,00000000000000000000000000000000000000000000000000000000000000000000000000000000000000000000000000000000000000000036f3f610fbba40
18315,0000000000000000000000000000000000000000000000000000000000000000000000000000000000000000000000000000000000000000004d22de438d8ec0
18325,00000000000000000000000000000000000000000000000000000000000000000000000000000000000000000000000000000000000000000032598160641c80
18335,000000000000000000000000000000000000000000000000000000000000000000000000000000000000000000000000000000000000000000182bbb1a2139a0
18345,0000000000000000000000000000000000000000000000000000000000000000000000000000000000000000000000000000000000000000003624ce6db61340
18355,0000000000000000000000000000000000000000000000000000000000000000000000000000000000000000000000000000000000000000003ead9fe45689a0
18365,0000000000000000000000000000000000000000000000000000000000000000000000000000000000000000000000000000000000000000005e5d8b72f6d920
18375,0000000000000000000000000000000000000000000000000000000000000000000000000000000000000000000000000000000000000000003d9360e3aa0ea0
18385,000000000000000000000000000000000000000000000000000000000000000000000000000000000000000000000000000000000000000000181feecc27d1a0
18395,00000000000000000000000000000000000000000000000000000000000000000000000000000000000000000000000000000000000000000052a1d029ac0a60
18405,0000000000000000000000000000000000000000000000000000000000000000000000000000000000000000000000000000000000000000003f6c6775056ee0
18415,00000000000000000000000000000000000000000000000000000000000000000000000000000000000000000000000000000000000000000025f5c8a26b22a0
18425,0000000000000000000000000000000000000000000000000000000000000000000000000000000000000000000000000000000000000000001819a707a7d8e0
18435,0000000000000000000000000000000000000000000000000000000000000000000000000000000000000000000000000000000000000000005098e04cc63660
18445,00000000000000000000000000000000000000000000000000000000000000000000000000000000000000000000000000000000000000000032836a400752a0
18455,0000000000000000000000000000000000000000000000000000000000000000000000000000000000000000000000000000000000000000002eca4ba7a31ce0
18465,0000000000000000000000000000000000000000000000000000000000000000000000000000000000000000000000000000000000000000003c0dd5119af760
18475,000000000000000000000000000000000000000000000000000000000000000000000000000000000000000000000000000000000000000000271943400231e0
18485,0000000000000000000000000000000000000000000000000000000000000000000000000000000000000000000000000000000000000000004077440093e9e0
18495,00000000000000000000000000000000000000000000000000000000000000000000000000000000000000000000000000000000000000000038be634ab565e0
18505,00000000000000000000000000000000000000000000000000000000000000000000000000000000000000000000000000000000000000000024ab0b7da0b1a0
18515,0000000000000000000000000000000000000000000000000000000000000000000000000000000000000000000000000000000000000000002fe3631e8ae460
18525,0000000000000000000000000000000000000000000000000000000000000000000000000000000000000000000000000000000000000000003c4e062ad180c0
18535,00000000000000000000000000000000000000000000000000000000000000000000000000000000000000000000000000000000000000000039354de03bef60
18545,0000000000000000000000000000000000000000000000000000000000000000000000000000000000000000000000000000000000000000002e245d77bdb920
18555,0000000000000000000000000000000000000000000000000000000000000000000000000000000000000000000000000000000000000000001bad92c9f031e0
18565,000000000000000000000000000000000000000000000000000000000000000000000000000000000000000000000000000000000000000000200182f56fa060
18575,0000000000000000000000000000000000000000000000000000000000000000000000000000000000000000000000000000000000000000003f7487b9659100
18585,0000000000000000000000000000000000000000000000000000000000000000000000000000000000000000000000000000000000000000005eec075f846140
18595,00000000000000000000000000000000000000000000000000000000000000000000000000000000000000000000000000000000000000000036ad7dd0cf0620
18605,00000000000000000000000000000000000000000000000000000000000000000000000000000000000000000000000000000000000000000038439b3f4a2620
18615,00000000000000000000000000000000000000000000000000000000000000000000000000000000000000000000000000000000000000000022bfa8cff82dc0
18625,00000000000000000000000000000000000000000000000000000000000000000000000000000000000000000000000000000000000000000014f059ef6b6220
18635,0000000000000000000000000000000000000000000000000000000000000000000000000000000000000000000000000000000000000000004a68fcf29400a0
18645,00000000000000000000000000000000000000000000000000000000000000000000000000000000000000000000000000000000000000000020a6c53911d4e0
18655,0000000000000000000000000000000000000000000000000000000000000000000000000000000000000000000000000000000000000000001e4937a6cbf080
18665,000000000000000000000000000000000000000000000000000000000000000000000000000000000000000000000000000000000000000000110419b316bac0
18675,0000000000000000000000000000000000000000000000000000000000000000000000000000000000000000000000000000000000000000007d73e7ee6634c0
18685,0000000000000000000000000000000000000000000000000000000000000000000000000000000000000000000000000000000000000000005a92f08322ba80
18695,0000000000000000000000000000000000000000000000000000000000000000000000000000000000000000000000000000000000000000002b755c7ea616e0
18705,000000000000000000000000000000000000000000000000000000000000000000000000000000000000000000000000000000000000000000263f9effe797e0
18715,0000000000000000000000000000000000000000000000000000000000000000000000000000000000000000000000000000000000000000001ab4b3648dde20
18725,0000000000000000000000000000000000000000000000000000000000000000000000000000000000000000000000000000000000000000002ac517bbc1cd80
18735,000000000000000000000000000000000000000000000000000000000000000000000000000000000000000000000000000000000000000000463b92582d4d00
18745,0000000000000000000000000000000000000000000000000000000000000000000000000000000000000000000000000000000000000000002e4ec357588300
18755,0000000000000000000000000000000000000000000000000000000000000000000000000000000000000000000000000000000000000000005dcce32df14420
18765,0000000000000000000000000000000000000000000000000000000000000000000000000000000000000000000000000000000000000000003c0c96742696e0
18775,00000000000000000000000000000000000000000000000000000000000000000000000000000000000000000000000000000000000000000036566a6085b360
18785,0000000000000000000000000000000000000000000000000000000000000000000000000000000000000000000000000000000000000000004a65c537b7d0c0
18795,000000000000000000000000000000000000000000000000000000000000000000000000000000000000000000000000000000000000000000250bbad99307a0
18805,0000000000000000000000000000000000000000000000000000000000000000000000000000000000000000000000000000000000000000004184393360b1c0
18815,0000000000000000000000000000000000000000000000000000000000000000000000000000000000000000000000000000000000000000003fffac61406bc0
18825,00000000000000000000000000000000000000000000000000000000000000000000000000000000000000000000000000000000000000000033e740280d2720
18835,0000000000000000000000000000000000000000000000000000000000000000000000000000000000000000000000000000000000000000003e0c412a49dda0
18845,0000000000000000000000000000000000000000000000000000000000000000000000000000000000000000000000000000000000000000002e5160e1040300
18855,0000000000000000000000000000000000000000000000000000000000000000000000000000000000000000000000000000000000000000003d6982667c4cc0
18865,000000000000000000000000000000000000000000000000000000000000000000000000000000000000000000000000000000000000000000203f5349e2e040
18875,000000000000000000000000000000000000000000000000000000000000000000000000000000000000000000000000000000000000000000220c343e85f0c0
18885,0000000000000000000000000000000000000000000000000000000000000000000000000000000000000000000000000000000000000000003040e78e6519e0
18895,00000000000000000000000000000000000000000000000000000000000000000000000000000000000000000000000000000000000000000060c57a7ab10ec0
18905,00000000000000000000000000000000000000000000000000000000000000000000000000000000000000000000000000000000000000000015edb0196d03e0
18915,0000000000000000000000000000000000000000000000000000000000000000000000000000000000000000000000000000000000000000003f4ecb3bf084a0
18925,0000000000000000000000000000000000000000000000000000000000000000000000000000000000000000000000000000000000000000001aaceec78a0520
18935,0000000000000000000000000000000000000000000000000000000000000000000000000000000000000000000000000000000000000000002d0fa49e146a20
18945,00000000000000000000000000000000000000000000000000000000000000000000000000000000000000000000000000000000000000000033895f38392d40
18955,0000000000000000000000000000000000000000000000000000000000000000000000000000000000000000000000000000000000000000002fdbf80b59a060
18965,0000000000000000000000000000000000000000000000000000000000000000000000000000000000000000000000000000000000000000002c0dda60ae5fa0
18975,0000000000000000000000000000000000000000000000000000000000000000000000000000000000000000000000000000000000000000003c664d77f39f00
18985,00000000000000000000000000000000000000000000000000000000000000000000000000000000000000000000000000000000000000000040de63972ae120
18995,00000000000000000000000000000000000000000000000000000000000000000000000000000000000000000000000000000000000000000048156e4217d6e0
19005,0000000000000000000000000000000000000000000000000000000000000000000000000000000000000000000000000000000000000000001bdcade44d76c0
19015,0000000000000000000000000000000000000000000000000000000000000000000000000000000000000000000000000000000000000000004c553d78cb1b80
19025,0000000000000000000000000000000000000000000000000000000000000000000000000000000000000000000000000000000000000000001dedbb7bbafb20
19035,0000000000000000000000000000000000000000000000000000000000000000000000000000000000000000000000000000000000000000002b94a92dc53fa0
19045,0000000000000000000000000000000000000000000000000000000000000000000000000000000000000000000000000000000000000000002b76ff4d4ecac0
19055,0000000000000000000000000000000000000000000000000000000000000000000000000000000000000000000000000000000000000000002b264648e6a520
19065,0000000000000000000000000000000000000000000000000000000000000000000000000000000000000000000000000000000000000000003b8cd1f2e9f7a0
19075,00000000000000000000000000000000000000000000000000000000000000000000000000000000000000000000000000000000000000000022e564fea85320
19085,00000000000000000000000000000000000000000000000000000000000000000000000000000000000000000000000000000000000000000037443481bae740
19095,000000000000000000000000000000000000000000000000000000000000000000000000000000000000000000000000000000000000000000277a43eab3f9a0
19105,0000000000000000000000000000000000000000000000000000000000000000000000000000000000000000000000000000000000000000002f2f21ef9c9860
19115,0000000000000000000000000000000000000000000000000000000000000000000000000000000000000000000000000000000000000000004c426edc85af00
19125,00000000000000000000000000000000000000000000000000000000000000000000000000000000000000000000000000000000000000000032ea66af3e3220
19135,000000000000000000000000000000000000000000000000000000000000000000000000000000000000000000000000000000000000000000425bca7d77b060
19145,0000000000000000000000000000000000000000000000000000000000000000000000000000000000000000000000000000000000000000001f2e63dc4703a0
19155,0000000000000000000000000000000000000000000000000000000000000000000000000000000000000000000000000000000000000000002849ac17cde4e0
19165,000000000000000000000000000000000000000000000000000000000000000000000000000000000000000000000000000000000000000000400516121e2040
19175,00000000000000000000000000000000000000000000000000000000000000000000000000000000000000000000000000000000000000000030c5a10f4c36e0
19185,000000000000000000000000000000000000000000000000000000000000000000000000000000000000000000000000000000000000000000288a251375bda0
19195,0000000000000000000000000000000000000000000000000000000000000000000000000000000000000000000000000000000000000000001dbf22a6413de0
19205,00000000000000000000000000000000000000000000000000000000000000000000000000000000000000000000000000000000000000000029d571f34a3080
19215,0000000000000000000000000000000000000000000000000000000000000000000000000000000000000000000000000000000000000000002227f9f7ba8f20
19225,0000000000000000000000000000000000000000000000000000000000000000000000000000000000000000000000000000000000000000003a0a2251e49dc0
19235,00000000000000000000000000000000000000000000000000000000000000000000000000000000000000000000000000000000000000000023b1652bfd0060
19245,00000000000000000000000000000000000000000000000000000000000000000000000000000000000000000000000000000000000000000047a9d853304f40
19255,00000000000000000000000000000000000000000000000000000000000000000000000000000000000000000000000000000000000000000020279772debec0
19265,0000000000000000000000000000000000000000000000000000000000000000000000000000000000000000000000000000000000000000001a741ecb5e0920
19275,00000000000000000000000000000000000000000000000000000000000000000000000000000000000000000000000000000000000000000043af9cab7e1400
19285,0000000000000000000000000000000000000000000000000000000000000000000000000000000000000000000000000000000000000000003db7ff5759c3a0
19295,0000000000000000000000000000000000000000000000000000000000000000000000000000000000000000000000000000000000000000002e89b4498728e0
19305,00000000000000000000000000000000000000000000000000000000000000000000000000000000000000000000000000000000000000000026c92d31b673a0
19315,0000000000000000000000000000000000000000000000000000000000000000000000000000000000000000000000000000000000000000003bd62d506eb6a0
19325,00000000000000000000000000000000000000000000000000000000000000000000000000000000000000000000000000000000000000000036f6b555b8a5a0
19335,000000000000000000000000000000000000000000000000000000000000000000000000000000000000000000000000000000000000000000280d81d6ef6f40
19345,0000000000000000000000000000000000000000000000000000000000000000000000000000000000000000000000000000000000000000002000c4ff550ac0
19355,0000000000000000000000000000000000000000000000000000000000000000000000000000000000000000000000000000000000000000005f2c7da9f154c0
19365,0000000000000000000000000000000000000000000000000000000000000000000000000000000000000000000000000000000000000000001cc3fb6868b7a0
19375,000000000000000000000000000000000000000000000000000000000000000000000000000000000000000000000000000000000000000000389a99eaa89060
19385,000000000000000000000000000000000000000000000000000000000000000000000000000000000000000000000000000000000000000000381b002e555e20
19395,0000000000000000000000000000000000000000000000000000000000000000000000000000000000000000000000000000000000000000001ce572213b28c0
19405,00000000000000000000000000000000000000000000000000000000000000000000000000000000000000000000000000000000000000000028ba559a0f15e0
19415,00000000000000000000000000000000000000000000000000000000000000000000000000000000000000000000000000000000000000000033b2af7a5cd360
19425,00000000000000000000000000000000000000000000000000000000000000000000000000000000000000000000000000000000000000000025535ba3845e00
19435,000000000000000000000000000000000000000000000000000000000000000000000000000000000000000000000000000000000000000000231e750e8138e0
19445,0000000000000000000000000000000000000000000000000000000000000000000000000000000000000000000000000000000000000000002323c866c2e500
19455,00000000000000000000000000000000000000000000000000000000000000000000000000000000000000000000000000000000000000000023ab25d3cb3b40
19465,0000000000000000000000000000000000000000000000000000000000000000000000000000000000000000000000000000000000000000003181e80c750b00
19475,00000000000000000000000000000000000000000000000000000000000000000000000000000000000000000000000000000000000000000060a2ce4bcc1560
19485,0000000000000000000000000000000000000000000000000000000000000000000000000000000000000000000000000000000000000000005b8ef8ad3addc0
19495,000000000000000000000000000000000000000000000000000000000000000000000000000000000000000000000000000000000000000000362076b2ed4b60
19505,0000000000000000000000000000000000000000000000000000000000000000000000000000000000000000000000000000000000000000003ad0f475ba07a0
19515,00000000000000000000000000000000000000000000000000000000000000000000000000000000000000000000000000000000000000000034e78a3e2a9e20
19525,00000000000000000000000000000000000000000000000000000000000000000000000000000000000000000000000000000000000000000012bc6f8b925260
19535,0000000000000000000000000000000000000000000000000000000000000000000000000000000000000000000000000000000000000000002dec9ee7ce1580
19545,0000000000000000000000000000000000000000000000000000000000000000000000000000000000000000000000000000000000000000003c942239c95780
19555,000000000000000000000000000000000000000000000000000000000000000000000000000000000000000000000000000000000000000000175701a876b980
19565,00000000000000000000000000000000000000000000000000000000000000000000000000000000000000000000000000000000000000000040404e530ce460
19575,00000000000000000000000000000000000000000000000000000000000000000000000000000000000000000000000000000000000000000024619433cf0f60
19585,0000000000000000000000000000000000000000000000000000000000000000000000000000000000000000000000000000000000000000001b4b5277f17e00
19595,00000000000000000000000000000000000000000000000000000000000000000000000000000000000000000000000000000000000000000038a99dae91de20
19605,0000000000000000000000000000000000000000000000000000000000000000000000000000000000000000000000000000000000000000002d63b9ac1b39a0
19615,000000000000000000000000000000000000000000000000000000000000000000000000000000000000000000000000000000000000000000419b46e30e1940
19625,0000000000000000000000000000000000000000000000000000000000000000000000000000000000000000000000000000000000000000003b5dabf6174720
19635,00000000000000000000000000000000000000000000000000000000000000000000000000000000000000000000000000000000000000000021c962fe1a3be0
19645,0000000000000000000000000000000000000000000000000000000000000000000000000000000000000000000000000000000000000000004694216fbf80e0
19655,00000000000000000000000000000000000000000000000000000000000000000000000000000000000000000000000000000000000000000043b2a548d39800
19665,000000000000000000000000000000000000000000000000000000000000000000000000000000000000000000000000000000000000000000248e8162032780
19675,0000000000000000000000000000000000000000000000000000000000000000000000000000000000000000000000000000000000000000002a9a0103956460
19685,0000000000000000000000000000000000000000000000000000000000000000000000000000000000000000000000000000000000000000003391321a285ee0
19695,0000000000000000000000000000000000000000000000000000000000000000000000000000000000000000000000000000000000000000001315608f6cb200
19705,00000000000000000000000000000000000000000000000000000000000000000000000000000000000000000000000000000000000000000060ad890626b180
19715,0000000000000000000000000000000000000000000000000000000000000000000000000000000000000000000000000000000000000000002e698941d971c0
19725,0000000000000000000000000000000000000000000000000000000000000000000000000000000000000000000000000000000000000000005d0881801928c0
19735,0000000000000000000000000000000000000000000000000000000000000000000000000000000000000000000000000000000000000000002fc00faac4e1a0
19745,0000000000000000000000000000000000000000000000000000000000000000000000000000000000000000000000000000000000000000003dd257cbbab020
19755,0000000000000000000000000000000000000000000000000000000000000000000000000000000000000000000000000000000000000000002ad4f7ff9c3fa0
19765,0000000000000000000000000000000000000000000000000000000000000000000000000000000000000000000000000000000000000000004e96d93e2e1ec0
19775,000000000000000000000000000000000000000000000000000000000000000000000000000000000000000000000000000000000000000000430bd2acaed3a0
19785,00000000000000000000000000000000000000000000000000000000000000000000000000000000000000000000000000000000000000000026e59439a51fc0
19795,000000000000000000000000000000000000000000000000000000000000000000000000000000000000000000000000000000000000000000256c64d30f9320
19805,0000000000000000000000000000000000000000000000000000000000000000000000000000000000000000000000000000000000000000007d626148321160
19815,00000000000000000000000000000000000000000000000000000000000000000000000000000000000000000000000000000000000000000051821ec6e75d20
19825,000000000000000000000000000000000000000000000000000000000000000000000000000000000000000000000000000000000000000000312d3dd715d240
19835,00000000000000000000000000000000000000000000000000000000000000000000000000000000000000000000000000000000000000000019cbb711cab860
19845,0000000000000000000000000000000000000000000000000000000000000000000000000000000000000000000000000000000000000000003ae351082e85c0
19855,000000000000000000000000000000000000000000000000000000000000000000000000000000000000000000000000000000000000000000395e1b8eb726e0
19865,00000000000000000000000000000000000000000000000000000000000000000000000000000000000000000000000000000000000000000020c9531933ecc0
19875,000000000000000000000000000000000000000000000000000000000000000000000000000000000000000000000000000000000000000000362475edbc09e0
19885,000000000000000000000000000000000000000000000000000000000000000000000000000000000000000000000000000000000000000000305e32eee1ece0
19895,00000000000000000000000000000000000000000000000000000000000000000000000000000000000000000000000000000000000000000047afd284044720
19905,0000000000000000000000000000000000000000000000000000000000000000000000000000000000000000000000000000000000000000002f24d2d2c49480
19915,0000000000000000000000000000000000000000000000000000000000000000000000000000000000000000000000000000000000000000002aee0dd68910a0
19925,0000000000000000000000000000000000000000000000000000000000000000000000000000000000000000000000000000000000000000002d955977882140
19935,00000000000000000000000000000000000000000000000000000000000000000000000000000000000000000000000000000000000000000036bcd36d5059e0
19945,00000000000000000000000000000000000000000000000000000000000000000000000000000000000000000000000000000000000000000042a6225aeb6bc0
19955,00000000000000000000000000000000000000000000000000000000000000000000000000000000000000000000000000000000000000000024209006f58400
19965,00000000000000000000000000000000000000000000000000000000000000000000000000000000000000000000000000000000000000000022e9b37e5e0900
19975,00000000000000000000000000000000000000000000000000000000000000000000000000000000000000000000000000000000000000000028843fbb3de800
19985,0000000000000000000000000000000000000000000000000000000000000000000000000000000000000000000000000000000000000000002e1a6df8691c80
19995,0000000000000000000000000000000000000000000000000000000000000000000000000000000000000000000000000000000000000000004b000885f050e0
20005,000000000000000000000000000000000000000000000000000000000000000000000000000000000000000000000000000000000000000000323983d8b35480
20015,0000000000000000000000000000000000000000000000000000000000000000000000000000000000000000000000000000000000000000001f1b94c0019fc0
20025,00000000000000000000000000000000000000000000000000000000000000000000000000000000000000000000000000000000000000000032648910e0eb80
20035,0000000000000000000000000000000000000000000000000000000000000000000000000000000000000000000000000000000000000000002c8b801d2342e0
20045,0000000000000000000000000000000000000000000000000000000000000000000000000000000000000000000000000000000000000000004167f58de5caa0
20055,000000000000000000000000000000000000000000000000000000000000000000000000000000000000000000000000000000000000000000385c47f8b433c0
20065,0000000000000000000000000000000000000000000000000000000000000000000000000000000000000000000000000000000000000000003212660c912a60
20075,000000000000000000000000000000000000000000000000000000000000000000000000000000000000000000000000000000000000000000275c6814198020
20085,00000000000000000000000000000000000000000000000000000000000000000000000000000000000000000000000000000000000000000022520743aa15e0
20095,0000000000000000000000000000000000000000000000000000000000000000000000000000000000000000000000000000000000000000005601adb462a7a0
20105,0000000000000000000000000000000000000000000000000000000000000000000000000000000000000000000000000000000000000000002636be0080c120
20115,00000000000000000000000000000000000000000000000000000000000000000000000000000000000000000000000000000000000000000062cac93a4ba560
20125,0000000000000000000000000000000000000000000000000000000000000000000000000000000000000000000000000000000000000000001e48e1e1e56940
20135,0000000000000000000000000000000000000000000000000000000000000000000000000000000000000000000000000000000000000000002e370d58f18680
20145,0000000000000000000000000000000000000000000000000000000000000000000000000000000000000000000000000000000000000000003aac4d5aa871c0
20155,00000000000000000000000000000000000000000000000000000000000000000000000000000000000000000000000000000000000000000032de1343c40c40
20165,0000000000000000000000000000000000000000000000000000000000000000000000000000000000000000000000000000000000000000003499691c0be3e0
20175,00000000000000000000000000000000000000000000000000000000000000000000000000000000000000000000000000000000000000000035e775f1d849e0
20185,0000000000000000000000000000000000000000000000000000000000000000000000000000000000000000000000000000000000000000002e0902836e37c0
20195,000000000000000000000000000000000000000000000000000000000000000000000000000000000000000000000000000000000000000000324e60a6105fe0
20205,0000000000000000000000000000000000000000000000000000000000000000000000000000000000000000000000000000000000000000002b269a03f4b200
20215,00000000000000000000000000000000000000000000000000000000000000000000000000000000000000000000000000000000000000000023a0320f9bd980
20225,000000000000000000000000000000000000000000000000000000000000000000000000000000000000000000000000000000000000000000177dea9bfee960
20235,0000000000000000000000000000000000000000000000000000000000000000000000000000000000000000000000000000000000000000001e0f70483a7880
20245,0000000000000000000000000000000000000000000000000000000000000000000000000000000000000000000000000000000000000000002b2ea165e05a00
20255,00000000000000000000000000000000000000000000000000000000000000000000000000000000000000000000000000000000000000000046a00baa05a9a0
20265,00000000000000000000000000000000000000000000000000000000000000000000000000000000000000000000000000000000000000000024af045fd253c0
20275,000000000000000000000000000000000000000000000000000000000000000000000000000000000000000000000000000000000000000000318950b357b3e0
20285,000000000000000000000000000000000000000000000000000000000000000000000000000000000000000000000000000000000000000000195a37de5cd9e0
20295,00000000000000000000000000000000000000000000000000000000000000000000000000000000000000000000000000000000000000000038f78aee3df000
20305,00000000000000000000000000000000000000000000000000000000000000000000000000000000000000000000000000000000000000000043b6e1174f7ca0
20315,0000000000000000000000000000000000000000000000000000000000000000000000000000000000000000000000000000000000000000002a6d659a481880
20325,000000000000000000000000000000000000000000000000000000000000000000000000000000000000000000000000000000000000000000272c5bdc42a1e0
20335,0000000000000000000000000000000000000000000000000000000000000000000000000000000000000000000000000000000000000000006ddf280edd6fc0
20345,00000000000000000000000000000000000000000000000000000000000000000000000000000000000000000000000000000000000000000023b6f6b5758f60
20355,00000000000000000000000000000000000000000000000000000000000000000000000000000000000000000000000000000000000000000026fb109aa8a580
20365,000000000000000000000000000000000000000000000000000000000000000000000000000000000000000000000000000000000000000000313d0656058fa0
20375,0000000000000000000000000000000000000000000000000000000000000000000000000000000000000000000000000000000000000000003ec277d9165ec0
20385,00000000000000000000000000000000000000000000000000000000000000000000000000000000000000000000000000000000000000000057654c7ee25a40
20395,0000000000000000000000000000000000000000000000000000000000000000000000000000000000000000000000000000000000000000001fac25b643da80
20405,00000000000000000000000000000000000000000000000000000000000000000000000000000000000000000000000000000000000000000024aa4f1b373be0
20415,0000000000000000000000000000000000000000000000000000000000000000000000000000000000000000000000000000000000000000002eebb2fe007000
20425,0000000000000000000000000000000000000000000000000000000000000000000000000000000000000000000000000000000000000000002d256088ec4560
20435,0000000000000000000000000000000000000000000000000000000000000000000000000000000000000000000000000000000000000000003dfaf1fa396000
20445,00000000000000000000000000000000000000000000000000000000000000000000000000000000000000000000000000000000000000000024b5ae909a6fa0
20455,0000000000000000000000000000000000000000000000000000000000000000000000000000000000000000000000000000000000000000004a7ff7537dc8e0
20465,00000000000000000000000000000000000000000000000000000000000000000000000000000000000000000000000000000000000000000023d811da9cf120
20475,0000000000000000000000000000000000000000000000000000000000000000000000000000000000000000000000000000000000000000002dbd30feb178c0
20485,0000000000000000000000000000000000000000000000000000000000000000000000000000000000000000000000000000000000000000007415af689d1880
20495,0000000000000000000000000000000000000000000000000000000000000000000000000000000000000000000000000000000000000000002586a9db2309c0
20505,0000000000000000000000000000000000000000000000000000000000000000000000000000000000000000000000000000000000000000002ebf5c45e996e0
20515,0000000000000000000000000000000000000000000000000000000000000000000000000000000000000000000000000000000000000000002b7b9b56d7e4a0
20525,00000000000000000000000000000000000000000000000000000000000000000000000000000000000000000000000000000000000000000031951c63c74de0
20535,0000000000000000000000000000000000000000000000000000000000000000000000000000000000000000000000000000000000000000002f6d25b05b2620
20545,0000000000000000000000000000000000000000000000000000000000000000000000000000000000000000000000000000000000000000002d60895d8d4ea0
20555,00000000000000000000000000000000000000000000000000000000000000000000000000000000000000000000000000000000000000000023ad63e755c780
20565,0000000000000000000000000000000000000000000000000000000000000000000000000000000000000000000000000000000000000000002fe46800ef7780
20575,0000000000000000000000000000000000000000000000000000000000000000000000000000000000000000000000000000000000000000005367e188a222c0
20585,0000000000000000000000000000000000000000000000000000000000000000000000000000000000000000000000000000000000000000003e7cfb5dc50260
20595,0000000000000000000000000000000000000000000000000000000000000000000000000000000000000000000000000000000000000000001a1dd79ff34180
20605,0000000000000000000000000000000000000000000000000000000000000000000000000000000000000000000000000000000000000000005399bb0f1ed7c0
20615,000000000000000000000000000000000000000000000000000000000000000000000000000000000000000000000000000000000000000000262cf30b024bc0
20625,0000000000000000000000000000000000000000000000000000000000000000000000000000000000000000000000000000000000000000005174826f349c40
20635,000000000000000000000000000000000000000000000000000000000000000000000000000000000000000000000000000000000000000000317298d2697080
20645,0000000000000000000000000000000000000000000000000000000000000000000000000000000000000000000000000000000000000000004215b05ace7d60
20655,000000000000000000000000000000000000000000000000000000000000000000000000000000000000000000000000000000000000000000263b1dc5219be0
20665,00000000000000000000000000000000000000000000000000000000000000000000000000000000000000000000000000000000000000000035fb823f4361e0
20675,0000000000000000000000000000000000000000000000000000000000000000000000000000000000000000000000000000000000000000002eb704467984e0
20685,00000000000000000000000000000000000000000000000000000000000000000000000000000000000000000000000000000000000000000026b3a301eeefc0
20695,000000000000000000000000000000000000000000000000000000000000000000000000000000000000000000000000000000000000000000313d2c873e1080
20705,000000000000000000000000000000000000000000000000000000000000000000000000000000000000000000000000000000000000000000373d2b1fbe21c0
20715,0000000000000000000000000000000000000000000000000000000000000000000000000000000000000000000000000000000000000000001e00933589a300
20725,0000000000000000000000000000000000000000000000000000000000000000000000000000000000000000000000000000000000000000002fcdbb4762e9e0
20735,0000000000000000000000000000000000000000000000000000000000000000000000000000000000000000000000000000000000000000002c13c4d66fb5a0
20745,000000000000000000000000000000000000000000000000000000000000000000000000000000000000000000000000000000000000000000323529319bfa20
20755,0000000000000000000000000000000000000000000000000000000000000000000000000000000000000000000000000000000000000000006355b575db8880
20765,000000000000000000000000000000000000000000000000000000000000000000000000000000000000000000000000000000000000000000387651a82e2040
20775,0000000000000000000000000000000000000000000000000000000000000000000000000000000000000000000000000000000000000000005c3bba8de59180
20785,0000000000000000000000000000000000000000000000000000000000000000000000000000000000000000000000000000000000000000002b3fe2b37b9fc0
20795,0000000000000000000000000000000000000000000000000000000000000000000000000000000000000000000000000000000000000000007093aae0339c00
20805,00000000000000000000000000000000000000000000000000000000000000000000000000000000000000000000000000000000000000000030f4f5d1080f60
20815,00000000000000000000000000000000000000000000000000000000000000000000000000000000000000000000000000000000000000000032a0972a5ed0a0
20825,0000000000000000000000000000000000000000000000000000000000000000000000000000000000000000000000000000000000000000002e4d2574fe3f20
20835,0000000000000000000000000000000000000000000000000000000000000000000000000000000000000000000000000000000000000000004151a28f66e260
20845,00000000000000000000000000000000000000000000000000000000000000000000000000000000000000000000000000000000000000000032607e1126a940
20855,0000000000000000000000000000000000000000000000000000000000000000000000000000000000000000000000000000000000000000003525c6c3d1a760
20865,0000000000000000000000000000000000000000000000000000000000000000000000000000000000000000000000000000000000000000005f16ebb53e0820
20875,000000000000000000000000000000000000000000000000000000000000000000000000000000000000000000000000000000000000000000321224bdd0a4a0
20885,00000000000000000000000000000000000000000000000000000000000000000000000000000000000000000000000000000000000000000040836dce870500
20895,0000000000000000000000000000000000000000000000000000000000000000000000000000000000000000000000000000000000000000002c21f1ae18b9e0
20905,00000000000000000000000000000000000000000000000000000000000000000000000000000000000000000000000000000000000000000042111e33bae060
20915,000000000000000000000000000000000000000000000000000000000000000000000000000000000000000000000000000000000000000000245e42a0571380
20925,0000000000000000000000000000000000000000000000000000000000000000000000000000000000000000000000000000000000000000003fbe082a990b80
20935,00000000000000000000000000000000000000000000000000000000000000000000000000000000000000000000000000000000000000000022e526c398d360
20945,0000000000000000000000000000000000000000000000000000000000000000000000000000000000000000000000000000000000000000002e1e71a95ef080
20955,00000000000000000000000000000000000000000000000000000000000000000000000000000000000000000000000000000000000000000043b65621317740
20965,0000000000000000000000000000000000000000000000000000000000000000000000000000000000000000000000000000000000000000005c31fb7adc7680
20975,000000000000000000000000000000000000000000000000000000000000000000000000000000000000000000000000000000000000000000306b2b9f3d3ea0
20985,000000000000000000000000000000000000000000000000000000000000000000000000000000000000000000000000000000000000000000183c2d368f61c0
20995,000000000000000000000000000000000000000000000000000000000000000000000000000000000000000000000000000000000000000000545c35c6f060c0
21005,0000000000000000000000000000000000000000000000000000000000000000000000000000000000000000000000000000000000000000002af9d9a4828140
21015,0000000000000000000000000000000000000000000000000000000000000000000000000000000000000000000000000000000000000000004311d7dd820dc0
21025,00000000000000000000000000000000000000000000000000000000000000000000000000000000000000000000000000000000000000000024e93fef970b20
21035,000000000000000000000000000000000000000000000000000000000000000000000000000000000000000000000000000000000000000000374492b2efa220
21045,000000000000000000000000000000000000000000000000000000000000000000000000000000000000000000000000000000000000000000539bb8ca103020
21055,0000000000000000000000000000000000000000000000000000000000000000000000000000000000000000000000000000000000000000002bf6513ae1e760
21065,00000000000000000000000000000000000000000000000000000000000000000000000000000000000000000000000000000000000000000038bbc57244fee0
21075,00000000000000000000000000000000000000000000000000000000000000000000000000000000000000000000000000000000000000000044acdedf59aba0
21085,0000000000000000000000000000000000000000000000000000000000000000000000000000000000000000000000000000000000000000002541de5fc5c020
21095,0000000000000000000000000000000000000000000000000000000000000000000000000000000000000000000000000000000000000000007b11f4977fdd20
21105,00000000000000000000000000000000000000000000000000000000000000000000000000000000000000000000000000000000000000000027a03468258500
21115,0000000000000000000000000000000000000000000000000000000000000000000000000000000000000000000000000000000000000000004a92116fcf5f00
21125,0000000000000000000000000000000000000000000000000000000000000000000000000000000000000000000000000000000000000000002089b43b073a20
21135,000000000000000000000000000000000000000000000000000000000000000000000000000000000000000000000000000000000000000000543c10842e94e0
21145,0000000000000000000000000000000000000000000000000000000000000000000000000000000000000000000000000000000000000000001a302994de9e20
21155,00000000000000000000000000000000000000000000000000000000000000000000000000000000000000000000000000000000000000000077409e9e473b60
21165,000000000000000000000000000000000000000000000000000000000000000000000000000000000000000000000000000000000000000000261237b431e1a0
21175,00000000000000000000000000000000000000000000000000000000000000000000000000000000000000000000000000000000000000000043eb57ceda2dc0
21185,0000000000000000000000000000000000000000000000000000000000000000000000000000000000000000000000000000000000000000003d55d44a45efa0
21195,00000000000000000000000000000000000000000000000000000000000000000000000000000000000000000000000000000000000000000031155cc50081c0
21205,0000000000000000000000000000000000000000000000000000000000000000000000000000000000000000000000000000000000000000004da0d0bb10f7a0
21215,0000000000000000000000000000000000000000000000000000000000000000000000000000000000000000000000000000000000000000004dc1b0fdc629c0
21225,00000000000000000000000000000000000000000000000000000000000000000000000000000000000000000000000000000000000000000036d0201d3e82a0
21235,000000000000000000000000000000000000000000000000000000000000000000000000000000000000000000000000000000000000000000332fbe20b96fe0
21245,000000000000000000000000000000000000000000000000000000000000000000000000000000000000000000000000000000000000000000281fb006f0e620
21255,00000000000000000000000000000000000000000000000000000000000000000000000000000000000000000000000000000000000000000029f58f2c33e980
21265,0000000000000000000000000000000000000000000000000000000000000000000000000000000000000000000000000000000000000000003b5d36ec468c80
21275,0000000000000000000000000000000000000000000000000000000000000000000000000000000000000000000000000000000000000000003e250494ed7780
21285,00000000000000000000000000000000000000000000000000000000000000000000000000000000000000000000000000000000000000000032a4ac33f10340
21295,00000000000000000000000000000000000000000000000000000000000000000000000000000000000000000000000000000000000000000039874b783f7120
21305,00000000000000000000000000000000000000000000000000000000000000000000000000000000000000000000000000000000000000000053b19d8d82d4a0
21315,000000000000000000000000000000000000000000000000000000000000000000000000000000000000000000000000000000000000000000351eb713106260
21325,000000000000000000000000000000000000000000000000000000000000000000000000000000000000000000000000000000000000000000209be5a61c2a80
21335,0000000000000000000000000000000000000000000000000000000000000000000000000000000000000000000000000000000000000000002770fd92b66d40
21345,000000000000000000000000000000000000000000000000000000000000000000000000000000000000000000000000000000000000000000279bb1d4c21660
21355,0000000000000000000000000000000000000000000000000000000000000000000000000000000000000000000000000000000000000000002b77b6eacc4400
21365,0000000000000000000000000000000000000000000000000000000000000000000000000000000000000000000000000000000000000000002c4f8617553e80
21375,0000000000000000000000000000000000000000000000000000000000000000000000000000000000000000000000000000000000000000002b31a7e5ac29e0
21385,0000000000000000000000000000000000000000000000000000000000000000000000000000000000000000000000000000000000000000002db135d81daf00
21395,00000000000000000000000000000000000000000000000000000000000000000000000000000000000000000000000000000000000000000029b127d8325660
21405,0000000000000000000000000000000000000000000000000000000000000000000000000000000000000000000000000000000000000000002bf353f6292980
21415,0000000000000000000000000000000000000000000000000000000000000000000000000000000000000000000000000000000000000000002b0a246855c640
21425,0000000000000000000000000000000000000000000000000000000000000000000000000000000000000000000000000000000000000000006e98f79fe20b00
21435,0000000000000000000000000000000000000000000000000000000000000000000000000000000000000000000000000000000000000000002ea6d4a02e44c0
21445,0000000000000000000000000000000000000000000000000000000000000000000000000000000000000000000000000000000000000000001fa08e4abd09a0
21455,000000000000000000000000000000000000000000000000000000000000000000000000000000000000000000000000000000000000000000323b12c4e73800
21465,0000000000000000000000000000000000000000000000000000000000000000000000000000000000000000000000000000000000000000004ede8660bc2a00
21475,000000000000000000000000000000000000000000000000000000000000000000000000000000000000000000000000000000000000000000322b77b2433000
21485,0000000000000000000000000000000000000000000000000000000000000000000000000000000000000000000000000000000000000000002361ff89f423c0
21495,00000000000000000000000000000000000000000000000000000000000000000000000000000000000000000000000000000000000000000042c9816261e1e0
21505,00000000000000000000000000000000000000000000000000000000000000000000000000000000000000000000000000000000000000000018ec6ae5c2ea20
21515,0000000000000000000000000000000000000000000000000000000000000000000000000000000000000000000000000000000000000000001b1a0ca2a5e900
21525,00000000000000000000000000000000000000000000000000000000000000000000000000000000000000000000000000000000000000000024dfc1703ad140
21535,00000000000000000000000000000000000000000000000000000000000000000000000000000000000000000000000000000000000000000043cc92a98a8080
21545,00000000000000000000000000000000000000000000000000000000000000000000000000000000000000000000000000000000000000000043b6092136a780
21555,00000000000000000000000000000000000000000000000000000000000000000000000000000000000000000000000000000000000000000028af14d5e4e460
21565,000000000000000000000000000000000000000000000000000000000000000000000000000000000000000000000000000000000000000000409bca39318fa0
21575,0000000000000000000000000000000000000000000000000000000000000000000000000000000000000000000000000000000000000000002039a867ce7ca0
21585,00000000000000000000000000000000000000000000000000000000000000000000000000000000000000000000000000000000000000000016e311ba1f4260
21595,000000000000000000000000000000000000000000000000000000000000000000000000000000000000000000000000000000000000000000288fe07f61a180
21605,00000000000000000000000000000000000000000000000000000000000000000000000000000000000000000000000000000000000000000033d3193d1a01a0
21615,00000000000000000000000000000000000000000000000000000000000000000000000000000000000000000000000000000000000000000043ce6e33431300
21625,000000000000000000000000000000000000000000000000000000000000000000000000000000000000000000000000000000000000000000381552cc4125a0
21635,0000000000000000000000000000000000000000000000000000000000000000000000000000000000000000000000000000000000000000002a684ed5b39280
21645,0000000000000000000000000000000000000000000000000000000000000000000000000000000000000000000000000000000000000000004670eb05d026c0
21655,0000000000000000000000000000000000000000000000000000000000000000000000000000000000000000000000000000000000000000001b3e5f82a97aa0
21665,00000000000000000000000000000000000000000000000000000000000000000000000000000000000000000000000000000000000000000041e4f8ca65a100
21675,00000000000000000000000000000000000000000000000000000000000000000000000000000000000000000000000000000000000000000038b3a1f2d16340
21685,000000000000000000000000000000000000000000000000000000000000000000000000000000000000000000000000000000000000000000267c562d0b5380
21695,0000000000000000000000000000000000000000000000000000000000000000000000000000000000000000000000000000000000000000006224294585ed60
21705,0000000000000000000000000000000000000000000000000000000000000000000000000000000000000000000000000000000000000000003baa9ad35e55c0
21715,0000000000000000000000000000000000000000000000000000000000000000000000000000000000000000000000000000000000000000004738876e843e40
21725,0000000000000000000000000000000000000000000000000000000000000000000000000000000000000000000000000000000000000000002783e1c2aba0a0
21735,0000000000000000000000000000000000000000000000000000000000000000000000000000000000000000000000000000000000000000006e0e15a93dc580
21745,0000000000000000000000000000000000000000000000000000000000000000000000000000000000000000000000000000000000000000002506f7500c9720
21755,0000000000000000000000000000000000000000000000000000000000000000000000000000000000000000000000000000000000000000004f07b75df59cc0
21765,000000000000000000000000000000000000000000000000000000000000000000000000000000000000000000000000000000000000000000563f944dc0b620
21775,0000000000000000000000000000000000000000000000000000000000000000000000000000000000000000000000000000000000000000005977db3d9860e0
21785,0000000000000000000000000000000000000000000000000000000000000000000000000000000000000000000000000000000000000000001931bd7ea0f1a0
21795,0000000000000000000000000000000000000000000000000000000000000000000000000000000000000000000000000000000000000000002f86ee69b210c0
21805,000000000000000000000000000000000000000000000000000000000000000000000000000000000000000000000000000000000000000000261aef29c2e760
21815,0000000000000000000000000000000000000000000000000000000000000000000000000000000000000000000000000000000000000000002aa763c79acb60
21825,0000000000000000000000000000000000000000000000000000000000000000000000000000000000000000000000000000000000000000004377ec56a12c20
21835,00000000000000000000000000000000000000000000000000000000000000000000000000000000000000000000000000000000000000000037cb68f89e9da0
21845,00000000000000000000000000000000000000000000000000000000000000000000000000000000000000000000000000000000000000000013ca4a3e4fa360
21855,0000000000000000000000000000000000000000000000000000000000000000000000000000000000000000000000000000000000000000002ec6bff6a532e0
21865,000000000000000000000000000000000000000000000000000000000000000000000000000000000000000000000000000000000000000000312a3f6afab220
21875,0000000000000000000000000000000000000000000000000000000000000000000000000000000000000000000000000000000000000000003aa3ee51603ba0
21885,0000000000000000000000000000000000000000000000000000000000000000000000000000000000000000000000000000000000000000002b2797dc812100
21895,0000000000000000000000000000000000000000000000000000000000000000000000000000000000000000000000000000000000000000002ee47b25df6980
21905,000000000000000000000000000000000000000000000000000000000000000000000000000000000000000000000000000000000000000000426115b8300fe0
21915,0000000000000000000000000000000000000000000000000000000000000000000000000000000000000000000000000000000000000000002953698fbe7ce0
21925,00000000000000000000000000000000000000000000000000000000000000000000000000000000000000000000000000000000000000000021efdc2cbda500
21935,0000000000000000000000000000000000000000000000000000000000000000000000000000000000000000000000000000000000000000003eb5a5a8b874e0
21945,000000000000000000000000000000000000000000000000000000000000000000000000000000000000000000000000000000000000000000392c06fe65cec0
21955,0000000000000000000000000000000000000000000000000000000000000000000000000000000000000000000000000000000000000000001354ac0b28dba0
21965,000000000000000000000000000000000000000000000000000000000000000000000000000000000000000000000000000000000000000000367b687b916c80
21975,000000000000000000000000000000000000000000000000000000000000000000000000000000000000000000000000000000000000000000251133b1d22ce0
21985,00000000000000000000000000000000000000000000000000000000000000000000000000000000000000000000000000000000000000000040d9eebeda36e0
21995,0000000000000000000000000000000000000000000000000000000000000000000000000000000000000000000000000000000000000000005f6309a64465c0
22005,0000000000000000000000000000000000000000000000000000000000000000000000000000000000000000000000000000000000000000003dd76d0676b320
22015,0000000000000000000000000000000000000000000000000000000000000000000000000000000000000000000000000000000000000000002c7ef61422f280
22025,0000000000000000000000000000000000000000000000000000000000000000000000000000000000000000000000000000000000000000002720a570bde7c0
22035,000000000000000000000000000000000000000000000000000000000000000000000000000000000000000000000000000000000000000000462360ed7fdca0
22045,0000000000000000000000000000000000000000000000000000000000000000000000000000000000000000000000000000000000000000005b1f7eb4bdd640
22055,00000000000000000000000000000000000000000000000000000000000000000000000000000000000000000000000000000000000000000023a769f1957ce0
22065,00000000000000000000000000000000000000000000000000000000000000000000000000000000000000000000000000000000000000000026d270ec2a5480
22075,0000000000000000000000000000000000000000000000000000000000000000000000000000000000000000000000000000000000000000002abc37c6338260
22085,000000000000000000000000000000000000000000000000000000000000000000000000000000000000000000000000000000000000000000179927553cc300
22095,0000000000000000000000000000000000000000000000000000000000000000000000000000000000000000000000000000000000000000003adf308875b660
22105,0000000000000000000000000000000000000000000000000000000000000000000000000000000000000000000000000000000000000000002488c8312ace60
22115,0000000000000000000000000000000000000000000000000000000000000000000000000000000000000000000000000000000000000000001ce8f92ad6ece0
22125,000000000000000000000000000000000000000000000000000000000000000000000000000000000000000000000000000000000000000000323fbcebf93700
22135,00000000000000000000000000000000000000000000000000000000000000000000000000000000000000000000000000000000000000000065c02187436ec0
22145,0000000000000000000000000000000000000000000000000000000000000000000000000000000000000000000000000000000000000000004c209006306940
22155,00000000000000000000000000000000000000000000000000000000000000000000000000000000000000000000000000000000000000000032e7c991e16fc0
22165,000000000000000000000000000000000000000000000000000000000000000000000000000000000000000000000000000000000000000000353d2311039b60
22175,00000000000000000000000000000000000000000000000000000000000000000000000000000000000000000000000000000000000000000022363a0a75f8e0
22185,0000000000000000000000000000000000000000000000000000000000000000000000000000000000000000000000000000000000000000001e0bf4838a40c0
22195,0000000000000000000000000000000000000000000000000000000000000000000000000000000000000000000000000000000000000000003205b92af5a940
22205,00000000000000000000000000000000000000000000000000000000000000000000000000000000000000000000000000000000000000000028f648b38eccc0
22215,0000000000000000000000000000000000000000000000000000000000000000000000000000000000000000000000000000000000000000002c4c1ae65523e0
22225,00000000000000000000000000000000000000000000000000000000000000000000000000000000000000000000000000000000000000000028401a35fcd200
22235,0000000000000000000000000000000000000000000000000000000000000000000000000000000000000000000000000000000000000000003290fcbf1d3380
22245,0000000000000000000000000000000000000000000000000000000000000000000000000000000000000000000000000000000000000000004b915c37391dc0
22255,00000000000000000000000000000000000000000000000000000000000000000000000000000000000000000000000000000000000000000035c5f591a40920
22265,00000000000000000000000000000000000000000000000000000000000000000000000000000000000000000000000000000000000000000020455567051460
22275,0000000000000000000000000000000000000000000000000000000000000000000000000000000000000000000000000000000000000000004232e100396c40
22285,00000000000000000000000000000000000000000000000000000000000000000000000000000000000000000000000000000000000000000018f19c2a55a700
22295,0000000000000000000000000000000000000000000000000000000000000000000000000000000000000000000000000000000000000000001e4b9161b715e0
22305,00000000000000000000000000000000000000000000000000000000000000000000000000000000000000000000000000000000000000000022e666afd209a0
22315,0000000000000000000000000000000000000000000000000000000000000000000000000000000000000000000000000000000000000000001eb8495a63afe0
22325,0000000000000000000000000000000000000000000000000000000000000000000000000000000000000000000000000000000000000000002382937de98de0
22335,0000000000000000000000000000000000000000000000000000000000000000000000000000000000000000000000000000000000000000003f1c3497f6b540
22345,000000000000000000000000000000000000000000000000000000000000000000000000000000000000000000000000000000000000000000335c04d8d15d00
22355,00000000000000000000000000000000000000000000000000000000000000000000000000000000000000000000000000000000000000000030fe8f3cb13dc0
22365,0000000000000000000000000000000000000000000000000000000000000000000000000000000000000000000000000000000000000000002fd2583d3ab8c0
22375,0000000000000000000000000000000000000000000000000000000000000000000000000000000000000000000000000000000000000000003201d3a1604340
22385,00000000000000000000000000000000000000000000000000000000000000000000000000000000000000000000000000000000000000000043dddbcfc2c8c0
22395,000000000000000000000000000000000000000000000000000000000000000000000000000000000000000000000000000000000000000000197bb7d2425d00
22405,0000000000000000000000000000000000000000000000000000000000000000000000000000000000000000000000000000000000000000003d486aada374e0
22415,00000000000000000000000000000000000000000000000000000000000000000000000000000000000000000000000000000000000000000034baf4688e2d20
22425,0000000000000000000000000000000000000000000000000000000000000000000000000000000000000000000000000000000000000000002878fbcfb176c0
22435,00000000000000000000000000000000000000000000000000000000000000000000000000000000000000000000000000000000000000000075be5dd5d7f340
22445,0000000000000000000000000000000000000000000000000000000000000000000000000000000000000000000000000000000000000000006428e998db57e0
22455,0000000000000000000000000000000000000000000000000000000000000000000000000000000000000000000000000000000000000000002e8a9a3f9f0c80
22465,0000000000000000000000000000000000000000000000000000000000000000000000000000000000000000000000000000000000000000004406941bc949c0
22475,0000000000000000000000000000000000000000000000000000000000000000000000000000000000000000000000000000000000000000002de4c7a3690820
22485,0000000000000000000000000000000000000000000000000000000000000000000000000000000000000000000000000000000000000000003876a480c61500
22495,0000000000000000000000000000000000000000000000000000000000000000000000000000000000000000000000000000000000000000004e115c15f1baa0
22505,0000000000000000000000000000000000000000000000000000000000000000000000000000000000000000000000000000000000000000006d3611cb7d4440
22515,0000000000000000000000000000000000000000000000000000000000000000000000000000000000000000000000000000000000000000008211306d91f920
22525,00000000000000000000000000000000000000000000000000000000000000000000000000000000000000000000000000000000000000000043ef22d8715ce0
22535,000000000000000000000000000000000000000000000000000000000000000000000000000000000000000000000000000000000000000000699c549371e600
22545,00000000000000000000000000000000000000000000000000000000000000000000000000000000000000000000000000000000000000000024cced98e20dc0
22555,0000000000000000000000000000000000000000000000000000000000000000000000000000000000000000000000000000000000000000003b80becc57cbe0
22565,000000000000000000000000000000000000000000000000000000000000000000000000000000000000000000000000000000000000000000556f7951edeb00
22575,00000000000000000000000000000000000000000000000000000000000000000000000000000000000000000000000000000000000000000026c3e19487f360
22585,0000000000000000000000000000000000000000000000000000000000000000000000000000000000000000000000000000000000000000002cff6c95539340
22595,000000000000000000000000000000000000000000000000000000000000000000000000000000000000000000000000000000000000000000203e8d18b52760
22605,0000000000000000000000000000000000000000000000000000000000000000000000000000000000000000000000000000000000000000001fc9ab030b8b40
22615,00000000000000000000000000000000000000000000000000000000000000000000000000000000000000000000000000000000000000000033bcd52ae8dce0
22625,0000000000000000000000000000000000000000000000000000000000000000000000000000000000000000000000000000000000000000004a3b32ff827a00
22635,0000000000000000000000000000000000000000000000000000000000000000000000000000000000000000000000000000000000000000005006e4fdfedc40
22645,000000000000000000000000000000000000000000000000000000000000000000000000000000000000000000000000000000000000000000650d4f270157a0
22655,000000000000000000000000000000000000000000000000000000000000000000000000000000000000000000000000000000000000000000179b352db6de00
22665,0000000000000000000000000000000000000000000000000000000000000000000000000000000000000000000000000000000000000000006821f2acf10080
22675,00000000000000000000000000000000000000000000000000000000000000000000000000000000000000000000000000000000000000000047822490f0dd80
22685,0000000000000000000000000000000000000000000000000000000000000000000000000000000000000000000000000000000000000000002b8911072aca20
22695,00000000000000000000000000000000000000000000000000000000000000000000000000000000000000000000000000000000000000000036daa0a661f6e0
22705,00000000000000000000000000000000000000000000000000000000000000000000000000000000000000000000000000000000000000000031b9d192892c00
22715,00000000000000000000000000000000000000000000000000000000000000000000000000000000000000000000000000000000000000000027e7bc148eb400
22725,0000000000000000000000000000000000000000000000000000000000000000000000000000000000000000000000000000000000000000004f37fe6e660dc0
22735,0000000000000000000000000000000000000000000000000000000000000000000000000000000000000000000000000000000000000000002668a4d5c17ce0
22745,000000000000000000000000000000000000000000000000000000000000000000000000000000000000000000000000000000000000000000676c3d744328a0
22755,000000000000000000000000000000000000000000000000000000000000000000000000000000000000000000000000000000000000000000619e2675f014a0
22765,0000000000000000000000000000000000000000000000000000000000000000000000000000000000000000000000000000000000000000004af631069a1640
22775,000000000000000000000000000000000000000000000000000000000000000000000000000000000000000000000000000000000000000000442b6b994dc460
22785,000000000000000000000000000000000000000000000000000000000000000000000000000000000000000000000000000000000000000000245b17792b45c0
22795,00000000000000000000000000000000000000000000000000000000000000000000000000000000000000000000000000000000000000000037b22152f03b80
22805,00000000000000000000000000000000000000000000000000000000000000000000000000000000000000000000000000000000000000000045493c0fe414a0
22815,0000000000000000000000000000000000000000000000000000000000000000000000000000000000000000000000000000000000000000003fe8a63b6b1fc0
22825,0000000000000000000000000000000000000000000000000000000000000000000000000000000000000000000000000000000000000000006231cc30e977e0
22835,00000000000000000000000000000000000000000000000000000000000000000000000000000000000000000000000000000000000000000020a2d62f7d12c0
22845,0000000000000000000000000000000000000000000000000000000000000000000000000000000000000000000000000000000000000000003823cacb478fa0
22855,0000000000000000000000000000000000000000000000000000000000000000000000000000000000000000000000000000000000000000002deebf05334420
22865,00000000000000000000000000000000000000000000000000000000000000000000000000000000000000000000000000000000000000000027da05da678a40
22875,00000000000000000000000000000000000000000000000000000000000000000000000000000000000000000000000000000000000000000033d1d364926ca0
22885,00000000000000000000000000000000000000000000000000000000000000000000000000000000000000000000000000000000000000000058b47e549b0200
22895,0000000000000000000000000000000000000000000000000000000000000000000000000000000000000000000000000000000000000000002bf54ae2560b00
22905,0000000000000000000000000000000000000000000000000000000000000000000000000000000000000000000000000000000000000000005bc7ecbd15a680
22915,000000000000000000000000000000000000000000000000000000000000000000000000000000000000000000000000000000000000000000280f96b941ae60
22925,00000000000000000000000000000000000000000000000000000000000000000000000000000000000000000000000000000000000000000029361556a4b8a0
22935,0000000000000000000000000000000000000000000000000000000000000000000000000000000000000000000000000000000000000000003c3f213f83a8c0
22945,000000000000000000000000000000000000000000000000000000000000000000000000000000000000000000000000000000000000000000372997dc237f60
22955,0000000000000000000000000000000000000000000000000000000000000000000000000000000000000000000000000000000000000000005245044d76a000
22965,0000000000000000000000000000000000000000000000000000000000000000000000000000000000000000000000000000000000000000005454460c6596e0
22975,000000000000000000000000000000000000000000000000000000000000000000000000000000000000000000000000000000000000000000416df6eff45a20
22985,0000000000000000000000000000000000000000000000000000000000000000000000000000000000000000000000000000000000000000002754e8771100e0
22995,000000000000000000000000000000000000000000000000000000000000000000000000000000000000000000000000000000000000000000242df699bf95a0
23005,0000000000000000000000000000000000000000000000000000000000000000000000000000000000000000000000000000000000000000001fa95467af88c0
23015,00000000000000000000000000000000000000000000000000000000000000000000000000000000000000000000000000000000000000000025903578083a00
23025,00000000000000000000000000000000000000000000000000000000000000000000000000000000000000000000000000000000000000000021c739ea8e4560
23035,00000000000000000000000000000000000000000000000000000000000000000000000000000000000000000000000000000000000000000023b33ae6f10ac0
23045,000000000000000000000000000000000000000000000000000000000000000000000000000000000000000000000000000000000000000000540ac91b31e000
23055,0000000000000000000000000000000000000000000000000000000000000000000000000000000000000000000000000000000000000000002fc8b6bde0daa0
23065,00000000000000000000000000000000000000000000000000000000000000000000000000000000000000000000000000000000000000000048f4d79f58c140
23075,000000000000000000000000000000000000000000000000000000000000000000000000000000000000000000000000000000000000000000566781cb0ff540
23085,000000000000000000000000000000000000000000000000000000000000000000000000000000000000000000000000000000000000000000416b10e64dbcc0
23095,0000000000000000000000000000000000000000000000000000000000000000000000000000000000000000000000000000000000000000003ef1487d5145a0
23105,0000000000000000000000000000000000000000000000000000000000000000000000000000000000000000000000000000000000000000001e4dbb3a2f4de0
23115,00000000000000000000000000000000000000000000000000000000000000000000000000000000000000000000000000000000000000000028ffc35a4dbf20
23125,00000000000000000000000000000000000000000000000000000000000000000000000000000000000000000000000000000000000000000020760b0b1f4d00
23135,000000000000000000000000000000000000000000000000000000000000000000000000000000000000000000000000000000000000000000427ff5ac42db00
23145,000000000000000000000000000000000000000000000000000000000000000000000000000000000000000000000000000000000000000000349394fee69640
23155,00000000000000000000000000000000000000000000000000000000000000000000000000000000000000000000000000000000000000000023961623fb7640
23165,0000000000000000000000000000000000000000000000000000000000000000000000000000000000000000000000000000000000000000002cf16302947d60
23175,0000000000000000000000000000000000000000000000000000000000000000000000000000000000000000000000000000000000000000002b4229bd2cf3e0
23185,0000000000000000000000000000000000000000000000000000000000000000000000000000000000000000000000000000000000000000002461012027bd60
23195,00000000000000000000000000000000000000000000000000000000000000000000000000000000000000000000000000000000000000000023bd74e640a240
23205,000000000000000000000000000000000000000000000000000000000000000000000000000000000000000000000000000000000000000000511b35eb606700
23215,00000000000000000000000000000000000000000000000000000000000000000000000000000000000000000000000000000000000000000025c6c756d10ce0
23225,0000000000000000000000000000000000000000000000000000000000000000000000000000000000000000000000000000000000000000002ad6f5132b2d20
23235,00000000000000000000000000000000000000000000000000000000000000000000000000000000000000000000000000000000000000000039767416ebcd20
23245,00000000000000000000000000000000000000000000000000000000000000000000000000000000000000000000000000000000000000000036053a524cf5a0
23255,0000000000000000000000000000000000000000000000000000000000000000000000000000000000000000000000000000000000000000003992a29505ab00
23265,00000000000000000000000000000000000000000000000000000000000000000000000000000000000000000000000000000000000000000031af36ce53cb00
23275,000000000000000000000000000000000000000000000000000000000000000000000000000000000000000000000000000000000000000000344e6317416e80
23285,0000000000000000000000000000000000000000000000000000000000000000000000000000000000000000000000000000000000000000002d27a86b3b14c0
23295,0000000000000000000000000000000000000000000000000000000000000000000000000000000000000000000000000000000000000000004361b5ff82cbc0
23305,0000000000000000000000000000000000000000000000000000000000000000000000000000000000000000000000000000000000000000005a54d2d6172700
23315,0000000000000000000000000000000000000000000000000000000000000000000000000000000000000000000000000000000000000000002cd602981df7c0
23325,0000000000000000000000000000000000000000000000000000000000000000000000000000000000000000000000000000000000000000002ffe16d7d1f940
23335,0000000000000000000000000000000000000000000000000000000000000000000000000000000000000000000000000000000000000000002521c65816c140
23345,00000000000000000000000000000000000000000000000000000000000000000000000000000000000000000000000000000000000000000015906c0c049f20
23355,0000000000000000000000000000000000000000000000000000000000000000000000000000000000000000000000000000000000000000002018381b4a61a0
23365,0000000000000000000000000000000000000000000000000000000000000000000000000000000000000000000000000000000000000000003e321a8a331f20
23375,00000000000000000000000000000000000000000000000000000000000000000000000000000000000000000000000000000000000000000032d3ac133c6ca0
23385,00000000000000000000000000000000000000000000000000000000000000000000000000000000000000000000000000000000000000000031312b080d2a60
23395,0000000000000000000000000000000000000000000000000000000000000000000000000000000000000000000000000000000000000000004bba9a2a991360
23405,00000000000000000000000000000000000000000000000000000000000000000000000000000000000000000000000000000000000000000015e1f568fc44a0
23415,00000000000000000000000000000000000000000000000000000000000000000000000000000000000000000000000000000000000000000037e3ea76f7e3c0
23425,0000000000000000000000000000000000000000000000000000000000000000000000000000000000000000000000000000000000000000002a7e06408bbb60
23435,00000000000000000000000000000000000000000000000000000000000000000000000000000000000000000000000000000000000000000037d5f915724040
23445,00000000000000000000000000000000000000000000000000000000000000000000000000000000000000000000000000000000000000000024b44b9a8af840
23455,0000000000000000000000000000000000000000000000000000000000000000000000000000000000000000000000000000000000000000000d801f20f674e0
23465,0000000000000000000000000000000000000000000000000000000000000000000000000000000000000000000000000000000000000000001afc6555e082c0
23475,00000000000000000000000000000000000000000000000000000000000000000000000000000000000000000000000000000000000000000028aea2e99dcca0
23485,0000000000000000000000000000000000000000000000000000000000000000000000000000000000000000000000000000000000000000004556832c88e280
23495,00000000000000000000000000000000000000000000000000000000000000000000000000000000000000000000000000000000000000000039bfd2fe48eca0
23505,0000000000000000000000000000000000000000000000000000000000000000000000000000000000000000000000000000000000000000002cd35ff0e8f760
23515,0000000000000000000000000000000000000000000000000000000000000000000000000000000000000000000000000000000000000000005a91465bdcfb80
23525,00000000000000000000000000000000000000000000000000000000000000000000000000000000000000000000000000000000000000000054ed685ab19040
23535,00000000000000000000000000000000000000000000000000000000000000000000000000000000000000000000000000000000000000000033682b9cec0f00
23545,000000000000000000000000000000000000000000000000000000000000000000000000000000000000000000000000000000000000000000191391631f9200
23555,00000000000000000000000000000000000000000000000000000000000000000000000000000000000000000000000000000000000000000028dc595cb0a3a0
23565,00000000000000000000000000000000000000000000000000000000000000000000000000000000000000000000000000000000000000000021c6974d0f61e0
23575,0000000000000000000000000000000000000000000000000000000000000000000000000000000000000000000000000000000000000000005310ca7acf35c0
23585,0000000000000000000000000000000000000000000000000000000000000000000000000000000000000000000000000000000000000000002771d53031be80
23595,0000000000000000000000000000000000000000000000000000000000000000000000000000000000000000000000000000000000000000003174136fd9c600
23605,00000000000000000000000000000000000000000000000000000000000000000000000000000000000000000000000000000000000000000062cd021c9b7780
23615,0000000000000000000000000000000000000000000000000000000000000000000000000000000000000000000000000000000000000000003d3b32d5e9ee60
23625,000000000000000000000000000000000000000000000000000000000000000000000000000000000000000000000000000000000000000000253983af1ac8e0
23635,00000000000000000000000000000000000000000000000000000000000000000000000000000000000000000000000000000000000000000029123c00719400
23645,0000000000000000000000000000000000000000000000000000000000000000000000000000000000000000000000000000000000000000002aba17a8ce53c0
23655,000000000000000000000000000000000000000000000000000000000000000000000000000000000000000000000000000000000000000000364f88cd4b2b80
23665,000000000000000000000000000000000000000000000000000000000000000000000000000000000000000000000000000000000000000000351000805cf4c0
23675,00000000000000000000000000000000000000000000000000000000000000000000000000000000000000000000000000000000000000000029d871a4518980
23685,000000000000000000000000000000000000000000000000000000000000000000000000000000000000000000000000000000000000000000537a0224f348c0
23695,00000000000000000000000000000000000000000000000000000000000000000000000000000000000000000000000000000000000000000039ed43c0256220
23705,0000000000000000000000000000000000000000000000000000000000000000000000000000000000000000000000000000000000000000002df371fb099780
23715,000000000000000000000000000000000000000000000000000000000000000000000000000000000000000000000000000000000000000000400e3ed66c6fc0
23725,000000000000000000000000000000000000000000000000000000000000000000000000000000000000000000000000000000000000000000542e8122a256e0
23735,0000000000000000000000000000000000000000000000000000000000000000000000000000000000000000000000000000000000000000003c5b8c5b2349a0
23745,000000000000000000000000000000000000000000000000000000000000000000000000000000000000000000000000000000000000000000417cd12a07d6e0
23755,00000000000000000000000000000000000000000000000000000000000000000000000000000000000000000000000000000000000000000033813eb8c55de0
23765,000000000000000000000000000000000000000000000000000000000000000000000000000000000000000000000000000000000000000000315006de9663e0
23775,0000000000000000000000000000000000000000000000000000000000000000000000000000000000000000000000000000000000000000002e7269414059c0
23785,0000000000000000000000000000000000000000000000000000000000000000000000000000000000000000000000000000000000000000004f28346f766a40
23795,0000000000000000000000000000000000000000000000000000000000000000000000000000000000000000000000000000000000000000002451a9d26b7320
23805,0000000000000000000000000000000000000000000000000000000000000000000000000000000000000000000000000000000000000000001c7e78947a3ee0
23815,0000000000000000000000000000000000000000000000000000000000000000000000000000000000000000000000000000000000000000006195abb1960ba0
23825,00000000000000000000000000000000000000000000000000000000000000000000000000000000000000000000000000000000000000000024d96ca1e31be0
23835,0000000000000000000000000000000000000000000000000000000000000000000000000000000000000000000000000000000000000000003434b57b7288c0
23845,0000000000000000000000000000000000000000000000000000000000000000000000000000000000000000000000000000000000000000001bef534f5a9620
23855,0000000000000000000000000000000000000000000000000000000000000000000000000000000000000000000000000000000000000000004441c3fa427720
23865,000000000000000000000000000000000000000000000000000000000000000000000000000000000000000000000000000000000000000000243df6f1491980
23875,0000000000000000000000000000000000000000000000000000000000000000000000000000000000000000000000000000000000000000003bf5db7f874d80
23885,000000000000000000000000000000000000000000000000000000000000000000000000000000000000000000000000000000000000000000299ebf2834d0a0
23895,000000000000000000000000000000000000000000000000000000000000000000000000000000000000000000000000000000000000000000300b4de0c6a160
23905,00000000000000000000000000000000000000000000000000000000000000000000000000000000000000000000000000000000000000000049aac1f58cdd80
23915,00000000000000000000000000000000000000000000000000000000000000000000000000000000000000000000000000000000000000000036991b171afc00
23925,00000000000000000000000000000000000000000000000000000000000000000000000000000000000000000000000000000000000000000033ab92ac129800
23935,00000000000000000000000000000000000000000000000000000000000000000000000000000000000000000000000000000000000000000034fb2c32ff56c0
23945,0000000000000000000000000000000000000000000000000000000000000000000000000000000000000000000000000000000000000000005a29c527c2bf80
23955,00000000000000000000000000000000000000000000000000000000000000000000000000000000000000000000000000000000000000000017f93389d7a140
23965,00000000000000000000000000000000000000000000000000000000000000000000000000000000000000000000000000000000000000000041b0da08fc6500
23975,00000000000000000000000000000000000000000000000000000000000000000000000000000000000000000000000000000000000000000028db54b55fbdc0
23985,000000000000000000000000000000000000000000000000000000000000000000000000000000000000000000000000000000000000000000240e83882cdba0
23995,0000000000000000000000000000000000000000000000000000000000000000000000000000000000000000000000000000000000000000003317cc8ea53c00
24005,0000000000000000000000000000000000000000000000000000000000000000000000000000000000000000000000000000000000000000003d34fac2a3faa0
24015,000000000000000000000000000000000000000000000000000000000000000000000000000000000000000000000000000000000000000000264f6d88af8aa0
24025,0000000000000000000000000000000000000000000000000000000000000000000000000000000000000000000000000000000000000000002559d8f1d958c0
24035,000000000000000000000000000000000000000000000000000000000000000000000000000000000000000000000000000000000000000000345ef8eec0df80
24045,00000000000000000000000000000000000000000000000000000000000000000000000000000000000000000000000000000000000000000031b57d08fb40c0
24055,00000000000000000000000000000000000000000000000000000000000000000000000000000000000000000000000000000000000000000054ccfe3f56de20
24065,00000000000000000000000000000000000000000000000000000000000000000000000000000000000000000000000000000000000000000023f6e5c4d7ee60
24075,00000000000000000000000000000000000000000000000000000000000000000000000000000000000000000000000000000000000000000032ead8d698f720
24085,0000000000000000000000000000000000000000000000000000000000000000000000000000000000000000000000000000000000000000001409f46167e260
24095,0000000000000000000000000000000000000000000000000000000000000000000000000000000000000000000000000000000000000000002863ba825b3100
24105,00000000000000000000000000000000000000000000000000000000000000000000000000000000000000000000000000000000000000000050f0fb01ea1a80
24115,0000000000000000000000000000000000000000000000000000000000000000000000000000000000000000000000000000000000000000001a9384e6ca4040
24125,0000000000000000000000000000000000000000000000000000000000000000000000000000000000000000000000000000000000000000003ee6567e0e1420
24135,00000000000000000000000000000000000000000000000000000000000000000000000000000000000000000000000000000000000000000050ee443353ffa0
24145,0000000000000000000000000000000000000000000000000000000000000000000000000000000000000000000000000000000000000000004e8753c9127a80
24155,0000000000000000000000000000000000000000000000000000000000000000000000000000000000000000000000000000000000000000006a3e8aeaf9e340
24165,0000000000000000000000000000000000000000000000000000000000000000000000000000000000000000000000000000000000000000006edbc8af12af80
24175,0000000000000000000000000000000000000000000000000000000000000000000000000000000000000000000000000000000000000000003320f3dccc4240
24185,00000000000000000000000000000000000000000000000000000000000000000000000000000000000000000000000000000000000000000058a97637cf7560
24195,0000000000000000000000000000000000000000000000000000000000000000000000000000000000000000000000000000000000000000003e8577abf78e60
24205,0000000000000000000000000000000000000000000000000000000000000000000000000000000000000000000000000000000000000000006347c780a46ee0
24215,000000000000000000000000000000000000000000000000000000000000000000000000000000000000000000000000000000000000000000330a247206f760
24225,00000000000000000000000000000000000000000000000000000000000000000000000000000000000000000000000000000000000000000029934e28fa2de0
24235,0000000000000000000000000000000000000000000000000000000000000000000000000000000000000000000000000000000000000000002ab44eee1e6920
24245,0000000000000000000000000000000000000000000000000000000000000000000000000000000000000000000000000000000000000000004bfe2cc3954ae0
24255,0000000000000000000000000000000000000000000000000000000000000000000000000000000000000000000000000000000000000000002641249d572fa0
24265,0000000000000000000000000000000000000000000000000000000000000000000000000000000000000000000000000000000000000000003ac44f4f31b260
24275,00000000000000000000000000000000000000000000000000000000000000000000000000000000000000000000000000000000000000000042e600ea4ee760
24285,0000000000000000000000000000000000000000000000000000000000000000000000000000000000000000000000000000000000000000002e9a24973083e0
24295,0000000000000000000000000000000000000000000000000000000000000000000000000000000000000000000000000000000000000000002b429f02115bc0
24305,0000000000000000000000000000000000000000000000000000000000000000000000000000000000000000000000000000000000000000002506f2500ced60
24315,0000000000000000000000000000000000000000000000000000000000000000000000000000000000000000000000000000000000000000004d7fe71fbedce0
24325,0000000000000000000000000000000000000000000000000000000000000000000000000000000000000000000000000000000000000000001b02bab7e96940
24335,0000000000000000000000000000000000000000000000000000000000000000000000000000000000000000000000000000000000000000001a727a72dcd240
24345,00000000000000000000000000000000000000000000000000000000000000000000000000000000000000000000000000000000000000000028056675052040
24355,00000000000000000000000000000000000000000000000000000000000000000000000000000000000000000000000000000000000000000031676ce6db6140
24365,0000000000000000000000000000000000000000000000000000000000000000000000000000000000000000000000000000000000000000004bd192955b9b00
24375,0000000000000000000000000000000000000000000000000000000000000000000000000000000000000000000000000000000000000000004289d30e0ed780
24385,00000000000000000000000000000000000000000000000000000000000000000000000000000000000000000000000000000000000000000034072ba5e688c0
24395,0000000000000000000000000000000000000000000000000000000000000000000000000000000000000000000000000000000000000000002bc93ee54dda00
24405,000000000000000000000000000000000000000000000000000000000000000000000000000000000000000000000000000000000000000000358e4e81b2d020
24415,0000000000000000000000000000000000000000000000000000000000000000000000000000000000000000000000000000000000000000003378b3081db3e0
24425,00000000000000000000000000000000000000000000000000000000000000000000000000000000000000000000000000000000000000000034497bab4741a0
24435,0000000000000000000000000000000000000000000000000000000000000000000000000000000000000000000000000000000000000000006e0a3d50e28fa0
24445,00000000000000000000000000000000000000000000000000000000000000000000000000000000000000000000000000000000000000000022f81dd602e860
24455,000000000000000000000000000000000000000000000000000000000000000000000000000000000000000000000000000000000000000000384ce14882cb80
24465,000000000000000000000000000000000000000000000000000000000000000000000000000000000000000000000000000000000000000000133abe8ce81c80
24475,0000000000000000000000000000000000000000000000000000000000000000000000000000000000000000000000000000000000000000004ec3e23b254380
24485,00000000000000000000000000000000000000000000000000000000000000000000000000000000000000000000000000000000000000000029eade8f627780
24495,00000000000000000000000000000000000000000000000000000000000000000000000000000000000000000000000000000000000000000013ae51ac80e840
24505,00000000000000000000000000000000000000000000000000000000000000000000000000000000000000000000000000000000000000000046b2a2bc7636a0
24515,0000000000000000000000000000000000000000000000000000000000000000000000000000000000000000000000000000000000000000003175dcefbaf220
24525,0000000000000000000000000000000000000000000000000000000000000000000000000000000000000000000000000000000000000000002d489c90651740
24535,0000000000000000000000000000000000000000000000000000000000000000000000000000000000000000000000000000000000000000003c69a71543adc0
24545,000000000000000000000000000000000000000000000000000000000000000000000000000000000000000000000000000000000000000000369b4f6f927ee0
24555,0000000000000000000000000000000000000000000000000000000000000000000000000000000000000000000000000000000000000000002ebfa8a85a98a0
24565,0000000000000000000000000000000000000000000000000000000000000000000000000000000000000000000000000000000000000000004637d71d59f980
24575,0000000000000000000000000000000000000000000000000000000000000000000000000000000000000000000000000000000000000000005f192db51715a0
24585,0000000000000000000000000000000000000000000000000000000000000000000000000000000000000000000000000000000000000000002ddfc27c5d2ae0
24595,000000000000000000000000000000000000000000000000000000000000000000000000000000000000000000000000000000000000000000319a07285ecae0
24605,0000000000000000000000000000000000000000000000000000000000000000000000000000000000000000000000000000000000000000004da8aaebc49780
24615,0000000000000000000000000000000000000000000000000000000000000000000000000000000000000000000000000000000000000000004c697b4632dda0
24625,0000000000000000000000000000000000000000000000000000000000000000000000000000000000000000000000000000000000000000003a45936b6d1720
24635,000000000000000000000000000000000000000000000000000000000000000000000000000000000000000000000000000000000000000000370bf88584f240
24645,00000000000000000000000000000000000000000000000000000000000000000000000000000000000000000000000000000000000000000056f7cf5ee09300
24655,00000000000000000000000000000000000000000000000000000000000000000000000000000000000000000000000000000000000000000036a6b15b1ceaa0
24665,00000000000000000000000000000000000000000000000000000000000000000000000000000000000000000000000000000000000000000033d668bce0e640
24675,0000000000000000000000000000000000000000000000000000000000000000000000000000000000000000000000000000000000000000003900cbb28aa180
24685,00000000000000000000000000000000000000000000000000000000000000000000000000000000000000000000000000000000000000000028448484759480
24695,00000000000000000000000000000000000000000000000000000000000000000000000000000000000000000000000000000000000000000034db4883ea5ac0
24705,0000000000000000000000000000000000000000000000000000000000000000000000000000000000000000000000000000000000000000003917a6d862d340
24715,0000000000000000000000000000000000000000000000000000000000000000000000000000000000000000000000000000000000000000002541885fcb8ba0
24725,00000000000000000000000000000000000000000000000000000000000000000000000000000000000000000000000000000000000000000012551afed78a40
24735,0000000000000000000000000000000000000000000000000000000000000000000000000000000000000000000000000000000000000000002854afc84af8e0
24745,0000000000000000000000000000000000000000000000000000000000000000000000000000000000000000000000000000000000000000003c925bc3c09480
24755,000000000000000000000000000000000000000000000000000000000000000000000000000000000000000000000000000000000000000000363a056c481e80
24765,000000000000000000000000000000000000000000000000000000000000000000000000000000000000000000000000000000000000000000621cbc460605a0
24775,0000000000000000000000000000000000000000000000000000000000000000000000000000000000000000000000000000000000000000003f7c257dce7e40
24785,0000000000000000000000000000000000000000000000000000000000000000000000000000000000000000000000000000000000000000002ddf47b77921e0
24795,000000000000000000000000000000000000000000000000000000000000000000000000000000000000000000000000000000000000000000852348875ec220
24805,0000000000000000000000000000000000000000000000000000000000000000000000000000000000000000000000000000000000000000002e529e60ee9e20
24815,0000000000000000000000000000000000000000000000000000000000000000000000000000000000000000000000000000000000000000003518cf1d4ee140
24825,00000000000000000000000000000000000000000000000000000000000000000000000000000000000000000000000000000000000000000013c0b897923dc0
24835,00000000000000000000000000000000000000000000000000000000000000000000000000000000000000000000000000000000000000000026694c382c5ce0
24845,0000000000000000000000000000000000000000000000000000000000000000000000000000000000000000000000000000000000000000004fce3d01d02e40
24855,000000000000000000000000000000000000000000000000000000000000000000000000000000000000000000000000000000000000000000286a73d0ac20c0
24865,00000000000000000000000000000000000000000000000000000000000000000000000000000000000000000000000000000000000000000021f382d3e12060
24875,0000000000000000000000000000000000000000000000000000000000000000000000000000000000000000000000000000000000000000002254c8b9a1ef20
24885,00000000000000000000000000000000000000000000000000000000000000000000000000000000000000000000000000000000000000000026ad5eeea9cb00
24895,00000000000000000000000000000000000000000000000000000000000000000000000000000000000000000000000000000000000000000044c1fd854fd100
24905,0000000000000000000000000000000000000000000000000000000000000000000000000000000000000000000000000000000000000000003db0dd44239460
24915,0000000000000000000000000000000000000000000000000000000000000000000000000000000000000000000000000000000000000000002e3cba44de6480
24925,0000000000000000000000000000000000000000000000000000000000000000000000000000000000000000000000000000000000000000001cc884b6df6360
24935,00000000000000000000000000000000000000000000000000000000000000000000000000000000000000000000000000000000000000000027cd69db410d40
24945,0000000000000000000000000000000000000000000000000000000000000000000000000000000000000000000000000000000000000000002847c83f50f560
24955,0000000000000000000000000000000000000000000000000000000000000000000000000000000000000000000000000000000000000000005cbbcf540916e0
24965,00000000000000000000000000000000000000000000000000000000000000000000000000000000000000000000000000000000000000000021934ff7e666c0
24975,00000000000000000000000000000000000000000000000000000000000000000000000000000000000000000000000000000000000000000047afb5c8f28580
24985,0000000000000000000000000000000000000000000000000000000000000000000000000000000000000000000000000000000000000000002b68d7e1f42de0
24995,000000000000000000000000000000000000000000000000000000000000000000000000000000000000000000000000000000000000000000205554d23fe340
25005,0000000000000000000000000000000000000000000000000000000000000000000000000000000000000000000000000000000000000000003ff12b9375ad60
25015,00000000000000000000000000000000000000000000000000000000000000000000000000000000000000000000000000000000000000000035897f3340dbe0
25025,00000000000000000000000000000000000000000000000000000000000000000000000000000000000000000000000000000000000000000059a07789a0c4e0
25035,000000000000000000000000000000000000000000000000000000000000000000000000000000000000000000000000000000000000000000300c369bcaa400
25045,00000000000000000000000000000000000000000000000000000000000000000000000000000000000000000000000000000000000000000019703e492fb000
25055,000000000000000000000000000000000000000000000000000000000000000000000000000000000000000000000000000000000000000000260e3220c606c0
25065,0000000000000000000000000000000000000000000000000000000000000000000000000000000000000000000000000000000000000000001d2a7e6b5900c0
25075,0000000000000000000000000000000000000000000000000000000000000000000000000000000000000000000000000000000000000000003ce6025ba77300
25085,00000000000000000000000000000000000000000000000000000000000000000000000000000000000000000000000000000000000000000016c19314fe9500
25095,0000000000000000000000000000000000000000000000000000000000000000000000000000000000000000000000000000000000000000003198c428748ea0
25105,000000000000000000000000000000000000000000000000000000000000000000000000000000000000000000000000000000000000000000414396240a73c0
25115,00000000000000000000000000000000000000000000000000000000000000000000000000000000000000000000000000000000000000000034532af9651de0
25125,00000000000000000000000000000000000000000000000000000000000000000000000000000000000000000000000000000000000000000057bbe947d135a0
25135,0000000000000000000000000000000000000000000000000000000000000000000000000000000000000000000000000000000000000000004ae55087bd36e0
25145,0000000000000000000000000000000000000000000000000000000000000000000000000000000000000000000000000000000000000000005fc04c33ace460
25155,0000000000000000000000000000000000000000000000000000000000000000000000000000000000000000000000000000000000000000004a1ea663e51b00
25165,0000000000000000000000000000000000000000000000000000000000000000000000000000000000000000000000000000000000000000003ec89bced3d4e0
25175,0000000000000000000000000000000000000000000000000000000000000000000000000000000000000000000000000000000000000000003446948def7bc0
25185,0000000000000000000000000000000000000000000000000000000000000000000000000000000000000000000000000000000000000000002680435e02aba0
25195,0000000000000000000000000000000000000000000000000000000000000000000000000000000000000000000000000000000000000000003b2366178e5540
25205,0000000000000000000000000000000000000000000000000000000000000000000000000000000000000000000000000000000000000000003094db39f801e0
25215,000000000000000000000000000000000000000000000000000000000000000000000000000000000000000000000000000000000000000000454e7185b19ce0
25225,000000000000000000000000000000000000000000000000000000000000000000000000000000000000000000000000000000000000000000497d7933adb600
25235,00000000000000000000000000000000000000000000000000000000000000000000000000000000000000000000000000000000000000000045783479089c40
25245,0000000000000000000000000000000000000000000000000000000000000000000000000000000000000000000000000000000000000000001e798ac1142f60
25255,0000000000000000000000000000000000000000000000000000000000000000000000000000000000000000000000000000000000000000001d2dc61c5b7fc0
25265,0000000000000000000000000000000000000000000000000000000000000000000000000000000000000000000000000000000000000000002e11466555cc20
25275,00000000000000000000000000000000000000000000000000000000000000000000000000000000000000000000000000000000000000000031589fe7dab180
25285,0000000000000000000000000000000000000000000000000000000000000000000000000000000000000000000000000000000000000000002bf9fe26f14560
25295,0000000000000000000000000000000000000000000000000000000000000000000000000000000000000000000000000000000000000000003aba3b7741fee0
25305,0000000000000000000000000000000000000000000000000000000000000000000000000000000000000000000000000000000000000000004b8867b7d39760
25315,00000000000000000000000000000000000000000000000000000000000000000000000000000000000000000000000000000000000000000016080848e1a640
25325,000000000000000000000000000000000000000000000000000000000000000000000000000000000000000000000000000000000000000000185b2df964e340
25335,0000000000000000000000000000000000000000000000000000000000000000000000000000000000000000000000000000000000000000004a89b152d60060
25345,000000000000000000000000000000000000000000000000000000000000000000000000000000000000000000000000000000000000000000280299eb5ccb00
25355,000000000000000000000000000000000000000000000000000000000000000000000000000000000000000000000000000000000000000000476d1408839d40
25365,0000000000000000000000000000000000000000000000000000000000000000000000000000000000000000000000000000000000000000002eefa6b8cff4e0
25375,0000000000000000000000000000000000000000000000000000000000000000000000000000000000000000000000000000000000000000002aa896f8c12c00
25385,00000000000000000000000000000000000000000000000000000000000000000000000000000000000000000000000000000000000000000033aa052254c400
25395,00000000000000000000000000000000000000000000000000000000000000000000000000000000000000000000000000000000000000000074f8c780b22e00
25405,000000000000000000000000000000000000000000000000000000000000000000000000000000000000000000000000000000000000000000728a8e2a9f8de0
25415,00000000000000000000000000000000000000000000000000000000000000000000000000000000000000000000000000000000000000000039b4ac30445dc0
25425,0000000000000000000000000000000000000000000000000000000000000000000000000000000000000000000000000000000000000000000f2e4d48e62580
25435,00000000000000000000000000000000000000000000000000000000000000000000000000000000000000000000000000000000000000000049f29170b62220
25445,00000000000000000000000000000000000000000000000000000000000000000000000000000000000000000000000000000000000000000024c46d4aafc6c0
25455,0000000000000000000000000000000000000000000000000000000000000000000000000000000000000000000000000000000000000000003622b91f151680
25465,0000000000000000000000000000000000000000000000000000000000000000000000000000000000000000000000000000000000000000003449d7702d6160
25475,000000000000000000000000000000000000000000000000000000000000000000000000000000000000000000000000000000000000000000337cb16a4ef720
25485,00000000000000000000000000000000000000000000000000000000000000000000000000000000000000000000000000000000000000000028e3bb5c314920
25495,0000000000000000000000000000000000000000000000000000000000000000000000000000000000000000000000000000000000000000002825d88686ab80
25505,00000000000000000000000000000000000000000000000000000000000000000000000000000000000000000000000000000000000000000029ed2bca4e7480
25515,000000000000000000000000000000000000000000000000000000000000000000000000000000000000000000000000000000000000000000372939e60271c0
25525,0000000000000000000000000000000000000000000000000000000000000000000000000000000000000000000000000000000000000000002124561cea95e0
25535,00000000000000000000000000000000000000000000000000000000000000000000000000000000000000000000000000000000000000000056e7ce561c0760
25545,0000000000000000000000000000000000000000000000000000000000000000000000000000000000000000000000000000000000000000005c77918004b7e0
25555,000000000000000000000000000000000000000000000000000000000000000000000000000000000000000000000000000000000000000000689a2f5611fd40
25565,00000000000000000000000000000000000000000000000000000000000000000000000000000000000000000000000000000000000000000037ecac4efe5dc0
25575,0000000000000000000000000000000000000000000000000000000000000000000000000000000000000000000000000000000000000000001c6522bd91bde0
25585,00000000000000000000000000000000000000000000000000000000000000000000000000000000000000000000000000000000000000000038c3a167e4cf00
25595,000000000000000000000000000000000000000000000000000000000000000000000000000000000000000000000000000000000000000000330ef0542a61c0
25605,0000000000000000000000000000000000000000000000000000000000000000000000000000000000000000000000000000000000000000003f2ac02aad08a0
25615,0000000000000000000000000000000000000000000000000000000000000000000000000000000000000000000000000000000000000000001e9489042edc00
25625,000000000000000000000000000000000000000000000000000000000000000000000000000000000000000000000000000000000000000000373fcb15b83ce0
25635,000000000000000000000000000000000000000000000000000000000000000000000000000000000000000000000000000000000000000000312e6743508ca0
25645,0000000000000000000000000000000000000000000000000000000000000000000000000000000000000000000000000000000000000000003da6b709bef6a0
25655,0000000000000000000000000000000000000000000000000000000000000000000000000000000000000000000000000000000000000000004c50c26f3fc860
25665,0000000000000000000000000000000000000000000000000000000000000000000000000000000000000000000000000000000000000000003ace2993740c00
25675,000000000000000000000000000000000000000000000000000000000000000000000000000000000000000000000000000000000000000000262f006d550c40
25685,00000000000000000000000000000000000000000000000000000000000000000000000000000000000000000000000000000000000000000029abaaceb865c0
25695,0000000000000000000000000000000000000000000000000000000000000000000000000000000000000000000000000000000000000000001c75a86dafcf60
25705,00000000000000000000000000000000000000000000000000000000000000000000000000000000000000000000000000000000000000000053e00d943a6580
25715,0000000000000000000000000000000000000000000000000000000000000000000000000000000000000000000000000000000000000000003c73a000e66cc0
25725,0000000000000000000000000000000000000000000000000000000000000000000000000000000000000000000000000000000000000000004eeebf7d2e2960
25735,00000000000000000000000000000000000000000000000000000000000000000000000000000000000000000000000000000000000000000045ec7da26dc160
25745,0000000000000000000000000000000000000000000000000000000000000000000000000000000000000000000000000000000000000000002699c503ad2540
25755,0000000000000000000000000000000000000000000000000000000000000000000000000000000000000000000000000000000000000000002c23bb7cbecd00
25765,0000000000000000000000000000000000000000000000000000000000000000000000000000000000000000000000000000000000000000001e51fdeb20e320
25775,0000000000000000000000000000000000000000000000000000000000000000000000000000000000000000000000000000000000000000002bc2e816f64720
25785,000000000000000000000000000000000000000000000000000000000000000000000000000000000000000000000000000000000000000000149e5a88a31340
25795,0000000000000000000000000000000000000000000000000000000000000000000000000000000000000000000000000000000000000000005ad815122b3ea0
25805,000000000000000000000000000000000000000000000000000000000000000000000000000000000000000000000000000000000000000000326e3b86610780
25815,0000000000000000000000000000000000000000000000000000000000000000000000000000000000000000000000000000000000000000005468ebe39ef3e0
25825,000000000000000000000000000000000000000000000000000000000000000000000000000000000000000000000000000000000000000000284e3683ce5600
25835,0000000000000000000000000000000000000000000000000000000000000000000000000000000000000000000000000000000000000000002579a4c8526640
25845,0000000000000000000000000000000000000000000000000000000000000000000000000000000000000000000000000000000000000000005a2e8f3b215cc0
25855,000000000000000000000000000000000000000000000000000000000000000000000000000000000000000000000000000000000000000000306d25b2cc5fe0
25865,0000000000000000000000000000000000000000000000000000000000000000000000000000000000000000000000000000000000000000002effb45f1d7f80
25875,0000000000000000000000000000000000000000000000000000000000000000000000000000000000000000000000000000000000000000002f3b2c2007fc40
25885,00000000000000000000000000000000000000000000000000000000000000000000000000000000000000000000000000000000000000000022fdb624675160
25895,000000000000000000000000000000000000000000000000000000000000000000000000000000000000000000000000000000000000000000217b8c170a3260
25905,000000000000000000000000000000000000000000000000000000000000000000000000000000000000000000000000000000000000000000472ee33def7ae0
25915,0000000000000000000000000000000000000000000000000000000000000000000000000000000000000000000000000000000000000000002b1a51b603a500
25925,000000000000000000000000000000000000000000000000000000000000000000000000000000000000000000000000000000000000000000196ca6dd1edf20
25935,0000000000000000000000000000000000000000000000000000000000000000000000000000000000000000000000000000000000000000004e595d5fdc9060
25945,00000000000000000000000000000000000000000000000000000000000000000000000000000000000000000000000000000000000000000024f21b33ea9380
25955,0000000000000000000000000000000000000000000000000000000000000000000000000000000000000000000000000000000000000000002b760ff4c161a0
25965,0000000000000000000000000000000000000000000000000000000000000000000000000000000000000000000000000000000000000000003f20278dd9f8a0
25975,0000000000000000000000000000000000000000000000000000000000000000000000000000000000000000000000000000000000000000002a8bb9fab31040
25985,0000000000000000000000000000000000000000000000000000000000000000000000000000000000000000000000000000000000000000002a1c0ee4af7f60
25995,0000000000000000000000000000000000000000000000000000000000000000000000000000000000000000000000000000000000000000003712585db486c0
26005,000000000000000000000000000000000000000000000000000000000000000000000000000000000000000000000000000000000000000000157dc9b4a885c0
26015,0000000000000000000000000000000000000000000000000000000000000000000000000000000000000000000000000000000000000000006d8ee531cfca20
26025,000000000000000000000000000000000000000000000000000000000000000000000000000000000000000000000000000000000000000000203d68b652b3a0
26035,0000000000000000000000000000000000000000000000000000000000000000000000000000000000000000000000000000000000000000006a5336385a4480
26045,00000000000000000000000000000000000000000000000000000000000000000000000000000000000000000000000000000000000000000045b4e5300564e0
26055,00000000000000000000000000000000000000000000000000000000000000000000000000000000000000000000000000000000000000000036f7f37d05aba0
26065,000000000000000000000000000000000000000000000000000000000000000000000000000000000000000000000000000000000000000000581c0f901b8d20
26075,00000000000000000000000000000000000000000000000000000000000000000000000000000000000000000000000000000000000000000069a40092ed8f00
26085,00000000000000000000000000000000000000000000000000000000000000000000000000000000000000000000000000000000000000000039c06960b4f1e0
26095,00000000000000000000000000000000000000000000000000000000000000000000000000000000000000000000000000000000000000000025982e1ee12ee0
26105,00000000000000000000000000000000000000000000000000000000000000000000000000000000000000000000000000000000000000000019a80527e3b0a0
26115,00000000000000000000000000000000000000000000000000000000000000000000000000000000000000000000000000000000000000000052fb402d7ddb40
26125,00000000000000000000000000000000000000000000000000000000000000000000000000000000000000000000000000000000000000000045e8bf85247840
26135,00000000000000000000000000000000000000000000000000000000000000000000000000000000000000000000000000000000000000000024799e636b7340
26145,00000000000000000000000000000000000000000000000000000000000000000000000000000000000000000000000000000000000000000021a95362b970a0
26155,00000000000000000000000000000000000000000000000000000000000000000000000000000000000000000000000000000000000000000035a09b942859a0
26165,0000000000000000000000000000000000000000000000000000000000000000000000000000000000000000000000000000000000000000002d32d356c93540
26175,0000000000000000000000000000000000000000000000000000000000000000000000000000000000000000000000000000000000000000003c86a5ebed0b80
26185,0000000000000000000000000000000000000000000000000000000000000000000000000000000000000000000000000000000000000000003d3561e9ff7d60
26195,0000000000000000000000000000000000000000000000000000000000000000000000000000000000000000000000000000000000000000003030afb6df5360
26205,00000000000000000000000000000000000000000000000000000000000000000000000000000000000000000000000000000000000000000038bb9ba382e3c0
26215,0000000000000000000000000000000000000000000000000000000000000000000000000000000000000000000000000000000000000000002f500ac60271a0
26225,00000000000000000000000000000000000000000000000000000000000000000000000000000000000000000000000000000000000000000013c7803e7fbfe0
26235,0000000000000000000000000000000000000000000000000000000000000000000000000000000000000000000000000000000000000000008102acbae00b60
26245,000000000000000000000000000000000000000000000000000000000000000000000000000000000000000000000000000000000000000000343a2bc0009f60
26255,0000000000000000000000000000000000000000000000000000000000000000000000000000000000000000000000000000000000000000002d41f94212ac00
26265,0000000000000000000000000000000000000000000000000000000000000000000000000000000000000000000000000000000000000000002ef4e169b0d420
26275,000000000000000000000000000000000000000000000000000000000000000000000000000000000000000000000000000000000000000000469e0aa04f9e00
26285,0000000000000000000000000000000000000000000000000000000000000000000000000000000000000000000000000000000000000000001b8488e0655820
26295,0000000000000000000000000000000000000000000000000000000000000000000000000000000000000000000000000000000000000000001f52d94620df00
26305,000000000000000000000000000000000000000000000000000000000000000000000000000000000000000000000000000000000000000000e1bb7fb66b6380
26315,0000000000000000000000000000000000000000000000000000000000000000000000000000000000000000000000000000000000000000001d1a32315e7280
26325,0000000000000000000000000000000000000000000000000000000000000000000000000000000000000000000000000000000000000000004537005fe386a0
26335,00000000000000000000000000000000000000000000000000000000000000000000000000000000000000000000000000000000000000000039b4a6b044bca0
26345,000000000000000000000000000000000000000000000000000000000000000000000000000000000000000000000000000000000000000000358cf06e192be0
26355,00000000000000000000000000000000000000000000000000000000000000000000000000000000000000000000000000000000000000000017f51c4531e3e0
26365,0000000000000000000000000000000000000000000000000000000000000000000000000000000000000000000000000000000000000000004c6113ee264a80
26375,000000000000000000000000000000000000000000000000000000000000000000000000000000000000000000000000000000000000000000191c7b314abd20
26385,0000000000000000000000000000000000000000000000000000000000000000000000000000000000000000000000000000000000000000003ba8877ae499a0
26395,0000000000000000000000000000000000000000000000000000000000000000000000000000000000000000000000000000000000000000002fce6c512f9980
26405,0000000000000000000000000000000000000000000000000000000000000000000000000000000000000000000000000000000000000000002f4c5ce3cbc1c0
26415,0000000000000000000000000000000000000000000000000000000000000000000000000000000000000000000000000000000000000000003d63592bd2e2c0
26425,000000000000000000000000000000000000000000000000000000000000000000000000000000000000000000000000000000000000000000261979962ad880
26435,000000000000000000000000000000000000000000000000000000000000000000000000000000000000000000000000000000000000000000b94544fa3ba540
26445,0000000000000000000000000000000000000000000000000000000000000000000000000000000000000000000000000000000000000000006ad6912f8062c0
26455,00000000000000000000000000000000000000000000000000000000000000000000000000000000000000000000000000000000000000000051fbe3f9c68420
26465,00000000000000000000000000000000000000000000000000000000000000000000000000000000000000000000000000000000000000000063aa4a7a011b20
26475,000000000000000000000000000000000000000000000000000000000000000000000000000000000000000000000000000000000000000000364d7f5746ec40
26485,0000000000000000000000000000000000000000000000000000000000000000000000000000000000000000000000000000000000000000008d6124e5826420
26495,000000000000000000000000000000000000000000000000000000000000000000000000000000000000000000000000000000000000000000464cfc748abf20
26505,0000000000000000000000000000000000000000000000000000000000000000000000000000000000000000000000000000000000000000003f88efb8058f00
26515,0000000000000000000000000000000000000000000000000000000000000000000000000000000000000000000000000000000000000000002d17a59d8a58e0
26525,00000000000000000000000000000000000000000000000000000000000000000000000000000000000000000000000000000000000000000027627244ec6400
26535,000000000000000000000000000000000000000000000000000000000000000000000000000000000000000000000000000000000000000000379d0f40aa7840
26545,00000000000000000000000000000000000000000000000000000000000000000000000000000000000000000000000000000000000000000030d1143fc1c780
26555,00000000000000000000000000000000000000000000000000000000000000000000000000000000000000000000000000000000000000000042bd54e333e180
26565,00000000000000000000000000000000000000000000000000000000000000000000000000000000000000000000000000000000000000000015890f33e616e0
26575,00000000000000000000000000000000000000000000000000000000000000000000000000000000000000000000000000000000000000000059f7f948a79520
26585,00000000000000000000000000000000000000000000000000000000000000000000000000000000000000000000000000000000000000000031209cff521f00
26595,0000000000000000000000000000000000000000000000000000000000000000000000000000000000000000000000000000000000000000002e2628779ecb60
26605,000000000000000000000000000000000000000000000000000000000000000000000000000000000000000000000000000000000000000000550e38f6055a40
26615,000000000000000000000000000000000000000000000000000000000000000000000000000000000000000000000000000000000000000000230f6aca985b40
26625,0000000000000000000000000000000000000000000000000000000000000000000000000000000000000000000000000000000000000000001c9d4243a23b60
26635,0000000000000000000000000000000000000000000000000000000000000000000000000000000000000000000000000000000000000000001d7f61a0b46240
26645,00000000000000000000000000000000000000000000000000000000000000000000000000000000000000000000000000000000000000000024a8617dcea620
26655,0000000000000000000000000000000000000000000000000000000000000000000000000000000000000000000000000000000000000000002cface95a338c0
26665,000000000000000000000000000000000000000000000000000000000000000000000000000000000000000000000000000000000000000000245ba73e0de480
26675,00000000000000000000000000000000000000000000000000000000000000000000000000000000000000000000000000000000000000000028edb034231360
26685,00000000000000000000000000000000000000000000000000000000000000000000000000000000000000000000000000000000000000000027fa289d298140
26695,00000000000000000000000000000000000000000000000000000000000000000000000000000000000000000000000000000000000000000054e005657118e0
26705,00000000000000000000000000000000000000000000000000000000000000000000000000000000000000000000000000000000000000000063285e78e9a540
26715,0000000000000000000000000000000000000000000000000000000000000000000000000000000000000000000000000000000000000000002cb651e9058c00
26725,000000000000000000000000000000000000000000000000000000000000000000000000000000000000000000000000000000000000000000335b958a13f0c0
26735,00000000000000000000000000000000000000000000000000000000000000000000000000000000000000000000000000000000000000000024ac821138af40
26745,0000000000000000000000000000000000000000000000000000000000000000000000000000000000000000000000000000000000000000005308be5dd02e20
26755,0000000000000000000000000000000000000000000000000000000000000000000000000000000000000000000000000000000000000000001cb82dcbaa79e0
26765,00000000000000000000000000000000000000000000000000000000000000000000000000000000000000000000000000000000000000000033987fad5b9fc0
26775,00000000000000000000000000000000000000000000000000000000000000000000000000000000000000000000000000000000000000000038dc8966372d00
26785,00000000000000000000000000000000000000000000000000000000000000000000000000000000000000000000000000000000000000000041cc4287239a60
26795,00000000000000000000000000000000000000000000000000000000000000000000000000000000000000000000000000000000000000000069838f32a70b80
26805,0000000000000000000000000000000000000000000000000000000000000000000000000000000000000000000000000000000000000000005a322462460600
26815,0000000000000000000000000000000000000000000000000000000000000000000000000000000000000000000000000000000000000000004318f7abcc1560
26825,0000000000000000000000000000000000000000000000000000000000000000000000000000000000000000000000000000000000000000004f7634b8f9d140
26835,00000000000000000000000000000000000000000000000000000000000000000000000000000000000000000000000000000000000000000022acb5962b6040
26845,0000000000000000000000000000000000000000000000000000000000000000000000000000000000000000000000000000000000000000001c2c364b404a60
26855,0000000000000000000000000000000000000000000000000000000000000000000000000000000000000000000000000000000000000000002f49d81f0ae540
26865,000000000000000000000000000000000000000000000000000000000000000000000000000000000000000000000000000000000000000000351b03ebedbea0
26875,000000000000000000000000000000000000000000000000000000000000000000000000000000000000000000000000000000000000000000310b4976e96280
26885,00000000000000000000000000000000000000000000000000000000000000000000000000000000000000000000000000000000000000000058c04a6780bcc0
26895,0000000000000000000000000000000000000000000000000000000000000000000000000000000000000000000000000000000000000000001baa2c718d4d80
26905,0000000000000000000000000000000000000000000000000000000000000000000000000000000000000000000000000000000000000000002d65323fb314c0
26915,00000000000000000000000000000000000000000000000000000000000000000000000000000000000000000000000000000000000000000049a576ec0f8e60
26925,000000000000000000000000000000000000000000000000000000000000000000000000000000000000000000000000000000000000000000254165b86b6b40
26935,00000000000000000000000000000000000000000000000000000000000000000000000000000000000000000000000000000000000000000064ed516e157f40
26945,00000000000000000000000000000000000000000000000000000000000000000000000000000000000000000000000000000000000000000043abfd980b5100
26955,000000000000000000000000000000000000000000000000000000000000000000000000000000000000000000000000000000000000000000283780ddf39d60
26965,0000000000000000000000000000000000000000000000000000000000000000000000000000000000000000000000000000000000000000004716c066f24a20
26975,0000000000000000000000000000000000000000000000000000000000000000000000000000000000000000000000000000000000000000002ea7c7c7805880
26985,0000000000000000000000000000000000000000000000000000000000000000000000000000000000000000000000000000000000000000003a2d6fbbd26b20
26995,0000000000000000000000000000000000000000000000000000000000000000000000000000000000000000000000000000000000000000003b2d9fe5a2dc60
27005,000000000000000000000000000000000000000000000000000000000000000000000000000000000000000000000000000000000000000000338e68907fd5e0
27015,0000000000000000000000000000000000000000000000000000000000000000000000000000000000000000000000000000000000000000001a437db11b0bc0
27025,00000000000000000000000000000000000000000000000000000000000000000000000000000000000000000000000000000000000000000040d92ff9fac2e0
27035,0000000000000000000000000000000000000000000000000000000000000000000000000000000000000000000000000000000000000000001dd3691b0ae0e0
27045,000000000000000000000000000000000000000000000000000000000000000000000000000000000000000000000000000000000000000000278047e07397c0
27055,000000000000000000000000000000000000000000000000000000000000000000000000000000000000000000000000000000000000000000487db23b1141e0
27065,0000000000000000000000000000000000000000000000000000000000000000000000000000000000000000000000000000000000000000002bc4c60cfd74c0
27075,0000000000000000000000000000000000000000000000000000000000000000000000000000000000000000000000000000000000000000004135cd11470540
27085,00000000000000000000000000000000000000000000000000000000000000000000000000000000000000000000000000000000000000000037358d6f066e40
27095,0000000000000000000000000000000000000000000000000000000000000000000000000000000000000000000000000000000000000000002c8612ec45cac0
27105,0000000000000000000000000000000000000000000000000000000000000000000000000000000000000000000000000000000000000000003dbe18747a6b00
27115,0000000000000000000000000000000000000000000000000000000000000000000000000000000000000000000000000000000000000000001e13fddb9d2960
27125,00000000000000000000000000000000000000000000000000000000000000000000000000000000000000000000000000000000000000000041be304d02a3a0
27135,0000000000000000000000000000000000000000000000000000000000000000000000000000000000000000000000000000000000000000001dbdab265a8b40
27145,00000000000000000000000000000000000000000000000000000000000000000000000000000000000000000000000000000000000000000044e3ea2a6914e0
27155,0000000000000000000000000000000000000000000000000000000000000000000000000000000000000000000000000000000000000000003d531771d79f60
27165,00000000000000000000000000000000000000000000000000000000000000000000000000000000000000000000000000000000000000000020d231c9d5ff00
27175,0000000000000000000000000000000000000000000000000000000000000000000000000000000000000000000000000000000000000000002acba645295040
27185,0000000000000000000000000000000000000000000000000000000000000000000000000000000000000000000000000000000000000000004b16ca2bca3a80
27195,0000000000000000000000000000000000000000000000000000000000000000000000000000000000000000000000000000000000000000001a9bbff014e360
27205,00000000000000000000000000000000000000000000000000000000000000000000000000000000000000000000000000000000000000000035bd1888645080
27215,00000000000000000000000000000000000000000000000000000000000000000000000000000000000000000000000000000000000000000063c2da6e80ca40
27225,00000000000000000000000000000000000000000000000000000000000000000000000000000000000000000000000000000000000000000030b8761a07f980
27235,000000000000000000000000000000000000000000000000000000000000000000000000000000000000000000000000000000000000000000399a4c76f79fe0
27245,0000000000000000000000000000000000000000000000000000000000000000000000000000000000000000000000000000000000000000004f6805750231e0
27255,00000000000000000000000000000000000000000000000000000000000000000000000000000000000000000000000000000000000000000036ba6c812b0460
27265,0000000000000000000000000000000000000000000000000000000000000000000000000000000000000000000000000000000000000000002959780f5602c0
27275,0000000000000000000000000000000000000000000000000000000000000000000000000000000000000000000000000000000000000000003616b9511f26e0
27285,00000000000000000000000000000000000000000000000000000000000000000000000000000000000000000000000000000000000000000050fdf0ed594d40
27295,0000000000000000000000000000000000000000000000000000000000000000000000000000000000000000000000000000000000000000003ee28f8827d9c0
27305,00000000000000000000000000000000000000000000000000000000000000000000000000000000000000000000000000000000000000000018d61dbfe126e0
27315,0000000000000000000000000000000000000000000000000000000000000000000000000000000000000000000000000000000000000000002daa4344e44c60
27325,0000000000000000000000000000000000000000000000000000000000000000000000000000000000000000000000000000000000000000003a7a30fb92b400
27335,00000000000000000000000000000000000000000000000000000000000000000000000000000000000000000000000000000000000000000023f9bea71cf880
27345,000000000000000000000000000000000000000000000000000000000000000000000000000000000000000000000000000000000000000000199f9ecfd70c40
27355,0000000000000000000000000000000000000000000000000000000000000000000000000000000000000000000000000000000000000000004af9a0a3e8a980
27365,0000000000000000000000000000000000000000000000000000000000000000000000000000000000000000000000000000000000000000003f4ad09eab4f20
27375,00000000000000000000000000000000000000000000000000000000000000000000000000000000000000000000000000000000000000000015a776f6c5e7a0
27385,0000000000000000000000000000000000000000000000000000000000000000000000000000000000000000000000000000000000000000001dd933c2096f40
27395,00000000000000000000000000000000000000000000000000000000000000000000000000000000000000000000000000000000000000000032bc890af2eb80
27405,0000000000000000000000000000000000000000000000000000000000000000000000000000000000000000000000000000000000000000003337d76ef2a7a0
27415,000000000000000000000000000000000000000000000000000000000000000000000000000000000000000000000000000000000000000000534dd0c5777540
27425,0000000000000000000000000000000000000000000000000000000000000000000000000000000000000000000000000000000000000000000f348bdc2ba920
27435,0000000000000000000000000000000000000000000000000000000000000000000000000000000000000000000000000000000000000000002fda290b78d320
27445,0000000000000000000000000000000000000000000000000000000000000000000000000000000000000000000000000000000000000000006a78d53fa9eaa0
27455,0000000000000000000000000000000000000000000000000000000000000000000000000000000000000000000000000000000000000000001e1976b3dc4ea0
27465,00000000000000000000000000000000000000000000000000000000000000000000000000000000000000000000000000000000000000000016e0867f3772e0
27475,0000000000000000000000000000000000000000000000000000000000000000000000000000000000000000000000000000000000000000003c18bc55cb30c0
27485,0000000000000000000000000000000000000000000000000000000000000000000000000000000000000000000000000000000000000000002c8079e2cdbd20
27495,0000000000000000000000000000000000000000000000000000000000000000000000000000000000000000000000000000000000000000003b1fd5d2df7f20
27505,0000000000000000000000000000000000000000000000000000000000000000000000000000000000000000000000000000000000000000002dfe6edcc234a0
27515,000000000000000000000000000000000000000000000000000000000000000000000000000000000000000000000000000000000000000000190a83c631e440
27525,000000000000000000000000000000000000000000000000000000000000000000000000000000000000000000000000000000000000000000227eb2a31db0e0
27535,0000000000000000000000000000000000000000000000000000000000000000000000000000000000000000000000000000000000000000002edeed128e0140
27545,0000000000000000000000000000000000000000000000000000000000000000000000000000000000000000000000000000000000000000001f1238f1de2320
27555,00000000000000000000000000000000000000000000000000000000000000000000000000000000000000000000000000000000000000000012edcbc3528ca0
27565,0000000000000000000000000000000000000000000000000000000000000000000000000000000000000000000000000000000000000000002ddaf1f2d79aa0
27575,0000000000000000000000000000000000000000000000000000000000000000000000000000000000000000000000000000000000000000002c74214ff17a00
27585,000000000000000000000000000000000000000000000000000000000000000000000000000000000000000000000000000000000000000000537a78fd88d080
27595,0000000000000000000000000000000000000000000000000000000000000000000000000000000000000000000000000000000000000000003965fd3591a880
27605,00000000000000000000000000000000000000000000000000000000000000000000000000000000000000000000000000000000000000000023260635612720
27615,00000000000000000000000000000000000000000000000000000000000000000000000000000000000000000000000000000000000000000059cd5f37d53be0
27625,000000000000000000000000000000000000000000000000000000000000000000000000000000000000000000000000000000000000000000383e342bf61d20
27635,000000000000000000000000000000000000000000000000000000000000000000000000000000000000000000000000000000000000000000254b7cd5473520
27645,0000000000000000000000000000000000000000000000000000000000000000000000000000000000000000000000000000000000000000003efc7da3f266e0
27655,0000000000000000000000000000000000000000000000000000000000000000000000000000000000000000000000000000000000000000001b7f162f883ee0
27665,0000000000000000000000000000000000000000000000000000000000000000000000000000000000000000000000000000000000000000003c7099d9b820c0
27675,00000000000000000000000000000000000000000000000000000000000000000000000000000000000000000000000000000000000000000048993291d465c0
27685,0000000000000000000000000000000000000000000000000000000000000000000000000000000000000000000000000000000000000000003e068b6f98ab40
27695,00000000000000000000000000000000000000000000000000000000000000000000000000000000000000000000000000000000000000000034d490bf71ee00
27705,0000000000000000000000000000000000000000000000000000000000000000000000000000000000000000000000000000000000000000004852821697ca60
27715,000000000000000000000000000000000000000000000000000000000000000000000000000000000000000000000000000000000000000000207fda9e274b60
27725,0000000000000000000000000000000000000000000000000000000000000000000000000000000000000000000000000000000000000000003682c0a2753200
27735,0000000000000000000000000000000000000000000000000000000000000000000000000000000000000000000000000000000000000000005e870cfa037c20
27745,000000000000000000000000000000000000000000000000000000000000000000000000000000000000000000000000000000000000000000200005e1d812e0
27755,0000000000000000000000000000000000000000000000000000000000000000000000000000000000000000000000000000000000000000001835f9f20e0760
27765,00000000000000000000000000000000000000000000000000000000000000000000000000000000000000000000000000000000000000000033f961e1e81280
27775,00000000000000000000000000000000000000000000000000000000000000000000000000000000000000000000000000000000000000000046dbdab9af30a0
27785,0000000000000000000000000000000000000000000000000000000000000000000000000000000000000000000000000000000000000000003c4d4a65f1d900
27795,000000000000000000000000000000000000000000000000000000000000000000000000000000000000000000000000000000000000000000630b9a499ec9e0
27805,0000000000000000000000000000000000000000000000000000000000000000000000000000000000000000000000000000000000000000003aed5369f80400
27815,0000000000000000000000000000000000000000000000000000000000000000000000000000000000000000000000000000000000000000003ae8d01b80f0c0
27825,0000000000000000000000000000000000000000000000000000000000000000000000000000000000000000000000000000000000000000002dc82dea42b2c0
27835,000000000000000000000000000000000000000000000000000000000000000000000000000000000000000000000000000000000000000000441e7324061fe0
27845,0000000000000000000000000000000000000000000000000000000000000000000000000000000000000000000000000000000000000000001dc5dd749213c0
27855,0000000000000000000000000000000000000000000000000000000000000000000000000000000000000000000000000000000000000000001e02bc0e01ec40
27865,0000000000000000000000000000000000000000000000000000000000000000000000000000000000000000000000000000000000000000002b41b05abefa60
27875,00000000000000000000000000000000000000000000000000000000000000000000000000000000000000000000000000000000000000000026bf38c6136700
27885,0000000000000000000000000000000000000000000000000000000000000000000000000000000000000000000000000000000000000000000df9c8ddb01320
27895,00000000000000000000000000000000000000000000000000000000000000000000000000000000000000000000000000000000000000000038a3c9a51dca40
27905,0000000000000000000000000000000000000000000000000000000000000000000000000000000000000000000000000000000000000000002e953bbee7aaa0
27915,000000000000000000000000000000000000000000000000000000000000000000000000000000000000000000000000000000000000000000236763a720fd60
27925,0000000000000000000000000000000000000000000000000000000000000000000000000000000000000000000000000000000000000000003168f166c133a0
27935,00000000000000000000000000000000000000000000000000000000000000000000000000000000000000000000000000000000000000000046d92b927b07e0
27945,0000000000000000000000000000000000000000000000000000000000000000000000000000000000000000000000000000000000000000004173f9dbdb6ca0
27955,00000000000000000000000000000000000000000000000000000000000000000000000000000000000000000000000000000000000000000026c439d96e4f80
27965,0000000000000000000000000000000000000000000000000000000000000000000000000000000000000000000000000000000000000000001cc26754d2b6e0
27975,00000000000000000000000000000000000000000000000000000000000000000000000000000000000000000000000000000000000000000036f61acbea71e0
27985,00000000000000000000000000000000000000000000000000000000000000000000000000000000000000000000000000000000000000000031df48fc51a4e0
27995,00000000000000000000000000000000000000000000000000000000000000000000000000000000000000000000000000000000000000000049553fa2b25c20
28005,00000000000000000000000000000000000000000000000000000000000000000000000000000000000000000000000000000000000000000033d22c82164400
28015,000000000000000000000000000000000000000000000000000000000000000000000000000000000000000000000000000000000000000000353c9e9ae525e0
28025,0000000000000000000000000000000000000000000000000000000000000000000000000000000000000000000000000000000000000000003adca31c52f900
28035,000000000000000000000000000000000000000000000000000000000000000000000000000000000000000000000000000000000000000000274c43152ffe60
28045,0000000000000000000000000000000000000000000000000000000000000000000000000000000000000000000000000000000000000000002dccb3d6437180
28055,000000000000000000000000000000000000000000000000000000000000000000000000000000000000000000000000000000000000000000320459e62105e0
28065,0000000000000000000000000000000000000000000000000000000000000000000000000000000000000000000000000000000000000000002604fee6510940
28075,00000000000000000000000000000000000000000000000000000000000000000000000000000000000000000000000000000000000000000015491090d38980
28085,0000000000000000000000000000000000000000000000000000000000000000000000000000000000000000000000000000000000000000002e285cc63db160
28095,0000000000000000000000000000000000000000000000000000000000000000000000000000000000000000000000000000000000000000005e04990ca66a00
28105,00000000000000000000000000000000000000000000000000000000000000000000000000000000000000000000000000000000000000000031d1b72e76cbc0
28115,0000000000000000000000000000000000000000000000000000000000000000000000000000000000000000000000000000000000000000004379b0605b5400
28125,00000000000000000000000000000000000000000000000000000000000000000000000000000000000000000000000000000000000000000031ac194e8987e0
28135,0000000000000000000000000000000000000000000000000000000000000000000000000000000000000000000000000000000000000000004d6d5cd239c260
28145,00000000000000000000000000000000000000000000000000000000000000000000000000000000000000000000000000000000000000000044fa4eedd31960
28155,00000000000000000000000000000000000000000000000000000000000000000000000000000000000000000000000000000000000000000041035bc5e83b80
28165,00000000000000000000000000000000000000000000000000000000000000000000000000000000000000000000000000000000000000000025689ec9780dc0
28175,0000000000000000000000000000000000000000000000000000000000000000000000000000000000000000000000000000000000000000005bb8036f6332c0
28185,00000000000000000000000000000000000000000000000000000000000000000000000000000000000000000000000000000000000000000036c7f77668c9c0
28195,00000000000000000000000000000000000000000000000000000000000000000000000000000000000000000000000000000000000000000038adf79a9593e0
28205,0000000000000000000000000000000000000000000000000000000000000000000000000000000000000000000000000000000000000000005ef4b7a3dacf60
28215,000000000000000000000000000000000000000000000000000000000000000000000000000000000000000000000000000000000000000000269b4e211c80a0
28225,0000000000000000000000000000000000000000000000000000000000000000000000000000000000000000000000000000000000000000003767a8eba613e0
28235,000000000000000000000000000000000000000000000000000000000000000000000000000000000000000000000000000000000000000000439486c1028940
28245,000000000000000000000000000000000000000000000000000000000000000000000000000000000000000000000000000000000000000000569a15518021c0
28255,0000000000000000000000000000000000000000000000000000000000000000000000000000000000000000000000000000000000000000002b5ff409effe60
28265,0000000000000000000000000000000000000000000000000000000000000000000000000000000000000000000000000000000000000000001f0b4819b853e0
28275,0000000000000000000000000000000000000000000000000000000000000000000000000000000000000000000000000000000000000000001e929ee6c609e0
28285,000000000000000000000000000000000000000000000000000000000000000000000000000000000000000000000000000000000000000000232210fa91bc20
28295,0000000000000000000000000000000000000000000000000000000000000000000000000000000000000000000000000000000000000000006fe39fe237bce0
28305,0000000000000000000000000000000000000000000000000000000000000000000000000000000000000000000000000000000000000000002cf0a16517b0a0
28315,0000000000000000000000000000000000000000000000000000000000000000000000000000000000000000000000000000000000000000002b8104d67a88c0
28325,00000000000000000000000000000000000000000000000000000000000000000000000000000000000000000000000000000000000000000025da0a37faf280
28335,00000000000000000000000000000000000000000000000000000000000000000000000000000000000000000000000000000000000000000012223947318ee0
28345,00000000000000000000000000000000000000000000000000000000000000000000000000000000000000000000000000000000000000000043a85bb5d3d220
28355,000000000000000000000000000000000000000000000000000000000000000000000000000000000000000000000000000000000000000000339e670f6befc0
28365,000000000000000000000000000000000000000000000000000000000000000000000000000000000000000000000000000000000000000000609df0c2476560
28375,000000000000000000000000000000000000000000000000000000000000000000000000000000000000000000000000000000000000000000246aeeee416380
28385,0000000000000000000000000000000000000000000000000000000000000000000000000000000000000000000000000000000000000000005606d78ca71fa0
28395,00000000000000000000000000000000000000000000000000000000000000000000000000000000000000000000000000000000000000000041d316f2fc8f00
28405,0000000000000000000000000000000000000000000000000000000000000000000000000000000000000000000000000000000000000000005a46b3cd3220e0
28415,0000000000000000000000000000000000000000000000000000000000000000000000000000000000000000000000000000000000000000003fb0ae5cba6c60
28425,00000000000000000000000000000000000000000000000000000000000000000000000000000000000000000000000000000000000000000040976e397cc2a0
28435,0000000000000000000000000000000000000000000000000000000000000000000000000000000000000000000000000000000000000000002a74e3239f8080
28445,000000000000000000000000000000000000000000000000000000000000000000000000000000000000000000000000000000000000000000507022e3363500
28455,000000000000000000000000000000000000000000000000000000000000000000000000000000000000000000000000000000000000000000307dba8a4be220
28465,0000000000000000000000000000000000000000000000000000000000000000000000000000000000000000000000000000000000000000004c965b6a8f3920
28475,0000000000000000000000000000000000000000000000000000000000000000000000000000000000000000000000000000000000000000002efa5e4bc85140
28485,000000000000000000000000000000000000000000000000000000000000000000000000000000000000000000000000000000000000000000221f4402296f80
28495,00000000000000000000000000000000000000000000000000000000000000000000000000000000000000000000000000000000000000000033c23b659f6aa0
28505,00000000000000000000000000000000000000000000000000000000000000000000000000000000000000000000000000000000000000000020e578c8897640
28515,0000000000000000000000000000000000000000000000000000000000000000000000000000000000000000000000000000000000000000003364c5ce61bee0
28525,0000000000000000000000000000000000000000000000000000000000000000000000000000000000000000000000000000000000000000003197b359c20440
28535,0000000000000000000000000000000000000000000000000000000000000000000000000000000000000000000000000000000000000000009864be3b357d60
28545,00000000000000000000000000000000000000000000000000000000000000000000000000000000000000000000000000000000000000000020a10b2f9c0080
28555,0000000000000000000000000000000000000000000000000000000000000000000000000000000000000000000000000000000000000000003d3de3e96cbae0
28565,00000000000000000000000000000000000000000000000000000000000000000000000000000000000000000000000000000000000000000030e0f9174d25c0
28575,0000000000000000000000000000000000000000000000000000000000000000000000000000000000000000000000000000000000000000003836800ef12780
28585,0000000000000000000000000000000000000000000000000000000000000000000000000000000000000000000000000000000000000000002e1afdee86cba0
28595,0000000000000000000000000000000000000000000000000000000000000000000000000000000000000000000000000000000000000000001ff861baf96c60
28605,000000000000000000000000000000000000000000000000000000000000000000000000000000000000000000000000000000000000000000350d731e12d440
28615,0000000000000000000000000000000000000000000000000000000000000000000000000000000000000000000000000000000000000000002e93d5dc89a0c0
28625,0000000000000000000000000000000000000000000000000000000000000000000000000000000000000000000000000000000000000000003005a22fed5f60
28635,000000000000000000000000000000000000000000000000000000000000000000000000000000000000000000000000000000000000000000330eb87b909b40
28645,0000000000000000000000000000000000000000000000000000000000000000000000000000000000000000000000000000000000000000002c96164da7b7c0
28655,0000000000000000000000000000000000000000000000000000000000000000000000000000000000000000000000000000000000000000002f3470b42d5860
28665,00000000000000000000000000000000000000000000000000000000000000000000000000000000000000000000000000000000000000000014ce28f1b92f60
28675,0000000000000000000000000000000000000000000000000000000000000000000000000000000000000000000000000000000000000000002e52564369a180
28685,0000000000000000000000000000000000000000000000000000000000000000000000000000000000000000000000000000000000000000003d01f359c575c0
28695,000000000000000000000000000000000000000000000000000000000000000000000000000000000000000000000000000000000000000000445231f9270da0
28705,0000000000000000000000000000000000000000000000000000000000000000000000000000000000000000000000000000000000000000004c1a1fc1b32b20
28715,00000000000000000000000000000000000000000000000000000000000000000000000000000000000000000000000000000000000000000052cb236bcf7cc0
28725,0000000000000000000000000000000000000000000000000000000000000000000000000000000000000000000000000000000000000000004421027c778100
28735,000000000000000000000000000000000000000000000000000000000000000000000000000000000000000000000000000000000000000000221e6bdad58a00
28745,0000000000000000000000000000000000000000000000000000000000000000000000000000000000000000000000000000000000000000003399890fbfe540
28755,00000000000000000000000000000000000000000000000000000000000000000000000000000000000000000000000000000000000000000039d8e70670f080
28765,0000000000000000000000000000000000000000000000000000000000000000000000000000000000000000000000000000000000000000002c94e5fef74cc0
28775,000000000000000000000000000000000000000000000000000000000000000000000000000000000000000000000000000000000000000000289456ff14a560
28785,00000000000000000000000000000000000000000000000000000000000000000000000000000000000000000000000000000000000000000035f62cfab31200
28795,0000000000000000000000000000000000000000000000000000000000000000000000000000000000000000000000000000000000000000004f09e2f1816820
28805,0000000000000000000000000000000000000000000000000000000000000000000000000000000000000000000000000000000000000000002e8a040e6e17a0
28815,00000000000000000000000000000000000000000000000000000000000000000000000000000000000000000000000000000000000000000060db230cecade0
28825,0000000000000000000000000000000000000000000000000000000000000000000000000000000000000000000000000000000000000000003125b208d311a0
28835,0000000000000000000000000000000000000000000000000000000000000000000000000000000000000000000000000000000000000000003aafa11f5b5b80
28845,00000000000000000000000000000000000000000000000000000000000000000000000000000000000000000000000000000000000000000032eb352557ab20
28855,00000000000000000000000000000000000000000000000000000000000000000000000000000000000000000000000000000000000000000017859eea3eef60
28865,000000000000000000000000000000000000000000000000000000000000000000000000000000000000000000000000000000000000000000378be3693522c0
28875,0000000000000000000000000000000000000000000000000000000000000000000000000000000000000000000000000000000000000000002fbe62dc1cda40
28885,0000000000000000000000000000000000000000000000000000000000000000000000000000000000000000000000000000000000000000002b332dc8080bc0
28895,000000000000000000000000000000000000000000000000000000000000000000000000000000000000000000000000000000000000000000372ff648046780
28905,0000000000000000000000000000000000000000000000000000000000000000000000000000000000000000000000000000000000000000001a74a6417c4ae0
28915,000000000000000000000000000000000000000000000000000000000000000000000000000000000000000000000000000000000000000000246ad846e07420
28925,0000000000000000000000000000000000000000000000000000000000000000000000000000000000000000000000000000000000000000002480ea0a501060
28935,00000000000000000000000000000000000000000000000000000000000000000000000000000000000000000000000000000000000000000043deba45db2dc0
28945,00000000000000000000000000000000000000000000000000000000000000000000000000000000000000000000000000000000000000000034501ba0fc5cc0
28955,0000000000000000000000000000000000000000000000000000000000000000000000000000000000000000000000000000000000000000003bf1449387b400
28965,00000000000000000000000000000000000000000000000000000000000000000000000000000000000000000000000000000000000000000032e63e60c0fd20
28975,00000000000000000000000000000000000000000000000000000000000000000000000000000000000000000000000000000000000000000045945ee3718560
28985,0000000000000000000000000000000000000000000000000000000000000000000000000000000000000000000000000000000000000000004122fb39ee1f40
28995,0000000000000000000000000000000000000000000000000000000000000000000000000000000000000000000000000000000000000000003fa949184db080
29005,0000000000000000000000000000000000000000000000000000000000000000000000000000000000000000000000000000000000000000003b59d4c51e7380
29015,0000000000000000000000000000000000000000000000000000000000000000000000000000000000000000000000000000000000000000003444c317e77680
29025,000000000000000000000000000000000000000000000000000000000000000000000000000000000000000000000000000000000000000000295a7eca57ffe0
29035,00000000000000000000000000000000000000000000000000000000000000000000000000000000000000000000000000000000000000000025f3298ee71fa0
29045,0000000000000000000000000000000000000000000000000000000000000000000000000000000000000000000000000000000000000000006ccbc970307d80
29055,0000000000000000000000000000000000000000000000000000000000000000000000000000000000000000000000000000000000000000003b9bfac0a96400
29065,00000000000000000000000000000000000000000000000000000000000000000000000000000000000000000000000000000000000000000041f441abd41f20
29075,0000000000000000000000000000000000000000000000000000000000000000000000000000000000000000000000000000000000000000003827fd7c3a38e0
29085,0000000000000000000000000000000000000000000000000000000000000000000000000000000000000000000000000000000000000000001e60d81b5bc300
29095,0000000000000000000000000000000000000000000000000000000000000000000000000000000000000000000000000000000000000000002dacb0a73094e0
29105,00000000000000000000000000000000000000000000000000000000000000000000000000000000000000000000000000000000000000000012e2ecff21c0a0
29115,0000000000000000000000000000000000000000000000000000000000000000000000000000000000000000000000000000000000000000004ab767c5e8d760
29125,0000000000000000000000000000000000000000000000000000000000000000000000000000000000000000000000000000000000000000002caf4ccbf4cba0
29135,0000000000000000000000000000000000000000000000000000000000000000000000000000000000000000000000000000000000000000003868b146a30780
29145,0000000000000000000000000000000000000000000000000000000000000000000000000000000000000000000000000000000000000000001717c7406aa460
29155,00000000000000000000000000000000000000000000000000000000000000000000000000000000000000000000000000000000000000000024e20079ecaf60
29165,000000000000000000000000000000000000000000000000000000000000000000000000000000000000000000000000000000000000000000386725bce51100
29175,0000000000000000000000000000000000000000000000000000000000000000000000000000000000000000000000000000000000000000002a9df65beea600
29185,0000000000000000000000000000000000000000000000000000000000000000000000000000000000000000000000000000000000000000004f4985284b6ae0
29195,0000000000000000000000000000000000000000000000000000000000000000000000000000000000000000000000000000000000000000004767d17f05bb80
29205,0000000000000000000000000000000000000000000000000000000000000000000000000000000000000000000000000000000000000000002c1239b9007cc0
29215,00000000000000000000000000000000000000000000000000000000000000000000000000000000000000000000000000000000000000000032335eecce8c80
29225,00000000000000000000000000000000000000000000000000000000000000000000000000000000000000000000000000000000000000000051d629dec77600
29235,00000000000000000000000000000000000000000000000000000000000000000000000000000000000000000000000000000000000000000017721e57de1e40
29245,0000000000000000000000000000000000000000000000000000000000000000000000000000000000000000000000000000000000000000004bb2290da0da00
29255,00000000000000000000000000000000000000000000000000000000000000000000000000000000000000000000000000000000000000000030df0c3ed0d180
29265,0000000000000000000000000000000000000000000000000000000000000000000000000000000000000000000000000000000000000000002119804ee091c0
29275,00000000000000000000000000000000000000000000000000000000000000000000000000000000000000000000000000000000000000000031f888533baa00
29285,00000000000000000000000000000000000000000000000000000000000000000000000000000000000000000000000000000000000000000025e8fe683411e0
29295,0000000000000000000000000000000000000000000000000000000000000000000000000000000000000000000000000000000000000000002ea650b3e86380
29305,000000000000000000000000000000000000000000000000000000000000000000000000000000000000000000000000000000000000000000427f9098986f80
29315,00000000000000000000000000000000000000000000000000000000000000000000000000000000000000000000000000000000000000000037bcce03732c40
29325,000000000000000000000000000000000000000000000000000000000000000000000000000000000000000000000000000000000000000000385203f96548c0
29335,00000000000000000000000000000000000000000000000000000000000000000000000000000000000000000000000000000000000000000028fa758be45100
29345,0000000000000000000000000000000000000000000000000000000000000000000000000000000000000000000000000000000000000000004ea44c15e3ab80
29355,0000000000000000000000000000000000000000000000000000000000000000000000000000000000000000000000000000000000000000005644ce74c90120
29365,00000000000000000000000000000000000000000000000000000000000000000000000000000000000000000000000000000000000000000026a33f47f5f6e0
29375,00000000000000000000000000000000000000000000000000000000000000000000000000000000000000000000000000000000000000000047d3db32d1c4e0
29385,000000000000000000000000000000000000000000000000000000000000000000000000000000000000000000000000000000000000000000254738e94203e0
29395,0000000000000000000000000000000000000000000000000000000000000000000000000000000000000000000000000000000000000000002ad775580ed740
29405,0000000000000000000000000000000000000000000000000000000000000000000000000000000000000000000000000000000000000000003a1142bdb87360
29415,0000000000000000000000000000000000000000000000000000000000000000000000000000000000000000000000000000000000000000001f079f864634c0
29425,00000000000000000000000000000000000000000000000000000000000000000000000000000000000000000000000000000000000000000018278c7cdf8520
29435,00000000000000000000000000000000000000000000000000000000000000000000000000000000000000000000000000000000000000000017c2f2a130bc40
29445,000000000000000000000000000000000000000000000000000000000000000000000000000000000000000000000000000000000000000000354c465ec366a0
29455,0000000000000000000000000000000000000000000000000000000000000000000000000000000000000000000000000000000000000000003a429e0929f8a0
29465,00000000000000000000000000000000000000000000000000000000000000000000000000000000000000000000000000000000000000000033e680c5a3e520
29475,0000000000000000000000000000000000000000000000000000000000000000000000000000000000000000000000000000000000000000001a9ccce62a2640
29485,0000000000000000000000000000000000000000000000000000000000000000000000000000000000000000000000000000000000000000002ea5e733ef7f60
29495,0000000000000000000000000000000000000000000000000000000000000000000000000000000000000000000000000000000000000000002533ee2f7b1bc0
29505,00000000000000000000000000000000000000000000000000000000000000000000000000000000000000000000000000000000000000000057b54434929a20
29515,00000000000000000000000000000000000000000000000000000000000000000000000000000000000000000000000000000000000000000024f6a929c36520
29525,0000000000000000000000000000000000000000000000000000000000000000000000000000000000000000000000000000000000000000002425595f407ca0
29535,000000000000000000000000000000000000000000000000000000000000000000000000000000000000000000000000000000000000000000249ee2eac13280
29545,0000000000000000000000000000000000000000000000000000000000000000000000000000000000000000000000000000000000000000003f03dd0fc1fdc0
29555,0000000000000000000000000000000000000000000000000000000000000000000000000000000000000000000000000000000000000000004762fc57f6a240
29565,00000000000000000000000000000000000000000000000000000000000000000000000000000000000000000000000000000000000000000044a000f3e8dae0
29575,00000000000000000000000000000000000000000000000000000000000000000000000000000000000000000000000000000000000000000040149173893740
29585,00000000000000000000000000000000000000000000000000000000000000000000000000000000000000000000000000000000000000000022b3ae15b321a0
29595,00000000000000000000000000000000000000000000000000000000000000000000000000000000000000000000000000000000000000000051e0e95e0e0ea0
29605,000000000000000000000000000000000000000000000000000000000000000000000000000000000000000000000000000000000000000000224f3888c6d2c0
29615,00000000000000000000000000000000000000000000000000000000000000000000000000000000000000000000000000000000000000000035616ff1079480
29625,00000000000000000000000000000000000000000000000000000000000000000000000000000000000000000000000000000000000000000028b17cae58eee0
29635,00000000000000000000000000000000000000000000000000000000000000000000000000000000000000000000000000000000000000000032a8bc026fdee0
29645,0000000000000000000000000000000000000000000000000000000000000000000000000000000000000000000000000000000000000000002df0b8ddaeb820
29655,0000000000000000000000000000000000000000000000000000000000000000000000000000000000000000000000000000000000000000003df7460e29f0c0
29665,0000000000000000000000000000000000000000000000000000000000000000000000000000000000000000000000000000000000000000003c2d1c19580b80
29675,00000000000000000000000000000000000000000000000000000000000000000000000000000000000000000000000000000000000000000045a238f633cea0
29685,0000000000000000000000000000000000000000000000000000000000000000000000000000000000000000000000000000000000000000004b289af95bd4e0
29695,00000000000000000000000000000000000000000000000000000000000000000000000000000000000000000000000000000000000000000016ca3e31f2e5e0
29705,00000000000000000000000000000000000000000000000000000000000000000000000000000000000000000000000000000000000000000031eca5c0577360
29715,0000000000000000000000000000000000000000000000000000000000000000000000000000000000000000000000000000000000000000005661cbd54b15a0
29725,00000000000000000000000000000000000000000000000000000000000000000000000000000000000000000000000000000000000000000048e7d682af3be0
29735,000000000000000000000000000000000000000000000000000000000000000000000000000000000000000000000000000000000000000000409c5439284320
29745,00000000000000000000000000000000000000000000000000000000000000000000000000000000000000000000000000000000000000000035b096444fc8e0
29755,00000000000000000000000000000000000000000000000000000000000000000000000000000000000000000000000000000000000000000024fc9d3d0dede0
29765,00000000000000000000000000000000000000000000000000000000000000000000000000000000000000000000000000000000000000000037943d862ee8e0
29775,000000000000000000000000000000000000000000000000000000000000000000000000000000000000000000000000000000000000000000254a4f9a47d020
29785,0000000000000000000000000000000000000000000000000000000000000000000000000000000000000000000000000000000000000000003bd577b2f11ae0
29795,0000000000000000000000000000000000000000000000000000000000000000000000000000000000000000000000000000000000000000003811be9b43ce40
29805,0000000000000000000000000000000000000000000000000000000000000000000000000000000000000000000000000000000000000000003d3a73d5f6cd20
29815,0000000000000000000000000000000000000000000000000000000000000000000000000000000000000000000000000000000000000000001c0978300dc140
29825,00000000000000000000000000000000000000000000000000000000000000000000000000000000000000000000000000000000000000000034b0f2d5898d40
29835,00000000000000000000000000000000000000000000000000000000000000000000000000000000000000000000000000000000000000000026c67763204780
29845,0000000000000000000000000000000000000000000000000000000000000000000000000000000000000000000000000000000000000000002693b67a3d0280
29855,0000000000000000000000000000000000000000000000000000000000000000000000000000000000000000000000000000000000000000004c8ed4d75fcf80
29865,00000000000000000000000000000000000000000000000000000000000000000000000000000000000000000000000000000000000000000043b1fb52b7a960
29875,000000000000000000000000000000000000000000000000000000000000000000000000000000000000000000000000000000000000000000448abea692a660
29885,00000000000000000000000000000000000000000000000000000000000000000000000000000000000000000000000000000000000000000078c8f8978864a0
29895,0000000000000000000000000000000000000000000000000000000000000000000000000000000000000000000000000000000000000000005a8496fa41a580
29905,00000000000000000000000000000000000000000000000000000000000000000000000000000000000000000000000000000000000000000040982e396fd2a0
29915,000000000000000000000000000000000000000000000000000000000000000000000000000000000000000000000000000000000000000000358b205a873620
29925,0000000000000000000000000000000000000000000000000000000000000000000000000000000000000000000000000000000000000000002b5ef84514a6a0
29935,0000000000000000000000000000000000000000000000000000000000000000000000000000000000000000000000000000000000000000003c26ec86118520
29945,00000000000000000000000000000000000000000000000000000000000000000000000000000000000000000000000000000000000000000025de359a292d80
29955,00000000000000000000000000000000000000000000000000000000000000000000000000000000000000000000000000000000000000000030dc849799ff60
29965,0000000000000000000000000000000000000000000000000000000000000000000000000000000000000000000000000000000000000000004b2cc1a076b040
29975,00000000000000000000000000000000000000000000000000000000000000000000000000000000000000000000000000000000000000000013d5790c53a840
29985,0000000000000000000000000000000000000000000000000000000000000000000000000000000000000000000000000000000000000000003c6a8a0b5bc520
29995,00000000000000000000000000000000000000000000000000000000000000000000000000000000000000000000000000000000000000000036598e253bd920
30005,000000000000000000000000000000000000000000000000000000000000000000000000000000000000000000000000000000000000000000293e1e73a3f400
30015,00000000000000000000000000000000000000000000000000000000000000000000000000000000000000000000000000000000000000000023bae6ab590680
30025,00000000000000000000000000000000000000000000000000000000000000000000000000000000000000000000000000000000000000000065d1ea6886cce0
30035,00000000000000000000000000000000000000000000000000000000000000000000000000000000000000000000000000000000000000000021954d46890180
30045,0000000000000000000000000000000000000000000000000000000000000000000000000000000000000000000000000000000000000000005873df6ca6f280
30055,000000000000000000000000000000000000000000000000000000000000000000000000000000000000000000000000000000000000000000222e7463999440
30065,00000000000000000000000000000000000000000000000000000000000000000000000000000000000000000000000000000000000000000040c5c3679898c0
30075,00000000000000000000000000000000000000000000000000000000000000000000000000000000000000000000000000000000000000000055189ba68d4780
30085,00000000000000000000000000000000000000000000000000000000000000000000000000000000000000000000000000000000000000000036049d8d6b3720
30095,0000000000000000000000000000000000000000000000000000000000000000000000000000000000000000000000000000000000000000002472460b4c9d60
30105,0000000000000000000000000000000000000000000000000000000000000000000000000000000000000000000000000000000000000000003ad0edf5ba77c0
30115,00000000000000000000000000000000000000000000000000000000000000000000000000000000000000000000000000000000000000000038d4f82ba60500
30125,0000000000000000000000000000000000000000000000000000000000000000000000000000000000000000000000000000000000000000002e287859ed10c0
30135,0000000000000000000000000000000000000000000000000000000000000000000000000000000000000000000000000000000000000000004a6e90de828de0
30145,0000000000000000000000000000000000000000000000000000000000000000000000000000000000000000000000000000000000000000002dc48311e46c00
30155,0000000000000000000000000000000000000000000000000000000000000000000000000000000000000000000000000000000000000000004299cec80ed260
30165,0000000000000000000000000000000000000000000000000000000000000000000000000000000000000000000000000000000000000000002096a2f53bd540
30175,0000000000000000000000000000000000000000000000000000000000000000000000000000000000000000000000000000000000000000003e0a98208de400
30185,0000000000000000000000000000000000000000000000000000000000000000000000000000000000000000000000000000000000000000003a5d9aaebae880
30195,0000000000000000000000000000000000000000000000000000000000000000000000000000000000000000000000000000000000000000002f33fa96ab7540
30205,00000000000000000000000000000000000000000000000000000000000000000000000000000000000000000000000000000000000000000019612c4a33a680
30215,0000000000000000000000000000000000000000000000000000000000000000000000000000000000000000000000000000000000000000002e55d1b954f240
30225,00000000000000000000000000000000000000000000000000000000000000000000000000000000000000000000000000000000000000000023442195cff620
30235,0000000000000000000000000000000000000000000000000000000000000000000000000000000000000000000000000000000000000000005bb8fcef5262e0
30245,0000000000000000000000000000000000000000000000000000000000000000000000000000000000000000000000000000000000000000003eb76ff75e7f60
30255,0000000000000000000000000000000000000000000000000000000000000000000000000000000000000000000000000000000000000000003c76133bcfda40
30265,00000000000000000000000000000000000000000000000000000000000000000000000000000000000000000000000000000000000000000039f96a708eda60
30275,0000000000000000000000000000000000000000000000000000000000000000000000000000000000000000000000000000000000000000001a9f86e5fb1dc0
30285,0000000000000000000000000000000000000000000000000000000000000000000000000000000000000000000000000000000000000000003bd8cf4668af40
30295,0000000000000000000000000000000000000000000000000000000000000000000000000000000000000000000000000000000000000000002a7c80fbb9a780
30305,000000000000000000000000000000000000000000000000000000000000000000000000000000000000000000000000000000000000000000290aa2a8571f60
30315,00000000000000000000000000000000000000000000000000000000000000000000000000000000000000000000000000000000000000000038384f98aa8900
30325,00000000000000000000000000000000000000000000000000000000000000000000000000000000000000000000000000000000000000000019125cf6e59560
30335,0000000000000000000000000000000000000000000000000000000000000000000000000000000000000000000000000000000000000000001421544c2370a0
30345,00000000000000000000000000000000000000000000000000000000000000000000000000000000000000000000000000000000000000000015020d0bc3e900
30355,000000000000000000000000000000000000000000000000000000000000000000000000000000000000000000000000000000000000000000391cafd80bf800
30365,0000000000000000000000000000000000000000000000000000000000000000000000000000000000000000000000000000000000000000001739ebbe1daec0
30375,000000000000000000000000000000000000000000000000000000000000000000000000000000000000000000000000000000000000000000438f58a3d20c20
30385,00000000000000000000000000000000000000000000000000000000000000000000000000000000000000000000000000000000000000000044466a79f23f00
30395,000000000000000000000000000000000000000000000000000000000000000000000000000000000000000000000000000000000000000000245df0340ddc60
30405,000000000000000000000000000000000000000000000000000000000000000000000000000000000000000000000000000000000000000000358bb70bb82260
30415,0000000000000000000000000000000000000000000000000000000000000000000000000000000000000000000000000000000000000000003c2a7bcac06c80
30425,00000000000000000000000000000000000000000000000000000000000000000000000000000000000000000000000000000000000000000025376dc2effe20
30435,000000000000000000000000000000000000000000000000000000000000000000000000000000000000000000000000000000000000000000380f9438f30200
30445,000000000000000000000000000000000000000000000000000000000000000000000000000000000000000000000000000000000000000000297ec716ab0ce0
30455,000000000000000000000000000000000000000000000000000000000000000000000000000000000000000000000000000000000000000000350ff96cac33c0
30465,0000000000000000000000000000000000000000000000000000000000000000000000000000000000000000000000000000000000000000001c4081e76c0aa0
30475,000000000000000000000000000000000000000000000000000000000000000000000000000000000000000000000000000000000000000000351c2c133c4020
30485,00000000000000000000000000000000000000000000000000000000000000000000000000000000000000000000000000000000000000000036eb6fcca277a0
30495,00000000000000000000000000000000000000000000000000000000000000000000000000000000000000000000000000000000000000000020c5f4fbe42ba0
30505,000000000000000000000000000000000000000000000000000000000000000000000000000000000000000000000000000000000000000000156034acce3320
30515,00000000000000000000000000000000000000000000000000000000000000000000000000000000000000000000000000000000000000000024d9da66c80520
30525,0000000000000000000000000000000000000000000000000000000000000000000000000000000000000000000000000000000000000000002dcdd673b9b500
30535,0000000000000000000000000000000000000000000000000000000000000000000000000000000000000000000000000000000000000000001571ada1c82f00
30545,000000000000000000000000000000000000000000000000000000000000000000000000000000000000000000000000000000000000000000424ffce0b972a0
30555,0000000000000000000000000000000000000000000000000000000000000000000000000000000000000000000000000000000000000000002ca33d07d88ce0
30565,0000000000000000000000000000000000000000000000000000000000000000000000000000000000000000000000000000000000000000004727ea8d2ca920
30575,0000000000000000000000000000000000000000000000000000000000000000000000000000000000000000000000000000000000000000003fea0962b5a780
30585,0000000000000000000000000000000000000000000000000000000000000000000000000000000000000000000000000000000000000000001f1aadc0113080
30595,00000000000000000000000000000000000000000000000000000000000000000000000000000000000000000000000000000000000000000029d7c62e35b4c0
30605,0000000000000000000000000000000000000000000000000000000000000000000000000000000000000000000000000000000000000000003a45ff6b65d020
30615,000000000000000000000000000000000000000000000000000000000000000000000000000000000000000000000000000000000000000000144122716142a0
30625,0000000000000000000000000000000000000000000000000000000000000000000000000000000000000000000000000000000000000000002ca014880f0780
30635,0000000000000000000000000000000000000000000000000000000000000000000000000000000000000000000000000000000000000000004294a3c867f820
30645,00000000000000000000000000000000000000000000000000000000000000000000000000000000000000000000000000000000000000000053ac910dd9ec40
30655,00000000000000000000000000000000000000000000000000000000000000000000000000000000000000000000000000000000000000000023e1833c7034a0
30665,00000000000000000000000000000000000000000000000000000000000000000000000000000000000000000000000000000000000000000042ed0d7d868980
30675,00000000000000000000000000000000000000000000000000000000000000000000000000000000000000000000000000000000000000000058e329aa138020
30685,0000000000000000000000000000000000000000000000000000000000000000000000000000000000000000000000000000000000000000001eee379badb080
30695,0000000000000000000000000000000000000000000000000000000000000000000000000000000000000000000000000000000000000000003f0e68e7a99b40
30705,000000000000000000000000000000000000000000000000000000000000000000000000000000000000000000000000000000000000000000682ec453765620
30715,00000000000000000000000000000000000000000000000000000000000000000000000000000000000000000000000000000000000000000030ec7882d594a0
30725,0000000000000000000000000000000000000000000000000000000000000000000000000000000000000000000000000000000000000000003558b4d41457a0
30735,0000000000000000000000000000000000000000000000000000000000000000000000000000000000000000000000000000000000000000001afc134234cf80
30745,0000000000000000000000000000000000000000000000000000000000000000000000000000000000000000000000000000000000000000002c4c98ab38f920
30755,0000000000000000000000000000000000000000000000000000000000000000000000000000000000000000000000000000000000000000013226a7e8bc6940
30765,0000000000000000000000000000000000000000000000000000000000000000000000000000000000000000000000000000000000000000002916bb13d53f00
30775,0000000000000000000000000000000000000000000000000000000000000000000000000000000000000000000000000000000000000000002adaffa696b1c0
30785,000000000000000000000000000000000000000000000000000000000000000000000000000000000000000000000000000000000000000000212e4743a18c20
30795,0000000000000000000000000000000000000000000000000000000000000000000000000000000000000000000000000000000000000000001efada6998a460
30805,00000000000000000000000000000000000000000000000000000000000000000000000000000000000000000000000000000000000000000055ef1735a34bc0
30815,000000000000000000000000000000000000000000000000000000000000000000000000000000000000000000000000000000000000000000236b55ce3f6260
30825,0000000000000000000000000000000000000000000000000000000000000000000000000000000000000000000000000000000000000000005e7fd43593c0a0
30835,0000000000000000000000000000000000000000000000000000000000000000000000000000000000000000000000000000000000000000001cc603ad31f7c0
30845,0000000000000000000000000000000000000000000000000000000000000000000000000000000000000000000000000000000000000000002d5a8d67cd2680
30855,00000000000000000000000000000000000000000000000000000000000000000000000000000000000000000000000000000000000000000033977d8fe32ba0
30865,000000000000000000000000000000000000000000000000000000000000000000000000000000000000000000000000000000000000000000281dd8249a8ac0
