Zeit (ns),Daten (Hex)
995,0000000000000000000000000000000000000000000000000000000000000000000000000000000000000000000000000000000000000000001da0373c07d600
1005,0000000000000000000000000000000000000000000000000000000000000000000000000000000000000000000000000000000000000000000a711d86f467c0
1015,00000000000000000000000000000000000000000000000000000000000000000000000000000000000000000000000000000000000000000101de45e4b0ed60
1025,000000000000000000000000000000000000000000000000000000000000000000000000000000000000000000000000000000000000000000249e132fbb80a0
1035,0000000000000000000000000000000000000000000000000000000000000000000000000000000000000000000000000000000000000000000d61974a679260
1045,0000000000000000000000000000000000000000000000000000000000000000000000000000000000000000000000000000000000000000002b06b18ff3b980
1055,0000000000000000000000000000000000000000000000000000000000000000000000000000000000000000000000000000000000000000001f9dec238800a0
1065,000000000000000000000000000000000000000000000000000000000000000000000000000000000000000000000000000000000000000000112c4108ff9de0
1075,0000000000000000000000000000000000000000000000000000000000000000000000000000000000000000000000000000000000000000000639a0cfb19400
1085,00000000000000000000000000000000000000000000000000000000000000000000000000000000000000000000000000000000000000000008de3ddd2dad00
1095,00000000000000000000000000000000000000000000000000000000000000000000000000000000000000000000000000000000000000000009a89a32011ac0
1105,00000000000000000000000000000000000000000000000000000000000000000000000000000000000000000000000000000000000000000007491ac73f3860
1115,0000000000000000000000000000000000000000000000000000000000000000000000000000000000000000000000000000000000000000002544062e657dc0
1125,00000000000000000000000000000000000000000000000000000000000000000000000000000000000000000000000000000000000000000008b8545fbba8e0
1135,000000000000000000000000000000000000000000000000000000000000000000000000000000000000000000000000000000000000000000153d349b78b960
1145,0000000000000000000000000000000000000000000000000000000000000000000000000000000000000000000000000000000000000000002a884598788080
1155,0000000000000000000000000000000000000000000000000000000000000000000000000000000000000000000000000000000000000000001c72d9a8f3ef60
1165,0000000000000000000000000000000000000000000000000000000000000000000000000000000000000000000000000000000000000000001fc57152195ac0
1175,0000000000000000000000000000000000000000000000000000000000000000000000000000000000000000000000000000000000000000001e1b570280dda0
1185,00000000000000000000000000000000000000000000000000000000000000000000000000000000000000000000000000000000000000000018e60ba14486c0
1195,0000000000000000000000000000000000000000000000000000000000000000000000000000000000000000000000000000000000000000001adc3ff594e040
1205,000000000000000000000000000000000000000000000000000000000000000000000000000000000000000000000000000000000000000000045decf99811e0
1215,00000000000000000000000000000000000000000000000000000000000000000000000000000000000000000000000000000000000000000006898cca4eed00
1225,00000000000000000000000000000000000000000000000000000000000000000000000000000000000000000000000000000000000000000016b2c278744b00
1235,00000000000000000000000000000000000000000000000000000000000000000000000000000000000000000000000000000000000000000028bd1223b87f20
1245,0000000000000000000000000000000000000000000000000000000000000000000000000000000000000000000000000000000000000000000703967350d980
1255,00000000000000000000000000000000000000000000000000000000000000000000000000000000000000000000000000000000000000000006e7fdb0409600
1265,0000000000000000000000000000000000000000000000000000000000000000000000000000000000000000000000000000000000000000000a43e313d935c0
1275,000000000000000000000000000000000000000000000000000000000000000000000000000000000000000000000000000000000000000000099b9ce41c4000
1285,00000000000000000000000000000000000000000000000000000000000000000000000000000000000000000000000000000000000000000009a1f6bc4c3c00
1295,0000000000000000000000000000000000000000000000000000000000000000000000000000000000000000000000000000000000000000000ab8892986dce0
1305,00000000000000000000000000000000000000000000000000000000000000000000000000000000000000000000000000000000000000000016f511c2c15f40
1315,00000000000000000000000000000000000000000000000000000000000000000000000000000000000000000000000000000000000000000015766b3527a3e0
1325,00000000000000000000000000000000000000000000000000000000000000000000000000000000000000000000000000000000000000000008af10605b7de0
1335,0000000000000000000000000000000000000000000000000000000000000000000000000000000000000000000000000000000000000000011185c8fe09bbe0
1345,00000000000000000000000000000000000000000000000000000000000000000000000000000000000000000000000000000000000000000010fcda29bb2540
1355,0000000000000000000000000000000000000000000000000000000000000000000000000000000000000000000000000000000000000000000fbb34abb65260
1365,0000000000000000000000000000000000000000000000000000000000000000000000000000000000000000000000000000000000000000000a7bc15501ca60
1375,000000000000000000000000000000000000000000000000000000000000000000000000000000000000000000000000000000000000000000085349e68a9e00
1385,0000000000000000000000000000000000000000000000000000000000000000000000000000000000000000000000000000000000000000003be40e00ba6660
1395,00000000000000000000000000000000000000000000000000000000000000000000000000000000000000000000000000000000000000000029c6b59baad7a0
1405,0000000000000000000000000000000000000000000000000000000000000000000000000000000000000000000000000000000000000000002cf6266e911740
1415,00000000000000000000000000000000000000000000000000000000000000000000000000000000000000000000000000000000000000000015d2fab8c39560
1425,000000000000000000000000000000000000000000000000000000000000000000000000000000000000000000000000000000000000000000199307294dce20
1435,000000000000000000000000000000000000000000000000000000000000000000000000000000000000000000000000000000000000000000283fe3ac27e140
1445,00000000000000000000000000000000000000000000000000000000000000000000000000000000000000000000000000000000000000000007f01a45d71de0
1455,0000000000000000000000000000000000000000000000000000000000000000000000000000000000000000000000000000000000000000002db605ff2d1e80
1465,00000000000000000000000000000000000000000000000000000000000000000000000000000000000000000000000000000000000000000009a71977075620
1475,00000000000000000000000000000000000000000000000000000000000000000000000000000000000000000000000000000000000000000026e021e1658a60
1485,00000000000000000000000000000000000000000000000000000000000000000000000000000000000000000000000000000000000000000026f19fea1069c0
1495,000000000000000000000000000000000000000000000000000000000000000000000000000000000000000000000000000000000000000000139f065ec3cf00
1505,0000000000000000000000000000000000000000000000000000000000000000000000000000000000000000000000000000000000000000001060f35b9ee980
1515,00000000000000000000000000000000000000000000000000000000000000000000000000000000000000000000000000000000000000000012f97d38b039e0
1525,0000000000000000000000000000000000000000000000000000000000000000000000000000000000000000000000000000000000000000000637bf810d1640
1535,0000000000000000000000000000000000000000000000000000000000000000000000000000000000000000000000000000000000000000002edb5608f35120
1545,0000000000000000000000000000000000000000000000000000000000000000000000000000000000000000000000000000000000000000000adc9144a32980
1555,00000000000000000000000000000000000000000000000000000000000000000000000000000000000000000000000000000000000000000016b0d10c470aa0
1565,0000000000000000000000000000000000000000000000000000000000000000000000000000000000000000000000000000000000000000001e9a665c673ba0
1575,000000000000000000000000000000000000000000000000000000000000000000000000000000000000000000000000000000000000000000229babdc3d96e0
1585,000000000000000000000000000000000000000000000000000000000000000000000000000000000000000000000000000000000000000000179ffa8fdab880
1595,00000000000000000000000000000000000000000000000000000000000000000000000000000000000000000000000000000000000000000032c60b0a4ee900
1605,000000000000000000000000000000000000000000000000000000000000000000000000000000000000000000000000000000000000000000240dc360d75820
1615,000000000000000000000000000000000000000000000000000000000000000000000000000000000000000000000000000000000000000000152691b0b06ee0
1625,00000000000000000000000000000000000000000000000000000000000000000000000000000000000000000000000000000000000000000004eac283cbe8c0
1635,000000000000000000000000000000000000000000000000000000000000000000000000000000000000000000000000000000000000000000439476de8d73e0
1645,00000000000000000000000000000000000000000000000000000000000000000000000000000000000000000000000000000000000000000033275148ad3ba0
1655,0000000000000000000000000000000000000000000000000000000000000000000000000000000000000000000000000000000000000000001a7138b7decee0
1665,00000000000000000000000000000000000000000000000000000000000000000000000000000000000000000000000000000000000000000031e4c62d2e0900
1675,0000000000000000000000000000000000000000000000000000000000000000000000000000000000000000000000000000000000000000002148d937fe98c0
1685,000000000000000000000000000000000000000000000000000000000000000000000000000000000000000000000000000000000000000000082f98b7b73ae0
1695,0000000000000000000000000000000000000000000000000000000000000000000000000000000000000000000000000000000000000000001c980d75371e00
1705,00000000000000000000000000000000000000000000000000000000000000000000000000000000000000000000000000000000000000000016358e1e6deb40
1715,000000000000000000000000000000000000000000000000000000000000000000000000000000000000000000000000000000000000000000f60f171cb5a700
1725,00000000000000000000000000000000000000000000000000000000000000000000000000000000000000000000000000000000000000000014fba84745e480
1735,00000000000000000000000000000000000000000000000000000000000000000000000000000000000000000000000000000000000000000003fb5f45286d80
1745,00000000000000000000000000000000000000000000000000000000000000000000000000000000000000000000000000000000000000000008b32ffd9e3520
1755,0000000000000000000000000000000000000000000000000000000000000000000000000000000000000000000000000000000000000000000795c455c60640
1765,0000000000000000000000000000000000000000000000000000000000000000000000000000000000000000000000000000000000000000001a305f1eb3a020
1775,00000000000000000000000000000000000000000000000000000000000000000000000000000000000000000000000000000000000000000020eafba0c7ef00
1785,00000000000000000000000000000000000000000000000000000000000000000000000000000000000000000000000000000000000000000018ad5af3db5b00
1795,000000000000000000000000000000000000000000000000000000000000000000000000000000000000000000000000000000000000000000128fa1d3837e00
1805,000000000000000000000000000000000000000000000000000000000000000000000000000000000000000000000000000000000000000000086caebd721c40
1815,00000000000000000000000000000000000000000000000000000000000000000000000000000000000000000000000000000000000000000020abba9159d680
1825,00000000000000000000000000000000000000000000000000000000000000000000000000000000000000000000000000000000000000000008721c0200ce20
1835,0000000000000000000000000000000000000000000000000000000000000000000000000000000000000000000000000000000000000000001b1b6c7b2bbd80
1845,0000000000000000000000000000000000000000000000000000000000000000000000000000000000000000000000000000000000000000000e981553056b80
1855,00000000000000000000000000000000000000000000000000000000000000000000000000000000000000000000000000000000000000000022f2129b5778e0
1865,000000000000000000000000000000000000000000000000000000000000000000000000000000000000000000000000000000000000000000203c155dcc0780
1875,000000000000000000000000000000000000000000000000000000000000000000000000000000000000000000000000000000000000000000254c2e7c9db2c0
1885,0000000000000000000000000000000000000000000000000000000000000000000000000000000000000000000000000000000000000000001445f9fae65a20
1895,0000000000000000000000000000000000000000000000000000000000000000000000000000000000000000000000000000000000000000000db2d1d89f9b00
1905,00000000000000000000000000000000000000000000000000000000000000000000000000000000000000000000000000000000000000000008c96dde94b100
1915,000000000000000000000000000000000000000000000000000000000000000000000000000000000000000000000000000000000000000000d28e3ed9c1eca0
1925,0000000000000000000000000000000000000000000000000000000000000000000000000000000000000000000000000000000000000000000e3e2a769e57e0
1935,00000000000000000000000000000000000000000000000000000000000000000000000000000000000000000000000000000000000000000103fbd8ac818be0
1945,0000000000000000000000000000000000000000000000000000000000000000000000000000000000000000000000000000000000000000001541f969eb62c0
1955,000000000000000000000000000000000000000000000000000000000000000000000000000000000000000000000000000000000000000000045d11486bcbe0
1965,000000000000000000000000000000000000000000000000000000000000000000000000000000000000000000000000000000000000000000105c64348b18c0
1975,0000000000000000000000000000000000000000000000000000000000000000000000000000000000000000000000000000000000000000000fa89505951e40
1985,0000000000000000000000000000000000000000000000000000000000000000000000000000000000000000000000000000000000000000000c56c6b4ffab80
1995,0000000000000000000000000000000000000000000000000000000000000000000000000000000000000000000000000000000000000000000b595f28890e40
2005,000000000000000000000000000000000000000000000000000000000000000000000000000000000000000000000000000000000000000000068d46e7987b20
2015,00000000000000000000000000000000000000000000000000000000000000000000000000000000000000000000000000000000000000000005f4689947ecc0
2025,00000000000000000000000000000000000000000000000000000000000000000000000000000000000000000000000000000000000000000009a9fc0a86ccc0
2035,00000000000000000000000000000000000000000000000000000000000000000000000000000000000000000000000000000000000000000026a4fe6561aec0
2045,00000000000000000000000000000000000000000000000000000000000000000000000000000000000000000000000000000000000000000015fbce04c844a0
2055,0000000000000000000000000000000000000000000000000000000000000000000000000000000000000000000000000000000000000000000d8bdc16535bc0
2065,00000000000000000000000000000000000000000000000000000000000000000000000000000000000000000000000000000000000000000108f6937dfee5a0
2075,0000000000000000000000000000000000000000000000000000000000000000000000000000000000000000000000000000000000000000000524dbe257da40
2085,000000000000000000000000000000000000000000000000000000000000000000000000000000000000000000000000000000000000000000ac00df90529dc0
2095,0000000000000000000000000000000000000000000000000000000000000000000000000000000000000000000000000000000000000000000e82abc0c58da0
2105,00000000000000000000000000000000000000000000000000000000000000000000000000000000000000000000000000000000000000000017779e301ccac0
2115,00000000000000000000000000000000000000000000000000000000000000000000000000000000000000000000000000000000000000000103036d33662d60
2125,0000000000000000000000000000000000000000000000000000000000000000000000000000000000000000000000000000000000000000002e3b0f277153a0
2135,0000000000000000000000000000000000000000000000000000000000000000000000000000000000000000000000000000000000000000000b687858bfaf60
2145,00000000000000000000000000000000000000000000000000000000000000000000000000000000000000000000000000000000000000000023d185c75ca660
2155,000000000000000000000000000000000000000000000000000000000000000000000000000000000000000000000000000000000000000000174cf08b9a8820
2165,000000000000000000000000000000000000000000000000000000000000000000000000000000000000000000000000000000000000000000cd4f23b4428700
2175,0000000000000000000000000000000000000000000000000000000000000000000000000000000000000000000000000000000000000000002ceb7de5705500
2185,000000000000000000000000000000000000000000000000000000000000000000000000000000000000000000000000000000000000000000059e56c67716c0
2195,0000000000000000000000000000000000000000000000000000000000000000000000000000000000000000000000000000000000000000000af0fc25b91d20
2205,00000000000000000000000000000000000000000000000000000000000000000000000000000000000000000000000000000000000000000005666dacb1b360
2215,00000000000000000000000000000000000000000000000000000000000000000000000000000000000000000000000000000000000000000011f1894a796ae0
2225,0000000000000000000000000000000000000000000000000000000000000000000000000000000000000000000000000000000000000000000d401907bd05c0
2235,0000000000000000000000000000000000000000000000000000000000000000000000000000000000000000000000000000000000000000002d2acf43a24080
2245,000000000000000000000000000000000000000000000000000000000000000000000000000000000000000000000000000000000000000000278b2855df5a40
2255,0000000000000000000000000000000000000000000000000000000000000000000000000000000000000000000000000000000000000000000518c4ed0103e0
2265,0000000000000000000000000000000000000000000000000000000000000000000000000000000000000000000000000000000000000000001bd3e35b0c7f00
2275,0000000000000000000000000000000000000000000000000000000000000000000000000000000000000000000000000000000000000000001d32ff2fb2a240
2285,0000000000000000000000000000000000000000000000000000000000000000000000000000000000000000000000000000000000000000000a175716d9a4c0
2295,0000000000000000000000000000000000000000000000000000000000000000000000000000000000000000000000000000000000000000000ab8ced0e4a180
2305,00000000000000000000000000000000000000000000000000000000000000000000000000000000000000000000000000000000000000000015dafcf34d2020
2315,000000000000000000000000000000000000000000000000000000000000000000000000000000000000000000000000000000000000000000346589d0c5c3a0
2325,0000000000000000000000000000000000000000000000000000000000000000000000000000000000000000000000000000000000000000001e2e6f32729000
2335,0000000000000000000000000000000000000000000000000000000000000000000000000000000000000000000000000000000000000000000a9d60a182baa0
2345,0000000000000000000000000000000000000000000000000000000000000000000000000000000000000000000000000000000000000000001111d83c024180
2355,000000000000000000000000000000000000000000000000000000000000000000000000000000000000000000000000000000000000000000245d08a06c3c00
2365,00000000000000000000000000000000000000000000000000000000000000000000000000000000000000000000000000000000000000000037e29fa84941e0
2375,0000000000000000000000000000000000000000000000000000000000000000000000000000000000000000000000000000000000000000001811076ab2c1a0
2385,0000000000000000000000000000000000000000000000000000000000000000000000000000000000000000000000000000000000000000000884163bde62e0
2395,00000000000000000000000000000000000000000000000000000000000000000000000000000000000000000000000000000000000000000016bf13503d6240
2405,00000000000000000000000000000000000000000000000000000000000000000000000000000000000000000000000000000000000000000022366ac5866180
2415,000000000000000000000000000000000000000000000000000000000000000000000000000000000000000000000000000000000000000001211469d4237ac0
2425,0000000000000000000000000000000000000000000000000000000000000000000000000000000000000000000000000000000000000000002b5bef9de685c0
2435,00000000000000000000000000000000000000000000000000000000000000000000000000000000000000000000000000000000000000000010b9b341f2bfc0
2445,000000000000000000000000000000000000000000000000000000000000000000000000000000000000000000000000000000000000000000176c5d30deec00
2455,0000000000000000000000000000000000000000000000000000000000000000000000000000000000000000000000000000000000000000000bc4847015b700
2465,0000000000000000000000000000000000000000000000000000000000000000000000000000000000000000000000000000000000000000001de0b8d538f2c0
2475,0000000000000000000000000000000000000000000000000000000000000000000000000000000000000000000000000000000000000000001b34ed16fdab80
2485,0000000000000000000000000000000000000000000000000000000000000000000000000000000000000000000000000000000000000000000751cb956e3ac0
2495,000000000000000000000000000000000000000000000000000000000000000000000000000000000000000000000000000000000000000000098a640ca7cac0
2505,0000000000000000000000000000000000000000000000000000000000000000000000000000000000000000000000000000000000000000000a7449730c7700
2515,000000000000000000000000000000000000000000000000000000000000000000000000000000000000000000000000000000000000000000163f270a172240
2525,00000000000000000000000000000000000000000000000000000000000000000000000000000000000000000000000000000000000000000030cdf8a26d8b40
2535,00000000000000000000000000000000000000000000000000000000000000000000000000000000000000000000000000000000000000000005df9569741420
2545,0000000000000000000000000000000000000000000000000000000000000000000000000000000000000000000000000000000000000000000ae699a66c4040
2555,0000000000000000000000000000000000000000000000000000000000000000000000000000000000000000000000000000000000000000000fb90fdd166100
2565,000000000000000000000000000000000000000000000000000000000000000000000000000000000000000000000000000000000000000000058581795e8a00
2575,00000000000000000000000000000000000000000000000000000000000000000000000000000000000000000000000000000000000000000005be6b8939ff40
2585,000000000000000000000000000000000000000000000000000000000000000000000000000000000000000000000000000000000000000000057aa770411da0
2595,00000000000000000000000000000000000000000000000000000000000000000000000000000000000000000000000000000000000000000004d8f86774eea0
2605,0000000000000000000000000000000000000000000000000000000000000000000000000000000000000000000000000000000000000000001a03250435f200
2615,00000000000000000000000000000000000000000000000000000000000000000000000000000000000000000000000000000000000000000005455d60272060
2625,0000000000000000000000000000000000000000000000000000000000000000000000000000000000000000000000000000000000000000003742b38bad7560
2635,00000000000000000000000000000000000000000000000000000000000000000000000000000000000000000000000000000000000000000007421b0ca44280
2645,0000000000000000000000000000000000000000000000000000000000000000000000000000000000000000000000000000000000000000000c5015c9245280
2655,0000000000000000000000000000000000000000000000000000000000000000000000000000000000000000000000000000000000000000000b5f6ced0cef80
2665,000000000000000000000000000000000000000000000000000000000000000000000000000000000000000000000000000000000000000000034dbb0bef7060
2675,000000000000000000000000000000000000000000000000000000000000000000000000000000000000000000000000000000000000000000095658adb367c0
2685,000000000000000000000000000000000000000000000000000000000000000000000000000000000000000000000000000000000000000000078cd5cc877b80
2695,000000000000000000000000000000000000000000000000000000000000000000000000000000000000000000000000000000000000000000154dd8556d6240
2705,000000000000000000000000000000000000000000000000000000000000000000000000000000000000000000000000000000000000000000147d94bc137b20
2715,00000000000000000000000000000000000000000000000000000000000000000000000000000000000000000000000000000000000000000015c33361363a40
2725,0000000000000000000000000000000000000000000000000000000000000000000000000000000000000000000000000000000000000000001b610af67acf60
2735,00000000000000000000000000000000000000000000000000000000000000000000000000000000000000000000000000000000000000000009141077171480
2745,0000000000000000000000000000000000000000000000000000000000000000000000000000000000000000000000000000000000000000000ae527e198dc00
2755,00000000000000000000000000000000000000000000000000000000000000000000000000000000000000000000000000000000000000000009690e18bf7320
2765,000000000000000000000000000000000000000000000000000000000000000000000000000000000000000000000000000000000000000000262e728ae87460
2775,0000000000000000000000000000000000000000000000000000000000000000000000000000000000000000000000000000000000000000002266f15fcb2800
2785,0000000000000000000000000000000000000000000000000000000000000000000000000000000000000000000000000000000000000000000786852f6a9180
2795,000000000000000000000000000000000000000000000000000000000000000000000000000000000000000000000000000000000000000000257d9303224a00
2805,0000000000000000000000000000000000000000000000000000000000000000000000000000000000000000000000000000000000000000000ee69a57939220
2815,0000000000000000000000000000000000000000000000000000000000000000000000000000000000000000000000000000000000000000000553f137c933e0
2825,0000000000000000000000000000000000000000000000000000000000000000000000000000000000000000000000000000000000000000000926bea70feb60
2835,000000000000000000000000000000000000000000000000000000000000000000000000000000000000000000000000000000000000000000124134c51b1c80
2845,0000000000000000000000000000000000000000000000000000000000000000000000000000000000000000000000000000000000000000001bc0ef662c0ce0
2855,0000000000000000000000000000000000000000000000000000000000000000000000000000000000000000000000000000000000000000000c7d13f7574560
2865,00000000000000000000000000000000000000000000000000000000000000000000000000000000000000000000000000000000000000000023fd7a0952bf80
2875,00000000000000000000000000000000000000000000000000000000000000000000000000000000000000000000000000000000000000000034ab0569a107e0
2885,000000000000000000000000000000000000000000000000000000000000000000000000000000000000000000000000000000000000000000156bdbd367a5e0
2895,0000000000000000000000000000000000000000000000000000000000000000000000000000000000000000000000000000000000000000002b8bb8383819c0
2905,00000000000000000000000000000000000000000000000000000000000000000000000000000000000000000000000000000000000000000018b4e82e6cc800
2915,0000000000000000000000000000000000000000000000000000000000000000000000000000000000000000000000000000000000000000001d1c1944eedb80
2925,00000000000000000000000000000000000000000000000000000000000000000000000000000000000000000000000000000000000000000016b1a578877f40
2935,0000000000000000000000000000000000000000000000000000000000000000000000000000000000000000000000000000000000000000001440c1678f2f00
2945,0000000000000000000000000000000000000000000000000000000000000000000000000000000000000000000000000000000000000000000a7a934b3d8700
2955,000000000000000000000000000000000000000000000000000000000000000000000000000000000000000000000000000000000000000000128cec8ec5e620
2965,0000000000000000000000000000000000000000000000000000000000000000000000000000000000000000000000000000000000000000001b5c3c9e302d00
2975,00000000000000000000000000000000000000000000000000000000000000000000000000000000000000000000000000000000000000000007ad1d71bd1da0
2985,0000000000000000000000000000000000000000000000000000000000000000000000000000000000000000000000000000000000000000000b3a6e20c62ea0
2995,0000000000000000000000000000000000000000000000000000000000000000000000000000000000000000000000000000000000000000000764811e041cc0
3005,0000000000000000000000000000000000000000000000000000000000000000000000000000000000000000000000000000000000000000001d3f82563d4200
3015,0000000000000000000000000000000000000000000000000000000000000000000000000000000000000000000000000000000000000000000932f3cd9fcca0
3025,0000000000000000000000000000000000000000000000000000000000000000000000000000000000000000000000000000000000000000001c8434768d7d40
3035,0000000000000000000000000000000000000000000000000000000000000000000000000000000000000000000000000000000000000000000a8787b6acd3a0
3045,000000000000000000000000000000000000000000000000000000000000000000000000000000000000000000000000000000000000000000059fd3edbfde00
3055,00000000000000000000000000000000000000000000000000000000000000000000000000000000000000000000000000000000000000000008f80c82d2f660
3065,0000000000000000000000000000000000000000000000000000000000000000000000000000000000000000000000000000000000000000000ad8ff9d7e43e0
3075,0000000000000000000000000000000000000000000000000000000000000000000000000000000000000000000000000000000000000000000a03ff2bd88c80
3085,000000000000000000000000000000000000000000000000000000000000000000000000000000000000000000000000000000000000000000204d2184086c00
3095,00000000000000000000000000000000000000000000000000000000000000000000000000000000000000000000000000000000000000000102999eba875780
3105,0000000000000000000000000000000000000000000000000000000000000000000000000000000000000000000000000000000000000000000e3bb4631791a0
3115,0000000000000000000000000000000000000000000000000000000000000000000000000000000000000000000000000000000000000000003510858053fe80
3125,0000000000000000000000000000000000000000000000000000000000000000000000000000000000000000000000000000000000000000001b7bc5c372a540
3135,0000000000000000000000000000000000000000000000000000000000000000000000000000000000000000000000000000000000000000000be4eee40ded00
3145,000000000000000000000000000000000000000000000000000000000000000000000000000000000000000000000000000000000000000000cc172e045b87c0
3155,000000000000000000000000000000000000000000000000000000000000000000000000000000000000000000000000000000000000000000cd2e78b6760cc0
3165,00000000000000000000000000000000000000000000000000000000000000000000000000000000000000000000000000000000000000000008ee1379a660c0
3175,0000000000000000000000000000000000000000000000000000000000000000000000000000000000000000000000000000000000000000000a22018c490ac0
3185,00000000000000000000000000000000000000000000000000000000000000000000000000000000000000000000000000000000000000000024d25584d39200
3195,0000000000000000000000000000000000000000000000000000000000000000000000000000000000000000000000000000000000000000001f8f5e2e5baf00
3205,000000000000000000000000000000000000000000000000000000000000000000000000000000000000000000000000000000000000000000206b90ee4a2ee0
3215,00000000000000000000000000000000000000000000000000000000000000000000000000000000000000000000000000000000000000000007b894a2326940
3225,0000000000000000000000000000000000000000000000000000000000000000000000000000000000000000000000000000000000000000011551210b5af4e0
3235,0000000000000000000000000000000000000000000000000000000000000000000000000000000000000000000000000000000000000000000fb511186efd00
3245,0000000000000000000000000000000000000000000000000000000000000000000000000000000000000000000000000000000000000000000f79bf615a8da0
3255,0000000000000000000000000000000000000000000000000000000000000000000000000000000000000000000000000000000000000000001727595ce7e480
3265,0000000000000000000000000000000000000000000000000000000000000000000000000000000000000000000000000000000000000000002313cd7b87c880
3275,000000000000000000000000000000000000000000000000000000000000000000000000000000000000000000000000000000000000000000144699b5ef4800
3285,0000000000000000000000000000000000000000000000000000000000000000000000000000000000000000000000000000000000000000001f1c67dd7d3ea0
3295,00000000000000000000000000000000000000000000000000000000000000000000000000000000000000000000000000000000000000000147cadbdfba94a0
3305,000000000000000000000000000000000000000000000000000000000000000000000000000000000000000000000000000000000000000000257b033e622b40
3315,0000000000000000000000000000000000000000000000000000000000000000000000000000000000000000000000000000000000000000000b5421edcfbd40
3325,0000000000000000000000000000000000000000000000000000000000000000000000000000000000000000000000000000000000000000000b21107140ab20
3335,000000000000000000000000000000000000000000000000000000000000000000000000000000000000000000000000000000000000000000102a5690880e20
3345,000000000000000000000000000000000000000000000000000000000000000000000000000000000000000000000000000000000000000000090d748161b460
3355,00000000000000000000000000000000000000000000000000000000000000000000000000000000000000000000000000000000000000000008eca879bed680
3365,000000000000000000000000000000000000000000000000000000000000000000000000000000000000000000000000000000000000000000231f9dabf714e0
3375,0000000000000000000000000000000000000000000000000000000000000000000000000000000000000000000000000000000000000000001f9216cbb69700
3385,000000000000000000000000000000000000000000000000000000000000000000000000000000000000000000000000000000000000000000082305aeb785c0
3395,0000000000000000000000000000000000000000000000000000000000000000000000000000000000000000000000000000000000000000003fc855200ebe60
3405,0000000000000000000000000000000000000000000000000000000000000000000000000000000000000000000000000000000000000000001e364fa8121280
3415,000000000000000000000000000000000000000000000000000000000000000000000000000000000000000000000000000000000000000000053c694d1057a0
3425,0000000000000000000000000000000000000000000000000000000000000000000000000000000000000000000000000000000000000000000e9827b57a55c0
3435,0000000000000000000000000000000000000000000000000000000000000000000000000000000000000000000000000000000000000000000a1cbfc7b76a80
3445,0000000000000000000000000000000000000000000000000000000000000000000000000000000000000000000000000000000000000000001e68572e8bae00
3455,0000000000000000000000000000000000000000000000000000000000000000000000000000000000000000000000000000000000000000002c055908a38d00
3465,00000000000000000000000000000000000000000000000000000000000000000000000000000000000000000000000000000000000000000028803d3b831320
3475,00000000000000000000000000000000000000000000000000000000000000000000000000000000000000000000000000000000000000000025f77e8e9c6560
3485,0000000000000000000000000000000000000000000000000000000000000000000000000000000000000000000000000000000000000000000835cc99c26340
3495,0000000000000000000000000000000000000000000000000000000000000000000000000000000000000000000000000000000000000000000669c50786d440
3505,0000000000000000000000000000000000000000000000000000000000000000000000000000000000000000000000000000000000000000001ea5a50ce055e0
3515,0000000000000000000000000000000000000000000000000000000000000000000000000000000000000000000000000000000000000000001ae580fecddbe0
3525,0000000000000000000000000000000000000000000000000000000000000000000000000000000000000000000000000000000000000000000c386c4abc7e60
3535,00000000000000000000000000000000000000000000000000000000000000000000000000000000000000000000000000000000000000000011c2b8d7799460
3545,000000000000000000000000000000000000000000000000000000000000000000000000000000000000000000000000000000000000000000075fc5634211e0
3555,000000000000000000000000000000000000000000000000000000000000000000000000000000000000000000000000000000000000000000f53cbcc86c16c0
3565,0000000000000000000000000000000000000000000000000000000000000000000000000000000000000000000000000000000000000000003154191963daa0
3575,0000000000000000000000000000000000000000000000000000000000000000000000000000000000000000000000000000000000000000001cbcda4b59da40
3585,0000000000000000000000000000000000000000000000000000000000000000000000000000000000000000000000000000000000000000000f2c9ebf2a8ac0
3595,00000000000000000000000000000000000000000000000000000000000000000000000000000000000000000000000000000000000000000026203d6e53b000
3605,0000000000000000000000000000000000000000000000000000000000000000000000000000000000000000000000000000000000000000000aa86d20c42300
3615,0000000000000000000000000000000000000000000000000000000000000000000000000000000000000000000000000000000000000000000752c26dfb2280
3625,0000000000000000000000000000000000000000000000000000000000000000000000000000000000000000000000000000000000000000001b4206512f6980
3635,0000000000000000000000000000000000000000000000000000000000000000000000000000000000000000000000000000000000000000000c868decdb3000
3645,0000000000000000000000000000000000000000000000000000000000000000000000000000000000000000000000000000000000000000000ad4674f089ae0
3655,00000000000000000000000000000000000000000000000000000000000000000000000000000000000000000000000000000000000000000047682343ec87c0
3665,000000000000000000000000000000000000000000000000000000000000000000000000000000000000000000000000000000000000000000079c96df28f400
3675,00000000000000000000000000000000000000000000000000000000000000000000000000000000000000000000000000000000000000000005e2e05f62a980
3685,000000000000000000000000000000000000000000000000000000000000000000000000000000000000000000000000000000000000000000118e4102651de0
3695,00000000000000000000000000000000000000000000000000000000000000000000000000000000000000000000000000000000000000000007734fce3fc300
3705,0000000000000000000000000000000000000000000000000000000000000000000000000000000000000000000000000000000000000000000bd6d933c5cf80
3715,0000000000000000000000000000000000000000000000000000000000000000000000000000000000000000000000000000000000000000000ffaca76326680
3725,0000000000000000000000000000000000000000000000000000000000000000000000000000000000000000000000000000000000000000000613b048676bc0
3735,0000000000000000000000000000000000000000000000000000000000000000000000000000000000000000000000000000000000000000001ce00fb54945a0
3745,0000000000000000000000000000000000000000000000000000000000000000000000000000000000000000000000000000000000000000001bfb8c30fde840
3755,00000000000000000000000000000000000000000000000000000000000000000000000000000000000000000000000000000000000000000026f59e69cb83a0
3765,00000000000000000000000000000000000000000000000000000000000000000000000000000000000000000000000000000000000000000014801ea83674e0
3775,0000000000000000000000000000000000000000000000000000000000000000000000000000000000000000000000000000000000000000001ab7490bc3bec0
3785,000000000000000000000000000000000000000000000000000000000000000000000000000000000000000000000000000000000000000000175e24cf5e1140
3795,0000000000000000000000000000000000000000000000000000000000000000000000000000000000000000000000000000000000000000001ee4e4d7623580
3805,000000000000000000000000000000000000000000000000000000000000000000000000000000000000000000000000000000000000000000bdcd90536f0260
3815,0000000000000000000000000000000000000000000000000000000000000000000000000000000000000000000000000000000000000000001779910898b780
3825,0000000000000000000000000000000000000000000000000000000000000000000000000000000000000000000000000000000000000000001fb6c5d3166920
3835,00000000000000000000000000000000000000000000000000000000000000000000000000000000000000000000000000000000000000000026b31c6e46c620
3845,000000000000000000000000000000000000000000000000000000000000000000000000000000000000000000000000000000000000000000195dd34a6d65c0
3855,0000000000000000000000000000000000000000000000000000000000000000000000000000000000000000000000000000000000000000000e1591dbd0c7e0
3865,0000000000000000000000000000000000000000000000000000000000000000000000000000000000000000000000000000000000000000001dc468d72156c0
3875,0000000000000000000000000000000000000000000000000000000000000000000000000000000000000000000000000000000000000000001720ba49a8e180
3885,0000000000000000000000000000000000000000000000000000000000000000000000000000000000000000000000000000000000000000000cbc62909d11e0
3895,0000000000000000000000000000000000000000000000000000000000000000000000000000000000000000000000000000000000000000000693635d5672a0
3905,0000000000000000000000000000000000000000000000000000000000000000000000000000000000000000000000000000000000000000000df21eca830de0
3915,0000000000000000000000000000000000000000000000000000000000000000000000000000000000000000000000000000000000000000001ab1ae5ae95780
3925,0000000000000000000000000000000000000000000000000000000000000000000000000000000000000000000000000000000000000000001b3c44ef1c8a00
3935,0000000000000000000000000000000000000000000000000000000000000000000000000000000000000000000000000000000000000000000e6843cc65ac80
3945,0000000000000000000000000000000000000000000000000000000000000000000000000000000000000000000000000000000000000000000f4cd07812e220
3955,0000000000000000000000000000000000000000000000000000000000000000000000000000000000000000000000000000000000000000000a1b6ad1a701a0
3965,0000000000000000000000000000000000000000000000000000000000000000000000000000000000000000000000000000000000000000000457225c836060
3975,00000000000000000000000000000000000000000000000000000000000000000000000000000000000000000000000000000000000000000024ebe0f9424ec0
3985,000000000000000000000000000000000000000000000000000000000000000000000000000000000000000000000000000000000000000000fd4c625ae7fde0
3995,0000000000000000000000000000000000000000000000000000000000000000000000000000000000000000000000000000000000000000002322e2bf6fe860
4005,0000000000000000000000000000000000000000000000000000000000000000000000000000000000000000000000000000000000000000001aa860169d8ee0
4015,0000000000000000000000000000000000000000000000000000000000000000000000000000000000000000000000000000000000000000001dcf35603fac00
4025,00000000000000000000000000000000000000000000000000000000000000000000000000000000000000000000000000000000000000000010ba371a876740
4035,0000000000000000000000000000000000000000000000000000000000000000000000000000000000000000000000000000000000000000000df06836ef6040
4045,0000000000000000000000000000000000000000000000000000000000000000000000000000000000000000000000000000000000000000000783da120ec0a0
4055,0000000000000000000000000000000000000000000000000000000000000000000000000000000000000000000000000000000000000000012b9a40f73c3940
4065,0000000000000000000000000000000000000000000000000000000000000000000000000000000000000000000000000000000000000000001ccf0e18e4c8e0
4075,00000000000000000000000000000000000000000000000000000000000000000000000000000000000000000000000000000000000000000010d6ec2270d1e0
4085,00000000000000000000000000000000000000000000000000000000000000000000000000000000000000000000000000000000000000000102693dc7a27da0
4095,0000000000000000000000000000000000000000000000000000000000000000000000000000000000000000000000000000000000000000001bdf18955eda00
4105,00000000000000000000000000000000000000000000000000000000000000000000000000000000000000000000000000000000000000000019e542e8af95e0
4115,00000000000000000000000000000000000000000000000000000000000000000000000000000000000000000000000000000000000000000014a5591bdba6e0
4125,0000000000000000000000000000000000000000000000000000000000000000000000000000000000000000000000000000000000000000000e919cf0fee0c0
4135,0000000000000000000000000000000000000000000000000000000000000000000000000000000000000000000000000000000000000000002b6b619cdc1740
4145,000000000000000000000000000000000000000000000000000000000000000000000000000000000000000000000000000000000000000000354df22392e260
4155,0000000000000000000000000000000000000000000000000000000000000000000000000000000000000000000000000000000000000000001cc108f2742ba0
4165,000000000000000000000000000000000000000000000000000000000000000000000000000000000000000000000000000000000000000000103069ada91d00
4175,00000000000000000000000000000000000000000000000000000000000000000000000000000000000000000000000000000000000000000029a64f62c609e0
4185,00000000000000000000000000000000000000000000000000000000000000000000000000000000000000000000000000000000000000000019798c79ca3ee0
4195,0000000000000000000000000000000000000000000000000000000000000000000000000000000000000000000000000000000000000000000dd8ccb8869aa0
4205,00000000000000000000000000000000000000000000000000000000000000000000000000000000000000000000000000000000000000000022e65439abe5a0
4215,000000000000000000000000000000000000000000000000000000000000000000000000000000000000000000000000000000000000000000298199518e13a0
4225,00000000000000000000000000000000000000000000000000000000000000000000000000000000000000000000000000000000000000000016d3c913c47180
4235,00000000000000000000000000000000000000000000000000000000000000000000000000000000000000000000000000000000000000000006d35d4555a060
4245,00000000000000000000000000000000000000000000000000000000000000000000000000000000000000000000000000000000000000000005339b88bbe660
4255,0000000000000000000000000000000000000000000000000000000000000000000000000000000000000000000000000000000000000000000823777d74c6e0
4265,000000000000000000000000000000000000000000000000000000000000000000000000000000000000000000000000000000000000000000083a88de5d0260
4275,0000000000000000000000000000000000000000000000000000000000000000000000000000000000000000000000000000000000000000000c32b6f2816cc0
4285,0000000000000000000000000000000000000000000000000000000000000000000000000000000000000000000000000000000000000000003de0b7549b5da0
4295,0000000000000000000000000000000000000000000000000000000000000000000000000000000000000000000000000000000000000000000d8916f8f94b60
4305,0000000000000000000000000000000000000000000000000000000000000000000000000000000000000000000000000000000000000000001b41d80c4638e0
4315,0000000000000000000000000000000000000000000000000000000000000000000000000000000000000000000000000000000000000000000792d17382bca0
4325,00000000000000000000000000000000000000000000000000000000000000000000000000000000000000000000000000000000000000000008746bbceca000
4335,0000000000000000000000000000000000000000000000000000000000000000000000000000000000000000000000000000000000000000000ef39e6a6446e0
4345,0000000000000000000000000000000000000000000000000000000000000000000000000000000000000000000000000000000000000000000a00d2185e1b00
4355,000000000000000000000000000000000000000000000000000000000000000000000000000000000000000000000000000000000000000000fcdd93d886cb20
4365,000000000000000000000000000000000000000000000000000000000000000000000000000000000000000000000000000000000000000000274113d1049f00
4375,0000000000000000000000000000000000000000000000000000000000000000000000000000000000000000000000000000000000000000002211e1209a31e0
4385,000000000000000000000000000000000000000000000000000000000000000000000000000000000000000000000000000000000000000000fd31f9841204a0
4395,000000000000000000000000000000000000000000000000000000000000000000000000000000000000000000000000000000000000000000084acd98581200
4405,0000000000000000000000000000000000000000000000000000000000000000000000000000000000000000000000000000000000000000000fc01a52c44f00
4415,00000000000000000000000000000000000000000000000000000000000000000000000000000000000000000000000000000000000000000018c78a05c8ea00
4425,000000000000000000000000000000000000000000000000000000000000000000000000000000000000000000000000000000000000000000fe852b770f8300
4435,0000000000000000000000000000000000000000000000000000000000000000000000000000000000000000000000000000000000000000002572da3eeeee80
4445,00000000000000000000000000000000000000000000000000000000000000000000000000000000000000000000000000000000000000000016b78e333541e0
4455,00000000000000000000000000000000000000000000000000000000000000000000000000000000000000000000000000000000000000000018ec6a8d256640
4465,00000000000000000000000000000000000000000000000000000000000000000000000000000000000000000000000000000000000000000006975821fe8320
4475,000000000000000000000000000000000000000000000000000000000000000000000000000000000000000000000000000000000000000000237d9b7e3f43e0
4485,000000000000000000000000000000000000000000000000000000000000000000000000000000000000000000000000000000000000000000096c6b2c36a8a0
4495,00000000000000000000000000000000000000000000000000000000000000000000000000000000000000000000000000000000000000000022aeff9fdc80a0
4505,0000000000000000000000000000000000000000000000000000000000000000000000000000000000000000000000000000000000000000000ad5300a0ec580
4515,00000000000000000000000000000000000000000000000000000000000000000000000000000000000000000000000000000000000000000013ba34c93db320
4525,0000000000000000000000000000000000000000000000000000000000000000000000000000000000000000000000000000000000000000003c22501a124a80
4535,0000000000000000000000000000000000000000000000000000000000000000000000000000000000000000000000000000000000000000000e68edfd954860
4545,0000000000000000000000000000000000000000000000000000000000000000000000000000000000000000000000000000000000000000004514f8f5dfc1c0
4555,00000000000000000000000000000000000000000000000000000000000000000000000000000000000000000000000000000000000000000004a1d7263f9dc0
4565,0000000000000000000000000000000000000000000000000000000000000000000000000000000000000000000000000000000000000000003367fd6bb41820
4575,0000000000000000000000000000000000000000000000000000000000000000000000000000000000000000000000000000000000000000001771e9d7e1a7e0
4585,000000000000000000000000000000000000000000000000000000000000000000000000000000000000000000000000000000000000000000e46621d730e000
4595,0000000000000000000000000000000000000000000000000000000000000000000000000000000000000000000000000000000000000000001374821cb4e9e0
4605,0000000000000000000000000000000000000000000000000000000000000000000000000000000000000000000000000000000000000000001e1fba6e83ef80
4615,0000000000000000000000000000000000000000000000000000000000000000000000000000000000000000000000000000000000000000001297aec92000e0
4625,000000000000000000000000000000000000000000000000000000000000000000000000000000000000000000000000000000000000000000125bd61214aa40
4635,000000000000000000000000000000000000000000000000000000000000000000000000000000000000000000000000000000000000000000209fc660ecf720
4645,0000000000000000000000000000000000000000000000000000000000000000000000000000000000000000000000000000000000000000000624adc74256e0
4655,0000000000000000000000000000000000000000000000000000000000000000000000000000000000000000000000000000000000000000002a6978a4646da0
4665,00000000000000000000000000000000000000000000000000000000000000000000000000000000000000000000000000000000000000000015c95f60cbc340
4675,00000000000000000000000000000000000000000000000000000000000000000000000000000000000000000000000000000000000000000023f6f86c3922c0
4685,0000000000000000000000000000000000000000000000000000000000000000000000000000000000000000000000000000000000000000000a5797e14a3320
4695,0000000000000000000000000000000000000000000000000000000000000000000000000000000000000000000000000000000000000000000c1bcdf40ca000
4705,000000000000000000000000000000000000000000000000000000000000000000000000000000000000000000000000000000000000000000051ba527e31920
4715,0000000000000000000000000000000000000000000000000000000000000000000000000000000000000000000000000000000000000000001c172bb8fa05c0
4725,0000000000000000000000000000000000000000000000000000000000000000000000000000000000000000000000000000000000000000000953f2067a5c60
4735,00000000000000000000000000000000000000000000000000000000000000000000000000000000000000000000000000000000000000000008294bc1fc8800
4745,0000000000000000000000000000000000000000000000000000000000000000000000000000000000000000000000000000000000000000002c5d30652e7100
4755,0000000000000000000000000000000000000000000000000000000000000000000000000000000000000000000000000000000000000000001100d48becad80
4765,0000000000000000000000000000000000000000000000000000000000000000000000000000000000000000000000000000000000000000000ed65c58abbfa0
4775,00000000000000000000000000000000000000000000000000000000000000000000000000000000000000000000000000000000000000000020f38eaa0ca420
4785,0000000000000000000000000000000000000000000000000000000000000000000000000000000000000000000000000000000000000000000b9cc89a259580
4795,00000000000000000000000000000000000000000000000000000000000000000000000000000000000000000000000000000000000000000016d5e6a7512e60
4805,00000000000000000000000000000000000000000000000000000000000000000000000000000000000000000000000000000000000000000022e7d4f4a5aa40
4815,000000000000000000000000000000000000000000000000000000000000000000000000000000000000000000000000000000000000000000e3a4ca8b9a78e0
4825,000000000000000000000000000000000000000000000000000000000000000000000000000000000000000000000000000000000000000000080ccae1720fe0
4835,0000000000000000000000000000000000000000000000000000000000000000000000000000000000000000000000000000000000000000001076d70b606580
4845,0000000000000000000000000000000000000000000000000000000000000000000000000000000000000000000000000000000000000000001213ffaa9d1820
4855,000000000000000000000000000000000000000000000000000000000000000000000000000000000000000000000000000000000000000000fd1bbef1e03c00
4865,000000000000000000000000000000000000000000000000000000000000000000000000000000000000000000000000000000000000000000074c5647077600
4875,0000000000000000000000000000000000000000000000000000000000000000000000000000000000000000000000000000000000000000000300f84256a480
4885,000000000000000000000000000000000000000000000000000000000000000000000000000000000000000000000000000000000000000000104264a29a5660
4895,000000000000000000000000000000000000000000000000000000000000000000000000000000000000000000000000000000000000000000157523b53db540
4905,00000000000000000000000000000000000000000000000000000000000000000000000000000000000000000000000000000000000000000024fb996e5a8340
4915,00000000000000000000000000000000000000000000000000000000000000000000000000000000000000000000000000000000000000000022ae9e1fe31280
4925,000000000000000000000000000000000000000000000000000000000000000000000000000000000000000000000000000000000000000000148d7fe26358e0
4935,00000000000000000000000000000000000000000000000000000000000000000000000000000000000000000000000000000000000000000023bb322b53f020
4945,0000000000000000000000000000000000000000000000000000000000000000000000000000000000000000000000000000000000000000000b242fb5f71e80
4955,0000000000000000000000000000000000000000000000000000000000000000000000000000000000000000000000000000000000000000000421acd644ee60
4965,00000000000000000000000000000000000000000000000000000000000000000000000000000000000000000000000000000000000000000017ef1a00ad3c40
4975,00000000000000000000000000000000000000000000000000000000000000000000000000000000000000000000000000000000000000000021c26c2fcd7100
4985,0000000000000000000000000000000000000000000000000000000000000000000000000000000000000000000000000000000000000000001126ba26e8cd40
4995,00000000000000000000000000000000000000000000000000000000000000000000000000000000000000000000000000000000000000000004364123a6dc60
5005,00000000000000000000000000000000000000000000000000000000000000000000000000000000000000000000000000000000000000000017336a34b54bc0
5015,0000000000000000000000000000000000000000000000000000000000000000000000000000000000000000000000000000000000000000000ff452c566e380
5025,0000000000000000000000000000000000000000000000000000000000000000000000000000000000000000000000000000000000000000001d37ed87fb1ca0
5035,0000000000000000000000000000000000000000000000000000000000000000000000000000000000000000000000000000000000000000011b3453cd2e38a0
5045,000000000000000000000000000000000000000000000000000000000000000000000000000000000000000000000000000000000000000000d1088da53f32e0
5055,0000000000000000000000000000000000000000000000000000000000000000000000000000000000000000000000000000000000000000000b53f45048f780
5065,0000000000000000000000000000000000000000000000000000000000000000000000000000000000000000000000000000000000000000000a59711c3e0120
5075,0000000000000000000000000000000000000000000000000000000000000000000000000000000000000000000000000000000000000000001ece7cbb5ae0e0
5085,0000000000000000000000000000000000000000000000000000000000000000000000000000000000000000000000000000000000000000002dd0322ea4b7e0
5095,0000000000000000000000000000000000000000000000000000000000000000000000000000000000000000000000000000000000000000001759621e751c00
5105,0000000000000000000000000000000000000000000000000000000000000000000000000000000000000000000000000000000000000000010c854cf1dbf620
5115,000000000000000000000000000000000000000000000000000000000000000000000000000000000000000000000000000000000000000000968b7a3d8f7bc0
5125,00000000000000000000000000000000000000000000000000000000000000000000000000000000000000000000000000000000000000000029d995ae167960
5135,000000000000000000000000000000000000000000000000000000000000000000000000000000000000000000000000000000000000000000410ea4279bc240
5145,00000000000000000000000000000000000000000000000000000000000000000000000000000000000000000000000000000000000000000022e64aeae799e0
5155,0000000000000000000000000000000000000000000000000000000000000000000000000000000000000000000000000000000000000000002bcc8765153760
5165,00000000000000000000000000000000000000000000000000000000000000000000000000000000000000000000000000000000000000000003bce38471f5c0
5175,0000000000000000000000000000000000000000000000000000000000000000000000000000000000000000000000000000000000000000003b4facd97edf40
5185,0000000000000000000000000000000000000000000000000000000000000000000000000000000000000000000000000000000000000000000bc6a3beb60740
5195,0000000000000000000000000000000000000000000000000000000000000000000000000000000000000000000000000000000000000000000509c977dc1320
5205,0000000000000000000000000000000000000000000000000000000000000000000000000000000000000000000000000000000000000000001a4d8992e3e620
5215,00000000000000000000000000000000000000000000000000000000000000000000000000000000000000000000000000000000000000000014f6f08c8394a0
5225,0000000000000000000000000000000000000000000000000000000000000000000000000000000000000000000000000000000000000000001b63ffec6f3040
5235,00000000000000000000000000000000000000000000000000000000000000000000000000000000000000000000000000000000000000000022c88863105820
5245,0000000000000000000000000000000000000000000000000000000000000000000000000000000000000000000000000000000000000000002d8cc60bcd4b60
5255,0000000000000000000000000000000000000000000000000000000000000000000000000000000000000000000000000000000000000000000c8211283c4980
5265,0000000000000000000000000000000000000000000000000000000000000000000000000000000000000000000000000000000000000000000a94578e6d5c20
5275,00000000000000000000000000000000000000000000000000000000000000000000000000000000000000000000000000000000000000000018b1439121c700
5285,000000000000000000000000000000000000000000000000000000000000000000000000000000000000000000000000000000000000000000343593053c38c0
5295,0000000000000000000000000000000000000000000000000000000000000000000000000000000000000000000000000000000000000000000fe7d3d0170f20
5305,00000000000000000000000000000000000000000000000000000000000000000000000000000000000000000000000000000000000000000022f96ad5ec7820
5315,00000000000000000000000000000000000000000000000000000000000000000000000000000000000000000000000000000000000000000012f9c024fa7c60
5325,0000000000000000000000000000000000000000000000000000000000000000000000000000000000000000000000000000000000000000000f162bca866760
5335,00000000000000000000000000000000000000000000000000000000000000000000000000000000000000000000000000000000000000000029e356caf80ec0
5345,00000000000000000000000000000000000000000000000000000000000000000000000000000000000000000000000000000000000000000010b26d875c8160
5355,00000000000000000000000000000000000000000000000000000000000000000000000000000000000000000000000000000000000000000008e3f566a3ac80
5365,0000000000000000000000000000000000000000000000000000000000000000000000000000000000000000000000000000000000000000001cdb908e3460e0
5375,00000000000000000000000000000000000000000000000000000000000000000000000000000000000000000000000000000000000000000020e38517700e40
5385,00000000000000000000000000000000000000000000000000000000000000000000000000000000000000000000000000000000000000000013f5f9804a62c0
5395,0000000000000000000000000000000000000000000000000000000000000000000000000000000000000000000000000000000000000000000653a992dccb80
5405,000000000000000000000000000000000000000000000000000000000000000000000000000000000000000000000000000000000000000000174e7046945e00
5415,0000000000000000000000000000000000000000000000000000000000000000000000000000000000000000000000000000000000000000000d714370bbaee0
5425,000000000000000000000000000000000000000000000000000000000000000000000000000000000000000000000000000000000000000000043441fc66d7a0
5435,0000000000000000000000000000000000000000000000000000000000000000000000000000000000000000000000000000000000000000000d6dcf223258e0
5445,0000000000000000000000000000000000000000000000000000000000000000000000000000000000000000000000000000000000000000001b00bde946c5e0
5455,00000000000000000000000000000000000000000000000000000000000000000000000000000000000000000000000000000000000000000033ba3017654160
5465,0000000000000000000000000000000000000000000000000000000000000000000000000000000000000000000000000000000000000000001457f45c266260
5475,00000000000000000000000000000000000000000000000000000000000000000000000000000000000000000000000000000000000000000021a604c568a420
5485,0000000000000000000000000000000000000000000000000000000000000000000000000000000000000000000000000000000000000000000afb82e0173a40
5495,0000000000000000000000000000000000000000000000000000000000000000000000000000000000000000000000000000000000000000002c417098483160
5505,000000000000000000000000000000000000000000000000000000000000000000000000000000000000000000000000000000000000000000061367a109dae0
5515,0000000000000000000000000000000000000000000000000000000000000000000000000000000000000000000000000000000000000000002507c694eaee80
5525,000000000000000000000000000000000000000000000000000000000000000000000000000000000000000000000000000000000000000000059be529176600
5535,0000000000000000000000000000000000000000000000000000000000000000000000000000000000000000000000000000000000000000000ae2caf572da00
5545,000000000000000000000000000000000000000000000000000000000000000000000000000000000000000000000000000000000000000000097e24d2675c40
5555,000000000000000000000000000000000000000000000000000000000000000000000000000000000000000000000000000000000000000000089de79c972e60
5565,000000000000000000000000000000000000000000000000000000000000000000000000000000000000000000000000000000000000000000373c4e0c1bcc40
5575,0000000000000000000000000000000000000000000000000000000000000000000000000000000000000000000000000000000000000000001dedf64a7bf100
5585,0000000000000000000000000000000000000000000000000000000000000000000000000000000000000000000000000000000000000000010e6c7a786a98c0
5595,0000000000000000000000000000000000000000000000000000000000000000000000000000000000000000000000000000000000000000001cca30a31152a0
5605,00000000000000000000000000000000000000000000000000000000000000000000000000000000000000000000000000000000000000000008dadb711949e0
5615,0000000000000000000000000000000000000000000000000000000000000000000000000000000000000000000000000000000000000000001a18126f1bb760
5625,0000000000000000000000000000000000000000000000000000000000000000000000000000000000000000000000000000000000000000001b5d7cbba473a0
5635,000000000000000000000000000000000000000000000000000000000000000000000000000000000000000000000000000000000000000000421a5c331b72e0
5645,0000000000000000000000000000000000000000000000000000000000000000000000000000000000000000000000000000000000000000001cac4c1163be80
5655,0000000000000000000000000000000000000000000000000000000000000000000000000000000000000000000000000000000000000000000cfe1e64ccb360
5665,000000000000000000000000000000000000000000000000000000000000000000000000000000000000000000000000000000000000000000060f353edc18a0
5675,00000000000000000000000000000000000000000000000000000000000000000000000000000000000000000000000000000000000000000012fe75871f6ae0
5685,0000000000000000000000000000000000000000000000000000000000000000000000000000000000000000000000000000000000000000000f60551e24a800
5695,000000000000000000000000000000000000000000000000000000000000000000000000000000000000000000000000000000000000000000428b31c90ae6a0
5705,00000000000000000000000000000000000000000000000000000000000000000000000000000000000000000000000000000000000000000003d72c6efb50c0
5715,0000000000000000000000000000000000000000000000000000000000000000000000000000000000000000000000000000000000000000001b13e567fc5c80
5725,000000000000000000000000000000000000000000000000000000000000000000000000000000000000000000000000000000000000000000203ff504ebaba0
5735,00000000000000000000000000000000000000000000000000000000000000000000000000000000000000000000000000000000000000000047bf5d16a96bc0
5745,000000000000000000000000000000000000000000000000000000000000000000000000000000000000000000000000000000000000000000053ccac33128e0
5755,0000000000000000000000000000000000000000000000000000000000000000000000000000000000000000000000000000000000000000000e0805f06bb0a0
5765,0000000000000000000000000000000000000000000000000000000000000000000000000000000000000000000000000000000000000000000a3b0c9e4a46c0
5775,000000000000000000000000000000000000000000000000000000000000000000000000000000000000000000000000000000000000000000088ebbb14e1f20
5785,0000000000000000000000000000000000000000000000000000000000000000000000000000000000000000000000000000000000000000001bf438d8debc20
5795,00000000000000000000000000000000000000000000000000000000000000000000000000000000000000000000000000000000000000000009ad9dbb833b40
5805,00000000000000000000000000000000000000000000000000000000000000000000000000000000000000000000000000000000000000000110eb336111db40
5815,000000000000000000000000000000000000000000000000000000000000000000000000000000000000000000000000000000000000000000310acfbbdde520
5825,0000000000000000000000000000000000000000000000000000000000000000000000000000000000000000000000000000000000000000000aa60daac5af40
5835,0000000000000000000000000000000000000000000000000000000000000000000000000000000000000000000000000000000000000000000a0f86213916e0
5845,000000000000000000000000000000000000000000000000000000000000000000000000000000000000000000000000000000000000000000173887b45d0ee0
5855,00000000000000000000000000000000000000000000000000000000000000000000000000000000000000000000000000000000000000000011b8ffa6e63b40
5865,00000000000000000000000000000000000000000000000000000000000000000000000000000000000000000000000000000000000000000005bd6ece3755a0
5875,00000000000000000000000000000000000000000000000000000000000000000000000000000000000000000000000000000000000000000007a6730fb9f160
5885,000000000000000000000000000000000000000000000000000000000000000000000000000000000000000000000000000000000000000000081e157dd1a160
5895,000000000000000000000000000000000000000000000000000000000000000000000000000000000000000000000000000000000000000000072fefdca297e0
5905,000000000000000000000000000000000000000000000000000000000000000000000000000000000000000000000000000000000000000000efbb076c55e460
5915,00000000000000000000000000000000000000000000000000000000000000000000000000000000000000000000000000000000000000000007d5968c8ccd00
5925,00000000000000000000000000000000000000000000000000000000000000000000000000000000000000000000000000000000000000000030cd8b3ffec2c0
5935,0000000000000000000000000000000000000000000000000000000000000000000000000000000000000000000000000000000000000000001c84624f27f040
5945,000000000000000000000000000000000000000000000000000000000000000000000000000000000000000000000000000000000000000000083be1b6e34fa0
5955,0000000000000000000000000000000000000000000000000000000000000000000000000000000000000000000000000000000000000000000a48a7d8734240
5965,00000000000000000000000000000000000000000000000000000000000000000000000000000000000000000000000000000000000000000009c3eef515f340
5975,00000000000000000000000000000000000000000000000000000000000000000000000000000000000000000000000000000000000000000010bc2ed5792720
5985,0000000000000000000000000000000000000000000000000000000000000000000000000000000000000000000000000000000000000000000e153b65af38e0
5995,0000000000000000000000000000000000000000000000000000000000000000000000000000000000000000000000000000000000000000000830a39a1b6680
6005,0000000000000000000000000000000000000000000000000000000000000000000000000000000000000000000000000000000000000000001a2b6c0b57c620
6015,000000000000000000000000000000000000000000000000000000000000000000000000000000000000000000000000000000000000000000275ee53b510760
6025,0000000000000000000000000000000000000000000000000000000000000000000000000000000000000000000000000000000000000000000babb6fb9a2cc0
6035,00000000000000000000000000000000000000000000000000000000000000000000000000000000000000000000000000000000000000000019ba74eb91f760
6045,0000000000000000000000000000000000000000000000000000000000000000000000000000000000000000000000000000000000000000001bcb563e1628a0
6055,000000000000000000000000000000000000000000000000000000000000000000000000000000000000000000000000000000000000000000071a7871c61f00
6065,00000000000000000000000000000000000000000000000000000000000000000000000000000000000000000000000000000000000000000020c282c10bece0
6075,0000000000000000000000000000000000000000000000000000000000000000000000000000000000000000000000000000000000000000001140797dca3260
6085,00000000000000000000000000000000000000000000000000000000000000000000000000000000000000000000000000000000000000000025dbc937dcd3c0
6095,00000000000000000000000000000000000000000000000000000000000000000000000000000000000000000000000000000000000000000025aac9763dc100
6105,0000000000000000000000000000000000000000000000000000000000000000000000000000000000000000000000000000000000000000001e6c092e4bef80
6115,00000000000000000000000000000000000000000000000000000000000000000000000000000000000000000000000000000000000000000024cb720f230340
6125,0000000000000000000000000000000000000000000000000000000000000000000000000000000000000000000000000000000000000000001b9401f30baaa0
6135,00000000000000000000000000000000000000000000000000000000000000000000000000000000000000000000000000000000000000000014b089427d1e60
6145,00000000000000000000000000000000000000000000000000000000000000000000000000000000000000000000000000000000000000000026e7f26ab75aa0
6155,0000000000000000000000000000000000000000000000000000000000000000000000000000000000000000000000000000000000000000000eec771c1ac0a0
6165,000000000000000000000000000000000000000000000000000000000000000000000000000000000000000000000000000000000000000000fecbf88fd40960
6175,00000000000000000000000000000000000000000000000000000000000000000000000000000000000000000000000000000000000000000025e7a18fae09a0
6185,0000000000000000000000000000000000000000000000000000000000000000000000000000000000000000000000000000000000000000000789b2af33c0a0
6195,00000000000000000000000000000000000000000000000000000000000000000000000000000000000000000000000000000000000000000007d6e4aa002220
6205,00000000000000000000000000000000000000000000000000000000000000000000000000000000000000000000000000000000000000000006925904cadb40
6215,00000000000000000000000000000000000000000000000000000000000000000000000000000000000000000000000000000000000000000018658ed14f6680
6225,0000000000000000000000000000000000000000000000000000000000000000000000000000000000000000000000000000000000000000000e111883806b40
6235,0000000000000000000000000000000000000000000000000000000000000000000000000000000000000000000000000000000000000000000db4e07fde9460
6245,000000000000000000000000000000000000000000000000000000000000000000000000000000000000000000000000000000000000000000163adcf6afe500
6255,000000000000000000000000000000000000000000000000000000000000000000000000000000000000000000000000000000000000000000fd19e4233b4e20
6265,00000000000000000000000000000000000000000000000000000000000000000000000000000000000000000000000000000000000000000027d778bd09b3e0
6275,00000000000000000000000000000000000000000000000000000000000000000000000000000000000000000000000000000000000000000033c1508d11b3e0
6285,000000000000000000000000000000000000000000000000000000000000000000000000000000000000000000000000000000000000000000246bf678083f00
6295,00000000000000000000000000000000000000000000000000000000000000000000000000000000000000000000000000000000000000000009c4564dac8660
6305,0000000000000000000000000000000000000000000000000000000000000000000000000000000000000000000000000000000000000000003ac58b1de15700
6315,000000000000000000000000000000000000000000000000000000000000000000000000000000000000000000000000000000000000000000403f70dcf46e20
6325,00000000000000000000000000000000000000000000000000000000000000000000000000000000000000000000000000000000000000000011c1e6d787bae0
6335,000000000000000000000000000000000000000000000000000000000000000000000000000000000000000000000000000000000000000000153f4273f2d460
6345,0000000000000000000000000000000000000000000000000000000000000000000000000000000000000000000000000000000000000000001f0b3ac11bb040
6355,000000000000000000000000000000000000000000000000000000000000000000000000000000000000000000000000000000000000000000098785208a8b40
6365,000000000000000000000000000000000000000000000000000000000000000000000000000000000000000000000000000000000000000000294d86fc72c640
6375,00000000000000000000000000000000000000000000000000000000000000000000000000000000000000000000000000000000000000000023de979f18bc60
6385,00000000000000000000000000000000000000000000000000000000000000000000000000000000000000000000000000000000000000000017b23de73d38a0
6395,000000000000000000000000000000000000000000000000000000000000000000000000000000000000000000000000000000000000000000218477a048f0e0
6405,0000000000000000000000000000000000000000000000000000000000000000000000000000000000000000000000000000000000000000000a9a093f4636a0
6415,0000000000000000000000000000000000000000000000000000000000000000000000000000000000000000000000000000000000000000002287bf8ed056e0
6425,0000000000000000000000000000000000000000000000000000000000000000000000000000000000000000000000000000000000000000000db6544e8a7300
6435,0000000000000000000000000000000000000000000000000000000000000000000000000000000000000000000000000000000000000000001ee32e301d4e20
6445,0000000000000000000000000000000000000000000000000000000000000000000000000000000000000000000000000000000000000000000a8afc7b5d8420
6455,0000000000000000000000000000000000000000000000000000000000000000000000000000000000000000000000000000000000000000000b9802fcee0dc0
6465,00000000000000000000000000000000000000000000000000000000000000000000000000000000000000000000000000000000000000000003ca4a3e9e7ae0
6475,00000000000000000000000000000000000000000000000000000000000000000000000000000000000000000000000000000000000000000020899658931640
6485,0000000000000000000000000000000000000000000000000000000000000000000000000000000000000000000000000000000000000000001238ee946ec3a0
6495,00000000000000000000000000000000000000000000000000000000000000000000000000000000000000000000000000000000000000000005c8a574d85d00
6505,000000000000000000000000000000000000000000000000000000000000000000000000000000000000000000000000000000000000000000fd2cc35d0974a0
6515,000000000000000000000000000000000000000000000000000000000000000000000000000000000000000000000000000000000000000000031d12e7d44ee0
6525,0000000000000000000000000000000000000000000000000000000000000000000000000000000000000000000000000000000000000000002282e398fcc6c0
6535,00000000000000000000000000000000000000000000000000000000000000000000000000000000000000000000000000000000000000000014a37d570f6720
6545,000000000000000000000000000000000000000000000000000000000000000000000000000000000000000000000000000000000000000000229265b57b1ae0
6555,0000000000000000000000000000000000000000000000000000000000000000000000000000000000000000000000000000000000000000000aa854c8283d20
6565,00000000000000000000000000000000000000000000000000000000000000000000000000000000000000000000000000000000000000000025205ec47dc0e0
6575,000000000000000000000000000000000000000000000000000000000000000000000000000000000000000000000000000000000000000000324e8e9c34a980
6585,00000000000000000000000000000000000000000000000000000000000000000000000000000000000000000000000000000000000000000008ae3142e0ae00
6595,00000000000000000000000000000000000000000000000000000000000000000000000000000000000000000000000000000000000000000011453791299ea0
6605,0000000000000000000000000000000000000000000000000000000000000000000000000000000000000000000000000000000000000000000455508dddd740
6615,0000000000000000000000000000000000000000000000000000000000000000000000000000000000000000000000000000000000000000000a90ef360a9a40
6625,00000000000000000000000000000000000000000000000000000000000000000000000000000000000000000000000000000000000000000025bf7726142080
6635,00000000000000000000000000000000000000000000000000000000000000000000000000000000000000000000000000000000000000000016ad9733e126a0
6645,0000000000000000000000000000000000000000000000000000000000000000000000000000000000000000000000000000000000000000001d5c1aaced87e0
6655,0000000000000000000000000000000000000000000000000000000000000000000000000000000000000000000000000000000000000000002d1ee0a6e63c00
6665,000000000000000000000000000000000000000000000000000000000000000000000000000000000000000000000000000000000000000000161c4be50df080
6675,0000000000000000000000000000000000000000000000000000000000000000000000000000000000000000000000000000000000000000000a2438510f28c0
6685,00000000000000000000000000000000000000000000000000000000000000000000000000000000000000000000000000000000000000000025f15b2c902060
6695,00000000000000000000000000000000000000000000000000000000000000000000000000000000000000000000000000000000000000000018e414178dd740
6705,0000000000000000000000000000000000000000000000000000000000000000000000000000000000000000000000000000000000000000001926489cf06a80
6715,0000000000000000000000000000000000000000000000000000000000000000000000000000000000000000000000000000000000000000001d4c40f2eb4280
6725,00000000000000000000000000000000000000000000000000000000000000000000000000000000000000000000000000000000000000000015efbafbbfef80
6735,00000000000000000000000000000000000000000000000000000000000000000000000000000000000000000000000000000000000000000010399c36e312c0
6745,000000000000000000000000000000000000000000000000000000000000000000000000000000000000000000000000000000000000000000117123fa82b540
6755,0000000000000000000000000000000000000000000000000000000000000000000000000000000000000000000000000000000000000000000cd16036957080
6765,000000000000000000000000000000000000000000000000000000000000000000000000000000000000000000000000000000000000000000e9be9304d3d700
6775,00000000000000000000000000000000000000000000000000000000000000000000000000000000000000000000000000000000000000000016cd100a5fcbe0
6785,00000000000000000000000000000000000000000000000000000000000000000000000000000000000000000000000000000000000000000008e09f8e3fab80
6795,000000000000000000000000000000000000000000000000000000000000000000000000000000000000000000000000000000000000000000203544ad0683c0
6805,0000000000000000000000000000000000000000000000000000000000000000000000000000000000000000000000000000000000000000001b17035dedfa20
6815,0000000000000000000000000000000000000000000000000000000000000000000000000000000000000000000000000000000000000000000b623e76b4ee80
6825,000000000000000000000000000000000000000000000000000000000000000000000000000000000000000000000000000000000000000000060c9cab57a580
6835,0000000000000000000000000000000000000000000000000000000000000000000000000000000000000000000000000000000000000000000937a974b10540
6845,0000000000000000000000000000000000000000000000000000000000000000000000000000000000000000000000000000000000000000002b4d511ee2b3e0
6855,00000000000000000000000000000000000000000000000000000000000000000000000000000000000000000000000000000000000000000009d7a64286c580
6865,00000000000000000000000000000000000000000000000000000000000000000000000000000000000000000000000000000000000000000006fd56fd953dc0
6875,000000000000000000000000000000000000000000000000000000000000000000000000000000000000000000000000000000000000000000782b53ac005fc0
6885,0000000000000000000000000000000000000000000000000000000000000000000000000000000000000000000000000000000000000000010424c6474961a0
6895,000000000000000000000000000000000000000000000000000000000000000000000000000000000000000000000000000000000000000000074db6333e8440
6905,00000000000000000000000000000000000000000000000000000000000000000000000000000000000000000000000000000000000000000007e8f51eefe8a0
6915,00000000000000000000000000000000000000000000000000000000000000000000000000000000000000000000000000000000000000000016ceb831a5ad60
6925,00000000000000000000000000000000000000000000000000000000000000000000000000000000000000000000000000000000000000000014ddb8980f3780
6935,00000000000000000000000000000000000000000000000000000000000000000000000000000000000000000000000000000000000000000018895693d27f40
6945,000000000000000000000000000000000000000000000000000000000000000000000000000000000000000000000000000000000000000000fef8ca2a58c220
6955,0000000000000000000000000000000000000000000000000000000000000000000000000000000000000000000000000000000000000000004a18ab81d61b60
6965,000000000000000000000000000000000000000000000000000000000000000000000000000000000000000000000000000000000000000000fe52cb2baf9400
6975,0000000000000000000000000000000000000000000000000000000000000000000000000000000000000000000000000000000000000000001f9f79cacfab40
6985,0000000000000000000000000000000000000000000000000000000000000000000000000000000000000000000000000000000000000000001f7e6c2f7ffd80
6995,000000000000000000000000000000000000000000000000000000000000000000000000000000000000000000000000000000000000000000182f95c1413400
7005,0000000000000000000000000000000000000000000000000000000000000000000000000000000000000000000000000000000000000000001983f33e0320e0
7015,0000000000000000000000000000000000000000000000000000000000000000000000000000000000000000000000000000000000000000000f182c8f5028e0
7025,0000000000000000000000000000000000000000000000000000000000000000000000000000000000000000000000000000000000000000001631fc6d7068c0
7035,000000000000000000000000000000000000000000000000000000000000000000000000000000000000000000000000000000000000000000eec641ae0f4c40
7045,0000000000000000000000000000000000000000000000000000000000000000000000000000000000000000000000000000000000000000000a051cb59dec80
7055,00000000000000000000000000000000000000000000000000000000000000000000000000000000000000000000000000000000000000000034edb065230220
7065,0000000000000000000000000000000000000000000000000000000000000000000000000000000000000000000000000000000000000000001c0d374d56f920
7075,00000000000000000000000000000000000000000000000000000000000000000000000000000000000000000000000000000000000000000024e1bea1539560
7085,0000000000000000000000000000000000000000000000000000000000000000000000000000000000000000000000000000000000000000001835d45486b7a0
7095,0000000000000000000000000000000000000000000000000000000000000000000000000000000000000000000000000000000000000000001df29398f143c0
7105,0000000000000000000000000000000000000000000000000000000000000000000000000000000000000000000000000000000000000000002a5258f4b83ca0
7115,000000000000000000000000000000000000000000000000000000000000000000000000000000000000000000000000000000000000000000133ece0ca21120
7125,0000000000000000000000000000000000000000000000000000000000000000000000000000000000000000000000000000000000000000002063d578a82e20
7135,0000000000000000000000000000000000000000000000000000000000000000000000000000000000000000000000000000000000000000000f776088e5e7e0
7145,0000000000000000000000000000000000000000000000000000000000000000000000000000000000000000000000000000000000000000001f4899e45b7d00
7155,00000000000000000000000000000000000000000000000000000000000000000000000000000000000000000000000000000000000000000030be63d4b565e0
7165,00000000000000000000000000000000000000000000000000000000000000000000000000000000000000000000000000000000000000000028ed5a02edce80
7175,000000000000000000000000000000000000000000000000000000000000000000000000000000000000000000000000000000000000000000191cb244f84220
7185,0000000000000000000000000000000000000000000000000000000000000000000000000000000000000000000000000000000000000000001ab290ee8b4e20
7195,0000000000000000000000000000000000000000000000000000000000000000000000000000000000000000000000000000000000000000002fe37ac5ebc280
7205,00000000000000000000000000000000000000000000000000000000000000000000000000000000000000000000000000000000000000000019e1d0df126780
7215,000000000000000000000000000000000000000000000000000000000000000000000000000000000000000000000000000000000000000000279516d5340820
7225,0000000000000000000000000000000000000000000000000000000000000000000000000000000000000000000000000000000000000000000e0b04dc86c820
7235,0000000000000000000000000000000000000000000000000000000000000000000000000000000000000000000000000000000000000000000d43377dae9ac0
7245,00000000000000000000000000000000000000000000000000000000000000000000000000000000000000000000000000000000000000000039b09ba6b1dd80
7255,000000000000000000000000000000000000000000000000000000000000000000000000000000000000000000000000000000000000000000f439613c5c2a80
7265,0000000000000000000000000000000000000000000000000000000000000000000000000000000000000000000000000000000000000000002022d786e1e880
7275,00000000000000000000000000000000000000000000000000000000000000000000000000000000000000000000000000000000000000000007bc263f7eb200
7285,00000000000000000000000000000000000000000000000000000000000000000000000000000000000000000000000000000000000000000005730b9826d420
7295,00000000000000000000000000000000000000000000000000000000000000000000000000000000000000000000000000000000000000000009d2bd87c7c2e0
7305,000000000000000000000000000000000000000000000000000000000000000000000000000000000000000000000000000000000000000000e8161948d08300
7315,0000000000000000000000000000000000000000000000000000000000000000000000000000000000000000000000000000000000000000000d796c2b42a180
7325,00000000000000000000000000000000000000000000000000000000000000000000000000000000000000000000000000000000000000000031b68a6b5f4140
7335,0000000000000000000000000000000000000000000000000000000000000000000000000000000000000000000000000000000000000000002b944bfc907380
7345,0000000000000000000000000000000000000000000000000000000000000000000000000000000000000000000000000000000000000000000bfdf431233dc0
7355,00000000000000000000000000000000000000000000000000000000000000000000000000000000000000000000000000000000000000000008cb4ee84ce4a0
7365,00000000000000000000000000000000000000000000000000000000000000000000000000000000000000000000000000000000000000000017f53ecf082da0
7375,0000000000000000000000000000000000000000000000000000000000000000000000000000000000000000000000000000000000000000001a02398e1e6d40
7385,0000000000000000000000000000000000000000000000000000000000000000000000000000000000000000000000000000000000000000000e2c2a155eb720
7395,0000000000000000000000000000000000000000000000000000000000000000000000000000000000000000000000000000000000000000000eb22429e17540
7405,000000000000000000000000000000000000000000000000000000000000000000000000000000000000000000000000000000000000000000237cd44d119c40
7415,00000000000000000000000000000000000000000000000000000000000000000000000000000000000000000000000000000000000000000025803a6f4346e0
7425,000000000000000000000000000000000000000000000000000000000000000000000000000000000000000000000000000000000000000000104089a2ba5820
7435,00000000000000000000000000000000000000000000000000000000000000000000000000000000000000000000000000000000000000000008190a11d9e180
7445,00000000000000000000000000000000000000000000000000000000000000000000000000000000000000000000000000000000000000000017db046e567560
7455,0000000000000000000000000000000000000000000000000000000000000000000000000000000000000000000000000000000000000000000cb430b88ce3e0
7465,0000000000000000000000000000000000000000000000000000000000000000000000000000000000000000000000000000000000000000000b3fe8ef2c9480
7475,0000000000000000000000000000000000000000000000000000000000000000000000000000000000000000000000000000000000000000000b7a33578dd5a0
7485,0000000000000000000000000000000000000000000000000000000000000000000000000000000000000000000000000000000000000000001413c7af8351a0
7495,0000000000000000000000000000000000000000000000000000000000000000000000000000000000000000000000000000000000000000001171955cf138c0
7505,000000000000000000000000000000000000000000000000000000000000000000000000000000000000000000000000000000000000000000194bb9ae1bc700
7515,00000000000000000000000000000000000000000000000000000000000000000000000000000000000000000000000000000000000000000021b1d84e7540a0
7525,00000000000000000000000000000000000000000000000000000000000000000000000000000000000000000000000000000000000000000006981c84676ee0
7535,0000000000000000000000000000000000000000000000000000000000000000000000000000000000000000000000000000000000000000000b8c0cf3e3c460
7545,0000000000000000000000000000000000000000000000000000000000000000000000000000000000000000000000000000000000000000000b7c509c55ab80
7555,00000000000000000000000000000000000000000000000000000000000000000000000000000000000000000000000000000000000000000008306410471100
7565,00000000000000000000000000000000000000000000000000000000000000000000000000000000000000000000000000000000000000000025b5c07f593920
7575,00000000000000000000000000000000000000000000000000000000000000000000000000000000000000000000000000000000000000000011a11c6395fce0
7585,0000000000000000000000000000000000000000000000000000000000000000000000000000000000000000000000000000000000000000000d121a45ea21c0
7595,000000000000000000000000000000000000000000000000000000000000000000000000000000000000000000000000000000000000000000061bf25b8a3300
7605,000000000000000000000000000000000000000000000000000000000000000000000000000000000000000000000000000000000000000000083c22fbcb3880
7615,000000000000000000000000000000000000000000000000000000000000000000000000000000000000000000000000000000000000000000052f679cb5a120
7625,00000000000000000000000000000000000000000000000000000000000000000000000000000000000000000000000000000000000000000020c19423922860
7635,0000000000000000000000000000000000000000000000000000000000000000000000000000000000000000000000000000000000000000000d8dc2db1eddc0
7645,0000000000000000000000000000000000000000000000000000000000000000000000000000000000000000000000000000000000000000000b5b9d4fc4d440
7655,0000000000000000000000000000000000000000000000000000000000000000000000000000000000000000000000000000000000000000001d28434df5a3e0
7665,0000000000000000000000000000000000000000000000000000000000000000000000000000000000000000000000000000000000000000000c12216adae2c0
7675,00000000000000000000000000000000000000000000000000000000000000000000000000000000000000000000000000000000000000000014b8d0df7823a0
7685,000000000000000000000000000000000000000000000000000000000000000000000000000000000000000000000000000000000000000000df7a437ada8dc0
7695,000000000000000000000000000000000000000000000000000000000000000000000000000000000000000000000000000000000000000000222531d08815a0
7705,00000000000000000000000000000000000000000000000000000000000000000000000000000000000000000000000000000000000000000036fc18b7d1daa0
7715,00000000000000000000000000000000000000000000000000000000000000000000000000000000000000000000000000000000000000000005a9c1947710a0
7725,00000000000000000000000000000000000000000000000000000000000000000000000000000000000000000000000000000000000000000020070e1299d940
7735,000000000000000000000000000000000000000000000000000000000000000000000000000000000000000000000000000000000000000000097ce9d27c9600
7745,00000000000000000000000000000000000000000000000000000000000000000000000000000000000000000000000000000000000000000006c440e3e422a0
7755,00000000000000000000000000000000000000000000000000000000000000000000000000000000000000000000000000000000000000000033ec3c3b6865e0
7765,0000000000000000000000000000000000000000000000000000000000000000000000000000000000000000000000000000000000000000000d80db20e9c9e0
7775,0000000000000000000000000000000000000000000000000000000000000000000000000000000000000000000000000000000000000000000e733a2e1eb9c0
7785,000000000000000000000000000000000000000000000000000000000000000000000000000000000000000000000000000000000000000000278e163822fa20
7795,0000000000000000000000000000000000000000000000000000000000000000000000000000000000000000000000000000000000000000001e2ca4f77dbf40
7805,000000000000000000000000000000000000000000000000000000000000000000000000000000000000000000000000000000000000000000132e325c857b20
7815,0000000000000000000000000000000000000000000000000000000000000000000000000000000000000000000000000000000000000000012014d1e55c78c0
7825,000000000000000000000000000000000000000000000000000000000000000000000000000000000000000000000000000000000000000000168c19f13688c0
7835,0000000000000000000000000000000000000000000000000000000000000000000000000000000000000000000000000000000000000000001b8353af3f1a00
7845,000000000000000000000000000000000000000000000000000000000000000000000000000000000000000000000000000000000000000000305ab9c7bb60a0
7855,0000000000000000000000000000000000000000000000000000000000000000000000000000000000000000000000000000000000000000001c6fa5b303cd40
7865,00000000000000000000000000000000000000000000000000000000000000000000000000000000000000000000000000000000000000000029a7271dcb31c0
7875,0000000000000000000000000000000000000000000000000000000000000000000000000000000000000000000000000000000000000000003060726ebb2580
7885,0000000000000000000000000000000000000000000000000000000000000000000000000000000000000000000000000000000000000000001148e587118840
7895,000000000000000000000000000000000000000000000000000000000000000000000000000000000000000000000000000000000000000000214073f3a31ce0
7905,00000000000000000000000000000000000000000000000000000000000000000000000000000000000000000000000000000000000000000005bbffa6ed9ce0
7915,000000000000000000000000000000000000000000000000000000000000000000000000000000000000000000000000000000000000000000173c280cbc0ac0
7925,0000000000000000000000000000000000000000000000000000000000000000000000000000000000000000000000000000000000000000000f2a25dcdf08a0
7935,0000000000000000000000000000000000000000000000000000000000000000000000000000000000000000000000000000000000000000000bacf8055d2860
7945,0000000000000000000000000000000000000000000000000000000000000000000000000000000000000000000000000000000000000000000f6acf58839cc0
7955,00000000000000000000000000000000000000000000000000000000000000000000000000000000000000000000000000000000000000000026c1af3c104e00
7965,00000000000000000000000000000000000000000000000000000000000000000000000000000000000000000000000000000000000000000017d1d8d16acd20
7975,0000000000000000000000000000000000000000000000000000000000000000000000000000000000000000000000000000000000000000000e3abb4f771f20
7985,00000000000000000000000000000000000000000000000000000000000000000000000000000000000000000000000000000000000000000015ab0676887c40
7995,0000000000000000000000000000000000000000000000000000000000000000000000000000000000000000000000000000000000000000001b4e6a640ae640
8005,0000000000000000000000000000000000000000000000000000000000000000000000000000000000000000000000000000000000000000000689e47b841800
8015,00000000000000000000000000000000000000000000000000000000000000000000000000000000000000000000000000000000000000000006ad600cd13f60
8025,0000000000000000000000000000000000000000000000000000000000000000000000000000000000000000000000000000000000000000001769e53ae21ee0
8035,00000000000000000000000000000000000000000000000000000000000000000000000000000000000000000000000000000000000000000009b06858dcecc0
8045,0000000000000000000000000000000000000000000000000000000000000000000000000000000000000000000000000000000000000000002af8ac2496d220
8055,00000000000000000000000000000000000000000000000000000000000000000000000000000000000000000000000000000000000000000029f3106772a580
8065,00000000000000000000000000000000000000000000000000000000000000000000000000000000000000000000000000000000000000000006363a8affe960
8075,000000000000000000000000000000000000000000000000000000000000000000000000000000000000000000000000000000000000000000151ce5d8b9b960
8085,000000000000000000000000000000000000000000000000000000000000000000000000000000000000000000000000000000000000000000094f22df6adba0
8095,000000000000000000000000000000000000000000000000000000000000000000000000000000000000000000000000000000000000000000121cf92a024840
8105,0000000000000000000000000000000000000000000000000000000000000000000000000000000000000000000000000000000000000000003c6a4201880240
8115,00000000000000000000000000000000000000000000000000000000000000000000000000000000000000000000000000000000000000000107a5eee372eae0
8125,000000000000000000000000000000000000000000000000000000000000000000000000000000000000000000000000000000000000000000140c1f08a4f8c0
8135,000000000000000000000000000000000000000000000000000000000000000000000000000000000000000000000000000000000000000000ea8bdbbbeafe80
8145,000000000000000000000000000000000000000000000000000000000000000000000000000000000000000000000000000000000000000000111f29276b5280
8155,00000000000000000000000000000000000000000000000000000000000000000000000000000000000000000000000000000000000000000012f64338e7e260
8165,0000000000000000000000000000000000000000000000000000000000000000000000000000000000000000000000000000000000000000000a74fe908a1b60
8175,00000000000000000000000000000000000000000000000000000000000000000000000000000000000000000000000000000000000000000007af6a2ca92340
8185,00000000000000000000000000000000000000000000000000000000000000000000000000000000000000000000000000000000000000000017b1fab606ac00
8195,0000000000000000000000000000000000000000000000000000000000000000000000000000000000000000000000000000000000000000000d898382ca98a0
8205,0000000000000000000000000000000000000000000000000000000000000000000000000000000000000000000000000000000000000000001e515ab01831a0
8215,0000000000000000000000000000000000000000000000000000000000000000000000000000000000000000000000000000000000000000001ef53d69f978a0
8225,000000000000000000000000000000000000000000000000000000000000000000000000000000000000000000000000000000000000000000445f29821ffd20
8235,000000000000000000000000000000000000000000000000000000000000000000000000000000000000000000000000000000000000000000e73221582cf900
8245,0000000000000000000000000000000000000000000000000000000000000000000000000000000000000000000000000000000000000000000954f90668a3a0
8255,00000000000000000000000000000000000000000000000000000000000000000000000000000000000000000000000000000000000000000005dbf4911520e0
8265,000000000000000000000000000000000000000000000000000000000000000000000000000000000000000000000000000000000000000000114f211a573fa0
8275,00000000000000000000000000000000000000000000000000000000000000000000000000000000000000000000000000000000000000000005a6bd1e83bb20
8285,000000000000000000000000000000000000000000000000000000000000000000000000000000000000000000000000000000000000000000198517ef2a7ba0
8295,00000000000000000000000000000000000000000000000000000000000000000000000000000000000000000000000000000000000000000019a4dfed0641a0
8305,000000000000000000000000000000000000000000000000000000000000000000000000000000000000000000000000000000000000000000167bf0a3886500
8315,0000000000000000000000000000000000000000000000000000000000000000000000000000000000000000000000000000000000000000002a5206c382b2c0
8325,0000000000000000000000000000000000000000000000000000000000000000000000000000000000000000000000000000000000000000000496e07f9a4660
8335,0000000000000000000000000000000000000000000000000000000000000000000000000000000000000000000000000000000000000000001dc484085a9560
8345,0000000000000000000000000000000000000000000000000000000000000000000000000000000000000000000000000000000000000000002405276b447800
8355,000000000000000000000000000000000000000000000000000000000000000000000000000000000000000000000000000000000000000000390ddd941f5460
8365,000000000000000000000000000000000000000000000000000000000000000000000000000000000000000000000000000000000000000000141e324c597b20
8375,0000000000000000000000000000000000000000000000000000000000000000000000000000000000000000000000000000000000000000001b7f53fe490100
8385,0000000000000000000000000000000000000000000000000000000000000000000000000000000000000000000000000000000000000000011f3dc6fdb29360
8395,000000000000000000000000000000000000000000000000000000000000000000000000000000000000000000000000000000000000000000214426ae770300
8405,0000000000000000000000000000000000000000000000000000000000000000000000000000000000000000000000000000000000000000001603cfdcdbaea0
8415,0000000000000000000000000000000000000000000000000000000000000000000000000000000000000000000000000000000000000000003457fd169bce00
8425,0000000000000000000000000000000000000000000000000000000000000000000000000000000000000000000000000000000000000000001f5958e33a9e40
8435,0000000000000000000000000000000000000000000000000000000000000000000000000000000000000000000000000000000000000000001b4a0a50a52480
8445,000000000000000000000000000000000000000000000000000000000000000000000000000000000000000000000000000000000000000000225575885b3680
8455,00000000000000000000000000000000000000000000000000000000000000000000000000000000000000000000000000000000000000000102e9d3dc8238c0
8465,00000000000000000000000000000000000000000000000000000000000000000000000000000000000000000000000000000000000000000008b265f3d334c0
8475,00000000000000000000000000000000000000000000000000000000000000000000000000000000000000000000000000000000000000000026c5e500b3fd40
8485,00000000000000000000000000000000000000000000000000000000000000000000000000000000000000000000000000000000000000000018045292f06760
8495,0000000000000000000000000000000000000000000000000000000000000000000000000000000000000000000000000000000000000000001993d401dd8a60
8505,00000000000000000000000000000000000000000000000000000000000000000000000000000000000000000000000000000000000000000024ded0c8e89260
8515,00000000000000000000000000000000000000000000000000000000000000000000000000000000000000000000000000000000000000000005f1eb54868ee0
8525,000000000000000000000000000000000000000000000000000000000000000000000000000000000000000000000000000000000000000000c9cd0366ee9ac0
8535,0000000000000000000000000000000000000000000000000000000000000000000000000000000000000000000000000000000000000000000bf657806b7900
8545,000000000000000000000000000000000000000000000000000000000000000000000000000000000000000000000000000000000000000001189de403a9e180
8555,00000000000000000000000000000000000000000000000000000000000000000000000000000000000000000000000000000000000000000011626ab6946260
8565,0000000000000000000000000000000000000000000000000000000000000000000000000000000000000000000000000000000000000000000d942eb34da340
8575,0000000000000000000000000000000000000000000000000000000000000000000000000000000000000000000000000000000000000000001a5eaf2f45f5e0
8585,00000000000000000000000000000000000000000000000000000000000000000000000000000000000000000000000000000000000000000023de58467f7740
8595,0000000000000000000000000000000000000000000000000000000000000000000000000000000000000000000000000000000000000000001cb81469360860
8605,00000000000000000000000000000000000000000000000000000000000000000000000000000000000000000000000000000000000000000005623f36d27260
8615,000000000000000000000000000000000000000000000000000000000000000000000000000000000000000000000000000000000000000000292c50a61225e0
8625,0000000000000000000000000000000000000000000000000000000000000000000000000000000000000000000000000000000000000000000807753a6b9f40
8635,0000000000000000000000000000000000000000000000000000000000000000000000000000000000000000000000000000000000000000011c38f3bb9e70a0
8645,00000000000000000000000000000000000000000000000000000000000000000000000000000000000000000000000000000000000000000006f79f390b9100
8655,00000000000000000000000000000000000000000000000000000000000000000000000000000000000000000000000000000000000000000028567ab47ad160
8665,000000000000000000000000000000000000000000000000000000000000000000000000000000000000000000000000000000000000000000085ca45c10a800
8675,00000000000000000000000000000000000000000000000000000000000000000000000000000000000000000000000000000000000000000006137417306660
8685,00000000000000000000000000000000000000000000000000000000000000000000000000000000000000000000000000000000000000000032ee616a0d3e40
8695,00000000000000000000000000000000000000000000000000000000000000000000000000000000000000000000000000000000000000000018df09bf473fe0
8705,0000000000000000000000000000000000000000000000000000000000000000000000000000000000000000000000000000000000000000000b25ebfac57da0
8715,00000000000000000000000000000000000000000000000000000000000000000000000000000000000000000000000000000000000000000007c0480423ba40
8725,000000000000000000000000000000000000000000000000000000000000000000000000000000000000000000000000000000000000000000086da278756120
8735,0000000000000000000000000000000000000000000000000000000000000000000000000000000000000000000000000000000000000000001a333c4fbd4c40
8745,0000000000000000000000000000000000000000000000000000000000000000000000000000000000000000000000000000000000000000001cae37c27db080
8755,000000000000000000000000000000000000000000000000000000000000000000000000000000000000000000000000000000000000000000087b96b2985d60
8765,000000000000000000000000000000000000000000000000000000000000000000000000000000000000000000000000000000000000000000088210c5d9dea0
8775,000000000000000000000000000000000000000000000000000000000000000000000000000000000000000000000000000000000000000000061e3b82c53b40
8785,00000000000000000000000000000000000000000000000000000000000000000000000000000000000000000000000000000000000000000022bf919ebeaa20
8795,0000000000000000000000000000000000000000000000000000000000000000000000000000000000000000000000000000000000000000002ecedef6191c20
8805,00000000000000000000000000000000000000000000000000000000000000000000000000000000000000000000000000000000000000000006fdeb389ef200
8815,0000000000000000000000000000000000000000000000000000000000000000000000000000000000000000000000000000000000000000000b5de39e6283c0
8825,00000000000000000000000000000000000000000000000000000000000000000000000000000000000000000000000000000000000000000013b396ac260200
8835,00000000000000000000000000000000000000000000000000000000000000000000000000000000000000000000000000000000000000000102b39ffdb31060
8845,0000000000000000000000000000000000000000000000000000000000000000000000000000000000000000000000000000000000000000001351429f14f140
8855,0000000000000000000000000000000000000000000000000000000000000000000000000000000000000000000000000000000000000000000c9a00f5644d20
8865,0000000000000000000000000000000000000000000000000000000000000000000000000000000000000000000000000000000000000000000c234de9b2a320
8875,000000000000000000000000000000000000000000000000000000000000000000000000000000000000000000000000000000000000000000108d0000098560
8885,0000000000000000000000000000000000000000000000000000000000000000000000000000000000000000000000000000000000000000001c10dd3966cfe0
8895,00000000000000000000000000000000000000000000000000000000000000000000000000000000000000000000000000000000000000000009480b73966ac0
8905,0000000000000000000000000000000000000000000000000000000000000000000000000000000000000000000000000000000000000000001d93a15a6ac820
8915,00000000000000000000000000000000000000000000000000000000000000000000000000000000000000000000000000000000000000000004c20090639820
8925,0000000000000000000000000000000000000000000000000000000000000000000000000000000000000000000000000000000000000000000a0d7217845300
8935,000000000000000000000000000000000000000000000000000000000000000000000000000000000000000000000000000000000000000000071e67b66e8e60
8945,00000000000000000000000000000000000000000000000000000000000000000000000000000000000000000000000000000000000000000004f4898cfbdce0
8955,0000000000000000000000000000000000000000000000000000000000000000000000000000000000000000000000000000000000000000001cd3b00ebc4180
8965,0000000000000000000000000000000000000000000000000000000000000000000000000000000000000000000000000000000000000000000da65b634f3400
8975,000000000000000000000000000000000000000000000000000000000000000000000000000000000000000000000000000000000000000000094f97df62f960
8985,00000000000000000000000000000000000000000000000000000000000000000000000000000000000000000000000000000000000000000033aa571876a0a0
8995,00000000000000000000000000000000000000000000000000000000000000000000000000000000000000000000000000000000000000000007a747b70e1340
9005,0000000000000000000000000000000000000000000000000000000000000000000000000000000000000000000000000000000000000000000ea676be5c1fe0
9015,000000000000000000000000000000000000000000000000000000000000000000000000000000000000000000000000000000000000000000e18a4feaf6efe0
9025,000000000000000000000000000000000000000000000000000000000000000000000000000000000000000000000000000000000000000000194dc306962fa0
9035,00000000000000000000000000000000000000000000000000000000000000000000000000000000000000000000000000000000000000000007c800974fc560
9045,00000000000000000000000000000000000000000000000000000000000000000000000000000000000000000000000000000000000000000018d325228a8ee0
9055,0000000000000000000000000000000000000000000000000000000000000000000000000000000000000000000000000000000000000000000a503a3a66cc80
9065,0000000000000000000000000000000000000000000000000000000000000000000000000000000000000000000000000000000000000000001916b4e2e96da0
9075,00000000000000000000000000000000000000000000000000000000000000000000000000000000000000000000000000000000000000000004b3a2e02054a0
9085,0000000000000000000000000000000000000000000000000000000000000000000000000000000000000000000000000000000000000000000e921dd36c58e0
9095,0000000000000000000000000000000000000000000000000000000000000000000000000000000000000000000000000000000000000000000e207f33b1d380
9105,0000000000000000000000000000000000000000000000000000000000000000000000000000000000000000000000000000000000000000003f3ac55ad3c2c0
9115,0000000000000000000000000000000000000000000000000000000000000000000000000000000000000000000000000000000000000000000c8d47277ae600
9125,000000000000000000000000000000000000000000000000000000000000000000000000000000000000000000000000000000000000000000185f5d02f55560
9135,0000000000000000000000000000000000000000000000000000000000000000000000000000000000000000000000000000000000000000001947485fa37d40
9145,000000000000000000000000000000000000000000000000000000000000000000000000000000000000000000000000000000000000000001183eb231767380
9155,00000000000000000000000000000000000000000000000000000000000000000000000000000000000000000000000000000000000000000013d44ef8b68300
9165,00000000000000000000000000000000000000000000000000000000000000000000000000000000000000000000000000000000000000000007f6ccf69ea720
9175,0000000000000000000000000000000000000000000000000000000000000000000000000000000000000000000000000000000000000000002bdfcab28ddaa0
9185,0000000000000000000000000000000000000000000000000000000000000000000000000000000000000000000000000000000000000000000e320414f9c6a0
9195,00000000000000000000000000000000000000000000000000000000000000000000000000000000000000000000000000000000000000000004e56d491435c0
9205,0000000000000000000000000000000000000000000000000000000000000000000000000000000000000000000000000000000000000000000823c1f39724e0
9215,00000000000000000000000000000000000000000000000000000000000000000000000000000000000000000000000000000000000000000007940d90f74840
9225,0000000000000000000000000000000000000000000000000000000000000000000000000000000000000000000000000000000000000000002a4a1f3059d260
9235,0000000000000000000000000000000000000000000000000000000000000000000000000000000000000000000000000000000000000000002c696b50aa3d80
9245,0000000000000000000000000000000000000000000000000000000000000000000000000000000000000000000000000000000000000000001ae70cc39f7fa0
9255,0000000000000000000000000000000000000000000000000000000000000000000000000000000000000000000000000000000000000000001543ebcc3ff500
9265,000000000000000000000000000000000000000000000000000000000000000000000000000000000000000000000000000000000000000000415fa653617020
9275,000000000000000000000000000000000000000000000000000000000000000000000000000000000000000000000000000000000000000000242c4fb765ed00
9285,00000000000000000000000000000000000000000000000000000000000000000000000000000000000000000000000000000000000000000009dea5cbe6ab00
9295,0000000000000000000000000000000000000000000000000000000000000000000000000000000000000000000000000000000000000000001da884a7c76360
9305,00000000000000000000000000000000000000000000000000000000000000000000000000000000000000000000000000000000000000000125f062a7b36700
9315,0000000000000000000000000000000000000000000000000000000000000000000000000000000000000000000000000000000000000000001d87d18298ffa0
9325,0000000000000000000000000000000000000000000000000000000000000000000000000000000000000000000000000000000000000000000756fabc774380
9335,00000000000000000000000000000000000000000000000000000000000000000000000000000000000000000000000000000000000000000018656029f01520
9345,0000000000000000000000000000000000000000000000000000000000000000000000000000000000000000000000000000000000000000002d18e7e260f080
9355,00000000000000000000000000000000000000000000000000000000000000000000000000000000000000000000000000000000000000000005d95f69df37a0
9365,0000000000000000000000000000000000000000000000000000000000000000000000000000000000000000000000000000000000000000001575b05c96b120
9375,000000000000000000000000000000000000000000000000000000000000000000000000000000000000000000000000000000000000000000091803ecfa4f40
9385,00000000000000000000000000000000000000000000000000000000000000000000000000000000000000000000000000000000000000000005d1877e17bf60
9395,0000000000000000000000000000000000000000000000000000000000000000000000000000000000000000000000000000000000000000001f23d0a1e9be20
9405,0000000000000000000000000000000000000000000000000000000000000000000000000000000000000000000000000000000000000000001143f973b53580
9415,0000000000000000000000000000000000000000000000000000000000000000000000000000000000000000000000000000000000000000000a12ce65ecc700
9425,0000000000000000000000000000000000000000000000000000000000000000000000000000000000000000000000000000000000000000002ac6ce0a693100
9435,0000000000000000000000000000000000000000000000000000000000000000000000000000000000000000000000000000000000000000000b53dfda22f600
9445,000000000000000000000000000000000000000000000000000000000000000000000000000000000000000000000000000000000000000000253da042851700
9455,000000000000000000000000000000000000000000000000000000000000000000000000000000000000000000000000000000000000000000ec5a28cdff5ea0
9465,0000000000000000000000000000000000000000000000000000000000000000000000000000000000000000000000000000000000000000000c6eb45ac55e20
9475,0000000000000000000000000000000000000000000000000000000000000000000000000000000000000000000000000000000000000000001b90f7696782e0
9485,0000000000000000000000000000000000000000000000000000000000000000000000000000000000000000000000000000000000000000000fd720c75e8200
9495,0000000000000000000000000000000000000000000000000000000000000000000000000000000000000000000000000000000000000000002de4d7ad409100
9505,00000000000000000000000000000000000000000000000000000000000000000000000000000000000000000000000000000000000000000007f2c8a81f0520
9515,000000000000000000000000000000000000000000000000000000000000000000000000000000000000000000000000000000000000000000386299b35ae320
9525,000000000000000000000000000000000000000000000000000000000000000000000000000000000000000000000000000000000000000000171c2d49f761c0
9535,00000000000000000000000000000000000000000000000000000000000000000000000000000000000000000000000000000000000000000022122151d0f240
9545,00000000000000000000000000000000000000000000000000000000000000000000000000000000000000000000000000000000000000000022531db9beb4e0
9555,00000000000000000000000000000000000000000000000000000000000000000000000000000000000000000000000000000000000000000014024c1cffaa40
9565,0000000000000000000000000000000000000000000000000000000000000000000000000000000000000000000000000000000000000000002874941ec25fc0
9575,000000000000000000000000000000000000000000000000000000000000000000000000000000000000000000000000000000000000000000074a818c135a60
9585,00000000000000000000000000000000000000000000000000000000000000000000000000000000000000000000000000000000000000000017d6dc6e9e2760
9595,0000000000000000000000000000000000000000000000000000000000000000000000000000000000000000000000000000000000000000000bf71a1de83480
9605,000000000000000000000000000000000000000000000000000000000000000000000000000000000000000000000000000000000000000000322add3c263600
9615,0000000000000000000000000000000000000000000000000000000000000000000000000000000000000000000000000000000000000000011213ea91ffd0a0
9625,0000000000000000000000000000000000000000000000000000000000000000000000000000000000000000000000000000000000000000000e5f8dea85c6a0
9635,0000000000000000000000000000000000000000000000000000000000000000000000000000000000000000000000000000000000000000011a8822ceefe900
9645,00000000000000000000000000000000000000000000000000000000000000000000000000000000000000000000000000000000000000000008ba6b86fa0fa0
9655,000000000000000000000000000000000000000000000000000000000000000000000000000000000000000000000000000000000000000000062f42a901f600
9665,0000000000000000000000000000000000000000000000000000000000000000000000000000000000000000000000000000000000000000000644d876528a20
9675,0000000000000000000000000000000000000000000000000000000000000000000000000000000000000000000000000000000000000000000e44ad09df4680
9685,00000000000000000000000000000000000000000000000000000000000000000000000000000000000000000000000000000000000000000009f3cc7bb4e340
9695,00000000000000000000000000000000000000000000000000000000000000000000000000000000000000000000000000000000000000000020ec09dbc96ac0
9705,0000000000000000000000000000000000000000000000000000000000000000000000000000000000000000000000000000000000000000002469e06e539da0
9715,000000000000000000000000000000000000000000000000000000000000000000000000000000000000000000000000000000000000000000051a963ba695a0
9725,0000000000000000000000000000000000000000000000000000000000000000000000000000000000000000000000000000000000000000000a6da269a69ae0
9735,000000000000000000000000000000000000000000000000000000000000000000000000000000000000000000000000000000000000000000d7ecaf734c3280
9745,0000000000000000000000000000000000000000000000000000000000000000000000000000000000000000000000000000000000000000001903f0e42d22a0
9755,0000000000000000000000000000000000000000000000000000000000000000000000000000000000000000000000000000000000000000000763eac570b460
9765,00000000000000000000000000000000000000000000000000000000000000000000000000000000000000000000000000000000000000000009631f71c351c0
9775,00000000000000000000000000000000000000000000000000000000000000000000000000000000000000000000000000000000000000000006e931e166e560
9785,0000000000000000000000000000000000000000000000000000000000000000000000000000000000000000000000000000000000000000001586be16843580
9795,000000000000000000000000000000000000000000000000000000000000000000000000000000000000000000000000000000000000000000078e1f115d9a60
9805,00000000000000000000000000000000000000000000000000000000000000000000000000000000000000000000000000000000000000000008b02aa534c780
9815,00000000000000000000000000000000000000000000000000000000000000000000000000000000000000000000000000000000000000000027eb601e2883e0
9825,00000000000000000000000000000000000000000000000000000000000000000000000000000000000000000000000000000000000000000008b8a4fd4012e0
9835,0000000000000000000000000000000000000000000000000000000000000000000000000000000000000000000000000000000000000000000c174b6a81ce40
9845,00000000000000000000000000000000000000000000000000000000000000000000000000000000000000000000000000000000000000000007409cef342960
9855,0000000000000000000000000000000000000000000000000000000000000000000000000000000000000000000000000000000000000000001b8dc873770a80
9865,000000000000000000000000000000000000000000000000000000000000000000000000000000000000000000000000000000000000000000171078684b2aa0
9875,000000000000000000000000000000000000000000000000000000000000000000000000000000000000000000000000000000000000000000304e20bebc1300
9885,0000000000000000000000000000000000000000000000000000000000000000000000000000000000000000000000000000000000000000000ddbe6ae787d40
9895,0000000000000000000000000000000000000000000000000000000000000000000000000000000000000000000000000000000000000000000653389cbd05a0
9905,0000000000000000000000000000000000000000000000000000000000000000000000000000000000000000000000000000000000000000001a27143cddc480
9915,0000000000000000000000000000000000000000000000000000000000000000000000000000000000000000000000000000000000000000001a41fa62703880
9925,000000000000000000000000000000000000000000000000000000000000000000000000000000000000000000000000000000000000000000191bca277e0d80
9935,0000000000000000000000000000000000000000000000000000000000000000000000000000000000000000000000000000000000000000001d4be52e0522c0
9945,0000000000000000000000000000000000000000000000000000000000000000000000000000000000000000000000000000000000000000000954aadf0b71a0
9955,0000000000000000000000000000000000000000000000000000000000000000000000000000000000000000000000000000000000000000000635f94ff09d60
9965,0000000000000000000000000000000000000000000000000000000000000000000000000000000000000000000000000000000000000000001c85ed27aadf00
9975,0000000000000000000000000000000000000000000000000000000000000000000000000000000000000000000000000000000000000000001b0d93d4b820a0
9985,0000000000000000000000000000000000000000000000000000000000000000000000000000000000000000000000000000000000000000002a9288e68c63c0
9995,00000000000000000000000000000000000000000000000000000000000000000000000000000000000000000000000000000000000000000013ca0503409c60
10005,000000000000000000000000000000000000000000000000000000000000000000000000000000000000000000000000000000000000000000047acff7a5c620
10015,000000000000000000000000000000000000000000000000000000000000000000000000000000000000000000000000000000000000000000027f34f2778460
10025,00000000000000000000000000000000000000000000000000000000000000000000000000000000000000000000000000000000000000000123192900168300
10035,0000000000000000000000000000000000000000000000000000000000000000000000000000000000000000000000000000000000000000002d8d26159f7040
10045,0000000000000000000000000000000000000000000000000000000000000000000000000000000000000000000000000000000000000000000e78061a1ac100
10055,00000000000000000000000000000000000000000000000000000000000000000000000000000000000000000000000000000000000000000113b65cffa63660
10065,00000000000000000000000000000000000000000000000000000000000000000000000000000000000000000000000000000000000000000006673087b355e0
10075,0000000000000000000000000000000000000000000000000000000000000000000000000000000000000000000000000000000000000000000fa7595e47ed20
10085,0000000000000000000000000000000000000000000000000000000000000000000000000000000000000000000000000000000000000000002ea067ef620400
10095,0000000000000000000000000000000000000000000000000000000000000000000000000000000000000000000000000000000000000000001c76f1f7723860
10105,0000000000000000000000000000000000000000000000000000000000000000000000000000000000000000000000000000000000000000010e99433a526040
10115,000000000000000000000000000000000000000000000000000000000000000000000000000000000000000000000000000000000000000000171bcd5daf1380
10125,00000000000000000000000000000000000000000000000000000000000000000000000000000000000000000000000000000000000000000008b38f4c5cb560
10135,0000000000000000000000000000000000000000000000000000000000000000000000000000000000000000000000000000000000000000001f1b3aac567680
10145,0000000000000000000000000000000000000000000000000000000000000000000000000000000000000000000000000000000000000000000873cf780ad8e0
10155,0000000000000000000000000000000000000000000000000000000000000000000000000000000000000000000000000000000000000000000c2112b89e0c80
10165,000000000000000000000000000000000000000000000000000000000000000000000000000000000000000000000000000000000000000000222c53e3be44e0
10175,0000000000000000000000000000000000000000000000000000000000000000000000000000000000000000000000000000000000000000003cb6e25ed45b00
10185,0000000000000000000000000000000000000000000000000000000000000000000000000000000000000000000000000000000000000000001f09f8726c7bc0
10195,000000000000000000000000000000000000000000000000000000000000000000000000000000000000000000000000000000000000000000088886e2f441c0
10205,00000000000000000000000000000000000000000000000000000000000000000000000000000000000000000000000000000000000000000017d1b6db45b480
10215,00000000000000000000000000000000000000000000000000000000000000000000000000000000000000000000000000000000000000000004797877bceb80
10225,00000000000000000000000000000000000000000000000000000000000000000000000000000000000000000000000000000000000000000008c730861dc960
10235,000000000000000000000000000000000000000000000000000000000000000000000000000000000000000000000000000000000000000000ee9c627fa682a0
10245,0000000000000000000000000000000000000000000000000000000000000000000000000000000000000000000000000000000000000000013010c5655378e0
10255,00000000000000000000000000000000000000000000000000000000000000000000000000000000000000000000000000000000000000000018d6f7e734e9e0
10265,000000000000000000000000000000000000000000000000000000000000000000000000000000000000000000000000000000000000000000228fb63f820b20
10275,000000000000000000000000000000000000000000000000000000000000000000000000000000000000000000000000000000000000000000ebb7b93b678b60
10285,0000000000000000000000000000000000000000000000000000000000000000000000000000000000000000000000000000000000000000002491d9b08e6080
10295,00000000000000000000000000000000000000000000000000000000000000000000000000000000000000000000000000000000000000000013bd3bd2e21740
10305,00000000000000000000000000000000000000000000000000000000000000000000000000000000000000000000000000000000000000000017fa16ceb49fa0
10315,0000000000000000000000000000000000000000000000000000000000000000000000000000000000000000000000000000000000000000001beaffc5cc99a0
10325,0000000000000000000000000000000000000000000000000000000000000000000000000000000000000000000000000000000000000000003741c6d0a9b7c0
10335,000000000000000000000000000000000000000000000000000000000000000000000000000000000000000000000000000000000000000000068ff8f1429980
10345,0000000000000000000000000000000000000000000000000000000000000000000000000000000000000000000000000000000000000000011e74e0d02865a0
10355,00000000000000000000000000000000000000000000000000000000000000000000000000000000000000000000000000000000000000000002dd0a89aeb820
10365,00000000000000000000000000000000000000000000000000000000000000000000000000000000000000000000000000000000000000000009f29dde3f6ec0
10375,000000000000000000000000000000000000000000000000000000000000000000000000000000000000000000000000000000000000000000298a96ee7cd560
10385,000000000000000000000000000000000000000000000000000000000000000000000000000000000000000000000000000000000000000000178393ccd85680
10395,0000000000000000000000000000000000000000000000000000000000000000000000000000000000000000000000000000000000000000001b9c0b23bc1fc0
10405,0000000000000000000000000000000000000000000000000000000000000000000000000000000000000000000000000000000000000000001b479e9f93d280
10415,0000000000000000000000000000000000000000000000000000000000000000000000000000000000000000000000000000000000000000010917ef05981820
10425,0000000000000000000000000000000000000000000000000000000000000000000000000000000000000000000000000000000000000000002173f7b516caa0
10435,0000000000000000000000000000000000000000000000000000000000000000000000000000000000000000000000000000000000000000000a59cf088671e0
10445,0000000000000000000000000000000000000000000000000000000000000000000000000000000000000000000000000000000000000000004bec0effe17da0
10455,000000000000000000000000000000000000000000000000000000000000000000000000000000000000000000000000000000000000000000e431a66492cf40
10465,0000000000000000000000000000000000000000000000000000000000000000000000000000000000000000000000000000000000000000001124990983afe0
10475,0000000000000000000000000000000000000000000000000000000000000000000000000000000000000000000000000000000000000000000ef399e08bf7a0
10485,000000000000000000000000000000000000000000000000000000000000000000000000000000000000000000000000000000000000000001021c41b9213ee0
10495,00000000000000000000000000000000000000000000000000000000000000000000000000000000000000000000000000000000000000000005f96598f1e080
10505,0000000000000000000000000000000000000000000000000000000000000000000000000000000000000000000000000000000000000000002d4b965ef6ae60
10515,000000000000000000000000000000000000000000000000000000000000000000000000000000000000000000000000000000000000000000202b5e729d9600
