Zeit (ns),Daten (Hex)
1295,0000000000000000000000000000000000000000000000000000000000000000000000000000000000000000000000000000000000000000001e6ae3df9ac6c0
1305,0000000000000000000000000000000000000000000000000000000000000000000000000000000000000000000000000000000000000000001af679601f46a0
1315,00000000000000000000000000000000000000000000000000000000000000000000000000000000000000000000000000000000000000000024d59c8e73a620
1325,0000000000000000000000000000000000000000000000000000000000000000000000000000000000000000000000000000000000000000002a7067c176a980
1335,000000000000000000000000000000000000000000000000000000000000000000000000000000000000000000000000000000000000000000344afe3ede7040
1345,00000000000000000000000000000000000000000000000000000000000000000000000000000000000000000000000000000000000000000018d876e71b1b20
1355,00000000000000000000000000000000000000000000000000000000000000000000000000000000000000000000000000000000000000000024e7d51711f460
1365,000000000000000000000000000000000000000000000000000000000000000000000000000000000000000000000000000000000000000000206c7ef812c240
1375,0000000000000000000000000000000000000000000000000000000000000000000000000000000000000000000000000000000000000000002619f416229760
1385,0000000000000000000000000000000000000000000000000000000000000000000000000000000000000000000000000000000000000000001f656093a62d40
1395,0000000000000000000000000000000000000000000000000000000000000000000000000000000000000000000000000000000000000000001daef113a75a00
1405,0000000000000000000000000000000000000000000000000000000000000000000000000000000000000000000000000000000000000000003ee03eeac5efc0
1415,00000000000000000000000000000000000000000000000000000000000000000000000000000000000000000000000000000000000000000022e67e086e00c0
1425,000000000000000000000000000000000000000000000000000000000000000000000000000000000000000000000000000000000000000000274c9ef79ff4c0
1435,00000000000000000000000000000000000000000000000000000000000000000000000000000000000000000000000000000000000000000024ee28f91af4c0
1445,00000000000000000000000000000000000000000000000000000000000000000000000000000000000000000000000000000000000000000056befbec8d7040
1455,000000000000000000000000000000000000000000000000000000000000000000000000000000000000000000000000000000000000000000348c7c4e25ec80
1465,0000000000000000000000000000000000000000000000000000000000000000000000000000000000000000000000000000000000000000002d2372755c5520
1475,00000000000000000000000000000000000000000000000000000000000000000000000000000000000000000000000000000000000000000023e984f6f9c800
1485,0000000000000000000000000000000000000000000000000000000000000000000000000000000000000000000000000000000000000000001e16f15191a420
1495,00000000000000000000000000000000000000000000000000000000000000000000000000000000000000000000000000000000000000000022632d56338020
1505,00000000000000000000000000000000000000000000000000000000000000000000000000000000000000000000000000000000000000000019e099df275c40
1515,00000000000000000000000000000000000000000000000000000000000000000000000000000000000000000000000000000000000000000013c1db177eaaa0
1525,00000000000000000000000000000000000000000000000000000000000000000000000000000000000000000000000000000000000000000019f6f1c9f4b480
1535,00000000000000000000000000000000000000000000000000000000000000000000000000000000000000000000000000000000000000000013156d8f6bd1c0
1545,00000000000000000000000000000000000000000000000000000000000000000000000000000000000000000000000000000000000000000023c3c4d2228480
1555,00000000000000000000000000000000000000000000000000000000000000000000000000000000000000000000000000000000000000000019382d11e32800
1565,0000000000000000000000000000000000000000000000000000000000000000000000000000000000000000000000000000000000000000001b5b10e330ae20
1575,000000000000000000000000000000000000000000000000000000000000000000000000000000000000000000000000000000000000000000230784e8aa7160
1585,00000000000000000000000000000000000000000000000000000000000000000000000000000000000000000000000000000000000000000012ab47a06b7e20
1595,0000000000000000000000000000000000000000000000000000000000000000000000000000000000000000000000000000000000000000000f41bcdb481be0
1605,00000000000000000000000000000000000000000000000000000000000000000000000000000000000000000000000000000000000000000012b32c7880dc60
1615,00000000000000000000000000000000000000000000000000000000000000000000000000000000000000000000000000000000000000000015fac249c69dc0
1625,00000000000000000000000000000000000000000000000000000000000000000000000000000000000000000000000000000000000000000012f52356852100
1635,00000000000000000000000000000000000000000000000000000000000000000000000000000000000000000000000000000000000000000016bf1d1f01a560
1645,0000000000000000000000000000000000000000000000000000000000000000000000000000000000000000000000000000000000000000001c8d9a272676c0
1655,00000000000000000000000000000000000000000000000000000000000000000000000000000000000000000000000000000000000000000022680455e00360
1665,00000000000000000000000000000000000000000000000000000000000000000000000000000000000000000000000000000000000000000018a5e4e0aad4c0
1675,00000000000000000000000000000000000000000000000000000000000000000000000000000000000000000000000000000000000000000022977df036ea20
1685,000000000000000000000000000000000000000000000000000000000000000000000000000000000000000000000000000000000000000000188b2262786fe0
1695,000000000000000000000000000000000000000000000000000000000000000000000000000000000000000000000000000000000000000000728055e66389c0
1705,0000000000000000000000000000000000000000000000000000000000000000000000000000000000000000000000000000000000000000001447b1bfb506e0
1715,0000000000000000000000000000000000000000000000000000000000000000000000000000000000000000000000000000000000000000003466d3959bd9e0
1725,000000000000000000000000000000000000000000000000000000000000000000000000000000000000000000000000000000000000000000252db574d2bd20
1735,00000000000000000000000000000000000000000000000000000000000000000000000000000000000000000000000000000000000000000060e337c774f980
1745,000000000000000000000000000000000000000000000000000000000000000000000000000000000000000000000000000000000000000000334bf5ed979980
1755,0000000000000000000000000000000000000000000000000000000000000000000000000000000000000000000000000000000000000000002437a4407b1840
1765,0000000000000000000000000000000000000000000000000000000000000000000000000000000000000000000000000000000000000000001f55d32863afe0
1775,0000000000000000000000000000000000000000000000000000000000000000000000000000000000000000000000000000000000000000002a69cb5599eee0
1785,000000000000000000000000000000000000000000000000000000000000000000000000000000000000000000000000000000000000000000196ece3f6fdf20
1795,00000000000000000000000000000000000000000000000000000000000000000000000000000000000000000000000000000000000000000034a3a21182efc0
1805,000000000000000000000000000000000000000000000000000000000000000000000000000000000000000000000000000000000000000000142f1f2dabac40
1815,0000000000000000000000000000000000000000000000000000000000000000000000000000000000000000000000000000000000000000001a9bd179ec5260
1825,0000000000000000000000000000000000000000000000000000000000000000000000000000000000000000000000000000000000000000001c697ff85a26e0
1835,0000000000000000000000000000000000000000000000000000000000000000000000000000000000000000000000000000000000000000001bd0a6db4452a0
1845,0000000000000000000000000000000000000000000000000000000000000000000000000000000000000000000000000000000000000000001b8de81ad75ea0
1855,000000000000000000000000000000000000000000000000000000000000000000000000000000000000000000000000000000000000000000284b0b354014c0
1865,000000000000000000000000000000000000000000000000000000000000000000000000000000000000000000000000000000000000000000121e87a00ed140
1875,000000000000000000000000000000000000000000000000000000000000000000000000000000000000000000000000000000000000000000221ff8c7099000
1885,0000000000000000000000000000000000000000000000000000000000000000000000000000000000000000000000000000000000000000002393545f3eb600
1895,0000000000000000000000000000000000000000000000000000000000000000000000000000000000000000000000000000000000000000001859de8d2cb860
1905,00000000000000000000000000000000000000000000000000000000000000000000000000000000000000000000000000000000000000000023fe8493196740
1915,0000000000000000000000000000000000000000000000000000000000000000000000000000000000000000000000000000000000000000003546e45547a440
1925,00000000000000000000000000000000000000000000000000000000000000000000000000000000000000000000000000000000000000000017762ac3e70ce0
1935,000000000000000000000000000000000000000000000000000000000000000000000000000000000000000000000000000000000000000000178b4f0766aa00
1945,00000000000000000000000000000000000000000000000000000000000000000000000000000000000000000000000000000000000000000027703092c43d80
1955,0000000000000000000000000000000000000000000000000000000000000000000000000000000000000000000000000000000000000000002ce6d2d20fa100
1965,00000000000000000000000000000000000000000000000000000000000000000000000000000000000000000000000000000000000000000013c9780d22b980
1975,0000000000000000000000000000000000000000000000000000000000000000000000000000000000000000000000000000000000000000002a44419d0dc580
1985,000000000000000000000000000000000000000000000000000000000000000000000000000000000000000000000000000000000000000000134c9ec6c771c0
1995,00000000000000000000000000000000000000000000000000000000000000000000000000000000000000000000000000000000000000000017e0c7b2df5bc0
2005,0000000000000000000000000000000000000000000000000000000000000000000000000000000000000000000000000000000000000000003a6d5ddee61520
2015,0000000000000000000000000000000000000000000000000000000000000000000000000000000000000000000000000000000000000000000efbef875ea840
2025,0000000000000000000000000000000000000000000000000000000000000000000000000000000000000000000000000000000000000000001869c329a46960
2035,0000000000000000000000000000000000000000000000000000000000000000000000000000000000000000000000000000000000000000001b1d6918935080
2045,0000000000000000000000000000000000000000000000000000000000000000000000000000000000000000000000000000000000000000002464fbeea80340
2055,00000000000000000000000000000000000000000000000000000000000000000000000000000000000000000000000000000000000000000031881395e33980
2065,000000000000000000000000000000000000000000000000000000000000000000000000000000000000000000000000000000000000000000b5cbcda279b8e0
2075,0000000000000000000000000000000000000000000000000000000000000000000000000000000000000000000000000000000000000000001947f27d21df60
2085,00000000000000000000000000000000000000000000000000000000000000000000000000000000000000000000000000000000000000000035ff56703c6940
2095,00000000000000000000000000000000000000000000000000000000000000000000000000000000000000000000000000000000000000000014b83b4bd0fcc0
2105,0000000000000000000000000000000000000000000000000000000000000000000000000000000000000000000000000000000000000000001a4836ebdd41c0
2115,0000000000000000000000000000000000000000000000000000000000000000000000000000000000000000000000000000000000000000004945e67c58a7e0
2125,000000000000000000000000000000000000000000000000000000000000000000000000000000000000000000000000000000000000000000250d59148acf60
2135,0000000000000000000000000000000000000000000000000000000000000000000000000000000000000000000000000000000000000000003478de80b36260
2145,0000000000000000000000000000000000000000000000000000000000000000000000000000000000000000000000000000000000000000001f9ccfa39b2c40
2155,00000000000000000000000000000000000000000000000000000000000000000000000000000000000000000000000000000000000000000020942c92f02800
2165,0000000000000000000000000000000000000000000000000000000000000000000000000000000000000000000000000000000000000000002c300585c36d60
2175,0000000000000000000000000000000000000000000000000000000000000000000000000000000000000000000000000000000000000000002bbd215c463a00
2185,000000000000000000000000000000000000000000000000000000000000000000000000000000000000000000000000000000000000000000115723e891fb80
2195,000000000000000000000000000000000000000000000000000000000000000000000000000000000000000000000000000000000000000000174c2346bc0e40
2205,00000000000000000000000000000000000000000000000000000000000000000000000000000000000000000000000000000000000000000035be19f4a1bce0
2215,00000000000000000000000000000000000000000000000000000000000000000000000000000000000000000000000000000000000000000015066e1f299980
2225,0000000000000000000000000000000000000000000000000000000000000000000000000000000000000000000000000000000000000000001997333cb710e0
2235,00000000000000000000000000000000000000000000000000000000000000000000000000000000000000000000000000000000000000000022135f96a7cee0
2245,0000000000000000000000000000000000000000000000000000000000000000000000000000000000000000000000000000000000000000001ab5ae5aa45780
2255,000000000000000000000000000000000000000000000000000000000000000000000000000000000000000000000000000000000000000000125ca0af90dbc0
2265,0000000000000000000000000000000000000000000000000000000000000000000000000000000000000000000000000000000000000000002c916fcdf7efe0
2275,000000000000000000000000000000000000000000000000000000000000000000000000000000000000000000000000000000000000000000447ca458c0ffe0
2285,00000000000000000000000000000000000000000000000000000000000000000000000000000000000000000000000000000000000000000017f59f45291020
2295,00000000000000000000000000000000000000000000000000000000000000000000000000000000000000000000000000000000000000000010787732a6d100
2305,0000000000000000000000000000000000000000000000000000000000000000000000000000000000000000000000000000000000000000001e884318b3cd40
2315,00000000000000000000000000000000000000000000000000000000000000000000000000000000000000000000000000000000000000000052e62511601660
2325,00000000000000000000000000000000000000000000000000000000000000000000000000000000000000000000000000000000000000000021db9873078420
2335,0000000000000000000000000000000000000000000000000000000000000000000000000000000000000000000000000000000000000000004068216de7c340
2345,000000000000000000000000000000000000000000000000000000000000000000000000000000000000000000000000000000000000000000137c1ea60a3b20
2355,0000000000000000000000000000000000000000000000000000000000000000000000000000000000000000000000000000000000000000001da2fcd961ddc0
2365,000000000000000000000000000000000000000000000000000000000000000000000000000000000000000000000000000000000000000000179a85379b56e0
2375,0000000000000000000000000000000000000000000000000000000000000000000000000000000000000000000000000000000000000000001921da27157980
2385,000000000000000000000000000000000000000000000000000000000000000000000000000000000000000000000000000000000000000000214feb415d3f20
2395,00000000000000000000000000000000000000000000000000000000000000000000000000000000000000000000000000000000000000000027f191f65b31e0
2405,0000000000000000000000000000000000000000000000000000000000000000000000000000000000000000000000000000000000000000001c82649e0f34c0
2415,000000000000000000000000000000000000000000000000000000000000000000000000000000000000000000000000000000000000000000219a53f76d61c0
2425,0000000000000000000000000000000000000000000000000000000000000000000000000000000000000000000000000000000000000000001d17db1dd59580
2435,0000000000000000000000000000000000000000000000000000000000000000000000000000000000000000000000000000000000000000001b5b363bcbb3c0
2445,0000000000000000000000000000000000000000000000000000000000000000000000000000000000000000000000000000000000000000004ecab3f5c352e0
2455,0000000000000000000000000000000000000000000000000000000000000000000000000000000000000000000000000000000000000000001171c553155fe0
2465,00000000000000000000000000000000000000000000000000000000000000000000000000000000000000000000000000000000000000000016329d8116c940
2475,0000000000000000000000000000000000000000000000000000000000000000000000000000000000000000000000000000000000000000001af0827e100200
2485,00000000000000000000000000000000000000000000000000000000000000000000000000000000000000000000000000000000000000000016460ab102c160
2495,0000000000000000000000000000000000000000000000000000000000000000000000000000000000000000000000000000000000000000004f8a541a14db40
2505,000000000000000000000000000000000000000000000000000000000000000000000000000000000000000000000000000000000000000000205ef8f8fc09c0
2515,0000000000000000000000000000000000000000000000000000000000000000000000000000000000000000000000000000000000000000003206b2f9a9c060
2525,0000000000000000000000000000000000000000000000000000000000000000000000000000000000000000000000000000000000000000001ad263ec665660
2535,000000000000000000000000000000000000000000000000000000000000000000000000000000000000000000000000000000000000000000208587bb4f39c0
2545,0000000000000000000000000000000000000000000000000000000000000000000000000000000000000000000000000000000000000000001744ae8c28faa0
2555,0000000000000000000000000000000000000000000000000000000000000000000000000000000000000000000000000000000000000000001af326c2cebf20
2565,00000000000000000000000000000000000000000000000000000000000000000000000000000000000000000000000000000000000000000035d1e5cbe9ca60
2575,00000000000000000000000000000000000000000000000000000000000000000000000000000000000000000000000000000000000000000026668110fa1720
2585,0000000000000000000000000000000000000000000000000000000000000000000000000000000000000000000000000000000000000000002a774c85ec0e00
2595,00000000000000000000000000000000000000000000000000000000000000000000000000000000000000000000000000000000000000000043d3d33cbea1a0
2605,00000000000000000000000000000000000000000000000000000000000000000000000000000000000000000000000000000000000000000025834f51844600
2615,00000000000000000000000000000000000000000000000000000000000000000000000000000000000000000000000000000000000000000035671adcf49500
2625,00000000000000000000000000000000000000000000000000000000000000000000000000000000000000000000000000000000000000000054c8fa5d25f9c0
2635,00000000000000000000000000000000000000000000000000000000000000000000000000000000000000000000000000000000000000000013ad8167a2a220
2645,0000000000000000000000000000000000000000000000000000000000000000000000000000000000000000000000000000000000000000000e80672d3b7180
2655,0000000000000000000000000000000000000000000000000000000000000000000000000000000000000000000000000000000000000000002d632f49ae6560
2665,000000000000000000000000000000000000000000000000000000000000000000000000000000000000000000000000000000000000000000241710a5233200
2675,0000000000000000000000000000000000000000000000000000000000000000000000000000000000000000000000000000000000000000001b011d5f67b9a0
2685,0000000000000000000000000000000000000000000000000000000000000000000000000000000000000000000000000000000000000000001c4f4db531bb40
2695,000000000000000000000000000000000000000000000000000000000000000000000000000000000000000000000000000000000000000000175ba059621bc0
2705,000000000000000000000000000000000000000000000000000000000000000000000000000000000000000000000000000000000000000000193010f4e53460
2715,0000000000000000000000000000000000000000000000000000000000000000000000000000000000000000000000000000000000000000001a002d35a43860
2725,0000000000000000000000000000000000000000000000000000000000000000000000000000000000000000000000000000000000000000000ed88c760fda40
2735,00000000000000000000000000000000000000000000000000000000000000000000000000000000000000000000000000000000000000000035a4a8c51d89c0
2745,00000000000000000000000000000000000000000000000000000000000000000000000000000000000000000000000000000000000000000017ab7d404f3dc0
2755,000000000000000000000000000000000000000000000000000000000000000000000000000000000000000000000000000000000000000000394b85f26de320
2765,0000000000000000000000000000000000000000000000000000000000000000000000000000000000000000000000000000000000000000004cfddc774701a0
2775,00000000000000000000000000000000000000000000000000000000000000000000000000000000000000000000000000000000000000000021076b463fdf20
2785,00000000000000000000000000000000000000000000000000000000000000000000000000000000000000000000000000000000000000000023d679297d6760
2795,00000000000000000000000000000000000000000000000000000000000000000000000000000000000000000000000000000000000000000020fd9950c1e280
2805,0000000000000000000000000000000000000000000000000000000000000000000000000000000000000000000000000000000000000000002384b938d83440
2815,0000000000000000000000000000000000000000000000000000000000000000000000000000000000000000000000000000000000000000001932d96103f800
2825,00000000000000000000000000000000000000000000000000000000000000000000000000000000000000000000000000000000000000000022edcdea660620
2835,0000000000000000000000000000000000000000000000000000000000000000000000000000000000000000000000000000000000000000004c6c25b253a6c0
2845,0000000000000000000000000000000000000000000000000000000000000000000000000000000000000000000000000000000000000000001fa616de0ed0c0
2855,000000000000000000000000000000000000000000000000000000000000000000000000000000000000000000000000000000000000000000299409e40138c0
2865,0000000000000000000000000000000000000000000000000000000000000000000000000000000000000000000000000000000000000000002065fe51207760
2875,0000000000000000000000000000000000000000000000000000000000000000000000000000000000000000000000000000000000000000001811f4eaa2c0c0
2885,00000000000000000000000000000000000000000000000000000000000000000000000000000000000000000000000000000000000000000059fc520d48e8a0
2895,0000000000000000000000000000000000000000000000000000000000000000000000000000000000000000000000000000000000000000005c4a0bdbb38340
2905,000000000000000000000000000000000000000000000000000000000000000000000000000000000000000000000000000000000000000000568c1fc8984fc0
2915,00000000000000000000000000000000000000000000000000000000000000000000000000000000000000000000000000000000000000000014013cba9bcc40
2925,0000000000000000000000000000000000000000000000000000000000000000000000000000000000000000000000000000000000000000001d21e8a700c980
2935,0000000000000000000000000000000000000000000000000000000000000000000000000000000000000000000000000000000000000000001eb70bd0a077e0
2945,000000000000000000000000000000000000000000000000000000000000000000000000000000000000000000000000000000000000000000200d527e7c81e0
2955,00000000000000000000000000000000000000000000000000000000000000000000000000000000000000000000000000000000000000000018ac5b5662bbc0
2965,00000000000000000000000000000000000000000000000000000000000000000000000000000000000000000000000000000000000000000039e9b3a2d8ff80
2975,00000000000000000000000000000000000000000000000000000000000000000000000000000000000000000000000000000000000000000012363a149d6d40
2985,0000000000000000000000000000000000000000000000000000000000000000000000000000000000000000000000000000000000000000002f097db7123820
2995,000000000000000000000000000000000000000000000000000000000000000000000000000000000000000000000000000000000000000000216ce0abb87a80
3005,00000000000000000000000000000000000000000000000000000000000000000000000000000000000000000000000000000000000000000032dba44dc6a3e0
3015,0000000000000000000000000000000000000000000000000000000000000000000000000000000000000000000000000000000000000000002a566f60c07ec0
3025,000000000000000000000000000000000000000000000000000000000000000000000000000000000000000000000000000000000000000000578d6ae87d1260
3035,0000000000000000000000000000000000000000000000000000000000000000000000000000000000000000000000000000000000000000001ef9f54c1e3c00
3045,000000000000000000000000000000000000000000000000000000000000000000000000000000000000000000000000000000000000000000182566c1f0dec0
3055,00000000000000000000000000000000000000000000000000000000000000000000000000000000000000000000000000000000000000000015f14a4a69f3c0
3065,000000000000000000000000000000000000000000000000000000000000000000000000000000000000000000000000000000000000000000177978127303a0
3075,00000000000000000000000000000000000000000000000000000000000000000000000000000000000000000000000000000000000000000026817f368aed20
3085,0000000000000000000000000000000000000000000000000000000000000000000000000000000000000000000000000000000000000000003219041fd03ea0
3095,000000000000000000000000000000000000000000000000000000000000000000000000000000000000000000000000000000000000000000129b29c8e3f720
3105,0000000000000000000000000000000000000000000000000000000000000000000000000000000000000000000000000000000000000000006076f36271d0e0
3115,0000000000000000000000000000000000000000000000000000000000000000000000000000000000000000000000000000000000000000001bb4dfdd237b60
3125,000000000000000000000000000000000000000000000000000000000000000000000000000000000000000000000000000000000000000000459817946c6720
3135,0000000000000000000000000000000000000000000000000000000000000000000000000000000000000000000000000000000000000000000c9e41eb424f00
3145,00000000000000000000000000000000000000000000000000000000000000000000000000000000000000000000000000000000000000000024d9a3dcf31460
3155,0000000000000000000000000000000000000000000000000000000000000000000000000000000000000000000000000000000000000000003b911868c79aa0
3165,00000000000000000000000000000000000000000000000000000000000000000000000000000000000000000000000000000000000000000016524e26569820
3175,00000000000000000000000000000000000000000000000000000000000000000000000000000000000000000000000000000000000000000018c57585eccba0
3185,0000000000000000000000000000000000000000000000000000000000000000000000000000000000000000000000000000000000000000004322c33ed458c0
3195,0000000000000000000000000000000000000000000000000000000000000000000000000000000000000000000000000000000000000000002109ee8b00d580
3205,0000000000000000000000000000000000000000000000000000000000000000000000000000000000000000000000000000000000000000001318ffca41e880
3215,0000000000000000000000000000000000000000000000000000000000000000000000000000000000000000000000000000000000000000000ea68aef95d740
3225,00000000000000000000000000000000000000000000000000000000000000000000000000000000000000000000000000000000000000000058a93510716320
3235,00000000000000000000000000000000000000000000000000000000000000000000000000000000000000000000000000000000000000000019837ab432a2a0
3245,000000000000000000000000000000000000000000000000000000000000000000000000000000000000000000000000000000000000000000286aab0bbc1940
3255,00000000000000000000000000000000000000000000000000000000000000000000000000000000000000000000000000000000000000000016d18a0a129360
3265,00000000000000000000000000000000000000000000000000000000000000000000000000000000000000000000000000000000000000000019e3835ef52060
3275,0000000000000000000000000000000000000000000000000000000000000000000000000000000000000000000000000000000000000000001570273f6c55c0
3285,000000000000000000000000000000000000000000000000000000000000000000000000000000000000000000000000000000000000000000169de648a10da0
3295,0000000000000000000000000000000000000000000000000000000000000000000000000000000000000000000000000000000000000000001c649116391840
3305,0000000000000000000000000000000000000000000000000000000000000000000000000000000000000000000000000000000000000000004894dc435a4a40
3315,000000000000000000000000000000000000000000000000000000000000000000000000000000000000000000000000000000000000000000127a6219de5820
3325,00000000000000000000000000000000000000000000000000000000000000000000000000000000000000000000000000000000000000000011faa4c9dc5080
3335,00000000000000000000000000000000000000000000000000000000000000000000000000000000000000000000000000000000000000000017c0720daaab20
3345,00000000000000000000000000000000000000000000000000000000000000000000000000000000000000000000000000000000000000000028903757f95140
3355,000000000000000000000000000000000000000000000000000000000000000000000000000000000000000000000000000000000000000000265e79c2bfa8e0
3365,00000000000000000000000000000000000000000000000000000000000000000000000000000000000000000000000000000000000000000031baf7889cbfa0
3375,00000000000000000000000000000000000000000000000000000000000000000000000000000000000000000000000000000000000000000019346d435ee860
3385,00000000000000000000000000000000000000000000000000000000000000000000000000000000000000000000000000000000000000000013a3d40fac0680
3395,0000000000000000000000000000000000000000000000000000000000000000000000000000000000000000000000000000000000000000003a4e0488655080
3405,0000000000000000000000000000000000000000000000000000000000000000000000000000000000000000000000000000000000000000001fa918f18c2800
3415,000000000000000000000000000000000000000000000000000000000000000000000000000000000000000000000000000000000000000000183964ace6c780
3425,000000000000000000000000000000000000000000000000000000000000000000000000000000000000000000000000000000000000000000294e72c14f3200
3435,0000000000000000000000000000000000000000000000000000000000000000000000000000000000000000000000000000000000000000001d1f9475ede220
3445,000000000000000000000000000000000000000000000000000000000000000000000000000000000000000000000000000000000000000000192876442d4d20
3455,0000000000000000000000000000000000000000000000000000000000000000000000000000000000000000000000000000000000000000001cf17b0cba53c0
3465,00000000000000000000000000000000000000000000000000000000000000000000000000000000000000000000000000000000000000000010fb63962327a0
3475,00000000000000000000000000000000000000000000000000000000000000000000000000000000000000000000000000000000000000000019ab5f31827d00
3485,00000000000000000000000000000000000000000000000000000000000000000000000000000000000000000000000000000000000000000013c388489cd2c0
3495,000000000000000000000000000000000000000000000000000000000000000000000000000000000000000000000000000000000000000000170c66061b4060
3505,00000000000000000000000000000000000000000000000000000000000000000000000000000000000000000000000000000000000000000012f962a500c940
3515,000000000000000000000000000000000000000000000000000000000000000000000000000000000000000000000000000000000000000000180f172fc08060
3525,0000000000000000000000000000000000000000000000000000000000000000000000000000000000000000000000000000000000000000001ca71a9b95f140
3535,000000000000000000000000000000000000000000000000000000000000000000000000000000000000000000000000000000000000000000419702e357ae40
3545,00000000000000000000000000000000000000000000000000000000000000000000000000000000000000000000000000000000000000000043c81f0c4d7240
3555,00000000000000000000000000000000000000000000000000000000000000000000000000000000000000000000000000000000000000000011a3666d471d40
3565,00000000000000000000000000000000000000000000000000000000000000000000000000000000000000000000000000000000000000000027a326ca68d740
3575,0000000000000000000000000000000000000000000000000000000000000000000000000000000000000000000000000000000000000000002a8c05534b8660
3585,000000000000000000000000000000000000000000000000000000000000000000000000000000000000000000000000000000000000000000257fd8ef49d8c0
3595,00000000000000000000000000000000000000000000000000000000000000000000000000000000000000000000000000000000000000000013084e7c9ceec0
3605,00000000000000000000000000000000000000000000000000000000000000000000000000000000000000000000000000000000000000000013b477bfc81280
3615,000000000000000000000000000000000000000000000000000000000000000000000000000000000000000000000000000000000000000000162135a9a57ec0
3625,00000000000000000000000000000000000000000000000000000000000000000000000000000000000000000000000000000000000000000022f502d6387a20
3635,000000000000000000000000000000000000000000000000000000000000000000000000000000000000000000000000000000000000000000269745ab3ab020
3645,0000000000000000000000000000000000000000000000000000000000000000000000000000000000000000000000000000000000000000001d0f2b3bf54820
3655,00000000000000000000000000000000000000000000000000000000000000000000000000000000000000000000000000000000000000000031a0bb6cd77400
3665,000000000000000000000000000000000000000000000000000000000000000000000000000000000000000000000000000000000000000000284241fac3f2c0
3675,00000000000000000000000000000000000000000000000000000000000000000000000000000000000000000000000000000000000000000019e8606879d900
3685,00000000000000000000000000000000000000000000000000000000000000000000000000000000000000000000000000000000000000000032405f2701f9c0
3695,0000000000000000000000000000000000000000000000000000000000000000000000000000000000000000000000000000000000000000001dce3342c737e0
3705,0000000000000000000000000000000000000000000000000000000000000000000000000000000000000000000000000000000000000000002c8e81ff6589c0
3715,0000000000000000000000000000000000000000000000000000000000000000000000000000000000000000000000000000000000000000001f506a815e8700
3725,00000000000000000000000000000000000000000000000000000000000000000000000000000000000000000000000000000000000000000031f3bd49b5bae0
3735,0000000000000000000000000000000000000000000000000000000000000000000000000000000000000000000000000000000000000000001abec6bc7d9a40
3745,000000000000000000000000000000000000000000000000000000000000000000000000000000000000000000000000000000000000000000275eab004142a0
3755,00000000000000000000000000000000000000000000000000000000000000000000000000000000000000000000000000000000000000000026a52d655e8400
3765,000000000000000000000000000000000000000000000000000000000000000000000000000000000000000000000000000000000000000000342142c1ae52a0
3775,000000000000000000000000000000000000000000000000000000000000000000000000000000000000000000000000000000000000000000309d21747cf7a0
3785,00000000000000000000000000000000000000000000000000000000000000000000000000000000000000000000000000000000000000000021eadda33b2e40
3795,0000000000000000000000000000000000000000000000000000000000000000000000000000000000000000000000000000000000000000001ccad2f1cb4f20
3805,0000000000000000000000000000000000000000000000000000000000000000000000000000000000000000000000000000000000000000001c9288094796a0
3815,0000000000000000000000000000000000000000000000000000000000000000000000000000000000000000000000000000000000000000009d4b5c843525e0
3825,0000000000000000000000000000000000000000000000000000000000000000000000000000000000000000000000000000000000000000001c23da246e09e0
3835,0000000000000000000000000000000000000000000000000000000000000000000000000000000000000000000000000000000000000000003036827b672e60
3845,00000000000000000000000000000000000000000000000000000000000000000000000000000000000000000000000000000000000000000031ad321d3b8840
3855,0000000000000000000000000000000000000000000000000000000000000000000000000000000000000000000000000000000000000000002e5625ea8a59a0
3865,0000000000000000000000000000000000000000000000000000000000000000000000000000000000000000000000000000000000000000001ff4a7278883c0
3875,0000000000000000000000000000000000000000000000000000000000000000000000000000000000000000000000000000000000000000002536ba25723fe0
3885,0000000000000000000000000000000000000000000000000000000000000000000000000000000000000000000000000000000000000000001c3326ad3ebf20
3895,0000000000000000000000000000000000000000000000000000000000000000000000000000000000000000000000000000000000000000002329ef48ceeda0
3905,0000000000000000000000000000000000000000000000000000000000000000000000000000000000000000000000000000000000000000001c3cf185335de0
3915,000000000000000000000000000000000000000000000000000000000000000000000000000000000000000000000000000000000000000000911a709194cb60
3925,0000000000000000000000000000000000000000000000000000000000000000000000000000000000000000000000000000000000000000001f06b3102ec140
3935,00000000000000000000000000000000000000000000000000000000000000000000000000000000000000000000000000000000000000000021c5fd1bdeb200
3945,00000000000000000000000000000000000000000000000000000000000000000000000000000000000000000000000000000000000000000028c24dad36d9a0
3955,0000000000000000000000000000000000000000000000000000000000000000000000000000000000000000000000000000000000000000003ff85a6b974f20
3965,0000000000000000000000000000000000000000000000000000000000000000000000000000000000000000000000000000000000000000001d0518a8f1cd80
3975,00000000000000000000000000000000000000000000000000000000000000000000000000000000000000000000000000000000000000000010963144574240
3985,0000000000000000000000000000000000000000000000000000000000000000000000000000000000000000000000000000000000000000003c70febc277be0
3995,000000000000000000000000000000000000000000000000000000000000000000000000000000000000000000000000000000000000000000240c428853bce0
4005,000000000000000000000000000000000000000000000000000000000000000000000000000000000000000000000000000000000000000000160bdc2b15c6a0
4015,0000000000000000000000000000000000000000000000000000000000000000000000000000000000000000000000000000000000000000002344ed5aae89e0
4025,0000000000000000000000000000000000000000000000000000000000000000000000000000000000000000000000000000000000000000002f1a3dd37b1ec0
4035,00000000000000000000000000000000000000000000000000000000000000000000000000000000000000000000000000000000000000000020f2c40c9072a0
4045,00000000000000000000000000000000000000000000000000000000000000000000000000000000000000000000000000000000000000000011c1bd75145d60
4055,000000000000000000000000000000000000000000000000000000000000000000000000000000000000000000000000000000000000000000362ca83bf39260
4065,000000000000000000000000000000000000000000000000000000000000000000000000000000000000000000000000000000000000000000120e64beaf03a0
4075,00000000000000000000000000000000000000000000000000000000000000000000000000000000000000000000000000000000000000000017c2b4e62133e0
4085,00000000000000000000000000000000000000000000000000000000000000000000000000000000000000000000000000000000000000000033db4f32b3c140
4095,000000000000000000000000000000000000000000000000000000000000000000000000000000000000000000000000000000000000000000147a08a89f7060
4105,0000000000000000000000000000000000000000000000000000000000000000000000000000000000000000000000000000000000000000001e977dd2c0c960
4115,00000000000000000000000000000000000000000000000000000000000000000000000000000000000000000000000000000000000000000014d8b7c9a09920
4125,00000000000000000000000000000000000000000000000000000000000000000000000000000000000000000000000000000000000000000020aeed2eac8600
4135,0000000000000000000000000000000000000000000000000000000000000000000000000000000000000000000000000000000000000000001357c96d694820
4145,00000000000000000000000000000000000000000000000000000000000000000000000000000000000000000000000000000000000000000026af2eb376d9c0
4155,00000000000000000000000000000000000000000000000000000000000000000000000000000000000000000000000000000000000000000016b97501d960c0
4165,00000000000000000000000000000000000000000000000000000000000000000000000000000000000000000000000000000000000000000035a1cf80625ee0
4175,0000000000000000000000000000000000000000000000000000000000000000000000000000000000000000000000000000000000000000002c09e9922d6d40
4185,0000000000000000000000000000000000000000000000000000000000000000000000000000000000000000000000000000000000000000002b0f1836c544e0
4195,000000000000000000000000000000000000000000000000000000000000000000000000000000000000000000000000000000000000000000132a09a1b98880
4205,00000000000000000000000000000000000000000000000000000000000000000000000000000000000000000000000000000000000000000019db8341f549c0
4215,0000000000000000000000000000000000000000000000000000000000000000000000000000000000000000000000000000000000000000001d315e086c4800
4225,0000000000000000000000000000000000000000000000000000000000000000000000000000000000000000000000000000000000000000002fca752038ede0
4235,0000000000000000000000000000000000000000000000000000000000000000000000000000000000000000000000000000000000000000004cbf83d41804c0
4245,0000000000000000000000000000000000000000000000000000000000000000000000000000000000000000000000000000000000000000004d2c04af3e7ce0
4255,0000000000000000000000000000000000000000000000000000000000000000000000000000000000000000000000000000000000000000002175108da167e0
4265,0000000000000000000000000000000000000000000000000000000000000000000000000000000000000000000000000000000000000000002a30ad634bd140
4275,00000000000000000000000000000000000000000000000000000000000000000000000000000000000000000000000000000000000000000026908ce6c254a0
4285,00000000000000000000000000000000000000000000000000000000000000000000000000000000000000000000000000000000000000000057cc5a1f5324e0
4295,000000000000000000000000000000000000000000000000000000000000000000000000000000000000000000000000000000000000000000321c4650d31c80
4305,0000000000000000000000000000000000000000000000000000000000000000000000000000000000000000000000000000000000000000001c6ad8021b95c0
4315,0000000000000000000000000000000000000000000000000000000000000000000000000000000000000000000000000000000000000000001e5459e11f9340
4325,00000000000000000000000000000000000000000000000000000000000000000000000000000000000000000000000000000000000000000020e1e65c784f20
4335,000000000000000000000000000000000000000000000000000000000000000000000000000000000000000000000000000000000000000000154ebf690f0b40
4345,0000000000000000000000000000000000000000000000000000000000000000000000000000000000000000000000000000000000000000002385bbb8c6c920
4355,0000000000000000000000000000000000000000000000000000000000000000000000000000000000000000000000000000000000000000001cc8f60f754a00
4365,00000000000000000000000000000000000000000000000000000000000000000000000000000000000000000000000000000000000000000022f3f19b373220
4375,0000000000000000000000000000000000000000000000000000000000000000000000000000000000000000000000000000000000000000001cb00224d4f4c0
4385,00000000000000000000000000000000000000000000000000000000000000000000000000000000000000000000000000000000000000000023b93e7a3a8820
4395,0000000000000000000000000000000000000000000000000000000000000000000000000000000000000000000000000000000000000000001dc65e25c47b80
4405,000000000000000000000000000000000000000000000000000000000000000000000000000000000000000000000000000000000000000000134db401c874c0
4415,00000000000000000000000000000000000000000000000000000000000000000000000000000000000000000000000000000000000000000039f14d04cc1100
4425,0000000000000000000000000000000000000000000000000000000000000000000000000000000000000000000000000000000000000000001deef87ba59ee0
4435,000000000000000000000000000000000000000000000000000000000000000000000000000000000000000000000000000000000000000000454ee2e8202060
4445,00000000000000000000000000000000000000000000000000000000000000000000000000000000000000000000000000000000000000000010ce9636b1d720
4455,00000000000000000000000000000000000000000000000000000000000000000000000000000000000000000000000000000000000000000026202b95b75a00
4465,00000000000000000000000000000000000000000000000000000000000000000000000000000000000000000000000000000000000000000022761219d9e4a0
4475,0000000000000000000000000000000000000000000000000000000000000000000000000000000000000000000000000000000000000000001a3d13ec9d5d80
4485,0000000000000000000000000000000000000000000000000000000000000000000000000000000000000000000000000000000000000000004524c21c31ea00
4495,000000000000000000000000000000000000000000000000000000000000000000000000000000000000000000000000000000000000000000367a94192994c0
4505,0000000000000000000000000000000000000000000000000000000000000000000000000000000000000000000000000000000000000000001dbc1961894f00
4515,0000000000000000000000000000000000000000000000000000000000000000000000000000000000000000000000000000000000000000001840e5f151a060
4525,0000000000000000000000000000000000000000000000000000000000000000000000000000000000000000000000000000000000000000002e8a3fbfa525a0
4535,0000000000000000000000000000000000000000000000000000000000000000000000000000000000000000000000000000000000000000001f9640105b1de0
4545,0000000000000000000000000000000000000000000000000000000000000000000000000000000000000000000000000000000000000000002655193988cca0
4555,0000000000000000000000000000000000000000000000000000000000000000000000000000000000000000000000000000000000000000002f81e5d657a9a0
4565,0000000000000000000000000000000000000000000000000000000000000000000000000000000000000000000000000000000000000000001d3d1bea17e3e0
4575,00000000000000000000000000000000000000000000000000000000000000000000000000000000000000000000000000000000000000000015ffa6bf999b40
4585,00000000000000000000000000000000000000000000000000000000000000000000000000000000000000000000000000000000000000000020f8870c2d0ee0
4595,0000000000000000000000000000000000000000000000000000000000000000000000000000000000000000000000000000000000000000001230e7bc5bafe0
4605,00000000000000000000000000000000000000000000000000000000000000000000000000000000000000000000000000000000000000000023fcfdebd143e0
4615,0000000000000000000000000000000000000000000000000000000000000000000000000000000000000000000000000000000000000000002732ae5bd592c0
4625,00000000000000000000000000000000000000000000000000000000000000000000000000000000000000000000000000000000000000000049b4552ffb6300
4635,0000000000000000000000000000000000000000000000000000000000000000000000000000000000000000000000000000000000000000001c51aad292cda0
4645,000000000000000000000000000000000000000000000000000000000000000000000000000000000000000000000000000000000000000000223233d9805000
4655,0000000000000000000000000000000000000000000000000000000000000000000000000000000000000000000000000000000000000000001c09b23009d8c0
4665,00000000000000000000000000000000000000000000000000000000000000000000000000000000000000000000000000000000000000000019728b7a431020
4675,0000000000000000000000000000000000000000000000000000000000000000000000000000000000000000000000000000000000000000001cd5eadd5ab760
4685,0000000000000000000000000000000000000000000000000000000000000000000000000000000000000000000000000000000000000000002a9676d2976080
4695,0000000000000000000000000000000000000000000000000000000000000000000000000000000000000000000000000000000000000000001c6ba0d0d2fa20
4705,00000000000000000000000000000000000000000000000000000000000000000000000000000000000000000000000000000000000000000013dbc2b349a7e0
4715,00000000000000000000000000000000000000000000000000000000000000000000000000000000000000000000000000000000000000000019a2ac3bf129a0
4725,000000000000000000000000000000000000000000000000000000000000000000000000000000000000000000000000000000000000000000223f1de27a2860
4735,0000000000000000000000000000000000000000000000000000000000000000000000000000000000000000000000000000000000000000001f6a68f5c58400
4745,000000000000000000000000000000000000000000000000000000000000000000000000000000000000000000000000000000000000000000402f73542fa620
4755,0000000000000000000000000000000000000000000000000000000000000000000000000000000000000000000000000000000000000000001bbd46a17edd60
4765,0000000000000000000000000000000000000000000000000000000000000000000000000000000000000000000000000000000000000000001900ede4611660
4775,0000000000000000000000000000000000000000000000000000000000000000000000000000000000000000000000000000000000000000001959942d2ccde0
4785,0000000000000000000000000000000000000000000000000000000000000000000000000000000000000000000000000000000000000000003e9e700cbef920
4795,0000000000000000000000000000000000000000000000000000000000000000000000000000000000000000000000000000000000000000001c2399df860fc0
4805,0000000000000000000000000000000000000000000000000000000000000000000000000000000000000000000000000000000000000000001fd7b2d0de70e0
4815,000000000000000000000000000000000000000000000000000000000000000000000000000000000000000000000000000000000000000000144a84495cf4a0
4825,0000000000000000000000000000000000000000000000000000000000000000000000000000000000000000000000000000000000000000002d9f393bca1c00
4835,0000000000000000000000000000000000000000000000000000000000000000000000000000000000000000000000000000000000000000004fbfb9b4059b00
4845,00000000000000000000000000000000000000000000000000000000000000000000000000000000000000000000000000000000000000000018249d06eac560
4855,00000000000000000000000000000000000000000000000000000000000000000000000000000000000000000000000000000000000000000033272aab25fd20
4865,00000000000000000000000000000000000000000000000000000000000000000000000000000000000000000000000000000000000000000010c43e37644520
4875,0000000000000000000000000000000000000000000000000000000000000000000000000000000000000000000000000000000000000000003224d377a20fc0
4885,0000000000000000000000000000000000000000000000000000000000000000000000000000000000000000000000000000000000000000002eef8da5206a60
4895,000000000000000000000000000000000000000000000000000000000000000000000000000000000000000000000000000000000000000000142692b817c0c0
4905,000000000000000000000000000000000000000000000000000000000000000000000000000000000000000000000000000000000000000000186a4095eabac0
4915,000000000000000000000000000000000000000000000000000000000000000000000000000000000000000000000000000000000000000000158a8d96427a20
4925,000000000000000000000000000000000000000000000000000000000000000000000000000000000000000000000000000000000000000000142672cbcb2280
4935,0000000000000000000000000000000000000000000000000000000000000000000000000000000000000000000000000000000000000000001c6e1d50a81680
4945,0000000000000000000000000000000000000000000000000000000000000000000000000000000000000000000000000000000000000000002d62142c37a080
4955,0000000000000000000000000000000000000000000000000000000000000000000000000000000000000000000000000000000000000000001e1ca9512efe20
4965,00000000000000000000000000000000000000000000000000000000000000000000000000000000000000000000000000000000000000000018d69ebfd875a0
4975,0000000000000000000000000000000000000000000000000000000000000000000000000000000000000000000000000000000000000000001b568f8ae0db80
4985,0000000000000000000000000000000000000000000000000000000000000000000000000000000000000000000000000000000000000000002aec0b3921e520
4995,0000000000000000000000000000000000000000000000000000000000000000000000000000000000000000000000000000000000000000001f1826e79f3cc0
5005,0000000000000000000000000000000000000000000000000000000000000000000000000000000000000000000000000000000000000000001fd174d14a1e60
5015,0000000000000000000000000000000000000000000000000000000000000000000000000000000000000000000000000000000000000000002825dea4101aa0
5025,0000000000000000000000000000000000000000000000000000000000000000000000000000000000000000000000000000000000000000002510a176c85620
5035,0000000000000000000000000000000000000000000000000000000000000000000000000000000000000000000000000000000000000000002ddcc95f069b80
5045,000000000000000000000000000000000000000000000000000000000000000000000000000000000000000000000000000000000000000000201996915a26a0
5055,00000000000000000000000000000000000000000000000000000000000000000000000000000000000000000000000000000000000000000016eef78816f280
5065,0000000000000000000000000000000000000000000000000000000000000000000000000000000000000000000000000000000000000000002bd82bbce9ee40
5075,0000000000000000000000000000000000000000000000000000000000000000000000000000000000000000000000000000000000000000001b7dcd434fa3e0
5085,000000000000000000000000000000000000000000000000000000000000000000000000000000000000000000000000000000000000000000266f06fcb5d5e0
5095,00000000000000000000000000000000000000000000000000000000000000000000000000000000000000000000000000000000000000000013d5233d948420
5105,0000000000000000000000000000000000000000000000000000000000000000000000000000000000000000000000000000000000000000001bac86ac786a40
5115,0000000000000000000000000000000000000000000000000000000000000000000000000000000000000000000000000000000000000000001543eb69c9d440
5125,0000000000000000000000000000000000000000000000000000000000000000000000000000000000000000000000000000000000000000001a936a66cc0960
5135,0000000000000000000000000000000000000000000000000000000000000000000000000000000000000000000000000000000000000000002ff7bd75c957c0
5145,0000000000000000000000000000000000000000000000000000000000000000000000000000000000000000000000000000000000000000002cd1ae22414640
5155,0000000000000000000000000000000000000000000000000000000000000000000000000000000000000000000000000000000000000000001fff3d094811a0
5165,00000000000000000000000000000000000000000000000000000000000000000000000000000000000000000000000000000000000000000024763f7756d3c0
5175,00000000000000000000000000000000000000000000000000000000000000000000000000000000000000000000000000000000000000000021e1b4b78a6b40
5185,0000000000000000000000000000000000000000000000000000000000000000000000000000000000000000000000000000000000000000004a4b0239857480
5195,0000000000000000000000000000000000000000000000000000000000000000000000000000000000000000000000000000000000000000001d4eae104b40e0
5205,0000000000000000000000000000000000000000000000000000000000000000000000000000000000000000000000000000000000000000001c44af185f12c0
5215,00000000000000000000000000000000000000000000000000000000000000000000000000000000000000000000000000000000000000000023d4249fccfc20
5225,00000000000000000000000000000000000000000000000000000000000000000000000000000000000000000000000000000000000000000013623214183100
5235,000000000000000000000000000000000000000000000000000000000000000000000000000000000000000000000000000000000000000000199f0259ba34c0
5245,0000000000000000000000000000000000000000000000000000000000000000000000000000000000000000000000000000000000000000001e3a5e9df372e0
5255,0000000000000000000000000000000000000000000000000000000000000000000000000000000000000000000000000000000000000000001ce5b4f9d43180
5265,0000000000000000000000000000000000000000000000000000000000000000000000000000000000000000000000000000000000000000001228b08bae5440
5275,0000000000000000000000000000000000000000000000000000000000000000000000000000000000000000000000000000000000000000003299c38d4aba60
5285,0000000000000000000000000000000000000000000000000000000000000000000000000000000000000000000000000000000000000000004ff4adf5607420
5295,00000000000000000000000000000000000000000000000000000000000000000000000000000000000000000000000000000000000000000045e405b6b11120
5305,0000000000000000000000000000000000000000000000000000000000000000000000000000000000000000000000000000000000000000001a85f0053e6120
5315,0000000000000000000000000000000000000000000000000000000000000000000000000000000000000000000000000000000000000000001b32d7d2354ba0
5325,00000000000000000000000000000000000000000000000000000000000000000000000000000000000000000000000000000000000000000018ad192ef37ac0
5335,00000000000000000000000000000000000000000000000000000000000000000000000000000000000000000000000000000000000000000023d4305adfe300
5345,0000000000000000000000000000000000000000000000000000000000000000000000000000000000000000000000000000000000000000002b3a28d1683ee0
5355,000000000000000000000000000000000000000000000000000000000000000000000000000000000000000000000000000000000000000000138d93aeb5b5c0
5365,0000000000000000000000000000000000000000000000000000000000000000000000000000000000000000000000000000000000000000002cd301222a6e80
5375,00000000000000000000000000000000000000000000000000000000000000000000000000000000000000000000000000000000000000000018337540fe64a0
5385,00000000000000000000000000000000000000000000000000000000000000000000000000000000000000000000000000000000000000000042f038ae8af420
5395,0000000000000000000000000000000000000000000000000000000000000000000000000000000000000000000000000000000000000000003074afed5e00a0
5405,000000000000000000000000000000000000000000000000000000000000000000000000000000000000000000000000000000000000000000230f1fc0c4cc20
5415,00000000000000000000000000000000000000000000000000000000000000000000000000000000000000000000000000000000000000000038aa9b42320300
5425,00000000000000000000000000000000000000000000000000000000000000000000000000000000000000000000000000000000000000000053aa0edcca1e60
5435,0000000000000000000000000000000000000000000000000000000000000000000000000000000000000000000000000000000000000000005c31ee8e8e9080
5445,0000000000000000000000000000000000000000000000000000000000000000000000000000000000000000000000000000000000000000001bd41c826b1b40
5455,000000000000000000000000000000000000000000000000000000000000000000000000000000000000000000000000000000000000000000221a5eb3b8f6c0
5465,00000000000000000000000000000000000000000000000000000000000000000000000000000000000000000000000000000000000000000017cac1480c85a0
5475,0000000000000000000000000000000000000000000000000000000000000000000000000000000000000000000000000000000000000000000f1260e851abc0
5485,0000000000000000000000000000000000000000000000000000000000000000000000000000000000000000000000000000000000000000002947bbf2fe1720
5495,0000000000000000000000000000000000000000000000000000000000000000000000000000000000000000000000000000000000000000002163fd67657c20
5505,0000000000000000000000000000000000000000000000000000000000000000000000000000000000000000000000000000000000000000001adb87ba8d9900
5515,000000000000000000000000000000000000000000000000000000000000000000000000000000000000000000000000000000000000000000283689191800a0
5525,000000000000000000000000000000000000000000000000000000000000000000000000000000000000000000000000000000000000000000144a4bbf882660
5535,0000000000000000000000000000000000000000000000000000000000000000000000000000000000000000000000000000000000000000001a4ba6ba66e560
5545,00000000000000000000000000000000000000000000000000000000000000000000000000000000000000000000000000000000000000000018d57f988958e0
5555,00000000000000000000000000000000000000000000000000000000000000000000000000000000000000000000000000000000000000000026814cfb7a9e60
5565,0000000000000000000000000000000000000000000000000000000000000000000000000000000000000000000000000000000000000000002f63154e929960
5575,00000000000000000000000000000000000000000000000000000000000000000000000000000000000000000000000000000000000000000020ba775547ed00
5585,0000000000000000000000000000000000000000000000000000000000000000000000000000000000000000000000000000000000000000003b0fd85dcbf0e0
5595,000000000000000000000000000000000000000000000000000000000000000000000000000000000000000000000000000000000000000000493a15b8382a60
5605,00000000000000000000000000000000000000000000000000000000000000000000000000000000000000000000000000000000000000000022c346cfb9c840
5615,0000000000000000000000000000000000000000000000000000000000000000000000000000000000000000000000000000000000000000001283ba71daae00
5625,0000000000000000000000000000000000000000000000000000000000000000000000000000000000000000000000000000000000000000003773386adea880
5635,000000000000000000000000000000000000000000000000000000000000000000000000000000000000000000000000000000000000000000169056d36395e0
5645,00000000000000000000000000000000000000000000000000000000000000000000000000000000000000000000000000000000000000000013721ee1ca6860
5655,00000000000000000000000000000000000000000000000000000000000000000000000000000000000000000000000000000000000000000017b0343ffde900
5665,0000000000000000000000000000000000000000000000000000000000000000000000000000000000000000000000000000000000000000001a94c3c92aeae0
5675,00000000000000000000000000000000000000000000000000000000000000000000000000000000000000000000000000000000000000000013ed323bf58160
5685,0000000000000000000000000000000000000000000000000000000000000000000000000000000000000000000000000000000000000000002017b4d666eb40
5695,00000000000000000000000000000000000000000000000000000000000000000000000000000000000000000000000000000000000000000030cfeb8e9ab1c0
5705,0000000000000000000000000000000000000000000000000000000000000000000000000000000000000000000000000000000000000000002bb06fabe61f80
5715,00000000000000000000000000000000000000000000000000000000000000000000000000000000000000000000000000000000000000000017610fcf2bbb80
5725,000000000000000000000000000000000000000000000000000000000000000000000000000000000000000000000000000000000000000000318e596e148e80
5735,00000000000000000000000000000000000000000000000000000000000000000000000000000000000000000000000000000000000000000039f10398823ea0
5745,0000000000000000000000000000000000000000000000000000000000000000000000000000000000000000000000000000000000000000001bf0a514302260
5755,00000000000000000000000000000000000000000000000000000000000000000000000000000000000000000000000000000000000000000055b086d7645f00
5765,00000000000000000000000000000000000000000000000000000000000000000000000000000000000000000000000000000000000000000015371843449880
5775,00000000000000000000000000000000000000000000000000000000000000000000000000000000000000000000000000000000000000000021ba633a30a920
5785,000000000000000000000000000000000000000000000000000000000000000000000000000000000000000000000000000000000000000000167ca9f240d4c0
5795,0000000000000000000000000000000000000000000000000000000000000000000000000000000000000000000000000000000000000000001b709e756e1f00
5805,00000000000000000000000000000000000000000000000000000000000000000000000000000000000000000000000000000000000000000023590b14673a40
5815,0000000000000000000000000000000000000000000000000000000000000000000000000000000000000000000000000000000000000000001714220595d560
5825,0000000000000000000000000000000000000000000000000000000000000000000000000000000000000000000000000000000000000000002e52536acc48c0
5835,0000000000000000000000000000000000000000000000000000000000000000000000000000000000000000000000000000000000000000002ce02a34f8a500
5845,0000000000000000000000000000000000000000000000000000000000000000000000000000000000000000000000000000000000000000001a9249dd06dd20
5855,00000000000000000000000000000000000000000000000000000000000000000000000000000000000000000000000000000000000000000024bf915eb4d380
5865,00000000000000000000000000000000000000000000000000000000000000000000000000000000000000000000000000000000000000000012f7e84c7cbde0
5875,0000000000000000000000000000000000000000000000000000000000000000000000000000000000000000000000000000000000000000001f2e61bebd4f80
5885,000000000000000000000000000000000000000000000000000000000000000000000000000000000000000000000000000000000000000000181d9f389e7340
5895,0000000000000000000000000000000000000000000000000000000000000000000000000000000000000000000000000000000000000000002351a263abf480
5905,0000000000000000000000000000000000000000000000000000000000000000000000000000000000000000000000000000000000000000003008b7571aa8a0
5915,000000000000000000000000000000000000000000000000000000000000000000000000000000000000000000000000000000000000000000232b27dc6b18c0
5925,000000000000000000000000000000000000000000000000000000000000000000000000000000000000000000000000000000000000000000140e03feabada0
5935,0000000000000000000000000000000000000000000000000000000000000000000000000000000000000000000000000000000000000000001d947181bf37a0
5945,000000000000000000000000000000000000000000000000000000000000000000000000000000000000000000000000000000000000000000296f4c52c9c3e0
5955,0000000000000000000000000000000000000000000000000000000000000000000000000000000000000000000000000000000000000000003076c3284de620
5965,000000000000000000000000000000000000000000000000000000000000000000000000000000000000000000000000000000000000000000233420ef818b40
5975,00000000000000000000000000000000000000000000000000000000000000000000000000000000000000000000000000000000000000000037c5760cb67720
5985,000000000000000000000000000000000000000000000000000000000000000000000000000000000000000000000000000000000000000000197610c8cb40e0
5995,00000000000000000000000000000000000000000000000000000000000000000000000000000000000000000000000000000000000000000021908eee3d4b20
6005,00000000000000000000000000000000000000000000000000000000000000000000000000000000000000000000000000000000000000000039d6857cc16580
6015,00000000000000000000000000000000000000000000000000000000000000000000000000000000000000000000000000000000000000000021892e0c466b00
6025,000000000000000000000000000000000000000000000000000000000000000000000000000000000000000000000000000000000000000000182ef0ded628e0
6035,0000000000000000000000000000000000000000000000000000000000000000000000000000000000000000000000000000000000000000001ae616b9d77640
6045,0000000000000000000000000000000000000000000000000000000000000000000000000000000000000000000000000000000000000000002b9504defa25a0
6055,0000000000000000000000000000000000000000000000000000000000000000000000000000000000000000000000000000000000000000001652647ef2a080
6065,000000000000000000000000000000000000000000000000000000000000000000000000000000000000000000000000000000000000000000226fc02df824e0
6075,000000000000000000000000000000000000000000000000000000000000000000000000000000000000000000000000000000000000000000171d0ac9e874e0
6085,00000000000000000000000000000000000000000000000000000000000000000000000000000000000000000000000000000000000000000020ce1785307560
6095,00000000000000000000000000000000000000000000000000000000000000000000000000000000000000000000000000000000000000000020b3dc696b1880
6105,0000000000000000000000000000000000000000000000000000000000000000000000000000000000000000000000000000000000000000002641b3bad76380
6115,00000000000000000000000000000000000000000000000000000000000000000000000000000000000000000000000000000000000000000022a3c8344f37c0
6125,00000000000000000000000000000000000000000000000000000000000000000000000000000000000000000000000000000000000000000013675cd8ab5e00
6135,00000000000000000000000000000000000000000000000000000000000000000000000000000000000000000000000000000000000000000038b8d72d8b3e40
6145,0000000000000000000000000000000000000000000000000000000000000000000000000000000000000000000000000000000000000000001cc23a19c211e0
6155,0000000000000000000000000000000000000000000000000000000000000000000000000000000000000000000000000000000000000000005392c936f919c0
6165,0000000000000000000000000000000000000000000000000000000000000000000000000000000000000000000000000000000000000000003b5007f7029420
6175,0000000000000000000000000000000000000000000000000000000000000000000000000000000000000000000000000000000000000000001a4405baea7ea0
6185,0000000000000000000000000000000000000000000000000000000000000000000000000000000000000000000000000000000000000000001cdcf349302b00
6195,0000000000000000000000000000000000000000000000000000000000000000000000000000000000000000000000000000000000000000000eceb11e1c5820
6205,0000000000000000000000000000000000000000000000000000000000000000000000000000000000000000000000000000000000000000001805c9e19c09a0
6215,0000000000000000000000000000000000000000000000000000000000000000000000000000000000000000000000000000000000000000004e92cc17118b80
6225,0000000000000000000000000000000000000000000000000000000000000000000000000000000000000000000000000000000000000000002ffda4eb8ae180
6235,000000000000000000000000000000000000000000000000000000000000000000000000000000000000000000000000000000000000000000183bd1a2e45260
6245,0000000000000000000000000000000000000000000000000000000000000000000000000000000000000000000000000000000000000000001d4640c217b220
6255,000000000000000000000000000000000000000000000000000000000000000000000000000000000000000000000000000000000000000000178c38d61bd520
6265,0000000000000000000000000000000000000000000000000000000000000000000000000000000000000000000000000000000000000000001df971987ace40
6275,00000000000000000000000000000000000000000000000000000000000000000000000000000000000000000000000000000000000000000024909c26cb2880
6285,0000000000000000000000000000000000000000000000000000000000000000000000000000000000000000000000000000000000000000001f24e3c939a9e0
6295,00000000000000000000000000000000000000000000000000000000000000000000000000000000000000000000000000000000000000000016906ca2270a00
6305,0000000000000000000000000000000000000000000000000000000000000000000000000000000000000000000000000000000000000000001b017237ff8be0
6315,00000000000000000000000000000000000000000000000000000000000000000000000000000000000000000000000000000000000000000022515588a25e80
6325,0000000000000000000000000000000000000000000000000000000000000000000000000000000000000000000000000000000000000000001809f83018d720
6335,000000000000000000000000000000000000000000000000000000000000000000000000000000000000000000000000000000000000000000149f79e12d4060
6345,000000000000000000000000000000000000000000000000000000000000000000000000000000000000000000000000000000000000000000151bf3e2a2a4c0
6355,0000000000000000000000000000000000000000000000000000000000000000000000000000000000000000000000000000000000000000005cdade2a8ee0a0
6365,0000000000000000000000000000000000000000000000000000000000000000000000000000000000000000000000000000000000000000001df918dd6d17a0
6375,00000000000000000000000000000000000000000000000000000000000000000000000000000000000000000000000000000000000000000025e8fc68343460
6385,000000000000000000000000000000000000000000000000000000000000000000000000000000000000000000000000000000000000000000174622785eafe0
6395,0000000000000000000000000000000000000000000000000000000000000000000000000000000000000000000000000000000000000000002aac68daf56ee0
6405,000000000000000000000000000000000000000000000000000000000000000000000000000000000000000000000000000000000000000000411c711cd51520
6415,00000000000000000000000000000000000000000000000000000000000000000000000000000000000000000000000000000000000000000026c9f19df7fc40
6425,0000000000000000000000000000000000000000000000000000000000000000000000000000000000000000000000000000000000000000001df3acac8f8e40
6435,00000000000000000000000000000000000000000000000000000000000000000000000000000000000000000000000000000000000000000021744603d67020
6445,000000000000000000000000000000000000000000000000000000000000000000000000000000000000000000000000000000000000000000205f27e547a540
6455,00000000000000000000000000000000000000000000000000000000000000000000000000000000000000000000000000000000000000000036901bab676d20
6465,000000000000000000000000000000000000000000000000000000000000000000000000000000000000000000000000000000000000000000261a399ff68560
6475,000000000000000000000000000000000000000000000000000000000000000000000000000000000000000000000000000000000000000000100a0d08dc6520
6485,000000000000000000000000000000000000000000000000000000000000000000000000000000000000000000000000000000000000000000427e4bb6382c60
6495,0000000000000000000000000000000000000000000000000000000000000000000000000000000000000000000000000000000000000000001cd3bd49cf0e80
6505,0000000000000000000000000000000000000000000000000000000000000000000000000000000000000000000000000000000000000000003dae2eff6583c0
6515,0000000000000000000000000000000000000000000000000000000000000000000000000000000000000000000000000000000000000000001ed0c958bd0fe0
6525,0000000000000000000000000000000000000000000000000000000000000000000000000000000000000000000000000000000000000000001c061d6b5b5040
6535,00000000000000000000000000000000000000000000000000000000000000000000000000000000000000000000000000000000000000000020bdfddee3b9c0
6545,00000000000000000000000000000000000000000000000000000000000000000000000000000000000000000000000000000000000000000013bfe7ab518cc0
6555,000000000000000000000000000000000000000000000000000000000000000000000000000000000000000000000000000000000000000000169a6f7a17e2c0
6565,0000000000000000000000000000000000000000000000000000000000000000000000000000000000000000000000000000000000000000002e2ec91e6c6e40
6575,00000000000000000000000000000000000000000000000000000000000000000000000000000000000000000000000000000000000000000027dc4a5a406ca0
6585,0000000000000000000000000000000000000000000000000000000000000000000000000000000000000000000000000000000000000000001ce7b9aaec7440
6595,0000000000000000000000000000000000000000000000000000000000000000000000000000000000000000000000000000000000000000000f981aa43b3600
6605,0000000000000000000000000000000000000000000000000000000000000000000000000000000000000000000000000000000000000000002e1ac851008fe0
6615,00000000000000000000000000000000000000000000000000000000000000000000000000000000000000000000000000000000000000000013c34e8d8d0560
6625,000000000000000000000000000000000000000000000000000000000000000000000000000000000000000000000000000000000000000000137e7fd71c4240
6635,000000000000000000000000000000000000000000000000000000000000000000000000000000000000000000000000000000000000000000218001aa6e8140
6645,00000000000000000000000000000000000000000000000000000000000000000000000000000000000000000000000000000000000000000040d1100e3824a0
6655,00000000000000000000000000000000000000000000000000000000000000000000000000000000000000000000000000000000000000000021b5677f72ee40
6665,0000000000000000000000000000000000000000000000000000000000000000000000000000000000000000000000000000000000000000002e173c2002ae80
6675,00000000000000000000000000000000000000000000000000000000000000000000000000000000000000000000000000000000000000000024496f7a5bd7c0
6685,000000000000000000000000000000000000000000000000000000000000000000000000000000000000000000000000000000000000000000146f35e46dd560
6695,0000000000000000000000000000000000000000000000000000000000000000000000000000000000000000000000000000000000000000001ffdcbebd71840
6705,0000000000000000000000000000000000000000000000000000000000000000000000000000000000000000000000000000000000000000001157cc2d72f3a0
6715,00000000000000000000000000000000000000000000000000000000000000000000000000000000000000000000000000000000000000000028729c1ee455c0
6725,00000000000000000000000000000000000000000000000000000000000000000000000000000000000000000000000000000000000000000022dfa33046b600
6735,0000000000000000000000000000000000000000000000000000000000000000000000000000000000000000000000000000000000000000001c93001cf0ba60
6745,00000000000000000000000000000000000000000000000000000000000000000000000000000000000000000000000000000000000000000040a75ffd5606e0
6755,00000000000000000000000000000000000000000000000000000000000000000000000000000000000000000000000000000000000000000020f225f8e9de60
6765,00000000000000000000000000000000000000000000000000000000000000000000000000000000000000000000000000000000000000000029d18ecc2ac8c0
6775,000000000000000000000000000000000000000000000000000000000000000000000000000000000000000000000000000000000000000000515cf2b5b75a60
6785,000000000000000000000000000000000000000000000000000000000000000000000000000000000000000000000000000000000000000000202c8cad9ce9c0
6795,00000000000000000000000000000000000000000000000000000000000000000000000000000000000000000000000000000000000000000027ef4b140c5140
6805,00000000000000000000000000000000000000000000000000000000000000000000000000000000000000000000000000000000000000000034d84297cfbc00
6815,0000000000000000000000000000000000000000000000000000000000000000000000000000000000000000000000000000000000000000001adc6df591c6c0
6825,00000000000000000000000000000000000000000000000000000000000000000000000000000000000000000000000000000000000000000019d78b5fc39660
6835,00000000000000000000000000000000000000000000000000000000000000000000000000000000000000000000000000000000000000000014381436e9c6e0
6845,0000000000000000000000000000000000000000000000000000000000000000000000000000000000000000000000000000000000000000002b365b790c4b40
6855,00000000000000000000000000000000000000000000000000000000000000000000000000000000000000000000000000000000000000000022353328118840
6865,0000000000000000000000000000000000000000000000000000000000000000000000000000000000000000000000000000000000000000001547f4735cd5e0
6875,00000000000000000000000000000000000000000000000000000000000000000000000000000000000000000000000000000000000000000029fabcdd15a900
6885,0000000000000000000000000000000000000000000000000000000000000000000000000000000000000000000000000000000000000000002fdf483c5b8cc0
6895,0000000000000000000000000000000000000000000000000000000000000000000000000000000000000000000000000000000000000000003c6b80a8d4ffa0
6905,0000000000000000000000000000000000000000000000000000000000000000000000000000000000000000000000000000000000000000000fb6a0ac054b60
6915,000000000000000000000000000000000000000000000000000000000000000000000000000000000000000000000000000000000000000000151b270a12e880
6925,00000000000000000000000000000000000000000000000000000000000000000000000000000000000000000000000000000000000000000046a9be295e6280
6935,0000000000000000000000000000000000000000000000000000000000000000000000000000000000000000000000000000000000000000001a4da61cba9760
6945,00000000000000000000000000000000000000000000000000000000000000000000000000000000000000000000000000000000000000000017ffe85828dea0
6955,0000000000000000000000000000000000000000000000000000000000000000000000000000000000000000000000000000000000000000001aa01965f13ea0
6965,000000000000000000000000000000000000000000000000000000000000000000000000000000000000000000000000000000000000000000134426026d4640
6975,00000000000000000000000000000000000000000000000000000000000000000000000000000000000000000000000000000000000000000010aa4bb923dc40
6985,0000000000000000000000000000000000000000000000000000000000000000000000000000000000000000000000000000000000000000001d067b1528b0a0
6995,0000000000000000000000000000000000000000000000000000000000000000000000000000000000000000000000000000000000000000001a74facb4f3620
7005,0000000000000000000000000000000000000000000000000000000000000000000000000000000000000000000000000000000000000000002820337336d000
7015,0000000000000000000000000000000000000000000000000000000000000000000000000000000000000000000000000000000000000000001e5df142f04740
7025,000000000000000000000000000000000000000000000000000000000000000000000000000000000000000000000000000000000000000000338d48ae1d1480
7035,0000000000000000000000000000000000000000000000000000000000000000000000000000000000000000000000000000000000000000002106aa7787f0c0
7045,00000000000000000000000000000000000000000000000000000000000000000000000000000000000000000000000000000000000000000025c76fea76ec00
7055,000000000000000000000000000000000000000000000000000000000000000000000000000000000000000000000000000000000000000000173f986ef6df80
7065,00000000000000000000000000000000000000000000000000000000000000000000000000000000000000000000000000000000000000000029e48b4ae34520
7075,0000000000000000000000000000000000000000000000000000000000000000000000000000000000000000000000000000000000000000001ffa71b0fd3b80
7085,000000000000000000000000000000000000000000000000000000000000000000000000000000000000000000000000000000000000000000683c6597778700
7095,00000000000000000000000000000000000000000000000000000000000000000000000000000000000000000000000000000000000000000018219b871e9f40
7105,0000000000000000000000000000000000000000000000000000000000000000000000000000000000000000000000000000000000000000001c620bf8dab7e0
7115,00000000000000000000000000000000000000000000000000000000000000000000000000000000000000000000000000000000000000000025dbbfae04dac0
7125,000000000000000000000000000000000000000000000000000000000000000000000000000000000000000000000000000000000000000000205c8982feaa00
7135,0000000000000000000000000000000000000000000000000000000000000000000000000000000000000000000000000000000000000000001d695d4992a360
7145,000000000000000000000000000000000000000000000000000000000000000000000000000000000000000000000000000000000000000000104017a2c206a0
7155,0000000000000000000000000000000000000000000000000000000000000000000000000000000000000000000000000000000000000000001a31d6ed5f39c0
7165,00000000000000000000000000000000000000000000000000000000000000000000000000000000000000000000000000000000000000000024047308da7840
7175,0000000000000000000000000000000000000000000000000000000000000000000000000000000000000000000000000000000000000000001687747b5f4c80
7185,00000000000000000000000000000000000000000000000000000000000000000000000000000000000000000000000000000000000000000016c2d5d9d52400
7195,0000000000000000000000000000000000000000000000000000000000000000000000000000000000000000000000000000000000000000004e3af3c45f55a0
7205,00000000000000000000000000000000000000000000000000000000000000000000000000000000000000000000000000000000000000000030e3056fc75aa0
7215,00000000000000000000000000000000000000000000000000000000000000000000000000000000000000000000000000000000000000000018f42678eec180
7225,00000000000000000000000000000000000000000000000000000000000000000000000000000000000000000000000000000000000000000012bcbe2916dee0
7235,0000000000000000000000000000000000000000000000000000000000000000000000000000000000000000000000000000000000000000002f7ca26a63afc0
7245,000000000000000000000000000000000000000000000000000000000000000000000000000000000000000000000000000000000000000000167263907beb80
7255,00000000000000000000000000000000000000000000000000000000000000000000000000000000000000000000000000000000000000000010e1aa17dee780
7265,0000000000000000000000000000000000000000000000000000000000000000000000000000000000000000000000000000000000000000002e21a0d08a7940
7275,000000000000000000000000000000000000000000000000000000000000000000000000000000000000000000000000000000000000000000226b3fc1f70740
7285,0000000000000000000000000000000000000000000000000000000000000000000000000000000000000000000000000000000000000000005b1344531a9e00
7295,0000000000000000000000000000000000000000000000000000000000000000000000000000000000000000000000000000000000000000001aad7ceee2e720
7305,00000000000000000000000000000000000000000000000000000000000000000000000000000000000000000000000000000000000000000050222ff24f71a0
7315,0000000000000000000000000000000000000000000000000000000000000000000000000000000000000000000000000000000000000000001fa86318fadf00
7325,0000000000000000000000000000000000000000000000000000000000000000000000000000000000000000000000000000000000000000001b1b5598b720e0
7335,0000000000000000000000000000000000000000000000000000000000000000000000000000000000000000000000000000000000000000001003ac094a6e60
7345,0000000000000000000000000000000000000000000000000000000000000000000000000000000000000000000000000000000000000000002918c03b14dc40
7355,0000000000000000000000000000000000000000000000000000000000000000000000000000000000000000000000000000000000000000001da211320f48a0
7365,000000000000000000000000000000000000000000000000000000000000000000000000000000000000000000000000000000000000000000373ff30bdcee00
7375,000000000000000000000000000000000000000000000000000000000000000000000000000000000000000000000000000000000000000000149f9274dcd380
7385,00000000000000000000000000000000000000000000000000000000000000000000000000000000000000000000000000000000000000000023657009b8cf20
7395,000000000000000000000000000000000000000000000000000000000000000000000000000000000000000000000000000000000000000000193fa16a001ae0
7405,0000000000000000000000000000000000000000000000000000000000000000000000000000000000000000000000000000000000000000001817fa5689a820
7415,0000000000000000000000000000000000000000000000000000000000000000000000000000000000000000000000000000000000000000001de9f08fada2a0
7425,00000000000000000000000000000000000000000000000000000000000000000000000000000000000000000000000000000000000000000025be72e1395b60
7435,00000000000000000000000000000000000000000000000000000000000000000000000000000000000000000000000000000000000000000015053fda51a8e0
7445,0000000000000000000000000000000000000000000000000000000000000000000000000000000000000000000000000000000000000000001b92b406d365e0
7455,00000000000000000000000000000000000000000000000000000000000000000000000000000000000000000000000000000000000000000021e660724d8a20
7465,0000000000000000000000000000000000000000000000000000000000000000000000000000000000000000000000000000000000000000004ff018ba9bd120
7475,00000000000000000000000000000000000000000000000000000000000000000000000000000000000000000000000000000000000000000018d3ca2c580d80
7485,0000000000000000000000000000000000000000000000000000000000000000000000000000000000000000000000000000000000000000002586d61633c000
7495,0000000000000000000000000000000000000000000000000000000000000000000000000000000000000000000000000000000000000000002b8ad3ae6ee280
7505,0000000000000000000000000000000000000000000000000000000000000000000000000000000000000000000000000000000000000000003412419b4eb060
7515,00000000000000000000000000000000000000000000000000000000000000000000000000000000000000000000000000000000000000000019477fdf9fbfe0
7525,0000000000000000000000000000000000000000000000000000000000000000000000000000000000000000000000000000000000000000002b865d9b0a9c40
7535,0000000000000000000000000000000000000000000000000000000000000000000000000000000000000000000000000000000000000000001d4acdd57a6ba0
7545,00000000000000000000000000000000000000000000000000000000000000000000000000000000000000000000000000000000000000000022981b83dd8700
7555,0000000000000000000000000000000000000000000000000000000000000000000000000000000000000000000000000000000000000000001ddffe240a7380
7565,000000000000000000000000000000000000000000000000000000000000000000000000000000000000000000000000000000000000000000162dee1518d660
7575,00000000000000000000000000000000000000000000000000000000000000000000000000000000000000000000000000000000000000000019d8d7b84abb40
7585,0000000000000000000000000000000000000000000000000000000000000000000000000000000000000000000000000000000000000000002349fe156ada80
7595,0000000000000000000000000000000000000000000000000000000000000000000000000000000000000000000000000000000000000000001c0b840887fec0
7605,00000000000000000000000000000000000000000000000000000000000000000000000000000000000000000000000000000000000000000060054fe0417860
7615,0000000000000000000000000000000000000000000000000000000000000000000000000000000000000000000000000000000000000000002050b135061100
7625,00000000000000000000000000000000000000000000000000000000000000000000000000000000000000000000000000000000000000000015fc9da2441fe0
7635,0000000000000000000000000000000000000000000000000000000000000000000000000000000000000000000000000000000000000000001f2a3f48dd3f80
7645,0000000000000000000000000000000000000000000000000000000000000000000000000000000000000000000000000000000000000000002d6f42ab543e60
7655,000000000000000000000000000000000000000000000000000000000000000000000000000000000000000000000000000000000000000000150f9dcfc63680
7665,00000000000000000000000000000000000000000000000000000000000000000000000000000000000000000000000000000000000000000021c814af6bd660
7675,0000000000000000000000000000000000000000000000000000000000000000000000000000000000000000000000000000000000000000001ae1abba23ac00
7685,0000000000000000000000000000000000000000000000000000000000000000000000000000000000000000000000000000000000000000001c3565f2044a80
7695,00000000000000000000000000000000000000000000000000000000000000000000000000000000000000000000000000000000000000000022206bbd293360
7705,00000000000000000000000000000000000000000000000000000000000000000000000000000000000000000000000000000000000000000019f3cb22c89920
7715,000000000000000000000000000000000000000000000000000000000000000000000000000000000000000000000000000000000000000000275b00e2f6a080
7725,00000000000000000000000000000000000000000000000000000000000000000000000000000000000000000000000000000000000000000023c71116d5efa0
7735,000000000000000000000000000000000000000000000000000000000000000000000000000000000000000000000000000000000000000000185bc796e46200
7745,0000000000000000000000000000000000000000000000000000000000000000000000000000000000000000000000000000000000000000001da7aab1aeb0c0
7755,000000000000000000000000000000000000000000000000000000000000000000000000000000000000000000000000000000000000000000173f9d5b454f80
7765,0000000000000000000000000000000000000000000000000000000000000000000000000000000000000000000000000000000000000000001cfbcf3d433b20
7775,000000000000000000000000000000000000000000000000000000000000000000000000000000000000000000000000000000000000000000263796455e7d40
7785,000000000000000000000000000000000000000000000000000000000000000000000000000000000000000000000000000000000000000000514c021951b860
7795,0000000000000000000000000000000000000000000000000000000000000000000000000000000000000000000000000000000000000000002bfffaba3b3b80
7805,000000000000000000000000000000000000000000000000000000000000000000000000000000000000000000000000000000000000000000257d19b4658a40
7815,0000000000000000000000000000000000000000000000000000000000000000000000000000000000000000000000000000000000000000002294c07a3ecbe0
7825,0000000000000000000000000000000000000000000000000000000000000000000000000000000000000000000000000000000000000000001e519208b200c0
7835,0000000000000000000000000000000000000000000000000000000000000000000000000000000000000000000000000000000000000000001ec5a66d2e6560
7845,0000000000000000000000000000000000000000000000000000000000000000000000000000000000000000000000000000000000000000001834484ac8c9c0
7855,00000000000000000000000000000000000000000000000000000000000000000000000000000000000000000000000000000000000000000012db23a70a8800
7865,0000000000000000000000000000000000000000000000000000000000000000000000000000000000000000000000000000000000000000001c4ac7d3099960
7875,00000000000000000000000000000000000000000000000000000000000000000000000000000000000000000000000000000000000000000015e80b68934920
7885,0000000000000000000000000000000000000000000000000000000000000000000000000000000000000000000000000000000000000000001be17532bff500
7895,0000000000000000000000000000000000000000000000000000000000000000000000000000000000000000000000000000000000000000002825fcdf21c260
7905,0000000000000000000000000000000000000000000000000000000000000000000000000000000000000000000000000000000000000000003c5f526e936be0
7915,0000000000000000000000000000000000000000000000000000000000000000000000000000000000000000000000000000000000000000002254a22fcbea60
7925,00000000000000000000000000000000000000000000000000000000000000000000000000000000000000000000000000000000000000000012da597fb5b100
7935,00000000000000000000000000000000000000000000000000000000000000000000000000000000000000000000000000000000000000000025b459445dbca0
7945,0000000000000000000000000000000000000000000000000000000000000000000000000000000000000000000000000000000000000000002f95e65ed73de0
7955,0000000000000000000000000000000000000000000000000000000000000000000000000000000000000000000000000000000000000000002bf5833aefc8e0
7965,000000000000000000000000000000000000000000000000000000000000000000000000000000000000000000000000000000000000000000271030c09eb100
7975,0000000000000000000000000000000000000000000000000000000000000000000000000000000000000000000000000000000000000000001fb9f9841a4120
7985,0000000000000000000000000000000000000000000000000000000000000000000000000000000000000000000000000000000000000000001b4ffe32b49ce0
7995,0000000000000000000000000000000000000000000000000000000000000000000000000000000000000000000000000000000000000000002ccd69050115e0
8005,000000000000000000000000000000000000000000000000000000000000000000000000000000000000000000000000000000000000000000200e62fe6a2540
8015,0000000000000000000000000000000000000000000000000000000000000000000000000000000000000000000000000000000000000000001deb9ae82e7200
8025,0000000000000000000000000000000000000000000000000000000000000000000000000000000000000000000000000000000000000000001f7886f4d1fe80
8035,00000000000000000000000000000000000000000000000000000000000000000000000000000000000000000000000000000000000000000013c9e3482f3100
8045,00000000000000000000000000000000000000000000000000000000000000000000000000000000000000000000000000000000000000000059a971a68fc300
8055,000000000000000000000000000000000000000000000000000000000000000000000000000000000000000000000000000000000000000000218002e5821d40
8065,0000000000000000000000000000000000000000000000000000000000000000000000000000000000000000000000000000000000000000004faffe66500dc0
8075,000000000000000000000000000000000000000000000000000000000000000000000000000000000000000000000000000000000000000000213ac09b67e8c0
8085,0000000000000000000000000000000000000000000000000000000000000000000000000000000000000000000000000000000000000000002368b74e6c9080
8095,0000000000000000000000000000000000000000000000000000000000000000000000000000000000000000000000000000000000000000002175da03bb3720
8105,0000000000000000000000000000000000000000000000000000000000000000000000000000000000000000000000000000000000000000001ce73b1743c0a0
8115,000000000000000000000000000000000000000000000000000000000000000000000000000000000000000000000000000000000000000000296aa6a1deda60
8125,0000000000000000000000000000000000000000000000000000000000000000000000000000000000000000000000000000000000000000001c45c3abfdaae0
8135,0000000000000000000000000000000000000000000000000000000000000000000000000000000000000000000000000000000000000000007361a02fd2d120
8145,00000000000000000000000000000000000000000000000000000000000000000000000000000000000000000000000000000000000000000017751488e61b20
8155,0000000000000000000000000000000000000000000000000000000000000000000000000000000000000000000000000000000000000000001212ae6fa02020
8165,0000000000000000000000000000000000000000000000000000000000000000000000000000000000000000000000000000000000000000002a8a8653655520
8175,00000000000000000000000000000000000000000000000000000000000000000000000000000000000000000000000000000000000000000011f283de19c380
8185,000000000000000000000000000000000000000000000000000000000000000000000000000000000000000000000000000000000000000000166ed2b81be440
8195,00000000000000000000000000000000000000000000000000000000000000000000000000000000000000000000000000000000000000000010ff6c95dd8c60
8205,0000000000000000000000000000000000000000000000000000000000000000000000000000000000000000000000000000000000000000002c7d764577e2e0
8215,0000000000000000000000000000000000000000000000000000000000000000000000000000000000000000000000000000000000000000002830288fad6460
8225,0000000000000000000000000000000000000000000000000000000000000000000000000000000000000000000000000000000000000000001bf428e2b86d00
8235,0000000000000000000000000000000000000000000000000000000000000000000000000000000000000000000000000000000000000000001ae483cda3d7c0
8245,0000000000000000000000000000000000000000000000000000000000000000000000000000000000000000000000000000000000000000001fcdbe5b62c760
8255,0000000000000000000000000000000000000000000000000000000000000000000000000000000000000000000000000000000000000000001782b9f4497a80
8265,0000000000000000000000000000000000000000000000000000000000000000000000000000000000000000000000000000000000000000002f6d4a6193c0e0
8275,00000000000000000000000000000000000000000000000000000000000000000000000000000000000000000000000000000000000000000041447dd535eac0
8285,000000000000000000000000000000000000000000000000000000000000000000000000000000000000000000000000000000000000000000127a17b76d33e0
8295,0000000000000000000000000000000000000000000000000000000000000000000000000000000000000000000000000000000000000000001a6b0f90e69ea0
8305,000000000000000000000000000000000000000000000000000000000000000000000000000000000000000000000000000000000000000000319a969e7c82a0
8315,00000000000000000000000000000000000000000000000000000000000000000000000000000000000000000000000000000000000000000029808fa064e720
8325,00000000000000000000000000000000000000000000000000000000000000000000000000000000000000000000000000000000000000000028a58b56896840
8335,000000000000000000000000000000000000000000000000000000000000000000000000000000000000000000000000000000000000000000213af8253cc840
8345,0000000000000000000000000000000000000000000000000000000000000000000000000000000000000000000000000000000000000000002c366b5df29a60
8355,00000000000000000000000000000000000000000000000000000000000000000000000000000000000000000000000000000000000000000032a31996824bc0
8365,000000000000000000000000000000000000000000000000000000000000000000000000000000000000000000000000000000000000000000169bd0d29d9d60
8375,0000000000000000000000000000000000000000000000000000000000000000000000000000000000000000000000000000000000000000002041fbac2b2f00
8385,0000000000000000000000000000000000000000000000000000000000000000000000000000000000000000000000000000000000000000001cdc52709d77c0
8395,00000000000000000000000000000000000000000000000000000000000000000000000000000000000000000000000000000000000000000024de8497b2a100
8405,0000000000000000000000000000000000000000000000000000000000000000000000000000000000000000000000000000000000000000001e4631d83b2860
8415,00000000000000000000000000000000000000000000000000000000000000000000000000000000000000000000000000000000000000000022c4a763534160
8425,00000000000000000000000000000000000000000000000000000000000000000000000000000000000000000000000000000000000000000021379056b29aa0
8435,0000000000000000000000000000000000000000000000000000000000000000000000000000000000000000000000000000000000000000001d7c0daac66820
8445,00000000000000000000000000000000000000000000000000000000000000000000000000000000000000000000000000000000000000000017175b055e3e20
8455,00000000000000000000000000000000000000000000000000000000000000000000000000000000000000000000000000000000000000000034c7a3b6784960
8465,00000000000000000000000000000000000000000000000000000000000000000000000000000000000000000000000000000000000000000035b1c76b9daf20
8475,00000000000000000000000000000000000000000000000000000000000000000000000000000000000000000000000000000000000000000016241f8be963a0
8485,00000000000000000000000000000000000000000000000000000000000000000000000000000000000000000000000000000000000000000025560440e05a00
8495,00000000000000000000000000000000000000000000000000000000000000000000000000000000000000000000000000000000000000000038d7ef3f241a00
8505,000000000000000000000000000000000000000000000000000000000000000000000000000000000000000000000000000000000000000000211e74e23c51e0
8515,0000000000000000000000000000000000000000000000000000000000000000000000000000000000000000000000000000000000000000001b970ba4125720
8525,000000000000000000000000000000000000000000000000000000000000000000000000000000000000000000000000000000000000000000209aa639e2eba0
8535,00000000000000000000000000000000000000000000000000000000000000000000000000000000000000000000000000000000000000000048ac1fa43f2740
8545,0000000000000000000000000000000000000000000000000000000000000000000000000000000000000000000000000000000000000000001c9f0ceae5c9c0
8555,0000000000000000000000000000000000000000000000000000000000000000000000000000000000000000000000000000000000000000001691913f9d2b00
8565,000000000000000000000000000000000000000000000000000000000000000000000000000000000000000000000000000000000000000000203194fc0b06c0
8575,0000000000000000000000000000000000000000000000000000000000000000000000000000000000000000000000000000000000000000001b656c276a5680
8585,000000000000000000000000000000000000000000000000000000000000000000000000000000000000000000000000000000000000000000132f7abee581e0
8595,00000000000000000000000000000000000000000000000000000000000000000000000000000000000000000000000000000000000000000022a37451deb760
8605,00000000000000000000000000000000000000000000000000000000000000000000000000000000000000000000000000000000000000000013e0ad8b925ea0
8615,000000000000000000000000000000000000000000000000000000000000000000000000000000000000000000000000000000000000000000183076061e6620
8625,000000000000000000000000000000000000000000000000000000000000000000000000000000000000000000000000000000000000000000216159fb443a40
8635,00000000000000000000000000000000000000000000000000000000000000000000000000000000000000000000000000000000000000000014952330a48420
8645,0000000000000000000000000000000000000000000000000000000000000000000000000000000000000000000000000000000000000000001a75331a105720
8655,0000000000000000000000000000000000000000000000000000000000000000000000000000000000000000000000000000000000000000001d6c92495b5120
8665,00000000000000000000000000000000000000000000000000000000000000000000000000000000000000000000000000000000000000000014dd8698129600
8675,00000000000000000000000000000000000000000000000000000000000000000000000000000000000000000000000000000000000000000015cd58d6ae9680
8685,000000000000000000000000000000000000000000000000000000000000000000000000000000000000000000000000000000000000000000262cafa890aec0
8695,0000000000000000000000000000000000000000000000000000000000000000000000000000000000000000000000000000000000000000001ff36ecf0005e0
8705,000000000000000000000000000000000000000000000000000000000000000000000000000000000000000000000000000000000000000000224815131a9400
8715,0000000000000000000000000000000000000000000000000000000000000000000000000000000000000000000000000000000000000000003a68b337d41ec0
8725,0000000000000000000000000000000000000000000000000000000000000000000000000000000000000000000000000000000000000000001a6c5b3832bbc0
8735,00000000000000000000000000000000000000000000000000000000000000000000000000000000000000000000000000000000000000000013438533b32fe0
8745,00000000000000000000000000000000000000000000000000000000000000000000000000000000000000000000000000000000000000000033663644704d60
8755,00000000000000000000000000000000000000000000000000000000000000000000000000000000000000000000000000000000000000000019f0db8f4a02c0
8765,00000000000000000000000000000000000000000000000000000000000000000000000000000000000000000000000000000000000000000019f5fbddb681c0
8775,0000000000000000000000000000000000000000000000000000000000000000000000000000000000000000000000000000000000000000002618cf64fb3ca0
8785,00000000000000000000000000000000000000000000000000000000000000000000000000000000000000000000000000000000000000000011272eba922d60
8795,00000000000000000000000000000000000000000000000000000000000000000000000000000000000000000000000000000000000000000019b9269ce391e0
8805,00000000000000000000000000000000000000000000000000000000000000000000000000000000000000000000000000000000000000000018c9c936dd3ba0
8815,00000000000000000000000000000000000000000000000000000000000000000000000000000000000000000000000000000000000000000019b2b4a72b5d40
8825,0000000000000000000000000000000000000000000000000000000000000000000000000000000000000000000000000000000000000000004e0c2e33d4eac0
8835,00000000000000000000000000000000000000000000000000000000000000000000000000000000000000000000000000000000000000000015b28bf606bd60
8845,000000000000000000000000000000000000000000000000000000000000000000000000000000000000000000000000000000000000000000164f26c416d820
8855,0000000000000000000000000000000000000000000000000000000000000000000000000000000000000000000000000000000000000000001b5b1c8a925b40
8865,000000000000000000000000000000000000000000000000000000000000000000000000000000000000000000000000000000000000000000216512bff055c0
8875,0000000000000000000000000000000000000000000000000000000000000000000000000000000000000000000000000000000000000000001c62db516a4900
8885,0000000000000000000000000000000000000000000000000000000000000000000000000000000000000000000000000000000000000000001ba420f1f593e0
8895,00000000000000000000000000000000000000000000000000000000000000000000000000000000000000000000000000000000000000000018996f9c956ce0
8905,000000000000000000000000000000000000000000000000000000000000000000000000000000000000000000000000000000000000000000224d0d92c4d560
8915,0000000000000000000000000000000000000000000000000000000000000000000000000000000000000000000000000000000000000000001ebe1f1512ba40
8925,0000000000000000000000000000000000000000000000000000000000000000000000000000000000000000000000000000000000000000001be38c0b3974c0
8935,00000000000000000000000000000000000000000000000000000000000000000000000000000000000000000000000000000000000000000015d9c0cbfff7a0
8945,0000000000000000000000000000000000000000000000000000000000000000000000000000000000000000000000000000000000000000002170a00dedfc80
8955,00000000000000000000000000000000000000000000000000000000000000000000000000000000000000000000000000000000000000000021d3415fe62720
8965,000000000000000000000000000000000000000000000000000000000000000000000000000000000000000000000000000000000000000000178a8bcc602080
8975,00000000000000000000000000000000000000000000000000000000000000000000000000000000000000000000000000000000000000000021a84927b7afe0
8985,00000000000000000000000000000000000000000000000000000000000000000000000000000000000000000000000000000000000000000020fbdcc7073940
8995,000000000000000000000000000000000000000000000000000000000000000000000000000000000000000000000000000000000000000000254aceadf07b20
9005,0000000000000000000000000000000000000000000000000000000000000000000000000000000000000000000000000000000000000000001e786e0613adc0
9015,0000000000000000000000000000000000000000000000000000000000000000000000000000000000000000000000000000000000000000001dd0dcc2994c00
9025,00000000000000000000000000000000000000000000000000000000000000000000000000000000000000000000000000000000000000000016a31e65d0de40
9035,000000000000000000000000000000000000000000000000000000000000000000000000000000000000000000000000000000000000000000256a24abd3efa0
9045,00000000000000000000000000000000000000000000000000000000000000000000000000000000000000000000000000000000000000000019a5d7459320c0
9055,00000000000000000000000000000000000000000000000000000000000000000000000000000000000000000000000000000000000000000019b063ceb5c600
9065,000000000000000000000000000000000000000000000000000000000000000000000000000000000000000000000000000000000000000000298feaa934a240
9075,000000000000000000000000000000000000000000000000000000000000000000000000000000000000000000000000000000000000000000287be7b1f53920
9085,0000000000000000000000000000000000000000000000000000000000000000000000000000000000000000000000000000000000000000001dab49a7979d20
9095,0000000000000000000000000000000000000000000000000000000000000000000000000000000000000000000000000000000000000000001eaa72b3eff080
9105,000000000000000000000000000000000000000000000000000000000000000000000000000000000000000000000000000000000000000000219afb63b0dea0
9115,0000000000000000000000000000000000000000000000000000000000000000000000000000000000000000000000000000000000000000001463b3966f70e0
9125,0000000000000000000000000000000000000000000000000000000000000000000000000000000000000000000000000000000000000000003fb42666573340
9135,00000000000000000000000000000000000000000000000000000000000000000000000000000000000000000000000000000000000000000019ce7d42d5f140
9145,0000000000000000000000000000000000000000000000000000000000000000000000000000000000000000000000000000000000000000001a74271a226620
9155,0000000000000000000000000000000000000000000000000000000000000000000000000000000000000000000000000000000000000000002335750cf478e0
9165,00000000000000000000000000000000000000000000000000000000000000000000000000000000000000000000000000000000000000000023e4e6f7496d80
9175,000000000000000000000000000000000000000000000000000000000000000000000000000000000000000000000000000000000000000000142b0fc1a2f160
9185,0000000000000000000000000000000000000000000000000000000000000000000000000000000000000000000000000000000000000000002f6260138b1e60
9195,0000000000000000000000000000000000000000000000000000000000000000000000000000000000000000000000000000000000000000002324723f54fd00
9205,000000000000000000000000000000000000000000000000000000000000000000000000000000000000000000000000000000000000000000154192e019ae00
9215,00000000000000000000000000000000000000000000000000000000000000000000000000000000000000000000000000000000000000000025ef3b5defd8c0
9225,00000000000000000000000000000000000000000000000000000000000000000000000000000000000000000000000000000000000000000024400ce74c8120
9235,0000000000000000000000000000000000000000000000000000000000000000000000000000000000000000000000000000000000000000002e7993196251c0
9245,0000000000000000000000000000000000000000000000000000000000000000000000000000000000000000000000000000000000000000001910033221d320
9255,000000000000000000000000000000000000000000000000000000000000000000000000000000000000000000000000000000000000000000257fdb8cd38440
9265,0000000000000000000000000000000000000000000000000000000000000000000000000000000000000000000000000000000000000000001ef3b1a527d4e0
9275,0000000000000000000000000000000000000000000000000000000000000000000000000000000000000000000000000000000000000000001618f182d1a040
9285,0000000000000000000000000000000000000000000000000000000000000000000000000000000000000000000000000000000000000000002a30b11486a540
9295,000000000000000000000000000000000000000000000000000000000000000000000000000000000000000000000000000000000000000000243fd0b6157bc0
9305,0000000000000000000000000000000000000000000000000000000000000000000000000000000000000000000000000000000000000000001f8dccb84f59c0
9315,0000000000000000000000000000000000000000000000000000000000000000000000000000000000000000000000000000000000000000001a31d3324bc8e0
9325,0000000000000000000000000000000000000000000000000000000000000000000000000000000000000000000000000000000000000000001d4f75103dd820
9335,00000000000000000000000000000000000000000000000000000000000000000000000000000000000000000000000000000000000000000015f36b2cbb63e0
9345,00000000000000000000000000000000000000000000000000000000000000000000000000000000000000000000000000000000000000000027d6d1e4776820
9355,000000000000000000000000000000000000000000000000000000000000000000000000000000000000000000000000000000000000000000170dda5e9fb340
9365,00000000000000000000000000000000000000000000000000000000000000000000000000000000000000000000000000000000000000000015f2fff1aeec60
9375,00000000000000000000000000000000000000000000000000000000000000000000000000000000000000000000000000000000000000000026cd3abb4927a0
9385,0000000000000000000000000000000000000000000000000000000000000000000000000000000000000000000000000000000000000000001914e2a7f526e0
9395,0000000000000000000000000000000000000000000000000000000000000000000000000000000000000000000000000000000000000000001537a26a9dbf80
9405,00000000000000000000000000000000000000000000000000000000000000000000000000000000000000000000000000000000000000000018b522697c8cc0
9415,0000000000000000000000000000000000000000000000000000000000000000000000000000000000000000000000000000000000000000002309430feed760
9425,00000000000000000000000000000000000000000000000000000000000000000000000000000000000000000000000000000000000000000021bfe461342b60
9435,00000000000000000000000000000000000000000000000000000000000000000000000000000000000000000000000000000000000000000020a4d9d6bcc9e0
9445,0000000000000000000000000000000000000000000000000000000000000000000000000000000000000000000000000000000000000000003238d9c50d8f40
9455,00000000000000000000000000000000000000000000000000000000000000000000000000000000000000000000000000000000000000000014ae3db8cc17e0
9465,000000000000000000000000000000000000000000000000000000000000000000000000000000000000000000000000000000000000000000146c2fe4a1fce0
9475,00000000000000000000000000000000000000000000000000000000000000000000000000000000000000000000000000000000000000000013b050d3c0ed00
9485,000000000000000000000000000000000000000000000000000000000000000000000000000000000000000000000000000000000000000000141bf5f3e28240
9495,000000000000000000000000000000000000000000000000000000000000000000000000000000000000000000000000000000000000000000130165b827cf40
9505,0000000000000000000000000000000000000000000000000000000000000000000000000000000000000000000000000000000000000000002b48b70b80daa0
9515,00000000000000000000000000000000000000000000000000000000000000000000000000000000000000000000000000000000000000000018a24412247e60
9525,0000000000000000000000000000000000000000000000000000000000000000000000000000000000000000000000000000000000000000002dc65391c51f60
9535,00000000000000000000000000000000000000000000000000000000000000000000000000000000000000000000000000000000000000000025ed915e0c8d40
9545,0000000000000000000000000000000000000000000000000000000000000000000000000000000000000000000000000000000000000000002563fa2265afe0
9555,0000000000000000000000000000000000000000000000000000000000000000000000000000000000000000000000000000000000000000001f24eca1d69b20
9565,0000000000000000000000000000000000000000000000000000000000000000000000000000000000000000000000000000000000000000002038137b9b00a0
9575,000000000000000000000000000000000000000000000000000000000000000000000000000000000000000000000000000000000000000000162b7d1f1b9080
9585,000000000000000000000000000000000000000000000000000000000000000000000000000000000000000000000000000000000000000000182711ae22df40
9595,0000000000000000000000000000000000000000000000000000000000000000000000000000000000000000000000000000000000000000001add343a70b960
9605,00000000000000000000000000000000000000000000000000000000000000000000000000000000000000000000000000000000000000000016c2d70b102320
9615,000000000000000000000000000000000000000000000000000000000000000000000000000000000000000000000000000000000000000000133195e623a3a0
9625,0000000000000000000000000000000000000000000000000000000000000000000000000000000000000000000000000000000000000000001ae001c418fd60
9635,0000000000000000000000000000000000000000000000000000000000000000000000000000000000000000000000000000000000000000001819f6fdc9d800
9645,00000000000000000000000000000000000000000000000000000000000000000000000000000000000000000000000000000000000000000040d93779fa4180
9655,0000000000000000000000000000000000000000000000000000000000000000000000000000000000000000000000000000000000000000004825fc54ab7f20
9665,0000000000000000000000000000000000000000000000000000000000000000000000000000000000000000000000000000000000000000001454b9700f55e0
9675,000000000000000000000000000000000000000000000000000000000000000000000000000000000000000000000000000000000000000000286428c74011a0
9685,0000000000000000000000000000000000000000000000000000000000000000000000000000000000000000000000000000000000000000001a78bdad847bc0
9695,0000000000000000000000000000000000000000000000000000000000000000000000000000000000000000000000000000000000000000003e13cf5129ffa0
9705,00000000000000000000000000000000000000000000000000000000000000000000000000000000000000000000000000000000000000000099c30ecafd0440
9715,0000000000000000000000000000000000000000000000000000000000000000000000000000000000000000000000000000000000000000001d9b74463296a0
9725,000000000000000000000000000000000000000000000000000000000000000000000000000000000000000000000000000000000000000000160fbcc85cbca0
9735,00000000000000000000000000000000000000000000000000000000000000000000000000000000000000000000000000000000000000000019769417875420
9745,00000000000000000000000000000000000000000000000000000000000000000000000000000000000000000000000000000000000000000017568d32573000
9755,0000000000000000000000000000000000000000000000000000000000000000000000000000000000000000000000000000000000000000003448d748dc2de0
9765,00000000000000000000000000000000000000000000000000000000000000000000000000000000000000000000000000000000000000000029cb8b9b576c20
9775,0000000000000000000000000000000000000000000000000000000000000000000000000000000000000000000000000000000000000000002f30fce5a3f9c0
9785,00000000000000000000000000000000000000000000000000000000000000000000000000000000000000000000000000000000000000000018f0a3343f0b20
9795,00000000000000000000000000000000000000000000000000000000000000000000000000000000000000000000000000000000000000000020100e8825f3c0
9805,0000000000000000000000000000000000000000000000000000000000000000000000000000000000000000000000000000000000000000002143ede98e8780
9815,0000000000000000000000000000000000000000000000000000000000000000000000000000000000000000000000000000000000000000002e9451fa0b1c60
9825,0000000000000000000000000000000000000000000000000000000000000000000000000000000000000000000000000000000000000000001cf1d2aa3e4500
9835,000000000000000000000000000000000000000000000000000000000000000000000000000000000000000000000000000000000000000000122bc601a08480
9845,00000000000000000000000000000000000000000000000000000000000000000000000000000000000000000000000000000000000000000027c6bddbb42440
9855,00000000000000000000000000000000000000000000000000000000000000000000000000000000000000000000000000000000000000000043464a28be4640
9865,0000000000000000000000000000000000000000000000000000000000000000000000000000000000000000000000000000000000000000001babe7d3e59480
9875,0000000000000000000000000000000000000000000000000000000000000000000000000000000000000000000000000000000000000000001ccb2c1927c360
9885,0000000000000000000000000000000000000000000000000000000000000000000000000000000000000000000000000000000000000000001cd097e78f2c00
9895,000000000000000000000000000000000000000000000000000000000000000000000000000000000000000000000000000000000000000000128b2e715a1d00
9905,0000000000000000000000000000000000000000000000000000000000000000000000000000000000000000000000000000000000000000002a57bb745b5980
9915,00000000000000000000000000000000000000000000000000000000000000000000000000000000000000000000000000000000000000000022b9213cb79560
9925,00000000000000000000000000000000000000000000000000000000000000000000000000000000000000000000000000000000000000000025744397741f20
9935,0000000000000000000000000000000000000000000000000000000000000000000000000000000000000000000000000000000000000000001b113e8f8c90c0
9945,00000000000000000000000000000000000000000000000000000000000000000000000000000000000000000000000000000000000000000016bef163f0e680
9955,0000000000000000000000000000000000000000000000000000000000000000000000000000000000000000000000000000000000000000001aa54b6597a020
9965,0000000000000000000000000000000000000000000000000000000000000000000000000000000000000000000000000000000000000000001d190dc52361e0
9975,0000000000000000000000000000000000000000000000000000000000000000000000000000000000000000000000000000000000000000001db1421d5801a0
9985,00000000000000000000000000000000000000000000000000000000000000000000000000000000000000000000000000000000000000000038eb29653ae500
9995,0000000000000000000000000000000000000000000000000000000000000000000000000000000000000000000000000000000000000000001b7a89eaea63c0
10005,00000000000000000000000000000000000000000000000000000000000000000000000000000000000000000000000000000000000000000021bff3eb0bbce0
10015,0000000000000000000000000000000000000000000000000000000000000000000000000000000000000000000000000000000000000000001924239d1568c0
10025,0000000000000000000000000000000000000000000000000000000000000000000000000000000000000000000000000000000000000000002e0a583e6ae220
10035,0000000000000000000000000000000000000000000000000000000000000000000000000000000000000000000000000000000000000000001d32d025dd3020
10045,0000000000000000000000000000000000000000000000000000000000000000000000000000000000000000000000000000000000000000001db7393a7af380
10055,00000000000000000000000000000000000000000000000000000000000000000000000000000000000000000000000000000000000000000022bd6263d0a7a0
10065,0000000000000000000000000000000000000000000000000000000000000000000000000000000000000000000000000000000000000000001cca7f544718e0
10075,000000000000000000000000000000000000000000000000000000000000000000000000000000000000000000000000000000000000000000324fc739a97180
10085,0000000000000000000000000000000000000000000000000000000000000000000000000000000000000000000000000000000000000000005cb6987bc57f20
10095,00000000000000000000000000000000000000000000000000000000000000000000000000000000000000000000000000000000000000000027d2340c298120
10105,00000000000000000000000000000000000000000000000000000000000000000000000000000000000000000000000000000000000000000016b1f06ea9d4a0
10115,00000000000000000000000000000000000000000000000000000000000000000000000000000000000000000000000000000000000000000024e1fb48b1f540
10125,0000000000000000000000000000000000000000000000000000000000000000000000000000000000000000000000000000000000000000002aa7fa165596e0
10135,00000000000000000000000000000000000000000000000000000000000000000000000000000000000000000000000000000000000000000016a19934b00420
10145,000000000000000000000000000000000000000000000000000000000000000000000000000000000000000000000000000000000000000000244834d30e9560
10155,000000000000000000000000000000000000000000000000000000000000000000000000000000000000000000000000000000000000000000224d1fd7afe900
10165,0000000000000000000000000000000000000000000000000000000000000000000000000000000000000000000000000000000000000000002a04cf664086c0
10175,0000000000000000000000000000000000000000000000000000000000000000000000000000000000000000000000000000000000000000002512be3b9034a0
10185,0000000000000000000000000000000000000000000000000000000000000000000000000000000000000000000000000000000000000000001c5a6e2a992dc0
10195,000000000000000000000000000000000000000000000000000000000000000000000000000000000000000000000000000000000000000000195eba7b98e560
10205,000000000000000000000000000000000000000000000000000000000000000000000000000000000000000000000000000000000000000000211d123af1c180
10215,0000000000000000000000000000000000000000000000000000000000000000000000000000000000000000000000000000000000000000003d0ad0d92c88e0
10225,0000000000000000000000000000000000000000000000000000000000000000000000000000000000000000000000000000000000000000005aa9d83cab4e60
10235,000000000000000000000000000000000000000000000000000000000000000000000000000000000000000000000000000000000000000000392c542f9baee0
10245,00000000000000000000000000000000000000000000000000000000000000000000000000000000000000000000000000000000000000000024484b97f95b60
10255,0000000000000000000000000000000000000000000000000000000000000000000000000000000000000000000000000000000000000000002c82ad0031a400
10265,0000000000000000000000000000000000000000000000000000000000000000000000000000000000000000000000000000000000000000001a6c0d2486c380
10275,0000000000000000000000000000000000000000000000000000000000000000000000000000000000000000000000000000000000000000001c9b5cc3c2f240
10285,000000000000000000000000000000000000000000000000000000000000000000000000000000000000000000000000000000000000000000282da819b129e0
10295,000000000000000000000000000000000000000000000000000000000000000000000000000000000000000000000000000000000000000000260e88ef8519a0
10305,0000000000000000000000000000000000000000000000000000000000000000000000000000000000000000000000000000000000000000001785c2af28d520
10315,000000000000000000000000000000000000000000000000000000000000000000000000000000000000000000000000000000000000000000222a3f63e22680
10325,0000000000000000000000000000000000000000000000000000000000000000000000000000000000000000000000000000000000000000002637b4c55c6f20
10335,00000000000000000000000000000000000000000000000000000000000000000000000000000000000000000000000000000000000000000019220be225d0e0
10345,00000000000000000000000000000000000000000000000000000000000000000000000000000000000000000000000000000000000000000022e7eea5df02c0
10355,00000000000000000000000000000000000000000000000000000000000000000000000000000000000000000000000000000000000000000033cc1d5143b660
10365,00000000000000000000000000000000000000000000000000000000000000000000000000000000000000000000000000000000000000000015411fcc703400
10375,00000000000000000000000000000000000000000000000000000000000000000000000000000000000000000000000000000000000000000031234392d5a0a0
10385,00000000000000000000000000000000000000000000000000000000000000000000000000000000000000000000000000000000000000000017a073c10da1a0
10395,000000000000000000000000000000000000000000000000000000000000000000000000000000000000000000000000000000000000000000552b661b708580
10405,0000000000000000000000000000000000000000000000000000000000000000000000000000000000000000000000000000000000000000002d1cdcce6b7480
10415,0000000000000000000000000000000000000000000000000000000000000000000000000000000000000000000000000000000000000000002194f6d0677280
10425,00000000000000000000000000000000000000000000000000000000000000000000000000000000000000000000000000000000000000000018881a80369080
10435,000000000000000000000000000000000000000000000000000000000000000000000000000000000000000000000000000000000000000000379d7536cafbe0
10445,00000000000000000000000000000000000000000000000000000000000000000000000000000000000000000000000000000000000000000035aad875ede6c0
10455,0000000000000000000000000000000000000000000000000000000000000000000000000000000000000000000000000000000000000000006bbc93476333c0
10465,00000000000000000000000000000000000000000000000000000000000000000000000000000000000000000000000000000000000000000017e8cb8af2a340
10475,000000000000000000000000000000000000000000000000000000000000000000000000000000000000000000000000000000000000000000374908f78ef8c0
10485,0000000000000000000000000000000000000000000000000000000000000000000000000000000000000000000000000000000000000000003a43e59cc52100
10495,000000000000000000000000000000000000000000000000000000000000000000000000000000000000000000000000000000000000000000272ef6523d1be0
10505,0000000000000000000000000000000000000000000000000000000000000000000000000000000000000000000000000000000000000000000e6755cc75b600
10515,000000000000000000000000000000000000000000000000000000000000000000000000000000000000000000000000000000000000000000265f4173ed47e0
10525,0000000000000000000000000000000000000000000000000000000000000000000000000000000000000000000000000000000000000000002380cfb91bb020
10535,000000000000000000000000000000000000000000000000000000000000000000000000000000000000000000000000000000000000000000171c6905070ca0
10545,00000000000000000000000000000000000000000000000000000000000000000000000000000000000000000000000000000000000000000032d7637f4b1580
10555,00000000000000000000000000000000000000000000000000000000000000000000000000000000000000000000000000000000000000000062445639824840
10565,0000000000000000000000000000000000000000000000000000000000000000000000000000000000000000000000000000000000000000001413e14d0b7060
10575,000000000000000000000000000000000000000000000000000000000000000000000000000000000000000000000000000000000000000000148b58f639b360
10585,000000000000000000000000000000000000000000000000000000000000000000000000000000000000000000000000000000000000000000172283dd3b4760
10595,00000000000000000000000000000000000000000000000000000000000000000000000000000000000000000000000000000000000000000051088714052540
10605,00000000000000000000000000000000000000000000000000000000000000000000000000000000000000000000000000000000000000000014a61ba5a728a0
10615,000000000000000000000000000000000000000000000000000000000000000000000000000000000000000000000000000000000000000000125ca21206eb40
10625,0000000000000000000000000000000000000000000000000000000000000000000000000000000000000000000000000000000000000000001d5017f2a905c0
10635,00000000000000000000000000000000000000000000000000000000000000000000000000000000000000000000000000000000000000000023622fcedd31e0
10645,000000000000000000000000000000000000000000000000000000000000000000000000000000000000000000000000000000000000000000274bf281843140
10655,0000000000000000000000000000000000000000000000000000000000000000000000000000000000000000000000000000000000000000001872b5290a1ae0
10665,00000000000000000000000000000000000000000000000000000000000000000000000000000000000000000000000000000000000000000019352c9216f0a0
10675,0000000000000000000000000000000000000000000000000000000000000000000000000000000000000000000000000000000000000000002276442d87bfe0
10685,00000000000000000000000000000000000000000000000000000000000000000000000000000000000000000000000000000000000000000021789b3e9f6320
10695,000000000000000000000000000000000000000000000000000000000000000000000000000000000000000000000000000000000000000000157cdce5f38e60
10705,0000000000000000000000000000000000000000000000000000000000000000000000000000000000000000000000000000000000000000001d3973391bee20
10715,0000000000000000000000000000000000000000000000000000000000000000000000000000000000000000000000000000000000000000002873c10146c0e0
10725,000000000000000000000000000000000000000000000000000000000000000000000000000000000000000000000000000000000000000000253a731180cee0
10735,00000000000000000000000000000000000000000000000000000000000000000000000000000000000000000000000000000000000000000022b2401fa46800
10745,00000000000000000000000000000000000000000000000000000000000000000000000000000000000000000000000000000000000000000058d5503eb3a1c0
10755,00000000000000000000000000000000000000000000000000000000000000000000000000000000000000000000000000000000000000000020cca298fad160
10765,0000000000000000000000000000000000000000000000000000000000000000000000000000000000000000000000000000000000000000003e2982c5db0a60
10775,000000000000000000000000000000000000000000000000000000000000000000000000000000000000000000000000000000000000000000313cff874118c0
10785,0000000000000000000000000000000000000000000000000000000000000000000000000000000000000000000000000000000000000000002f3747a04b21e0
10795,00000000000000000000000000000000000000000000000000000000000000000000000000000000000000000000000000000000000000000045849d5aa8b260
10805,00000000000000000000000000000000000000000000000000000000000000000000000000000000000000000000000000000000000000000016fa3c42684220
10815,00000000000000000000000000000000000000000000000000000000000000000000000000000000000000000000000000000000000000000012a35f3e7dbf60
10825,00000000000000000000000000000000000000000000000000000000000000000000000000000000000000000000000000000000000000000020cc3da2da3c80
10835,0000000000000000000000000000000000000000000000000000000000000000000000000000000000000000000000000000000000000000002e0e260cee3040
10845,0000000000000000000000000000000000000000000000000000000000000000000000000000000000000000000000000000000000000000001a11717966ad80
10855,0000000000000000000000000000000000000000000000000000000000000000000000000000000000000000000000000000000000000000002a28f20b33a720
10865,000000000000000000000000000000000000000000000000000000000000000000000000000000000000000000000000000000000000000000376cd8b038eaa0
