Zeit (ns),Daten (Hex)
1345,0000000000000000000000000000000000000000000000000000000000000000000000000000000000000000000000000000000000000000001c56dd799b9a00
1355,0000000000000000000000000000000000000000000000000000000000000000000000000000000000000000000000000000000000000000002271e12dd36ba0
1365,00000000000000000000000000000000000000000000000000000000000000000000000000000000000000000000000000000000000000000021ac168013a380
1375,000000000000000000000000000000000000000000000000000000000000000000000000000000000000000000000000000000000000000000132c6248f38560
1385,000000000000000000000000000000000000000000000000000000000000000000000000000000000000000000000000000000000000000000402c91e81291c0
1395,000000000000000000000000000000000000000000000000000000000000000000000000000000000000000000000000000000000000000000210b3d324cbee0
1405,000000000000000000000000000000000000000000000000000000000000000000000000000000000000000000000000000000000000000000250932d9beb1a0
1415,0000000000000000000000000000000000000000000000000000000000000000000000000000000000000000000000000000000000000000001fb1e55d4326a0
1425,00000000000000000000000000000000000000000000000000000000000000000000000000000000000000000000000000000000000000000017ea6963744a40
1435,0000000000000000000000000000000000000000000000000000000000000000000000000000000000000000000000000000000000000000001479353c5eea80
1445,00000000000000000000000000000000000000000000000000000000000000000000000000000000000000000000000000000000000000000010a3d9fe7f54e0
1455,0000000000000000000000000000000000000000000000000000000000000000000000000000000000000000000000000000000000000000003abf3ec5b07220
1465,0000000000000000000000000000000000000000000000000000000000000000000000000000000000000000000000000000000000000000001fd8b8ee56a000
1475,000000000000000000000000000000000000000000000000000000000000000000000000000000000000000000000000000000000000000000268938538f8c80
1485,000000000000000000000000000000000000000000000000000000000000000000000000000000000000000000000000000000000000000000229f3f83625a00
1495,00000000000000000000000000000000000000000000000000000000000000000000000000000000000000000000000000000000000000000045674904051780
1505,0000000000000000000000000000000000000000000000000000000000000000000000000000000000000000000000000000000000000000001eced8bb54ade0
1515,0000000000000000000000000000000000000000000000000000000000000000000000000000000000000000000000000000000000000000001c1a38aeecc8a0
1525,000000000000000000000000000000000000000000000000000000000000000000000000000000000000000000000000000000000000000000221dd1bd5613e0
1535,0000000000000000000000000000000000000000000000000000000000000000000000000000000000000000000000000000000000000000001a6fba10962180
1545,00000000000000000000000000000000000000000000000000000000000000000000000000000000000000000000000000000000000000000015d4b7b8a59920
1555,00000000000000000000000000000000000000000000000000000000000000000000000000000000000000000000000000000000000000000013ca1852043ba0
1565,00000000000000000000000000000000000000000000000000000000000000000000000000000000000000000000000000000000000000000013dcc246e9aa40
1575,0000000000000000000000000000000000000000000000000000000000000000000000000000000000000000000000000000000000000000001d1ab0801adc00
1585,00000000000000000000000000000000000000000000000000000000000000000000000000000000000000000000000000000000000000000011e0a672ff2a20
1595,00000000000000000000000000000000000000000000000000000000000000000000000000000000000000000000000000000000000000000026210895a875c0
1605,00000000000000000000000000000000000000000000000000000000000000000000000000000000000000000000000000000000000000000015cf97254cd000
1615,00000000000000000000000000000000000000000000000000000000000000000000000000000000000000000000000000000000000000000019318074cc7100
1625,00000000000000000000000000000000000000000000000000000000000000000000000000000000000000000000000000000000000000000012f4f7f411e600
1635,0000000000000000000000000000000000000000000000000000000000000000000000000000000000000000000000000000000000000000001642af09da3840
1645,0000000000000000000000000000000000000000000000000000000000000000000000000000000000000000000000000000000000000000000e4c7b30bb1880
1655,000000000000000000000000000000000000000000000000000000000000000000000000000000000000000000000000000000000000000000166f44d59e0c60
1665,00000000000000000000000000000000000000000000000000000000000000000000000000000000000000000000000000000000000000000018e7b5beb1a8e0
1675,00000000000000000000000000000000000000000000000000000000000000000000000000000000000000000000000000000000000000000010a389c3710ba0
1685,000000000000000000000000000000000000000000000000000000000000000000000000000000000000000000000000000000000000000000104e7d5cdd5d00
1695,0000000000000000000000000000000000000000000000000000000000000000000000000000000000000000000000000000000000000000001c22a4696f3780
1705,0000000000000000000000000000000000000000000000000000000000000000000000000000000000000000000000000000000000000000002077b432651d40
1715,00000000000000000000000000000000000000000000000000000000000000000000000000000000000000000000000000000000000000000012266978246340
1725,0000000000000000000000000000000000000000000000000000000000000000000000000000000000000000000000000000000000000000002ebe456d5ed720
1735,00000000000000000000000000000000000000000000000000000000000000000000000000000000000000000000000000000000000000000017074b1a248be0
1745,00000000000000000000000000000000000000000000000000000000000000000000000000000000000000000000000000000000000000000082b594ec56d060
1755,0000000000000000000000000000000000000000000000000000000000000000000000000000000000000000000000000000000000000000001b55a5b2531380
1765,00000000000000000000000000000000000000000000000000000000000000000000000000000000000000000000000000000000000000000016ab238ca8fb80
1775,0000000000000000000000000000000000000000000000000000000000000000000000000000000000000000000000000000000000000000002e87f28e91c580
1785,00000000000000000000000000000000000000000000000000000000000000000000000000000000000000000000000000000000000000000017d7358c21fec0
1795,000000000000000000000000000000000000000000000000000000000000000000000000000000000000000000000000000000000000000000175ec91e17eb40
1805,0000000000000000000000000000000000000000000000000000000000000000000000000000000000000000000000000000000000000000001cb96d72f76600
1815,0000000000000000000000000000000000000000000000000000000000000000000000000000000000000000000000000000000000000000001eceffcf0346e0
1825,00000000000000000000000000000000000000000000000000000000000000000000000000000000000000000000000000000000000000000012e7c0a630f3c0
1835,000000000000000000000000000000000000000000000000000000000000000000000000000000000000000000000000000000000000000000194e302418ae00
1845,000000000000000000000000000000000000000000000000000000000000000000000000000000000000000000000000000000000000000000103bf7fba6b280
1855,000000000000000000000000000000000000000000000000000000000000000000000000000000000000000000000000000000000000000000138358e0a13fe0
1865,0000000000000000000000000000000000000000000000000000000000000000000000000000000000000000000000000000000000000000001aa4b5f952ecc0
1875,00000000000000000000000000000000000000000000000000000000000000000000000000000000000000000000000000000000000000000019ba3a756e8560
1885,000000000000000000000000000000000000000000000000000000000000000000000000000000000000000000000000000000000000000000190b6194e7de60
1895,0000000000000000000000000000000000000000000000000000000000000000000000000000000000000000000000000000000000000000001f0e8d54939ae0
1905,00000000000000000000000000000000000000000000000000000000000000000000000000000000000000000000000000000000000000000027849460297020
1915,00000000000000000000000000000000000000000000000000000000000000000000000000000000000000000000000000000000000000000011dbb3fd2d1e20
1925,00000000000000000000000000000000000000000000000000000000000000000000000000000000000000000000000000000000000000000022142879106d00
1935,00000000000000000000000000000000000000000000000000000000000000000000000000000000000000000000000000000000000000000020566bc85479a0
1945,0000000000000000000000000000000000000000000000000000000000000000000000000000000000000000000000000000000000000000001b4cc4a9139fe0
1955,00000000000000000000000000000000000000000000000000000000000000000000000000000000000000000000000000000000000000000014bade692d57a0
1965,0000000000000000000000000000000000000000000000000000000000000000000000000000000000000000000000000000000000000000000ed098b1acb880
1975,00000000000000000000000000000000000000000000000000000000000000000000000000000000000000000000000000000000000000000010892f62c17b60
1985,00000000000000000000000000000000000000000000000000000000000000000000000000000000000000000000000000000000000000000019bb158910fd60
1995,0000000000000000000000000000000000000000000000000000000000000000000000000000000000000000000000000000000000000000002fa9d57b0939c0
2005,0000000000000000000000000000000000000000000000000000000000000000000000000000000000000000000000000000000000000000002bd726e45df800
2015,00000000000000000000000000000000000000000000000000000000000000000000000000000000000000000000000000000000000000000016e8f8fea5bbc0
2025,000000000000000000000000000000000000000000000000000000000000000000000000000000000000000000000000000000000000000000179bf1d50c9de0
2035,000000000000000000000000000000000000000000000000000000000000000000000000000000000000000000000000000000000000000000128c4ee76e0f80
2045,0000000000000000000000000000000000000000000000000000000000000000000000000000000000000000000000000000000000000000001797a8d5568920
2055,000000000000000000000000000000000000000000000000000000000000000000000000000000000000000000000000000000000000000000268f7398105ce0
2065,0000000000000000000000000000000000000000000000000000000000000000000000000000000000000000000000000000000000000000001bda3f15b281e0
2075,0000000000000000000000000000000000000000000000000000000000000000000000000000000000000000000000000000000000000000001045eb2c362320
2085,0000000000000000000000000000000000000000000000000000000000000000000000000000000000000000000000000000000000000000001cab2aa5287a20
2095,00000000000000000000000000000000000000000000000000000000000000000000000000000000000000000000000000000000000000000028f85802303100
2105,00000000000000000000000000000000000000000000000000000000000000000000000000000000000000000000000000000000000000000053258fb47c9cc0
2115,0000000000000000000000000000000000000000000000000000000000000000000000000000000000000000000000000000000000000000003ef9825f398680
2125,0000000000000000000000000000000000000000000000000000000000000000000000000000000000000000000000000000000000000000001c1f127d5e07c0
2135,0000000000000000000000000000000000000000000000000000000000000000000000000000000000000000000000000000000000000000002963b1dd6a89e0
2145,000000000000000000000000000000000000000000000000000000000000000000000000000000000000000000000000000000000000000000129823842bd480
2155,00000000000000000000000000000000000000000000000000000000000000000000000000000000000000000000000000000000000000000015bc52755e1d40
2165,00000000000000000000000000000000000000000000000000000000000000000000000000000000000000000000000000000000000000000034e0c4838bbfc0
2175,00000000000000000000000000000000000000000000000000000000000000000000000000000000000000000000000000000000000000000016bd93b2cd6300
2185,000000000000000000000000000000000000000000000000000000000000000000000000000000000000000000000000000000000000000000372c91a0dc79a0
2195,0000000000000000000000000000000000000000000000000000000000000000000000000000000000000000000000000000000000000000001d08299ee44b60
2205,0000000000000000000000000000000000000000000000000000000000000000000000000000000000000000000000000000000000000000001dcd0a42db3b20
2215,00000000000000000000000000000000000000000000000000000000000000000000000000000000000000000000000000000000000000000027367bdb93f9e0
2225,0000000000000000000000000000000000000000000000000000000000000000000000000000000000000000000000000000000000000000003572e93e9f1440
2235,00000000000000000000000000000000000000000000000000000000000000000000000000000000000000000000000000000000000000000012c3a8a89f91c0
2245,000000000000000000000000000000000000000000000000000000000000000000000000000000000000000000000000000000000000000000110cf59eccae00
2255,0000000000000000000000000000000000000000000000000000000000000000000000000000000000000000000000000000000000000000002bf129ceec0a80
2265,00000000000000000000000000000000000000000000000000000000000000000000000000000000000000000000000000000000000000000015f91118a8baa0
2275,0000000000000000000000000000000000000000000000000000000000000000000000000000000000000000000000000000000000000000001afb4cfd55dce0
2285,0000000000000000000000000000000000000000000000000000000000000000000000000000000000000000000000000000000000000000001752211519a060
2295,0000000000000000000000000000000000000000000000000000000000000000000000000000000000000000000000000000000000000000001994c56e1c0ac0
2305,00000000000000000000000000000000000000000000000000000000000000000000000000000000000000000000000000000000000000000011435a9149c2e0
2315,00000000000000000000000000000000000000000000000000000000000000000000000000000000000000000000000000000000000000000043b3c2e64a31c0
2325,0000000000000000000000000000000000000000000000000000000000000000000000000000000000000000000000000000000000000000001f1d41f11fc7e0
2335,0000000000000000000000000000000000000000000000000000000000000000000000000000000000000000000000000000000000000000001729b6490de680
2345,0000000000000000000000000000000000000000000000000000000000000000000000000000000000000000000000000000000000000000000d936dc70bde40
2355,0000000000000000000000000000000000000000000000000000000000000000000000000000000000000000000000000000000000000000001c1943603863e0
2365,000000000000000000000000000000000000000000000000000000000000000000000000000000000000000000000000000000000000000000423387a790a7a0
2375,0000000000000000000000000000000000000000000000000000000000000000000000000000000000000000000000000000000000000000001f9acb54f90a40
2385,00000000000000000000000000000000000000000000000000000000000000000000000000000000000000000000000000000000000000000012b46ff86b1000
2395,00000000000000000000000000000000000000000000000000000000000000000000000000000000000000000000000000000000000000000013ff56d8466260
2405,00000000000000000000000000000000000000000000000000000000000000000000000000000000000000000000000000000000000000000013d34f96519100
2415,00000000000000000000000000000000000000000000000000000000000000000000000000000000000000000000000000000000000000000018716fd0827d40
2425,0000000000000000000000000000000000000000000000000000000000000000000000000000000000000000000000000000000000000000001968d749af60c0
2435,00000000000000000000000000000000000000000000000000000000000000000000000000000000000000000000000000000000000000000022c0edcfe24780
2445,00000000000000000000000000000000000000000000000000000000000000000000000000000000000000000000000000000000000000000027efb6eca296c0
2455,00000000000000000000000000000000000000000000000000000000000000000000000000000000000000000000000000000000000000000019758ee65dda00
2465,00000000000000000000000000000000000000000000000000000000000000000000000000000000000000000000000000000000000000000023dfe14664fc00
2475,00000000000000000000000000000000000000000000000000000000000000000000000000000000000000000000000000000000000000000024358f193c8f00
2485,00000000000000000000000000000000000000000000000000000000000000000000000000000000000000000000000000000000000000000024ff6a330500c0
2495,000000000000000000000000000000000000000000000000000000000000000000000000000000000000000000000000000000000000000000211fc17fafc0e0
2505,00000000000000000000000000000000000000000000000000000000000000000000000000000000000000000000000000000000000000000010347af24f41e0
2515,000000000000000000000000000000000000000000000000000000000000000000000000000000000000000000000000000000000000000000184d0397e31700
2525,00000000000000000000000000000000000000000000000000000000000000000000000000000000000000000000000000000000000000000018bf48d51c3ae0
2535,00000000000000000000000000000000000000000000000000000000000000000000000000000000000000000000000000000000000000000017406965102d60
2545,0000000000000000000000000000000000000000000000000000000000000000000000000000000000000000000000000000000000000000003cbd9f5e601ec0
2555,00000000000000000000000000000000000000000000000000000000000000000000000000000000000000000000000000000000000000000010ab88d69856a0
2565,0000000000000000000000000000000000000000000000000000000000000000000000000000000000000000000000000000000000000000002fa6e92c76b9c0
2575,00000000000000000000000000000000000000000000000000000000000000000000000000000000000000000000000000000000000000000016963b21c2dfe0
2585,0000000000000000000000000000000000000000000000000000000000000000000000000000000000000000000000000000000000000000001ff1df00560a40
2595,00000000000000000000000000000000000000000000000000000000000000000000000000000000000000000000000000000000000000000014b3c65fcf18c0
2605,000000000000000000000000000000000000000000000000000000000000000000000000000000000000000000000000000000000000000000184b8a21d523c0
2615,0000000000000000000000000000000000000000000000000000000000000000000000000000000000000000000000000000000000000000002648d9ce0d4dc0
2625,00000000000000000000000000000000000000000000000000000000000000000000000000000000000000000000000000000000000000000011c45d6135dba0
2635,00000000000000000000000000000000000000000000000000000000000000000000000000000000000000000000000000000000000000000026ee565697e3e0
2645,00000000000000000000000000000000000000000000000000000000000000000000000000000000000000000000000000000000000000000050d6af2b122d00
2655,000000000000000000000000000000000000000000000000000000000000000000000000000000000000000000000000000000000000000000277b4db966fcc0
2665,0000000000000000000000000000000000000000000000000000000000000000000000000000000000000000000000000000000000000000003299abc86005a0
2675,0000000000000000000000000000000000000000000000000000000000000000000000000000000000000000000000000000000000000000004b50a062f83c40
2685,00000000000000000000000000000000000000000000000000000000000000000000000000000000000000000000000000000000000000000017186ad410d9c0
2695,0000000000000000000000000000000000000000000000000000000000000000000000000000000000000000000000000000000000000000000f82cbd6e5d920
2705,0000000000000000000000000000000000000000000000000000000000000000000000000000000000000000000000000000000000000000002f68cf1cf4c080
2715,000000000000000000000000000000000000000000000000000000000000000000000000000000000000000000000000000000000000000000105d18a0cdb560
2725,00000000000000000000000000000000000000000000000000000000000000000000000000000000000000000000000000000000000000000011bb0e3a73fae0
2735,000000000000000000000000000000000000000000000000000000000000000000000000000000000000000000000000000000000000000000102b60cb89cee0
2745,00000000000000000000000000000000000000000000000000000000000000000000000000000000000000000000000000000000000000000012ae7c965b8f00
2755,00000000000000000000000000000000000000000000000000000000000000000000000000000000000000000000000000000000000000000017a7957ba64d00
2765,0000000000000000000000000000000000000000000000000000000000000000000000000000000000000000000000000000000000000000001bc47e8d511da0
2775,000000000000000000000000000000000000000000000000000000000000000000000000000000000000000000000000000000000000000000096e5c8e8b4c20
2785,0000000000000000000000000000000000000000000000000000000000000000000000000000000000000000000000000000000000000000001559e6684eaa80
2795,00000000000000000000000000000000000000000000000000000000000000000000000000000000000000000000000000000000000000000015a8369e1b73c0
2805,0000000000000000000000000000000000000000000000000000000000000000000000000000000000000000000000000000000000000000003aa7f5160715a0
2815,0000000000000000000000000000000000000000000000000000000000000000000000000000000000000000000000000000000000000000002dbb3dc3bf6b40
2825,0000000000000000000000000000000000000000000000000000000000000000000000000000000000000000000000000000000000000000002177102b08c720
2835,00000000000000000000000000000000000000000000000000000000000000000000000000000000000000000000000000000000000000000035525aad1f74a0
2845,000000000000000000000000000000000000000000000000000000000000000000000000000000000000000000000000000000000000000000237c60b9682ae0
2855,0000000000000000000000000000000000000000000000000000000000000000000000000000000000000000000000000000000000000000002634e8b1db7460
2865,000000000000000000000000000000000000000000000000000000000000000000000000000000000000000000000000000000000000000000186c32ee66b020
2875,0000000000000000000000000000000000000000000000000000000000000000000000000000000000000000000000000000000000000000001b531228a6e700
2885,0000000000000000000000000000000000000000000000000000000000000000000000000000000000000000000000000000000000000000004a9160bea03340
2895,0000000000000000000000000000000000000000000000000000000000000000000000000000000000000000000000000000000000000000000c046da6daf100
2905,00000000000000000000000000000000000000000000000000000000000000000000000000000000000000000000000000000000000000000013144aad094420
2915,0000000000000000000000000000000000000000000000000000000000000000000000000000000000000000000000000000000000000000001fc1480d74d3e0
2925,00000000000000000000000000000000000000000000000000000000000000000000000000000000000000000000000000000000000000000017a2410fb37860
2935,0000000000000000000000000000000000000000000000000000000000000000000000000000000000000000000000000000000000000000003a7ebbac7f6f40
2945,00000000000000000000000000000000000000000000000000000000000000000000000000000000000000000000000000000000000000000028c094ad5490e0
2955,0000000000000000000000000000000000000000000000000000000000000000000000000000000000000000000000000000000000000000001ac5b5cfb73940
2965,00000000000000000000000000000000000000000000000000000000000000000000000000000000000000000000000000000000000000000012b201026da7a0
2975,00000000000000000000000000000000000000000000000000000000000000000000000000000000000000000000000000000000000000000010c0e8c17664e0
2985,000000000000000000000000000000000000000000000000000000000000000000000000000000000000000000000000000000000000000000141d829151a140
2995,00000000000000000000000000000000000000000000000000000000000000000000000000000000000000000000000000000000000000000020afac738bf160
3005,0000000000000000000000000000000000000000000000000000000000000000000000000000000000000000000000000000000000000000001344981fef6e60
3015,00000000000000000000000000000000000000000000000000000000000000000000000000000000000000000000000000000000000000000022da3de1dedd40
3025,0000000000000000000000000000000000000000000000000000000000000000000000000000000000000000000000000000000000000000001068e6f89f97c0
3035,000000000000000000000000000000000000000000000000000000000000000000000000000000000000000000000000000000000000000000275a45592aa600
3045,00000000000000000000000000000000000000000000000000000000000000000000000000000000000000000000000000000000000000000027e3179eb76680
3055,00000000000000000000000000000000000000000000000000000000000000000000000000000000000000000000000000000000000000000020db940447d1c0
3065,00000000000000000000000000000000000000000000000000000000000000000000000000000000000000000000000000000000000000000018f9e3512951c0
3075,000000000000000000000000000000000000000000000000000000000000000000000000000000000000000000000000000000000000000000478ac1e8f9cd20
3085,0000000000000000000000000000000000000000000000000000000000000000000000000000000000000000000000000000000000000000002209de212465a0
3095,0000000000000000000000000000000000000000000000000000000000000000000000000000000000000000000000000000000000000000001109db4664aaa0
3105,0000000000000000000000000000000000000000000000000000000000000000000000000000000000000000000000000000000000000000001684d7a2eed440
3115,00000000000000000000000000000000000000000000000000000000000000000000000000000000000000000000000000000000000000000019bf5b3a025ee0
3125,000000000000000000000000000000000000000000000000000000000000000000000000000000000000000000000000000000000000000000283cc0b63699e0
3135,0000000000000000000000000000000000000000000000000000000000000000000000000000000000000000000000000000000000000000001cfbd550f40d60
3145,00000000000000000000000000000000000000000000000000000000000000000000000000000000000000000000000000000000000000000011218f9d694d80
3155,00000000000000000000000000000000000000000000000000000000000000000000000000000000000000000000000000000000000000000025a05dcf8f0be0
3165,0000000000000000000000000000000000000000000000000000000000000000000000000000000000000000000000000000000000000000001cb305dfb4a5a0
3175,0000000000000000000000000000000000000000000000000000000000000000000000000000000000000000000000000000000000000000001851675c83acc0
3185,0000000000000000000000000000000000000000000000000000000000000000000000000000000000000000000000000000000000000000000e90f535f67ce0
3195,000000000000000000000000000000000000000000000000000000000000000000000000000000000000000000000000000000000000000000345773342ef120
3205,0000000000000000000000000000000000000000000000000000000000000000000000000000000000000000000000000000000000000000001a71e4a421fe20
3215,000000000000000000000000000000000000000000000000000000000000000000000000000000000000000000000000000000000000000000198f894713e240
3225,0000000000000000000000000000000000000000000000000000000000000000000000000000000000000000000000000000000000000000001e1c9be4e120c0
3235,00000000000000000000000000000000000000000000000000000000000000000000000000000000000000000000000000000000000000000027f549f61b0be0
3245,00000000000000000000000000000000000000000000000000000000000000000000000000000000000000000000000000000000000000000051ad8b08e6a040
3255,0000000000000000000000000000000000000000000000000000000000000000000000000000000000000000000000000000000000000000000e64fa2f1489c0
3265,000000000000000000000000000000000000000000000000000000000000000000000000000000000000000000000000000000000000000000131d3d8ee50dc0
3275,0000000000000000000000000000000000000000000000000000000000000000000000000000000000000000000000000000000000000000003de7ad71ad20c0
3285,00000000000000000000000000000000000000000000000000000000000000000000000000000000000000000000000000000000000000000017bb46c91786c0
3295,00000000000000000000000000000000000000000000000000000000000000000000000000000000000000000000000000000000000000000018201a3873a980
3305,0000000000000000000000000000000000000000000000000000000000000000000000000000000000000000000000000000000000000000000b7a117ef293a0
3315,0000000000000000000000000000000000000000000000000000000000000000000000000000000000000000000000000000000000000000001c8b50ffeb6e80
3325,0000000000000000000000000000000000000000000000000000000000000000000000000000000000000000000000000000000000000000001638bd00ad29e0
3335,000000000000000000000000000000000000000000000000000000000000000000000000000000000000000000000000000000000000000000162336c70cc420
3345,00000000000000000000000000000000000000000000000000000000000000000000000000000000000000000000000000000000000000000021ff49f09fce40
3355,0000000000000000000000000000000000000000000000000000000000000000000000000000000000000000000000000000000000000000003a3cc858538b20
3365,000000000000000000000000000000000000000000000000000000000000000000000000000000000000000000000000000000000000000000149cfe26446580
3375,00000000000000000000000000000000000000000000000000000000000000000000000000000000000000000000000000000000000000000013f27145739f80
3385,0000000000000000000000000000000000000000000000000000000000000000000000000000000000000000000000000000000000000000000d9857a92d4320
3395,000000000000000000000000000000000000000000000000000000000000000000000000000000000000000000000000000000000000000000276254276492e0
3405,0000000000000000000000000000000000000000000000000000000000000000000000000000000000000000000000000000000000000000002d2da5fe84f9a0
3415,0000000000000000000000000000000000000000000000000000000000000000000000000000000000000000000000000000000000000000003eb816ed7aa1c0
3425,0000000000000000000000000000000000000000000000000000000000000000000000000000000000000000000000000000000000000000001014a860c2f740
3435,00000000000000000000000000000000000000000000000000000000000000000000000000000000000000000000000000000000000000000010edd45bf95d20
3445,0000000000000000000000000000000000000000000000000000000000000000000000000000000000000000000000000000000000000000001b6cbf7f8982a0
3455,00000000000000000000000000000000000000000000000000000000000000000000000000000000000000000000000000000000000000000023cffee500d5c0
3465,00000000000000000000000000000000000000000000000000000000000000000000000000000000000000000000000000000000000000000015b9cece270620
3475,0000000000000000000000000000000000000000000000000000000000000000000000000000000000000000000000000000000000000000002e54361be6d600
3485,00000000000000000000000000000000000000000000000000000000000000000000000000000000000000000000000000000000000000000028e394660c86c0
3495,0000000000000000000000000000000000000000000000000000000000000000000000000000000000000000000000000000000000000000002f8aff4be214e0
3505,000000000000000000000000000000000000000000000000000000000000000000000000000000000000000000000000000000000000000000142c0b24082860
3515,000000000000000000000000000000000000000000000000000000000000000000000000000000000000000000000000000000000000000000113816c3472840
3525,0000000000000000000000000000000000000000000000000000000000000000000000000000000000000000000000000000000000000000001003e489469fc0
3535,000000000000000000000000000000000000000000000000000000000000000000000000000000000000000000000000000000000000000000158a9c3da3f380
3545,00000000000000000000000000000000000000000000000000000000000000000000000000000000000000000000000000000000000000000016e2a1cdd80820
3555,000000000000000000000000000000000000000000000000000000000000000000000000000000000000000000000000000000000000000000144a873f842400
3565,000000000000000000000000000000000000000000000000000000000000000000000000000000000000000000000000000000000000000000204a4a4925bb80
3575,0000000000000000000000000000000000000000000000000000000000000000000000000000000000000000000000000000000000000000001dbf8230136b60
3585,00000000000000000000000000000000000000000000000000000000000000000000000000000000000000000000000000000000000000000036930103d302c0
3595,00000000000000000000000000000000000000000000000000000000000000000000000000000000000000000000000000000000000000000011ddccdf7f1840
3605,0000000000000000000000000000000000000000000000000000000000000000000000000000000000000000000000000000000000000000000fa2aa54c01b00
3615,00000000000000000000000000000000000000000000000000000000000000000000000000000000000000000000000000000000000000000029366fe0773c60
3625,000000000000000000000000000000000000000000000000000000000000000000000000000000000000000000000000000000000000000000352e51eaa0bd20
3635,00000000000000000000000000000000000000000000000000000000000000000000000000000000000000000000000000000000000000000029a24927f7c420
3645,00000000000000000000000000000000000000000000000000000000000000000000000000000000000000000000000000000000000000000011e50523eedc60
3655,000000000000000000000000000000000000000000000000000000000000000000000000000000000000000000000000000000000000000000122de7152d0500
3665,000000000000000000000000000000000000000000000000000000000000000000000000000000000000000000000000000000000000000000190c426d7641a0
3675,0000000000000000000000000000000000000000000000000000000000000000000000000000000000000000000000000000000000000000001f5a61b1edb2a0
3685,0000000000000000000000000000000000000000000000000000000000000000000000000000000000000000000000000000000000000000001b75d8b027a3c0
3695,0000000000000000000000000000000000000000000000000000000000000000000000000000000000000000000000000000000000000000001b4d20642122c0
3705,0000000000000000000000000000000000000000000000000000000000000000000000000000000000000000000000000000000000000000002ade9243e2e940
3715,00000000000000000000000000000000000000000000000000000000000000000000000000000000000000000000000000000000000000000012711641e12aa0
3725,00000000000000000000000000000000000000000000000000000000000000000000000000000000000000000000000000000000000000000017c65652315840
3735,0000000000000000000000000000000000000000000000000000000000000000000000000000000000000000000000000000000000000000003b52c81e3597a0
3745,00000000000000000000000000000000000000000000000000000000000000000000000000000000000000000000000000000000000000000018d05c8530bae0
3755,0000000000000000000000000000000000000000000000000000000000000000000000000000000000000000000000000000000000000000002bd13533896d80
3765,00000000000000000000000000000000000000000000000000000000000000000000000000000000000000000000000000000000000000000010a98307f64e80
3775,000000000000000000000000000000000000000000000000000000000000000000000000000000000000000000000000000000000000000000164532c4c28920
3785,000000000000000000000000000000000000000000000000000000000000000000000000000000000000000000000000000000000000000000207b7fa84b0a00
3795,00000000000000000000000000000000000000000000000000000000000000000000000000000000000000000000000000000000000000000018f25296982120
3805,0000000000000000000000000000000000000000000000000000000000000000000000000000000000000000000000000000000000000000002064f96ebbe440
3815,0000000000000000000000000000000000000000000000000000000000000000000000000000000000000000000000000000000000000000003659df56717440
3825,0000000000000000000000000000000000000000000000000000000000000000000000000000000000000000000000000000000000000000003170a9bed99180
3835,000000000000000000000000000000000000000000000000000000000000000000000000000000000000000000000000000000000000000000135134f7b366a0
3845,0000000000000000000000000000000000000000000000000000000000000000000000000000000000000000000000000000000000000000001d3284a5e24680
3855,00000000000000000000000000000000000000000000000000000000000000000000000000000000000000000000000000000000000000000012118d5c025fa0
3865,0000000000000000000000000000000000000000000000000000000000000000000000000000000000000000000000000000000000000000007136a52dd5c760
3875,0000000000000000000000000000000000000000000000000000000000000000000000000000000000000000000000000000000000000000001c82210089ea80
3885,00000000000000000000000000000000000000000000000000000000000000000000000000000000000000000000000000000000000000000022a27fdbc7cde0
3895,00000000000000000000000000000000000000000000000000000000000000000000000000000000000000000000000000000000000000000016bb863cc968c0
3905,0000000000000000000000000000000000000000000000000000000000000000000000000000000000000000000000000000000000000000002c47a5707aaba0
3915,0000000000000000000000000000000000000000000000000000000000000000000000000000000000000000000000000000000000000000002a746b0ff65cc0
3925,0000000000000000000000000000000000000000000000000000000000000000000000000000000000000000000000000000000000000000002ae1c974e684e0
3935,0000000000000000000000000000000000000000000000000000000000000000000000000000000000000000000000000000000000000000001e3a6d3b7c4f60
3945,0000000000000000000000000000000000000000000000000000000000000000000000000000000000000000000000000000000000000000002ea269db8e27c0
3955,0000000000000000000000000000000000000000000000000000000000000000000000000000000000000000000000000000000000000000000e59e1d73663e0
3965,0000000000000000000000000000000000000000000000000000000000000000000000000000000000000000000000000000000000000000004c8e5e9c5415c0
3975,0000000000000000000000000000000000000000000000000000000000000000000000000000000000000000000000000000000000000000001a4955a6dda0e0
3985,000000000000000000000000000000000000000000000000000000000000000000000000000000000000000000000000000000000000000000263386ed06fc20
3995,000000000000000000000000000000000000000000000000000000000000000000000000000000000000000000000000000000000000000000262cd8cff05f00
4005,000000000000000000000000000000000000000000000000000000000000000000000000000000000000000000000000000000000000000000120c61e6342ae0
4015,0000000000000000000000000000000000000000000000000000000000000000000000000000000000000000000000000000000000000000001296eeaba31a40
4025,000000000000000000000000000000000000000000000000000000000000000000000000000000000000000000000000000000000000000000105b7fa0e944a0
4035,0000000000000000000000000000000000000000000000000000000000000000000000000000000000000000000000000000000000000000000ef89707985ee0
4045,00000000000000000000000000000000000000000000000000000000000000000000000000000000000000000000000000000000000000000015acf6d8dd3100
4055,0000000000000000000000000000000000000000000000000000000000000000000000000000000000000000000000000000000000000000001302d85598aec0
4065,00000000000000000000000000000000000000000000000000000000000000000000000000000000000000000000000000000000000000000011d2182f0df180
4075,0000000000000000000000000000000000000000000000000000000000000000000000000000000000000000000000000000000000000000001b9b65fc64ca80
4085,00000000000000000000000000000000000000000000000000000000000000000000000000000000000000000000000000000000000000000019573ead5510c0
4095,0000000000000000000000000000000000000000000000000000000000000000000000000000000000000000000000000000000000000000000d29c193170800
4105,0000000000000000000000000000000000000000000000000000000000000000000000000000000000000000000000000000000000000000002f1123ca3f8260
4115,000000000000000000000000000000000000000000000000000000000000000000000000000000000000000000000000000000000000000000102fff68c3f760
4125,000000000000000000000000000000000000000000000000000000000000000000000000000000000000000000000000000000000000000000111bc0e2b9ca60
4135,00000000000000000000000000000000000000000000000000000000000000000000000000000000000000000000000000000000000000000039ccbf5fe02660
4145,0000000000000000000000000000000000000000000000000000000000000000000000000000000000000000000000000000000000000000001e92b5709d22a0
4155,00000000000000000000000000000000000000000000000000000000000000000000000000000000000000000000000000000000000000000018b26a5fd2d5e0
4165,0000000000000000000000000000000000000000000000000000000000000000000000000000000000000000000000000000000000000000001dd97673400480
4175,000000000000000000000000000000000000000000000000000000000000000000000000000000000000000000000000000000000000000000139bb81037e980
4185,00000000000000000000000000000000000000000000000000000000000000000000000000000000000000000000000000000000000000000012b7c864801fa0
4195,00000000000000000000000000000000000000000000000000000000000000000000000000000000000000000000000000000000000000000025d018876b6800
4205,0000000000000000000000000000000000000000000000000000000000000000000000000000000000000000000000000000000000000000001545fb4243ccc0
4215,0000000000000000000000000000000000000000000000000000000000000000000000000000000000000000000000000000000000000000004c7d5aec3e81c0
4225,0000000000000000000000000000000000000000000000000000000000000000000000000000000000000000000000000000000000000000001f294b66778720
4235,00000000000000000000000000000000000000000000000000000000000000000000000000000000000000000000000000000000000000000031b2be930333c0
4245,00000000000000000000000000000000000000000000000000000000000000000000000000000000000000000000000000000000000000000012f0578812f060
4255,0000000000000000000000000000000000000000000000000000000000000000000000000000000000000000000000000000000000000000000dd629b8b41660
4265,0000000000000000000000000000000000000000000000000000000000000000000000000000000000000000000000000000000000000000001f079e23d02540
4275,00000000000000000000000000000000000000000000000000000000000000000000000000000000000000000000000000000000000000000016756b9047a180
4285,0000000000000000000000000000000000000000000000000000000000000000000000000000000000000000000000000000000000000000004616fb29696960
4295,0000000000000000000000000000000000000000000000000000000000000000000000000000000000000000000000000000000000000000002abf6545fcb180
4305,000000000000000000000000000000000000000000000000000000000000000000000000000000000000000000000000000000000000000000215d8971ad6a00
4315,000000000000000000000000000000000000000000000000000000000000000000000000000000000000000000000000000000000000000000172fe683b6d7c0
4325,00000000000000000000000000000000000000000000000000000000000000000000000000000000000000000000000000000000000000000028333d9950d700
4335,000000000000000000000000000000000000000000000000000000000000000000000000000000000000000000000000000000000000000000158552d1b06120
4345,0000000000000000000000000000000000000000000000000000000000000000000000000000000000000000000000000000000000000000001174d23556e900
4355,000000000000000000000000000000000000000000000000000000000000000000000000000000000000000000000000000000000000000000213d4acc772ca0
4365,0000000000000000000000000000000000000000000000000000000000000000000000000000000000000000000000000000000000000000002397194b4c7600
4375,000000000000000000000000000000000000000000000000000000000000000000000000000000000000000000000000000000000000000000275b3e1e063180
4385,00000000000000000000000000000000000000000000000000000000000000000000000000000000000000000000000000000000000000000014a60bc3321340
4395,00000000000000000000000000000000000000000000000000000000000000000000000000000000000000000000000000000000000000000022b15f471604c0
4405,0000000000000000000000000000000000000000000000000000000000000000000000000000000000000000000000000000000000000000002010799bcff7c0
4415,000000000000000000000000000000000000000000000000000000000000000000000000000000000000000000000000000000000000000000183a9ede0caf60
4425,0000000000000000000000000000000000000000000000000000000000000000000000000000000000000000000000000000000000000000001b0a73c13ccee0
4435,0000000000000000000000000000000000000000000000000000000000000000000000000000000000000000000000000000000000000000002b5b35b1a44800
4445,00000000000000000000000000000000000000000000000000000000000000000000000000000000000000000000000000000000000000000011fdc0224442a0
4455,0000000000000000000000000000000000000000000000000000000000000000000000000000000000000000000000000000000000000000001a8b98c9c910a0
4465,00000000000000000000000000000000000000000000000000000000000000000000000000000000000000000000000000000000000000000029aeb1585cd280
4475,0000000000000000000000000000000000000000000000000000000000000000000000000000000000000000000000000000000000000000001b417aa9d65c60
4485,0000000000000000000000000000000000000000000000000000000000000000000000000000000000000000000000000000000000000000001295a3abb96800
4495,0000000000000000000000000000000000000000000000000000000000000000000000000000000000000000000000000000000000000000000f5570e3ccd7c0
4505,000000000000000000000000000000000000000000000000000000000000000000000000000000000000000000000000000000000000000000170ed9237ad740
4515,0000000000000000000000000000000000000000000000000000000000000000000000000000000000000000000000000000000000000000002343c0dac2c980
4525,0000000000000000000000000000000000000000000000000000000000000000000000000000000000000000000000000000000000000000001d37816a788d00
4535,0000000000000000000000000000000000000000000000000000000000000000000000000000000000000000000000000000000000000000000db797e225e060
4545,000000000000000000000000000000000000000000000000000000000000000000000000000000000000000000000000000000000000000000383bb80e972180
4555,00000000000000000000000000000000000000000000000000000000000000000000000000000000000000000000000000000000000000000020fc4c02136bc0
4565,000000000000000000000000000000000000000000000000000000000000000000000000000000000000000000000000000000000000000000107e424fccb9e0
4575,0000000000000000000000000000000000000000000000000000000000000000000000000000000000000000000000000000000000000000002d0755ed68a3e0
4585,0000000000000000000000000000000000000000000000000000000000000000000000000000000000000000000000000000000000000000001bc56ce5de9800
4595,0000000000000000000000000000000000000000000000000000000000000000000000000000000000000000000000000000000000000000002be0b950079f20
4605,0000000000000000000000000000000000000000000000000000000000000000000000000000000000000000000000000000000000000000002a53731c07afa0
4615,00000000000000000000000000000000000000000000000000000000000000000000000000000000000000000000000000000000000000000022ada6b3a4f9a0
4625,00000000000000000000000000000000000000000000000000000000000000000000000000000000000000000000000000000000000000000012a46c797f4c60
4635,000000000000000000000000000000000000000000000000000000000000000000000000000000000000000000000000000000000000000000669b3e82585760
4645,00000000000000000000000000000000000000000000000000000000000000000000000000000000000000000000000000000000000000000011134b45c1dea0
4655,0000000000000000000000000000000000000000000000000000000000000000000000000000000000000000000000000000000000000000001793682e3d6e40
4665,00000000000000000000000000000000000000000000000000000000000000000000000000000000000000000000000000000000000000000033ba1ad27a6180
4675,0000000000000000000000000000000000000000000000000000000000000000000000000000000000000000000000000000000000000000004767933a1d9ee0
4685,0000000000000000000000000000000000000000000000000000000000000000000000000000000000000000000000000000000000000000001c4159989895a0
4695,0000000000000000000000000000000000000000000000000000000000000000000000000000000000000000000000000000000000000000001ed741d84d7140
4705,0000000000000000000000000000000000000000000000000000000000000000000000000000000000000000000000000000000000000000001cdc6ee6c2ef40
4715,0000000000000000000000000000000000000000000000000000000000000000000000000000000000000000000000000000000000000000001b718c6b8578a0
4725,0000000000000000000000000000000000000000000000000000000000000000000000000000000000000000000000000000000000000000001828242e106020
4735,000000000000000000000000000000000000000000000000000000000000000000000000000000000000000000000000000000000000000000157e7e3e74f900
4745,00000000000000000000000000000000000000000000000000000000000000000000000000000000000000000000000000000000000000000023c9b13e0b1b20
4755,00000000000000000000000000000000000000000000000000000000000000000000000000000000000000000000000000000000000000000013e29f81983340
4765,0000000000000000000000000000000000000000000000000000000000000000000000000000000000000000000000000000000000000000001b552759be0d20
4775,0000000000000000000000000000000000000000000000000000000000000000000000000000000000000000000000000000000000000000002aaaa1789df6e0
4785,000000000000000000000000000000000000000000000000000000000000000000000000000000000000000000000000000000000000000000215f1105444260
4795,00000000000000000000000000000000000000000000000000000000000000000000000000000000000000000000000000000000000000000014a283885b5000
4805,00000000000000000000000000000000000000000000000000000000000000000000000000000000000000000000000000000000000000000026ddbf4ddd73c0
4815,0000000000000000000000000000000000000000000000000000000000000000000000000000000000000000000000000000000000000000001624a10be0a9c0
4825,0000000000000000000000000000000000000000000000000000000000000000000000000000000000000000000000000000000000000000001e90f80e44fe20
4835,000000000000000000000000000000000000000000000000000000000000000000000000000000000000000000000000000000000000000000479d337b6ce100
4845,00000000000000000000000000000000000000000000000000000000000000000000000000000000000000000000000000000000000000000013081c9a2a23e0
4855,0000000000000000000000000000000000000000000000000000000000000000000000000000000000000000000000000000000000000000002768ba583143c0
4865,00000000000000000000000000000000000000000000000000000000000000000000000000000000000000000000000000000000000000000013017fc1feaba0
4875,00000000000000000000000000000000000000000000000000000000000000000000000000000000000000000000000000000000000000000018cf120f1f9ce0
4885,0000000000000000000000000000000000000000000000000000000000000000000000000000000000000000000000000000000000000000003072e359cbce80
4895,0000000000000000000000000000000000000000000000000000000000000000000000000000000000000000000000000000000000000000001b2528b5977fc0
4905,0000000000000000000000000000000000000000000000000000000000000000000000000000000000000000000000000000000000000000001a81890f62eec0
4915,0000000000000000000000000000000000000000000000000000000000000000000000000000000000000000000000000000000000000000000b2626849a2960
4925,0000000000000000000000000000000000000000000000000000000000000000000000000000000000000000000000000000000000000000001c14a460881aa0
4935,00000000000000000000000000000000000000000000000000000000000000000000000000000000000000000000000000000000000000000032a172d1b279c0
4945,00000000000000000000000000000000000000000000000000000000000000000000000000000000000000000000000000000000000000000011b88c133cc9e0
4955,000000000000000000000000000000000000000000000000000000000000000000000000000000000000000000000000000000000000000000144c6a044feb00
4965,0000000000000000000000000000000000000000000000000000000000000000000000000000000000000000000000000000000000000000000b94a3f34f97a0
4975,0000000000000000000000000000000000000000000000000000000000000000000000000000000000000000000000000000000000000000001438194a9aaa60
4985,0000000000000000000000000000000000000000000000000000000000000000000000000000000000000000000000000000000000000000001fe4b5462568e0
4995,00000000000000000000000000000000000000000000000000000000000000000000000000000000000000000000000000000000000000000015188f27c97d20
5005,00000000000000000000000000000000000000000000000000000000000000000000000000000000000000000000000000000000000000000015e9bc5e9d7f00
5015,0000000000000000000000000000000000000000000000000000000000000000000000000000000000000000000000000000000000000000002ccb2b4a140d80
5025,00000000000000000000000000000000000000000000000000000000000000000000000000000000000000000000000000000000000000000014233ca4a01280
5035,000000000000000000000000000000000000000000000000000000000000000000000000000000000000000000000000000000000000000000254917f2fa5a00
5045,0000000000000000000000000000000000000000000000000000000000000000000000000000000000000000000000000000000000000000001fc924f93bf5e0
5055,0000000000000000000000000000000000000000000000000000000000000000000000000000000000000000000000000000000000000000001eafc502591100
5065,00000000000000000000000000000000000000000000000000000000000000000000000000000000000000000000000000000000000000000029d71990b77dc0
5075,000000000000000000000000000000000000000000000000000000000000000000000000000000000000000000000000000000000000000000197cfa8367b240
5085,00000000000000000000000000000000000000000000000000000000000000000000000000000000000000000000000000000000000000000022da9a1313baa0
5095,0000000000000000000000000000000000000000000000000000000000000000000000000000000000000000000000000000000000000000001f448f822b08c0
5105,00000000000000000000000000000000000000000000000000000000000000000000000000000000000000000000000000000000000000000013240822212260
5115,00000000000000000000000000000000000000000000000000000000000000000000000000000000000000000000000000000000000000000031cc28c287dfa0
5125,0000000000000000000000000000000000000000000000000000000000000000000000000000000000000000000000000000000000000000001b7dea60d78640
5135,000000000000000000000000000000000000000000000000000000000000000000000000000000000000000000000000000000000000000000132b5cdcb65e00
5145,00000000000000000000000000000000000000000000000000000000000000000000000000000000000000000000000000000000000000000013c8622abf4ba0
5155,0000000000000000000000000000000000000000000000000000000000000000000000000000000000000000000000000000000000000000001f3426f96d7680
5165,00000000000000000000000000000000000000000000000000000000000000000000000000000000000000000000000000000000000000000015526dfc80c2e0
5175,0000000000000000000000000000000000000000000000000000000000000000000000000000000000000000000000000000000000000000001c688364b9f0c0
5185,0000000000000000000000000000000000000000000000000000000000000000000000000000000000000000000000000000000000000000001e8e50849a2aa0
5195,000000000000000000000000000000000000000000000000000000000000000000000000000000000000000000000000000000000000000000377d8fe053a640
5205,0000000000000000000000000000000000000000000000000000000000000000000000000000000000000000000000000000000000000000001775ba7f024ec0
5215,000000000000000000000000000000000000000000000000000000000000000000000000000000000000000000000000000000000000000000188bf413a56260
5225,0000000000000000000000000000000000000000000000000000000000000000000000000000000000000000000000000000000000000000001242c26c62c720
5235,0000000000000000000000000000000000000000000000000000000000000000000000000000000000000000000000000000000000000000004f1a3970679400
5245,0000000000000000000000000000000000000000000000000000000000000000000000000000000000000000000000000000000000000000001634c6598f1280
5255,0000000000000000000000000000000000000000000000000000000000000000000000000000000000000000000000000000000000000000002247a4d80e72c0
5265,0000000000000000000000000000000000000000000000000000000000000000000000000000000000000000000000000000000000000000002d1eac5824d600
5275,00000000000000000000000000000000000000000000000000000000000000000000000000000000000000000000000000000000000000000017dbbc15ac8b80
5285,0000000000000000000000000000000000000000000000000000000000000000000000000000000000000000000000000000000000000000001d05ab0b5e17c0
5295,00000000000000000000000000000000000000000000000000000000000000000000000000000000000000000000000000000000000000000021c3317e8511c0
5305,00000000000000000000000000000000000000000000000000000000000000000000000000000000000000000000000000000000000000000009ccb108301a80
5315,0000000000000000000000000000000000000000000000000000000000000000000000000000000000000000000000000000000000000000000cfec4f872b500
5325,00000000000000000000000000000000000000000000000000000000000000000000000000000000000000000000000000000000000000000038385c22824e40
5335,0000000000000000000000000000000000000000000000000000000000000000000000000000000000000000000000000000000000000000000eabe7b425a5c0
5345,00000000000000000000000000000000000000000000000000000000000000000000000000000000000000000000000000000000000000000037d6d88b8a9400
5355,0000000000000000000000000000000000000000000000000000000000000000000000000000000000000000000000000000000000000000001ffcc0ebe91600
5365,0000000000000000000000000000000000000000000000000000000000000000000000000000000000000000000000000000000000000000001a9130982d8240
5375,000000000000000000000000000000000000000000000000000000000000000000000000000000000000000000000000000000000000000000164b8f4e2d6a60
5385,0000000000000000000000000000000000000000000000000000000000000000000000000000000000000000000000000000000000000000001d4fac2dc3fa00
5395,00000000000000000000000000000000000000000000000000000000000000000000000000000000000000000000000000000000000000000013365ff98240e0
5405,0000000000000000000000000000000000000000000000000000000000000000000000000000000000000000000000000000000000000000001082c3ed08d6a0
5415,0000000000000000000000000000000000000000000000000000000000000000000000000000000000000000000000000000000000000000000ff24e31d87760
5425,0000000000000000000000000000000000000000000000000000000000000000000000000000000000000000000000000000000000000000001b5166c64d8c00
5435,000000000000000000000000000000000000000000000000000000000000000000000000000000000000000000000000000000000000000000496299e6b855c0
5445,000000000000000000000000000000000000000000000000000000000000000000000000000000000000000000000000000000000000000000262df759b5adc0
5455,0000000000000000000000000000000000000000000000000000000000000000000000000000000000000000000000000000000000000000001e2e24e3b2a580
5465,000000000000000000000000000000000000000000000000000000000000000000000000000000000000000000000000000000000000000000191daa76229c80
5475,0000000000000000000000000000000000000000000000000000000000000000000000000000000000000000000000000000000000000000004a32a058b3e5a0
5485,0000000000000000000000000000000000000000000000000000000000000000000000000000000000000000000000000000000000000000003bde1c639715a0
5495,0000000000000000000000000000000000000000000000000000000000000000000000000000000000000000000000000000000000000000001c8f3375cfce80
5505,0000000000000000000000000000000000000000000000000000000000000000000000000000000000000000000000000000000000000000001f6a2e75c97520
5515,000000000000000000000000000000000000000000000000000000000000000000000000000000000000000000000000000000000000000000172b57fa2cd500
5525,0000000000000000000000000000000000000000000000000000000000000000000000000000000000000000000000000000000000000000000da7dd63353180
5535,0000000000000000000000000000000000000000000000000000000000000000000000000000000000000000000000000000000000000000002dbca2f4e26d60
5545,0000000000000000000000000000000000000000000000000000000000000000000000000000000000000000000000000000000000000000001bd2aff8ab0e00
5555,000000000000000000000000000000000000000000000000000000000000000000000000000000000000000000000000000000000000000000116091c08cde80
5565,00000000000000000000000000000000000000000000000000000000000000000000000000000000000000000000000000000000000000000023d3443d65f360
5575,00000000000000000000000000000000000000000000000000000000000000000000000000000000000000000000000000000000000000000010c6b6a3886cc0
5585,0000000000000000000000000000000000000000000000000000000000000000000000000000000000000000000000000000000000000000001a72e55f2462c0
5595,0000000000000000000000000000000000000000000000000000000000000000000000000000000000000000000000000000000000000000001ebabc0b748920
5605,000000000000000000000000000000000000000000000000000000000000000000000000000000000000000000000000000000000000000000130f7e8fd22c80
5615,000000000000000000000000000000000000000000000000000000000000000000000000000000000000000000000000000000000000000000135b2445ccf2e0
5625,000000000000000000000000000000000000000000000000000000000000000000000000000000000000000000000000000000000000000000207b561e753900
5635,00000000000000000000000000000000000000000000000000000000000000000000000000000000000000000000000000000000000000000013aca2a2c55620
5645,0000000000000000000000000000000000000000000000000000000000000000000000000000000000000000000000000000000000000000001ac46fa86abd40
5655,0000000000000000000000000000000000000000000000000000000000000000000000000000000000000000000000000000000000000000001c20705fbc9ba0
5665,000000000000000000000000000000000000000000000000000000000000000000000000000000000000000000000000000000000000000000153eb5b8e89ec0
5675,0000000000000000000000000000000000000000000000000000000000000000000000000000000000000000000000000000000000000000001ae88d0871e9c0
5685,0000000000000000000000000000000000000000000000000000000000000000000000000000000000000000000000000000000000000000000c8f71f61a6fe0
5695,0000000000000000000000000000000000000000000000000000000000000000000000000000000000000000000000000000000000000000001082d745a512c0
5705,0000000000000000000000000000000000000000000000000000000000000000000000000000000000000000000000000000000000000000001e9d72039528c0
5715,0000000000000000000000000000000000000000000000000000000000000000000000000000000000000000000000000000000000000000000c1dadea13ab20
5725,00000000000000000000000000000000000000000000000000000000000000000000000000000000000000000000000000000000000000000010c75305f40a80
5735,0000000000000000000000000000000000000000000000000000000000000000000000000000000000000000000000000000000000000000002226bc1559d340
5745,000000000000000000000000000000000000000000000000000000000000000000000000000000000000000000000000000000000000000000306ff2016107e0
5755,0000000000000000000000000000000000000000000000000000000000000000000000000000000000000000000000000000000000000000002eec4b2558a580
5765,000000000000000000000000000000000000000000000000000000000000000000000000000000000000000000000000000000000000000000160c2f03adbb60
5775,000000000000000000000000000000000000000000000000000000000000000000000000000000000000000000000000000000000000000000284b0d97b61300
5785,0000000000000000000000000000000000000000000000000000000000000000000000000000000000000000000000000000000000000000001c927b445c2420
5795,0000000000000000000000000000000000000000000000000000000000000000000000000000000000000000000000000000000000000000001149c6df9fe2e0
5805,0000000000000000000000000000000000000000000000000000000000000000000000000000000000000000000000000000000000000000001d6e9c0e247760
5815,00000000000000000000000000000000000000000000000000000000000000000000000000000000000000000000000000000000000000000010fe01a9a73be0
5825,000000000000000000000000000000000000000000000000000000000000000000000000000000000000000000000000000000000000000000213c28d6635400
5835,0000000000000000000000000000000000000000000000000000000000000000000000000000000000000000000000000000000000000000001686718f21fa00
5845,0000000000000000000000000000000000000000000000000000000000000000000000000000000000000000000000000000000000000000000d657e67ae1840
5855,0000000000000000000000000000000000000000000000000000000000000000000000000000000000000000000000000000000000000000002a60e87d95ae20
5865,00000000000000000000000000000000000000000000000000000000000000000000000000000000000000000000000000000000000000000010269ddf8d2c60
5875,0000000000000000000000000000000000000000000000000000000000000000000000000000000000000000000000000000000000000000002d0fbab1c42860
5885,0000000000000000000000000000000000000000000000000000000000000000000000000000000000000000000000000000000000000000002bb65f52e22fa0
5895,000000000000000000000000000000000000000000000000000000000000000000000000000000000000000000000000000000000000000000198f4f022b80a0
5905,0000000000000000000000000000000000000000000000000000000000000000000000000000000000000000000000000000000000000000001b23a8f0c50d00
5915,00000000000000000000000000000000000000000000000000000000000000000000000000000000000000000000000000000000000000000023ab86dd9d4ee0
5925,0000000000000000000000000000000000000000000000000000000000000000000000000000000000000000000000000000000000000000001d7d1297039820
5935,00000000000000000000000000000000000000000000000000000000000000000000000000000000000000000000000000000000000000000017ef913bb8e4c0
5945,00000000000000000000000000000000000000000000000000000000000000000000000000000000000000000000000000000000000000000021e8aa236126a0
5955,000000000000000000000000000000000000000000000000000000000000000000000000000000000000000000000000000000000000000000238c0524a91b80
5965,0000000000000000000000000000000000000000000000000000000000000000000000000000000000000000000000000000000000000000003baecb84512180
5975,0000000000000000000000000000000000000000000000000000000000000000000000000000000000000000000000000000000000000000001fe32eb28e7f40
5985,0000000000000000000000000000000000000000000000000000000000000000000000000000000000000000000000000000000000000000003040f7bf9f1640
5995,00000000000000000000000000000000000000000000000000000000000000000000000000000000000000000000000000000000000000000031b99a88b443e0
6005,0000000000000000000000000000000000000000000000000000000000000000000000000000000000000000000000000000000000000000001e6b1cb8347c00
6015,0000000000000000000000000000000000000000000000000000000000000000000000000000000000000000000000000000000000000000002c4bec0dbac220
6025,000000000000000000000000000000000000000000000000000000000000000000000000000000000000000000000000000000000000000000413da1fd0eb140
6035,0000000000000000000000000000000000000000000000000000000000000000000000000000000000000000000000000000000000000000001768a3c4d065a0
6045,000000000000000000000000000000000000000000000000000000000000000000000000000000000000000000000000000000000000000000315497b6e52b20
6055,00000000000000000000000000000000000000000000000000000000000000000000000000000000000000000000000000000000000000000039025f4ff947c0
6065,00000000000000000000000000000000000000000000000000000000000000000000000000000000000000000000000000000000000000000026016204193420
6075,00000000000000000000000000000000000000000000000000000000000000000000000000000000000000000000000000000000000000000015d613e9c93680
6085,0000000000000000000000000000000000000000000000000000000000000000000000000000000000000000000000000000000000000000001b503ae3eb99a0
6095,00000000000000000000000000000000000000000000000000000000000000000000000000000000000000000000000000000000000000000033c0ec5204c3a0
6105,00000000000000000000000000000000000000000000000000000000000000000000000000000000000000000000000000000000000000000017ab010543eb80
6115,00000000000000000000000000000000000000000000000000000000000000000000000000000000000000000000000000000000000000000043cacd15f7d5a0
6125,0000000000000000000000000000000000000000000000000000000000000000000000000000000000000000000000000000000000000000001171970e2c2f40
6135,0000000000000000000000000000000000000000000000000000000000000000000000000000000000000000000000000000000000000000001e6ade55c288c0
6145,0000000000000000000000000000000000000000000000000000000000000000000000000000000000000000000000000000000000000000001ad9713ab19d20
6155,000000000000000000000000000000000000000000000000000000000000000000000000000000000000000000000000000000000000000000299a497746ab20
6165,000000000000000000000000000000000000000000000000000000000000000000000000000000000000000000000000000000000000000000295361cad2b420
6175,000000000000000000000000000000000000000000000000000000000000000000000000000000000000000000000000000000000000000000132080f122eac0
6185,00000000000000000000000000000000000000000000000000000000000000000000000000000000000000000000000000000000000000000016ce751df8f760
6195,0000000000000000000000000000000000000000000000000000000000000000000000000000000000000000000000000000000000000000001629239f441860
6205,0000000000000000000000000000000000000000000000000000000000000000000000000000000000000000000000000000000000000000004abf3e31b06980
6215,0000000000000000000000000000000000000000000000000000000000000000000000000000000000000000000000000000000000000000002646e2c45695a0
6225,0000000000000000000000000000000000000000000000000000000000000000000000000000000000000000000000000000000000000000000f1297f22693e0
6235,0000000000000000000000000000000000000000000000000000000000000000000000000000000000000000000000000000000000000000000884126d19b840
6245,0000000000000000000000000000000000000000000000000000000000000000000000000000000000000000000000000000000000000000000e9e53350fe760
6255,00000000000000000000000000000000000000000000000000000000000000000000000000000000000000000000000000000000000000000010888d8a2ed960
6265,000000000000000000000000000000000000000000000000000000000000000000000000000000000000000000000000000000000000000000485a6fd122b6c0
6275,0000000000000000000000000000000000000000000000000000000000000000000000000000000000000000000000000000000000000000001995809571e480
6285,0000000000000000000000000000000000000000000000000000000000000000000000000000000000000000000000000000000000000000000e915b9865be20
6295,0000000000000000000000000000000000000000000000000000000000000000000000000000000000000000000000000000000000000000001eb56fa959c760
6305,0000000000000000000000000000000000000000000000000000000000000000000000000000000000000000000000000000000000000000001a262de44fc020
6315,00000000000000000000000000000000000000000000000000000000000000000000000000000000000000000000000000000000000000000014cb5940ae9a60
6325,0000000000000000000000000000000000000000000000000000000000000000000000000000000000000000000000000000000000000000001b1555056d6fc0
6335,0000000000000000000000000000000000000000000000000000000000000000000000000000000000000000000000000000000000000000001c91ad09565860
6345,00000000000000000000000000000000000000000000000000000000000000000000000000000000000000000000000000000000000000000011a4cf45cc5680
6355,0000000000000000000000000000000000000000000000000000000000000000000000000000000000000000000000000000000000000000001f922786c927a0
6365,0000000000000000000000000000000000000000000000000000000000000000000000000000000000000000000000000000000000000000001f5f181deb2cc0
6375,0000000000000000000000000000000000000000000000000000000000000000000000000000000000000000000000000000000000000000001c8fa875c7ec40
6385,0000000000000000000000000000000000000000000000000000000000000000000000000000000000000000000000000000000000000000001484fccf44f2e0
6395,0000000000000000000000000000000000000000000000000000000000000000000000000000000000000000000000000000000000000000001040cd7b534fa0
6405,0000000000000000000000000000000000000000000000000000000000000000000000000000000000000000000000000000000000000000001a4e553a38a340
6415,000000000000000000000000000000000000000000000000000000000000000000000000000000000000000000000000000000000000000000243461ad0219a0
6425,00000000000000000000000000000000000000000000000000000000000000000000000000000000000000000000000000000000000000000016552b089b5d40
6435,0000000000000000000000000000000000000000000000000000000000000000000000000000000000000000000000000000000000000000001ffea1f5a149a0
6445,00000000000000000000000000000000000000000000000000000000000000000000000000000000000000000000000000000000000000000048f4b7d095f9a0
6455,0000000000000000000000000000000000000000000000000000000000000000000000000000000000000000000000000000000000000000001a4f434dd9d380
6465,00000000000000000000000000000000000000000000000000000000000000000000000000000000000000000000000000000000000000000017f95ff62367e0
6475,00000000000000000000000000000000000000000000000000000000000000000000000000000000000000000000000000000000000000000019f025f1cc6700
6485,000000000000000000000000000000000000000000000000000000000000000000000000000000000000000000000000000000000000000000221f586e76d420
6495,0000000000000000000000000000000000000000000000000000000000000000000000000000000000000000000000000000000000000000001fd66c5acd0de0
6505,000000000000000000000000000000000000000000000000000000000000000000000000000000000000000000000000000000000000000000139c38cb42ee20
6515,000000000000000000000000000000000000000000000000000000000000000000000000000000000000000000000000000000000000000000225e78d684a9c0
6525,0000000000000000000000000000000000000000000000000000000000000000000000000000000000000000000000000000000000000000000c24c190fc0e40
6535,0000000000000000000000000000000000000000000000000000000000000000000000000000000000000000000000000000000000000000002db7386b673da0
6545,0000000000000000000000000000000000000000000000000000000000000000000000000000000000000000000000000000000000000000002249e6e1c01d20
6555,000000000000000000000000000000000000000000000000000000000000000000000000000000000000000000000000000000000000000000120acf978a5a60
6565,00000000000000000000000000000000000000000000000000000000000000000000000000000000000000000000000000000000000000000028c3958f96e900
6575,0000000000000000000000000000000000000000000000000000000000000000000000000000000000000000000000000000000000000000001cf1c6a0667720
6585,0000000000000000000000000000000000000000000000000000000000000000000000000000000000000000000000000000000000000000001d37ae43131140
6595,00000000000000000000000000000000000000000000000000000000000000000000000000000000000000000000000000000000000000000013d6fa3d74c760
6605,0000000000000000000000000000000000000000000000000000000000000000000000000000000000000000000000000000000000000000001402f57591cae0
6615,0000000000000000000000000000000000000000000000000000000000000000000000000000000000000000000000000000000000000000002b0dd6ca8c2880
6625,00000000000000000000000000000000000000000000000000000000000000000000000000000000000000000000000000000000000000000027898c2e98a9c0
6635,0000000000000000000000000000000000000000000000000000000000000000000000000000000000000000000000000000000000000000002bc43a20b81d80
6645,0000000000000000000000000000000000000000000000000000000000000000000000000000000000000000000000000000000000000000000d8794a075ca00
6655,0000000000000000000000000000000000000000000000000000000000000000000000000000000000000000000000000000000000000000002e79b1ca9b5400
6665,00000000000000000000000000000000000000000000000000000000000000000000000000000000000000000000000000000000000000000017c50ad247aea0
6675,00000000000000000000000000000000000000000000000000000000000000000000000000000000000000000000000000000000000000000014a0bb573ef9a0
6685,000000000000000000000000000000000000000000000000000000000000000000000000000000000000000000000000000000000000000000270d3b40d1bbe0
6695,0000000000000000000000000000000000000000000000000000000000000000000000000000000000000000000000000000000000000000004604cfb47b74a0
6705,00000000000000000000000000000000000000000000000000000000000000000000000000000000000000000000000000000000000000000018ffbe9f893700
6715,00000000000000000000000000000000000000000000000000000000000000000000000000000000000000000000000000000000000000000022bad6e3fc8e00
6725,0000000000000000000000000000000000000000000000000000000000000000000000000000000000000000000000000000000000000000002aef59c2c177e0
6735,00000000000000000000000000000000000000000000000000000000000000000000000000000000000000000000000000000000000000000016f06aaf606640
6745,000000000000000000000000000000000000000000000000000000000000000000000000000000000000000000000000000000000000000000233de9c7764c80
6755,0000000000000000000000000000000000000000000000000000000000000000000000000000000000000000000000000000000000000000001856808d66cde0
6765,00000000000000000000000000000000000000000000000000000000000000000000000000000000000000000000000000000000000000000020bf3a54f5c940
6775,0000000000000000000000000000000000000000000000000000000000000000000000000000000000000000000000000000000000000000002800f2e1a0aee0
6785,00000000000000000000000000000000000000000000000000000000000000000000000000000000000000000000000000000000000000000020dc00f08f3fc0
6795,0000000000000000000000000000000000000000000000000000000000000000000000000000000000000000000000000000000000000000002cb67669031660
6805,0000000000000000000000000000000000000000000000000000000000000000000000000000000000000000000000000000000000000000001cc162e8957e40
6815,00000000000000000000000000000000000000000000000000000000000000000000000000000000000000000000000000000000000000000027d8b329434900
6825,00000000000000000000000000000000000000000000000000000000000000000000000000000000000000000000000000000000000000000012350914b1fa80
6835,0000000000000000000000000000000000000000000000000000000000000000000000000000000000000000000000000000000000000000002166cb710db780
6845,0000000000000000000000000000000000000000000000000000000000000000000000000000000000000000000000000000000000000000002d0ee61e214040
6855,0000000000000000000000000000000000000000000000000000000000000000000000000000000000000000000000000000000000000000002d8e16a9407560
6865,0000000000000000000000000000000000000000000000000000000000000000000000000000000000000000000000000000000000000000001f9a12cb2cdc00
6875,00000000000000000000000000000000000000000000000000000000000000000000000000000000000000000000000000000000000000000012ff44071180c0
6885,0000000000000000000000000000000000000000000000000000000000000000000000000000000000000000000000000000000000000000000e4bcc75b32d60
6895,0000000000000000000000000000000000000000000000000000000000000000000000000000000000000000000000000000000000000000000a58226b197ae0
6905,0000000000000000000000000000000000000000000000000000000000000000000000000000000000000000000000000000000000000000002504db28ce86a0
6915,000000000000000000000000000000000000000000000000000000000000000000000000000000000000000000000000000000000000000000153a8a87f57420
6925,00000000000000000000000000000000000000000000000000000000000000000000000000000000000000000000000000000000000000000024124f87eb5ca0
6935,00000000000000000000000000000000000000000000000000000000000000000000000000000000000000000000000000000000000000000037124c18c90ba0
6945,0000000000000000000000000000000000000000000000000000000000000000000000000000000000000000000000000000000000000000003db4223039f460
6955,0000000000000000000000000000000000000000000000000000000000000000000000000000000000000000000000000000000000000000000e6fc4a481c7c0
6965,0000000000000000000000000000000000000000000000000000000000000000000000000000000000000000000000000000000000000000000d2a697581df60
6975,00000000000000000000000000000000000000000000000000000000000000000000000000000000000000000000000000000000000000000017ac3cfb5603a0
6985,00000000000000000000000000000000000000000000000000000000000000000000000000000000000000000000000000000000000000000010a9926a6b6c80
6995,0000000000000000000000000000000000000000000000000000000000000000000000000000000000000000000000000000000000000000001c26392e1dc000
7005,0000000000000000000000000000000000000000000000000000000000000000000000000000000000000000000000000000000000000000001971742b90f5e0
7015,00000000000000000000000000000000000000000000000000000000000000000000000000000000000000000000000000000000000000000013685ef623d220
7025,0000000000000000000000000000000000000000000000000000000000000000000000000000000000000000000000000000000000000000000f81242f9fef00
7035,0000000000000000000000000000000000000000000000000000000000000000000000000000000000000000000000000000000000000000001e59f125ab70a0
7045,00000000000000000000000000000000000000000000000000000000000000000000000000000000000000000000000000000000000000000022fc2bcbe45a00
7055,0000000000000000000000000000000000000000000000000000000000000000000000000000000000000000000000000000000000000000002a626c388f3f00
7065,00000000000000000000000000000000000000000000000000000000000000000000000000000000000000000000000000000000000000000020c8fbd44d7f60
7075,0000000000000000000000000000000000000000000000000000000000000000000000000000000000000000000000000000000000000000002bfba8445e6780
7085,00000000000000000000000000000000000000000000000000000000000000000000000000000000000000000000000000000000000000000019c6544d3b5160
7095,000000000000000000000000000000000000000000000000000000000000000000000000000000000000000000000000000000000000000000287679287a4e60
7105,0000000000000000000000000000000000000000000000000000000000000000000000000000000000000000000000000000000000000000001aef1b7e2832c0
7115,00000000000000000000000000000000000000000000000000000000000000000000000000000000000000000000000000000000000000000031110cbb7248e0
7125,00000000000000000000000000000000000000000000000000000000000000000000000000000000000000000000000000000000000000000017144e8592d5c0
7135,0000000000000000000000000000000000000000000000000000000000000000000000000000000000000000000000000000000000000000003632ef1424d620
7145,000000000000000000000000000000000000000000000000000000000000000000000000000000000000000000000000000000000000000000130ab319fd7fc0
7155,00000000000000000000000000000000000000000000000000000000000000000000000000000000000000000000000000000000000000000011f1255e3161a0
7165,0000000000000000000000000000000000000000000000000000000000000000000000000000000000000000000000000000000000000000000eb30e96206e60
7175,000000000000000000000000000000000000000000000000000000000000000000000000000000000000000000000000000000000000000000180e1e12477100
7185,0000000000000000000000000000000000000000000000000000000000000000000000000000000000000000000000000000000000000000002009fca61880e0
7195,0000000000000000000000000000000000000000000000000000000000000000000000000000000000000000000000000000000000000000000f29ca66bdcfe0
7205,000000000000000000000000000000000000000000000000000000000000000000000000000000000000000000000000000000000000000000171167683b0fe0
7215,0000000000000000000000000000000000000000000000000000000000000000000000000000000000000000000000000000000000000000002d859d1ffa0860
7225,000000000000000000000000000000000000000000000000000000000000000000000000000000000000000000000000000000000000000000193062a61ac6e0
7235,000000000000000000000000000000000000000000000000000000000000000000000000000000000000000000000000000000000000000000129ba35c8d0100
7245,0000000000000000000000000000000000000000000000000000000000000000000000000000000000000000000000000000000000000000004f8e8fad7d12a0
7255,00000000000000000000000000000000000000000000000000000000000000000000000000000000000000000000000000000000000000000030fe49b2dd4fc0
7265,0000000000000000000000000000000000000000000000000000000000000000000000000000000000000000000000000000000000000000000fcfd165667400
7275,0000000000000000000000000000000000000000000000000000000000000000000000000000000000000000000000000000000000000000001b60cf767ed1c0
7285,0000000000000000000000000000000000000000000000000000000000000000000000000000000000000000000000000000000000000000002b12b918fcd500
7295,00000000000000000000000000000000000000000000000000000000000000000000000000000000000000000000000000000000000000000015dd94d5968b80
7305,00000000000000000000000000000000000000000000000000000000000000000000000000000000000000000000000000000000000000000012e142442ad080
7315,0000000000000000000000000000000000000000000000000000000000000000000000000000000000000000000000000000000000000000005b0567f1939040
7325,0000000000000000000000000000000000000000000000000000000000000000000000000000000000000000000000000000000000000000002a9d0865d74c60
7335,0000000000000000000000000000000000000000000000000000000000000000000000000000000000000000000000000000000000000000005705567b8110e0
7345,00000000000000000000000000000000000000000000000000000000000000000000000000000000000000000000000000000000000000000019d441075ecf00
7355,0000000000000000000000000000000000000000000000000000000000000000000000000000000000000000000000000000000000000000000def0d997ce2c0
7365,0000000000000000000000000000000000000000000000000000000000000000000000000000000000000000000000000000000000000000002384de6a10c660
7375,0000000000000000000000000000000000000000000000000000000000000000000000000000000000000000000000000000000000000000001c90591345de40
7385,00000000000000000000000000000000000000000000000000000000000000000000000000000000000000000000000000000000000000000013317479d71f40
7395,00000000000000000000000000000000000000000000000000000000000000000000000000000000000000000000000000000000000000000027e0611ee632a0
7405,00000000000000000000000000000000000000000000000000000000000000000000000000000000000000000000000000000000000000000022467c447133a0
7415,00000000000000000000000000000000000000000000000000000000000000000000000000000000000000000000000000000000000000000009e2fdf2fe3080
7425,00000000000000000000000000000000000000000000000000000000000000000000000000000000000000000000000000000000000000000015b05d44f14f20
7435,000000000000000000000000000000000000000000000000000000000000000000000000000000000000000000000000000000000000000000296606facc2640
7445,000000000000000000000000000000000000000000000000000000000000000000000000000000000000000000000000000000000000000000176dfb61fe16e0
7455,0000000000000000000000000000000000000000000000000000000000000000000000000000000000000000000000000000000000000000001d0057c6cda560
7465,0000000000000000000000000000000000000000000000000000000000000000000000000000000000000000000000000000000000000000001afc2c385a8360
7475,00000000000000000000000000000000000000000000000000000000000000000000000000000000000000000000000000000000000000000017429b29d6a1a0
7485,00000000000000000000000000000000000000000000000000000000000000000000000000000000000000000000000000000000000000000012f62e73fcf9e0
7495,0000000000000000000000000000000000000000000000000000000000000000000000000000000000000000000000000000000000000000001c5bd67945d2c0
7505,000000000000000000000000000000000000000000000000000000000000000000000000000000000000000000000000000000000000000000279e712d303b80
7515,00000000000000000000000000000000000000000000000000000000000000000000000000000000000000000000000000000000000000000014129ae0d2aa40
7525,00000000000000000000000000000000000000000000000000000000000000000000000000000000000000000000000000000000000000000019ebfc8f9e0980
7535,000000000000000000000000000000000000000000000000000000000000000000000000000000000000000000000000000000000000000000149b747523d900
7545,00000000000000000000000000000000000000000000000000000000000000000000000000000000000000000000000000000000000000000036878c70e762a0
7555,000000000000000000000000000000000000000000000000000000000000000000000000000000000000000000000000000000000000000000266decdf3effc0
7565,0000000000000000000000000000000000000000000000000000000000000000000000000000000000000000000000000000000000000000001840bf36408b40
7575,00000000000000000000000000000000000000000000000000000000000000000000000000000000000000000000000000000000000000000027e56fc5f16c00
7585,0000000000000000000000000000000000000000000000000000000000000000000000000000000000000000000000000000000000000000001385fb87d64040
7595,00000000000000000000000000000000000000000000000000000000000000000000000000000000000000000000000000000000000000000017d53864e1d780
7605,00000000000000000000000000000000000000000000000000000000000000000000000000000000000000000000000000000000000000000014fde9785a13a0
7615,000000000000000000000000000000000000000000000000000000000000000000000000000000000000000000000000000000000000000000166d6086f9c260
7625,00000000000000000000000000000000000000000000000000000000000000000000000000000000000000000000000000000000000000000018a50b081bf8c0
7635,00000000000000000000000000000000000000000000000000000000000000000000000000000000000000000000000000000000000000000012219529b2c540
7645,0000000000000000000000000000000000000000000000000000000000000000000000000000000000000000000000000000000000000000001ed17558b178e0
7655,00000000000000000000000000000000000000000000000000000000000000000000000000000000000000000000000000000000000000000043c9a329bd23e0
7665,000000000000000000000000000000000000000000000000000000000000000000000000000000000000000000000000000000000000000000322ed445ba6e20
7675,00000000000000000000000000000000000000000000000000000000000000000000000000000000000000000000000000000000000000000013a667d46be040
7685,000000000000000000000000000000000000000000000000000000000000000000000000000000000000000000000000000000000000000000200e7feab6f740
7695,0000000000000000000000000000000000000000000000000000000000000000000000000000000000000000000000000000000000000000000e244033711240
7705,000000000000000000000000000000000000000000000000000000000000000000000000000000000000000000000000000000000000000000135233bc8e8aa0
7715,0000000000000000000000000000000000000000000000000000000000000000000000000000000000000000000000000000000000000000002db6d5b05a3380
7725,0000000000000000000000000000000000000000000000000000000000000000000000000000000000000000000000000000000000000000001b7561751bfb40
7735,0000000000000000000000000000000000000000000000000000000000000000000000000000000000000000000000000000000000000000001f6f043a625c60
7745,0000000000000000000000000000000000000000000000000000000000000000000000000000000000000000000000000000000000000000001f9faf4acc1060
7755,0000000000000000000000000000000000000000000000000000000000000000000000000000000000000000000000000000000000000000000f2ede666636e0
7765,0000000000000000000000000000000000000000000000000000000000000000000000000000000000000000000000000000000000000000001038335e5dd980
7775,000000000000000000000000000000000000000000000000000000000000000000000000000000000000000000000000000000000000000000269e8aaabd49e0
7785,000000000000000000000000000000000000000000000000000000000000000000000000000000000000000000000000000000000000000000167925decc4000
7795,0000000000000000000000000000000000000000000000000000000000000000000000000000000000000000000000000000000000000000001b8496c2da9000
7805,000000000000000000000000000000000000000000000000000000000000000000000000000000000000000000000000000000000000000000188c71761316e0
7815,0000000000000000000000000000000000000000000000000000000000000000000000000000000000000000000000000000000000000000001d4c3b7cc43e40
7825,0000000000000000000000000000000000000000000000000000000000000000000000000000000000000000000000000000000000000000002bf36cf6277a40
7835,0000000000000000000000000000000000000000000000000000000000000000000000000000000000000000000000000000000000000000000bcebac8031760
7845,0000000000000000000000000000000000000000000000000000000000000000000000000000000000000000000000000000000000000000002d02758b469b20
7855,000000000000000000000000000000000000000000000000000000000000000000000000000000000000000000000000000000000000000000252af1128c5160
7865,0000000000000000000000000000000000000000000000000000000000000000000000000000000000000000000000000000000000000000002a7b50fbce2380
7875,0000000000000000000000000000000000000000000000000000000000000000000000000000000000000000000000000000000000000000001da92a940afa20
7885,0000000000000000000000000000000000000000000000000000000000000000000000000000000000000000000000000000000000000000001cf057db92df20
7895,00000000000000000000000000000000000000000000000000000000000000000000000000000000000000000000000000000000000000000016d20c451d7e20
7905,000000000000000000000000000000000000000000000000000000000000000000000000000000000000000000000000000000000000000000128a98ddb2f620
7915,0000000000000000000000000000000000000000000000000000000000000000000000000000000000000000000000000000000000000000000dc5b2febc6540
7925,0000000000000000000000000000000000000000000000000000000000000000000000000000000000000000000000000000000000000000001638f3cf6e64c0
7935,000000000000000000000000000000000000000000000000000000000000000000000000000000000000000000000000000000000000000000153b1dea61ad20
7945,0000000000000000000000000000000000000000000000000000000000000000000000000000000000000000000000000000000000000000000eb81c6e66c960
7955,00000000000000000000000000000000000000000000000000000000000000000000000000000000000000000000000000000000000000000032779b2d21cba0
7965,00000000000000000000000000000000000000000000000000000000000000000000000000000000000000000000000000000000000000000020820659158a40
7975,00000000000000000000000000000000000000000000000000000000000000000000000000000000000000000000000000000000000000000011a44da84b39c0
7985,000000000000000000000000000000000000000000000000000000000000000000000000000000000000000000000000000000000000000000258250bde43260
7995,000000000000000000000000000000000000000000000000000000000000000000000000000000000000000000000000000000000000000000275ba4d912f6a0
8005,0000000000000000000000000000000000000000000000000000000000000000000000000000000000000000000000000000000000000000004a41c1ff115740
8015,0000000000000000000000000000000000000000000000000000000000000000000000000000000000000000000000000000000000000000002c3725e7bea620
8025,0000000000000000000000000000000000000000000000000000000000000000000000000000000000000000000000000000000000000000000d987346b53f60
8035,00000000000000000000000000000000000000000000000000000000000000000000000000000000000000000000000000000000000000000014ffc2f83a2bc0
8045,000000000000000000000000000000000000000000000000000000000000000000000000000000000000000000000000000000000000000000212315e1ec78a0
8055,0000000000000000000000000000000000000000000000000000000000000000000000000000000000000000000000000000000000000000001d936ae4471120
8065,00000000000000000000000000000000000000000000000000000000000000000000000000000000000000000000000000000000000000000013d999336ef3c0
8075,000000000000000000000000000000000000000000000000000000000000000000000000000000000000000000000000000000000000000000228fb57a95c9a0
8085,0000000000000000000000000000000000000000000000000000000000000000000000000000000000000000000000000000000000000000002cd8463f595ee0
8095,0000000000000000000000000000000000000000000000000000000000000000000000000000000000000000000000000000000000000000002387bbfd909340
8105,00000000000000000000000000000000000000000000000000000000000000000000000000000000000000000000000000000000000000000017f0928a6c7a80
8115,0000000000000000000000000000000000000000000000000000000000000000000000000000000000000000000000000000000000000000003e11e9b3c0dfe0
8125,000000000000000000000000000000000000000000000000000000000000000000000000000000000000000000000000000000000000000000235032bc624460
8135,0000000000000000000000000000000000000000000000000000000000000000000000000000000000000000000000000000000000000000001ac32914cf83a0
8145,0000000000000000000000000000000000000000000000000000000000000000000000000000000000000000000000000000000000000000001f875673d28320
8155,00000000000000000000000000000000000000000000000000000000000000000000000000000000000000000000000000000000000000000022121551d1c140
8165,0000000000000000000000000000000000000000000000000000000000000000000000000000000000000000000000000000000000000000002983f802a045e0
8175,00000000000000000000000000000000000000000000000000000000000000000000000000000000000000000000000000000000000000000021312e60f95200
8185,0000000000000000000000000000000000000000000000000000000000000000000000000000000000000000000000000000000000000000001d83c7ef2d69c0
8195,00000000000000000000000000000000000000000000000000000000000000000000000000000000000000000000000000000000000000000011e7f399e3ad60
8205,00000000000000000000000000000000000000000000000000000000000000000000000000000000000000000000000000000000000000000014344999a15560
8215,000000000000000000000000000000000000000000000000000000000000000000000000000000000000000000000000000000000000000000226c2a5f7110c0
8225,000000000000000000000000000000000000000000000000000000000000000000000000000000000000000000000000000000000000000000126c3c55e614e0
8235,00000000000000000000000000000000000000000000000000000000000000000000000000000000000000000000000000000000000000000013f5d245395640
8245,000000000000000000000000000000000000000000000000000000000000000000000000000000000000000000000000000000000000000000132a37dcca1c40
8255,0000000000000000000000000000000000000000000000000000000000000000000000000000000000000000000000000000000000000000002696eeb51929c0
8265,00000000000000000000000000000000000000000000000000000000000000000000000000000000000000000000000000000000000000000038ca9aa2803500
8275,000000000000000000000000000000000000000000000000000000000000000000000000000000000000000000000000000000000000000000191788f68c5e60
8285,0000000000000000000000000000000000000000000000000000000000000000000000000000000000000000000000000000000000000000001adf5e9cc185a0
8295,00000000000000000000000000000000000000000000000000000000000000000000000000000000000000000000000000000000000000000035f4e5f0f07de0
8305,0000000000000000000000000000000000000000000000000000000000000000000000000000000000000000000000000000000000000000001ace39319a8640
8315,0000000000000000000000000000000000000000000000000000000000000000000000000000000000000000000000000000000000000000001f2b67d2a1e1c0
8325,00000000000000000000000000000000000000000000000000000000000000000000000000000000000000000000000000000000000000000014239d735e78e0
8335,00000000000000000000000000000000000000000000000000000000000000000000000000000000000000000000000000000000000000000011d392916a99c0
8345,00000000000000000000000000000000000000000000000000000000000000000000000000000000000000000000000000000000000000000013b5dd67126f20
8355,000000000000000000000000000000000000000000000000000000000000000000000000000000000000000000000000000000000000000000642867e7a90160
8365,00000000000000000000000000000000000000000000000000000000000000000000000000000000000000000000000000000000000000000029766a173b5120
8375,00000000000000000000000000000000000000000000000000000000000000000000000000000000000000000000000000000000000000000020568db4a0f560
8385,0000000000000000000000000000000000000000000000000000000000000000000000000000000000000000000000000000000000000000000f8ed9d615e7a0
8395,000000000000000000000000000000000000000000000000000000000000000000000000000000000000000000000000000000000000000000374c6e775461e0
8405,00000000000000000000000000000000000000000000000000000000000000000000000000000000000000000000000000000000000000000018fcbcee820080
8415,00000000000000000000000000000000000000000000000000000000000000000000000000000000000000000000000000000000000000000016b98aee26ab80
8425,0000000000000000000000000000000000000000000000000000000000000000000000000000000000000000000000000000000000000000003e11fb200e7840
8435,00000000000000000000000000000000000000000000000000000000000000000000000000000000000000000000000000000000000000000013b77f8e58b820
8445,00000000000000000000000000000000000000000000000000000000000000000000000000000000000000000000000000000000000000000052e90d7d7cb200
8455,0000000000000000000000000000000000000000000000000000000000000000000000000000000000000000000000000000000000000000000d5b1cf239c700
8465,00000000000000000000000000000000000000000000000000000000000000000000000000000000000000000000000000000000000000000026b8964685da20
8475,0000000000000000000000000000000000000000000000000000000000000000000000000000000000000000000000000000000000000000001e61bf4c8742a0
8485,0000000000000000000000000000000000000000000000000000000000000000000000000000000000000000000000000000000000000000001a181de5425420
8495,0000000000000000000000000000000000000000000000000000000000000000000000000000000000000000000000000000000000000000001e71c87cadb7c0
8505,0000000000000000000000000000000000000000000000000000000000000000000000000000000000000000000000000000000000000000001e22c0a9637540
8515,0000000000000000000000000000000000000000000000000000000000000000000000000000000000000000000000000000000000000000001ceae92ab580e0
8525,00000000000000000000000000000000000000000000000000000000000000000000000000000000000000000000000000000000000000000011ffd00496d800
8535,0000000000000000000000000000000000000000000000000000000000000000000000000000000000000000000000000000000000000000004afd17dec09200
8545,0000000000000000000000000000000000000000000000000000000000000000000000000000000000000000000000000000000000000000003bb748176ff7a0
8555,0000000000000000000000000000000000000000000000000000000000000000000000000000000000000000000000000000000000000000002324a666b3ef80
8565,0000000000000000000000000000000000000000000000000000000000000000000000000000000000000000000000000000000000000000002539767407fbe0
8575,00000000000000000000000000000000000000000000000000000000000000000000000000000000000000000000000000000000000000000019fcd4ac055220
8585,0000000000000000000000000000000000000000000000000000000000000000000000000000000000000000000000000000000000000000001a2f5a7762ba40
8595,0000000000000000000000000000000000000000000000000000000000000000000000000000000000000000000000000000000000000000000fdbf19fa8f940
8605,00000000000000000000000000000000000000000000000000000000000000000000000000000000000000000000000000000000000000000012d86d9d60aea0
8615,0000000000000000000000000000000000000000000000000000000000000000000000000000000000000000000000000000000000000000001c608cb4083c80
8625,0000000000000000000000000000000000000000000000000000000000000000000000000000000000000000000000000000000000000000001b85e142c44ae0
8635,0000000000000000000000000000000000000000000000000000000000000000000000000000000000000000000000000000000000000000001256a9089555a0
8645,0000000000000000000000000000000000000000000000000000000000000000000000000000000000000000000000000000000000000000001769c544bce3c0
8655,000000000000000000000000000000000000000000000000000000000000000000000000000000000000000000000000000000000000000000172d520dbbf640
8665,00000000000000000000000000000000000000000000000000000000000000000000000000000000000000000000000000000000000000000018a5df9bbee0e0
8675,0000000000000000000000000000000000000000000000000000000000000000000000000000000000000000000000000000000000000000001e0068abb3e340
8685,0000000000000000000000000000000000000000000000000000000000000000000000000000000000000000000000000000000000000000001312bcb6fcb280
8695,00000000000000000000000000000000000000000000000000000000000000000000000000000000000000000000000000000000000000000024cc9967aca660
8705,00000000000000000000000000000000000000000000000000000000000000000000000000000000000000000000000000000000000000000020052c30442a60
8715,0000000000000000000000000000000000000000000000000000000000000000000000000000000000000000000000000000000000000000001787f907a03580
8725,00000000000000000000000000000000000000000000000000000000000000000000000000000000000000000000000000000000000000000014c411a3a25520
8735,0000000000000000000000000000000000000000000000000000000000000000000000000000000000000000000000000000000000000000002a8f26abb31100
8745,0000000000000000000000000000000000000000000000000000000000000000000000000000000000000000000000000000000000000000000f0f55dead8ca0
8755,000000000000000000000000000000000000000000000000000000000000000000000000000000000000000000000000000000000000000000105da5aa9cd200
8765,0000000000000000000000000000000000000000000000000000000000000000000000000000000000000000000000000000000000000000000eca7d45c74ca0
8775,0000000000000000000000000000000000000000000000000000000000000000000000000000000000000000000000000000000000000000001e8a53a268cd80
8785,00000000000000000000000000000000000000000000000000000000000000000000000000000000000000000000000000000000000000000011414eb8cf8560
8795,000000000000000000000000000000000000000000000000000000000000000000000000000000000000000000000000000000000000000000168712718d4a20
8805,0000000000000000000000000000000000000000000000000000000000000000000000000000000000000000000000000000000000000000002078ae77408ee0
8815,00000000000000000000000000000000000000000000000000000000000000000000000000000000000000000000000000000000000000000019964c0b8b9140
8825,00000000000000000000000000000000000000000000000000000000000000000000000000000000000000000000000000000000000000000026aae8a9e7f460
8835,00000000000000000000000000000000000000000000000000000000000000000000000000000000000000000000000000000000000000000012f55eaf1eab20
8845,0000000000000000000000000000000000000000000000000000000000000000000000000000000000000000000000000000000000000000001218888cc50640
8855,0000000000000000000000000000000000000000000000000000000000000000000000000000000000000000000000000000000000000000000f4d281596d360
8865,000000000000000000000000000000000000000000000000000000000000000000000000000000000000000000000000000000000000000000161baf2a04cee0
8875,0000000000000000000000000000000000000000000000000000000000000000000000000000000000000000000000000000000000000000002049cca1cbbce0
8885,000000000000000000000000000000000000000000000000000000000000000000000000000000000000000000000000000000000000000000164bfe61d72960
8895,00000000000000000000000000000000000000000000000000000000000000000000000000000000000000000000000000000000000000000018064a7f1d37a0
8905,0000000000000000000000000000000000000000000000000000000000000000000000000000000000000000000000000000000000000000001a4ba9f57a5ee0
8915,000000000000000000000000000000000000000000000000000000000000000000000000000000000000000000000000000000000000000000210a7d1ea87520
8925,0000000000000000000000000000000000000000000000000000000000000000000000000000000000000000000000000000000000000000001eed206a856ce0
8935,00000000000000000000000000000000000000000000000000000000000000000000000000000000000000000000000000000000000000000020c9a4de1ab900
8945,00000000000000000000000000000000000000000000000000000000000000000000000000000000000000000000000000000000000000000016c9b980c0c320
8955,0000000000000000000000000000000000000000000000000000000000000000000000000000000000000000000000000000000000000000002390495f7333c0
8965,0000000000000000000000000000000000000000000000000000000000000000000000000000000000000000000000000000000000000000001ab37c50f19920
8975,0000000000000000000000000000000000000000000000000000000000000000000000000000000000000000000000000000000000000000000ca71e2f95c620
8985,00000000000000000000000000000000000000000000000000000000000000000000000000000000000000000000000000000000000000000016f554d66e1540
8995,0000000000000000000000000000000000000000000000000000000000000000000000000000000000000000000000000000000000000000001636f84f909720
9005,0000000000000000000000000000000000000000000000000000000000000000000000000000000000000000000000000000000000000000003a6dee5edc5880
9015,00000000000000000000000000000000000000000000000000000000000000000000000000000000000000000000000000000000000000000015ad65b17342c0
9025,000000000000000000000000000000000000000000000000000000000000000000000000000000000000000000000000000000000000000000280efb1bc25220
9035,000000000000000000000000000000000000000000000000000000000000000000000000000000000000000000000000000000000000000000161854db79b860
9045,000000000000000000000000000000000000000000000000000000000000000000000000000000000000000000000000000000000000000000234de21527bd80
9055,0000000000000000000000000000000000000000000000000000000000000000000000000000000000000000000000000000000000000000000d3426feb27760
9065,0000000000000000000000000000000000000000000000000000000000000000000000000000000000000000000000000000000000000000001927aa89275640
9075,0000000000000000000000000000000000000000000000000000000000000000000000000000000000000000000000000000000000000000000ed3aa9dc68840
9085,00000000000000000000000000000000000000000000000000000000000000000000000000000000000000000000000000000000000000000017056672e2be00
9095,0000000000000000000000000000000000000000000000000000000000000000000000000000000000000000000000000000000000000000001d758be64a57e0
9105,0000000000000000000000000000000000000000000000000000000000000000000000000000000000000000000000000000000000000000001aea2d2fb85540
9115,00000000000000000000000000000000000000000000000000000000000000000000000000000000000000000000000000000000000000000029421efd378840
9125,0000000000000000000000000000000000000000000000000000000000000000000000000000000000000000000000000000000000000000002ff938896107c0
9135,00000000000000000000000000000000000000000000000000000000000000000000000000000000000000000000000000000000000000000029001b155b8700
9145,000000000000000000000000000000000000000000000000000000000000000000000000000000000000000000000000000000000000000000236d49c4451480
9155,0000000000000000000000000000000000000000000000000000000000000000000000000000000000000000000000000000000000000000001eef3c6a6109e0
9165,00000000000000000000000000000000000000000000000000000000000000000000000000000000000000000000000000000000000000000012d9f9936d62c0
9175,0000000000000000000000000000000000000000000000000000000000000000000000000000000000000000000000000000000000000000003cc390c06fc240
9185,00000000000000000000000000000000000000000000000000000000000000000000000000000000000000000000000000000000000000000012cdfc143c37a0
9195,000000000000000000000000000000000000000000000000000000000000000000000000000000000000000000000000000000000000000000154301aec5e2e0
9205,0000000000000000000000000000000000000000000000000000000000000000000000000000000000000000000000000000000000000000002f1257a2c84de0
9215,00000000000000000000000000000000000000000000000000000000000000000000000000000000000000000000000000000000000000000018b9cf1a66fd80
9225,0000000000000000000000000000000000000000000000000000000000000000000000000000000000000000000000000000000000000000001aa700c7f04ea0
9235,0000000000000000000000000000000000000000000000000000000000000000000000000000000000000000000000000000000000000000001ff0bf1df348e0
9245,000000000000000000000000000000000000000000000000000000000000000000000000000000000000000000000000000000000000000000330426fc46e920
9255,00000000000000000000000000000000000000000000000000000000000000000000000000000000000000000000000000000000000000000015011b295e0e20
9265,0000000000000000000000000000000000000000000000000000000000000000000000000000000000000000000000000000000000000000003a27dbf7465160
9275,0000000000000000000000000000000000000000000000000000000000000000000000000000000000000000000000000000000000000000001d6c4918252c00
9285,000000000000000000000000000000000000000000000000000000000000000000000000000000000000000000000000000000000000000000187c5b45ed8200
9295,0000000000000000000000000000000000000000000000000000000000000000000000000000000000000000000000000000000000000000001b44385ae227e0
9305,00000000000000000000000000000000000000000000000000000000000000000000000000000000000000000000000000000000000000000023a4c0acd71600
9315,0000000000000000000000000000000000000000000000000000000000000000000000000000000000000000000000000000000000000000001fa21d5e5360a0
9325,000000000000000000000000000000000000000000000000000000000000000000000000000000000000000000000000000000000000000000144173715bcd60
9335,0000000000000000000000000000000000000000000000000000000000000000000000000000000000000000000000000000000000000000003409f4c3405420
9345,000000000000000000000000000000000000000000000000000000000000000000000000000000000000000000000000000000000000000000256c3aabaff420
9355,0000000000000000000000000000000000000000000000000000000000000000000000000000000000000000000000000000000000000000001c61d016689980
9365,000000000000000000000000000000000000000000000000000000000000000000000000000000000000000000000000000000000000000000132dbc2b525e40
9375,0000000000000000000000000000000000000000000000000000000000000000000000000000000000000000000000000000000000000000001bbddbe6611d40
9385,00000000000000000000000000000000000000000000000000000000000000000000000000000000000000000000000000000000000000000016778319fc2900
9395,000000000000000000000000000000000000000000000000000000000000000000000000000000000000000000000000000000000000000000224ddec3f1d080
9405,0000000000000000000000000000000000000000000000000000000000000000000000000000000000000000000000000000000000000000001aa51f20ae4d00
9415,0000000000000000000000000000000000000000000000000000000000000000000000000000000000000000000000000000000000000000001216206f64b1a0
9425,00000000000000000000000000000000000000000000000000000000000000000000000000000000000000000000000000000000000000000017f54f317d3a60
9435,00000000000000000000000000000000000000000000000000000000000000000000000000000000000000000000000000000000000000000019550d0ff11000
9445,0000000000000000000000000000000000000000000000000000000000000000000000000000000000000000000000000000000000000000000aaaa65bb17900
9455,0000000000000000000000000000000000000000000000000000000000000000000000000000000000000000000000000000000000000000001a8ccaa251fea0
9465,0000000000000000000000000000000000000000000000000000000000000000000000000000000000000000000000000000000000000000002b80b21193cdc0
9475,000000000000000000000000000000000000000000000000000000000000000000000000000000000000000000000000000000000000000000385e3a51302920
9485,0000000000000000000000000000000000000000000000000000000000000000000000000000000000000000000000000000000000000000002388ab389425c0
9495,0000000000000000000000000000000000000000000000000000000000000000000000000000000000000000000000000000000000000000003288f4bfa7bd80
9505,0000000000000000000000000000000000000000000000000000000000000000000000000000000000000000000000000000000000000000001542bf2eca5e00
9515,0000000000000000000000000000000000000000000000000000000000000000000000000000000000000000000000000000000000000000001041470523bca0
9525,00000000000000000000000000000000000000000000000000000000000000000000000000000000000000000000000000000000000000000026e9767475d280
9535,00000000000000000000000000000000000000000000000000000000000000000000000000000000000000000000000000000000000000000010ff0682333220
9545,00000000000000000000000000000000000000000000000000000000000000000000000000000000000000000000000000000000000000000014b59cf3609e60
9555,000000000000000000000000000000000000000000000000000000000000000000000000000000000000000000000000000000000000000000272def0d628a80
9565,00000000000000000000000000000000000000000000000000000000000000000000000000000000000000000000000000000000000000000018fb5aa9ad90e0
9575,00000000000000000000000000000000000000000000000000000000000000000000000000000000000000000000000000000000000000000027c59e34651020
9585,000000000000000000000000000000000000000000000000000000000000000000000000000000000000000000000000000000000000000000156764f13e8140
9595,00000000000000000000000000000000000000000000000000000000000000000000000000000000000000000000000000000000000000000023b112985155c0
9605,000000000000000000000000000000000000000000000000000000000000000000000000000000000000000000000000000000000000000000208b5389b02a60
9615,0000000000000000000000000000000000000000000000000000000000000000000000000000000000000000000000000000000000000000002f2f47dbe8cf20
9625,0000000000000000000000000000000000000000000000000000000000000000000000000000000000000000000000000000000000000000001416117e20c4c0
9635,00000000000000000000000000000000000000000000000000000000000000000000000000000000000000000000000000000000000000000015b2d37fda88e0
9645,0000000000000000000000000000000000000000000000000000000000000000000000000000000000000000000000000000000000000000001b079790331180
9655,0000000000000000000000000000000000000000000000000000000000000000000000000000000000000000000000000000000000000000001088783b6b5ca0
9665,0000000000000000000000000000000000000000000000000000000000000000000000000000000000000000000000000000000000000000000e565ed772f7a0
9675,00000000000000000000000000000000000000000000000000000000000000000000000000000000000000000000000000000000000000000019ac7c62aa5920
9685,0000000000000000000000000000000000000000000000000000000000000000000000000000000000000000000000000000000000000000001708c5f2a88ea0
9695,0000000000000000000000000000000000000000000000000000000000000000000000000000000000000000000000000000000000000000000e95a8846a5420
9705,000000000000000000000000000000000000000000000000000000000000000000000000000000000000000000000000000000000000000000336f81a6462060
9715,0000000000000000000000000000000000000000000000000000000000000000000000000000000000000000000000000000000000000000001d10db0a9d1bc0
9725,000000000000000000000000000000000000000000000000000000000000000000000000000000000000000000000000000000000000000000252b0c4d9e2ce0
9735,0000000000000000000000000000000000000000000000000000000000000000000000000000000000000000000000000000000000000000000e72f6d585b9a0
9745,00000000000000000000000000000000000000000000000000000000000000000000000000000000000000000000000000000000000000000054ec7a15d54fa0
9755,0000000000000000000000000000000000000000000000000000000000000000000000000000000000000000000000000000000000000000007bb70c64fd8ba0
9765,00000000000000000000000000000000000000000000000000000000000000000000000000000000000000000000000000000000000000000017494a15b21d20
9775,0000000000000000000000000000000000000000000000000000000000000000000000000000000000000000000000000000000000000000000caa50430fe160
9785,00000000000000000000000000000000000000000000000000000000000000000000000000000000000000000000000000000000000000000018b64fc205c860
9795,000000000000000000000000000000000000000000000000000000000000000000000000000000000000000000000000000000000000000000142696a4664200
9805,0000000000000000000000000000000000000000000000000000000000000000000000000000000000000000000000000000000000000000001d1423b1c6eca0
9815,0000000000000000000000000000000000000000000000000000000000000000000000000000000000000000000000000000000000000000002b2916701894a0
9825,0000000000000000000000000000000000000000000000000000000000000000000000000000000000000000000000000000000000000000001c60225b71dd20
9835,00000000000000000000000000000000000000000000000000000000000000000000000000000000000000000000000000000000000000000014fbc5c743e7a0
9845,00000000000000000000000000000000000000000000000000000000000000000000000000000000000000000000000000000000000000000024fd9d8bc194e0
9855,0000000000000000000000000000000000000000000000000000000000000000000000000000000000000000000000000000000000000000001df90467471620
9865,0000000000000000000000000000000000000000000000000000000000000000000000000000000000000000000000000000000000000000004181bf64c67aa0
9875,000000000000000000000000000000000000000000000000000000000000000000000000000000000000000000000000000000000000000000201e777d54c3a0
9885,0000000000000000000000000000000000000000000000000000000000000000000000000000000000000000000000000000000000000000001248b73ac0f480
9895,000000000000000000000000000000000000000000000000000000000000000000000000000000000000000000000000000000000000000000453ff272fa71e0
9905,0000000000000000000000000000000000000000000000000000000000000000000000000000000000000000000000000000000000000000000d1aca455445c0
9915,0000000000000000000000000000000000000000000000000000000000000000000000000000000000000000000000000000000000000000001d00b464514060
9925,00000000000000000000000000000000000000000000000000000000000000000000000000000000000000000000000000000000000000000020dc6249263a60
9935,0000000000000000000000000000000000000000000000000000000000000000000000000000000000000000000000000000000000000000001cec833e4b1a20
9945,00000000000000000000000000000000000000000000000000000000000000000000000000000000000000000000000000000000000000000010ec2b5c160060
9955,0000000000000000000000000000000000000000000000000000000000000000000000000000000000000000000000000000000000000000001962b3d3f1e200
9965,00000000000000000000000000000000000000000000000000000000000000000000000000000000000000000000000000000000000000000022ffee9a6865e0
9975,0000000000000000000000000000000000000000000000000000000000000000000000000000000000000000000000000000000000000000001b7a0e6af2b620
9985,0000000000000000000000000000000000000000000000000000000000000000000000000000000000000000000000000000000000000000001c6d971f760da0
9995,000000000000000000000000000000000000000000000000000000000000000000000000000000000000000000000000000000000000000000174e023cc32aa0
10005,0000000000000000000000000000000000000000000000000000000000000000000000000000000000000000000000000000000000000000001bfff17f770100
10015,000000000000000000000000000000000000000000000000000000000000000000000000000000000000000000000000000000000000000000213fc5389b31c0
10025,0000000000000000000000000000000000000000000000000000000000000000000000000000000000000000000000000000000000000000001de295def16b60
10035,00000000000000000000000000000000000000000000000000000000000000000000000000000000000000000000000000000000000000000040580cc79ab160
10045,0000000000000000000000000000000000000000000000000000000000000000000000000000000000000000000000000000000000000000001c01936ba99cc0
10055,0000000000000000000000000000000000000000000000000000000000000000000000000000000000000000000000000000000000000000002150314b312480
10065,000000000000000000000000000000000000000000000000000000000000000000000000000000000000000000000000000000000000000000161ffe511cefa0
10075,00000000000000000000000000000000000000000000000000000000000000000000000000000000000000000000000000000000000000000015db23fd231c40
10085,000000000000000000000000000000000000000000000000000000000000000000000000000000000000000000000000000000000000000000351b18d83b1aa0
10095,0000000000000000000000000000000000000000000000000000000000000000000000000000000000000000000000000000000000000000000ff6696ca552e0
10105,0000000000000000000000000000000000000000000000000000000000000000000000000000000000000000000000000000000000000000002222a6d0b3f360
10115,0000000000000000000000000000000000000000000000000000000000000000000000000000000000000000000000000000000000000000000f9a1d9a3fe560
10125,000000000000000000000000000000000000000000000000000000000000000000000000000000000000000000000000000000000000000000276bf957f94500
10135,000000000000000000000000000000000000000000000000000000000000000000000000000000000000000000000000000000000000000000314f7ecaee5420
10145,00000000000000000000000000000000000000000000000000000000000000000000000000000000000000000000000000000000000000000024033c57b45400
10155,00000000000000000000000000000000000000000000000000000000000000000000000000000000000000000000000000000000000000000013473d472443a0
10165,00000000000000000000000000000000000000000000000000000000000000000000000000000000000000000000000000000000000000000027b8d30406ad80
10175,00000000000000000000000000000000000000000000000000000000000000000000000000000000000000000000000000000000000000000023a82a7b612120
10185,000000000000000000000000000000000000000000000000000000000000000000000000000000000000000000000000000000000000000000153ef91b5a3bc0
10195,0000000000000000000000000000000000000000000000000000000000000000000000000000000000000000000000000000000000000000001933cec3699680
10205,0000000000000000000000000000000000000000000000000000000000000000000000000000000000000000000000000000000000000000002555db1980a9c0
10215,000000000000000000000000000000000000000000000000000000000000000000000000000000000000000000000000000000000000000000199c2528b088a0
10225,000000000000000000000000000000000000000000000000000000000000000000000000000000000000000000000000000000000000000000291fde1d104020
10235,0000000000000000000000000000000000000000000000000000000000000000000000000000000000000000000000000000000000000000002818d0d62c5c80
10245,00000000000000000000000000000000000000000000000000000000000000000000000000000000000000000000000000000000000000000015a0d6b24be580
10255,00000000000000000000000000000000000000000000000000000000000000000000000000000000000000000000000000000000000000000016b422e4ab50a0
10265,0000000000000000000000000000000000000000000000000000000000000000000000000000000000000000000000000000000000000000003ce1d9c83df3e0
10275,0000000000000000000000000000000000000000000000000000000000000000000000000000000000000000000000000000000000000000003cf3b3bd316680
10285,0000000000000000000000000000000000000000000000000000000000000000000000000000000000000000000000000000000000000000004a74d1b6b43920
10295,000000000000000000000000000000000000000000000000000000000000000000000000000000000000000000000000000000000000000000226dbb692ea860
10305,0000000000000000000000000000000000000000000000000000000000000000000000000000000000000000000000000000000000000000002abfb5f7325540
10315,0000000000000000000000000000000000000000000000000000000000000000000000000000000000000000000000000000000000000000001a9cf58d89df20
10325,00000000000000000000000000000000000000000000000000000000000000000000000000000000000000000000000000000000000000000011aaf2769d8b20
10335,00000000000000000000000000000000000000000000000000000000000000000000000000000000000000000000000000000000000000000024d14a49d1e280
10345,00000000000000000000000000000000000000000000000000000000000000000000000000000000000000000000000000000000000000000026134bbdf7e580
10355,00000000000000000000000000000000000000000000000000000000000000000000000000000000000000000000000000000000000000000016104e0d3f4180
10365,000000000000000000000000000000000000000000000000000000000000000000000000000000000000000000000000000000000000000000270a8d686268e0
10375,0000000000000000000000000000000000000000000000000000000000000000000000000000000000000000000000000000000000000000000dfe56224ddd00
10385,0000000000000000000000000000000000000000000000000000000000000000000000000000000000000000000000000000000000000000001aad68515a7220
10395,0000000000000000000000000000000000000000000000000000000000000000000000000000000000000000000000000000000000000000002816c111639dc0
10405,00000000000000000000000000000000000000000000000000000000000000000000000000000000000000000000000000000000000000000036fd705f1d28c0
10415,00000000000000000000000000000000000000000000000000000000000000000000000000000000000000000000000000000000000000000019d8445fb71f20
10425,000000000000000000000000000000000000000000000000000000000000000000000000000000000000000000000000000000000000000000177f13eaafcd20
10435,00000000000000000000000000000000000000000000000000000000000000000000000000000000000000000000000000000000000000000018b8ce86c70c60
10445,00000000000000000000000000000000000000000000000000000000000000000000000000000000000000000000000000000000000000000035969d6d7243a0
10455,00000000000000000000000000000000000000000000000000000000000000000000000000000000000000000000000000000000000000000020b2351ac2b240
10465,00000000000000000000000000000000000000000000000000000000000000000000000000000000000000000000000000000000000000000024d8018e4a57e0
10475,00000000000000000000000000000000000000000000000000000000000000000000000000000000000000000000000000000000000000000017d77aee937940
10485,00000000000000000000000000000000000000000000000000000000000000000000000000000000000000000000000000000000000000000020352840b9a920
10495,00000000000000000000000000000000000000000000000000000000000000000000000000000000000000000000000000000000000000000024bf93cb036ea0
10505,0000000000000000000000000000000000000000000000000000000000000000000000000000000000000000000000000000000000000000003842cedce1c460
10515,00000000000000000000000000000000000000000000000000000000000000000000000000000000000000000000000000000000000000000016912ef0dede80
10525,000000000000000000000000000000000000000000000000000000000000000000000000000000000000000000000000000000000000000000277ef7e08a3bc0
10535,00000000000000000000000000000000000000000000000000000000000000000000000000000000000000000000000000000000000000000036f45255e1d160
10545,00000000000000000000000000000000000000000000000000000000000000000000000000000000000000000000000000000000000000000012b30b64d1dbe0
10555,0000000000000000000000000000000000000000000000000000000000000000000000000000000000000000000000000000000000000000000a09e3ab72e6e0
10565,0000000000000000000000000000000000000000000000000000000000000000000000000000000000000000000000000000000000000000002c0b15d7058060
10575,00000000000000000000000000000000000000000000000000000000000000000000000000000000000000000000000000000000000000000023d5d9d0ea9a40
10585,0000000000000000000000000000000000000000000000000000000000000000000000000000000000000000000000000000000000000000003cd171b5a7bc20
10595,00000000000000000000000000000000000000000000000000000000000000000000000000000000000000000000000000000000000000000035066eed50c8e0
10605,0000000000000000000000000000000000000000000000000000000000000000000000000000000000000000000000000000000000000000006bbeeadaec0820
10615,0000000000000000000000000000000000000000000000000000000000000000000000000000000000000000000000000000000000000000000d803faacce120
10625,00000000000000000000000000000000000000000000000000000000000000000000000000000000000000000000000000000000000000000014190e4cb22820
10635,0000000000000000000000000000000000000000000000000000000000000000000000000000000000000000000000000000000000000000001a03f549143820
10645,000000000000000000000000000000000000000000000000000000000000000000000000000000000000000000000000000000000000000000126d6f249654c0
10655,00000000000000000000000000000000000000000000000000000000000000000000000000000000000000000000000000000000000000000014cc6436c3ffc0
10665,00000000000000000000000000000000000000000000000000000000000000000000000000000000000000000000000000000000000000000010d7a6988ba3e0
10675,00000000000000000000000000000000000000000000000000000000000000000000000000000000000000000000000000000000000000000013c1eadc69e960
10685,00000000000000000000000000000000000000000000000000000000000000000000000000000000000000000000000000000000000000000014d4d8c9e35fe0
10695,000000000000000000000000000000000000000000000000000000000000000000000000000000000000000000000000000000000000000000223c3462ac6440
10705,0000000000000000000000000000000000000000000000000000000000000000000000000000000000000000000000000000000000000000001f5a55d950f520
10715,00000000000000000000000000000000000000000000000000000000000000000000000000000000000000000000000000000000000000000013c87d835afdc0
10725,00000000000000000000000000000000000000000000000000000000000000000000000000000000000000000000000000000000000000000020685182337000
10735,0000000000000000000000000000000000000000000000000000000000000000000000000000000000000000000000000000000000000000001e1fa18c0f7560
10745,000000000000000000000000000000000000000000000000000000000000000000000000000000000000000000000000000000000000000000120053497a4e60
10755,00000000000000000000000000000000000000000000000000000000000000000000000000000000000000000000000000000000000000000022c0b39eab1fa0
10765,0000000000000000000000000000000000000000000000000000000000000000000000000000000000000000000000000000000000000000003707aefbf64940
10775,00000000000000000000000000000000000000000000000000000000000000000000000000000000000000000000000000000000000000000026598bf44fc2c0
10785,00000000000000000000000000000000000000000000000000000000000000000000000000000000000000000000000000000000000000000024d79afaa00640
10795,000000000000000000000000000000000000000000000000000000000000000000000000000000000000000000000000000000000000000000552c4d73fe78a0
10805,00000000000000000000000000000000000000000000000000000000000000000000000000000000000000000000000000000000000000000022968517aa24e0
10815,0000000000000000000000000000000000000000000000000000000000000000000000000000000000000000000000000000000000000000003aecd29b3bc5a0
10825,0000000000000000000000000000000000000000000000000000000000000000000000000000000000000000000000000000000000000000001dd3234c4aa8c0
10835,0000000000000000000000000000000000000000000000000000000000000000000000000000000000000000000000000000000000000000002b0f5eace7e7e0
10845,0000000000000000000000000000000000000000000000000000000000000000000000000000000000000000000000000000000000000000003177d196fbac00
10855,000000000000000000000000000000000000000000000000000000000000000000000000000000000000000000000000000000000000000000199318c6d676e0
10865,00000000000000000000000000000000000000000000000000000000000000000000000000000000000000000000000000000000000000000010927c09838740
10875,00000000000000000000000000000000000000000000000000000000000000000000000000000000000000000000000000000000000000000025ee288564d400
10885,0000000000000000000000000000000000000000000000000000000000000000000000000000000000000000000000000000000000000000001dcce6568ee1e0
10895,0000000000000000000000000000000000000000000000000000000000000000000000000000000000000000000000000000000000000000001b862df3fa33a0
10905,000000000000000000000000000000000000000000000000000000000000000000000000000000000000000000000000000000000000000000152ef7f50bd980
10915,0000000000000000000000000000000000000000000000000000000000000000000000000000000000000000000000000000000000000000001269c47d731e60
10925,000000000000000000000000000000000000000000000000000000000000000000000000000000000000000000000000000000000000000000273701169eb0e0
10935,0000000000000000000000000000000000000000000000000000000000000000000000000000000000000000000000000000000000000000001ab02e8c3e47e0
10945,0000000000000000000000000000000000000000000000000000000000000000000000000000000000000000000000000000000000000000001a92f43598ec80
10955,0000000000000000000000000000000000000000000000000000000000000000000000000000000000000000000000000000000000000000001f438c7863dfa0
10965,00000000000000000000000000000000000000000000000000000000000000000000000000000000000000000000000000000000000000000021b1cbd84eb520
10975,00000000000000000000000000000000000000000000000000000000000000000000000000000000000000000000000000000000000000000016a824a08de400
10985,000000000000000000000000000000000000000000000000000000000000000000000000000000000000000000000000000000000000000000102a8ecb97f560
10995,0000000000000000000000000000000000000000000000000000000000000000000000000000000000000000000000000000000000000000001438c640b66540
11005,0000000000000000000000000000000000000000000000000000000000000000000000000000000000000000000000000000000000000000003b36790c6cb0a0
11015,0000000000000000000000000000000000000000000000000000000000000000000000000000000000000000000000000000000000000000001e83688f2ee980
11025,00000000000000000000000000000000000000000000000000000000000000000000000000000000000000000000000000000000000000000015a8550a682be0
11035,000000000000000000000000000000000000000000000000000000000000000000000000000000000000000000000000000000000000000000313b8b075a3260
11045,00000000000000000000000000000000000000000000000000000000000000000000000000000000000000000000000000000000000000000021004d46baa4a0
11055,0000000000000000000000000000000000000000000000000000000000000000000000000000000000000000000000000000000000000000001edc7b4e1ab480
11065,00000000000000000000000000000000000000000000000000000000000000000000000000000000000000000000000000000000000000000018780214fd70e0
11075,0000000000000000000000000000000000000000000000000000000000000000000000000000000000000000000000000000000000000000001d606aaca323e0
11085,000000000000000000000000000000000000000000000000000000000000000000000000000000000000000000000000000000000000000000201b1eaec99340
11095,00000000000000000000000000000000000000000000000000000000000000000000000000000000000000000000000000000000000000000020fb8c82205320
11105,0000000000000000000000000000000000000000000000000000000000000000000000000000000000000000000000000000000000000000000f3398beb23240
11115,00000000000000000000000000000000000000000000000000000000000000000000000000000000000000000000000000000000000000000017c387839cdb60
11125,0000000000000000000000000000000000000000000000000000000000000000000000000000000000000000000000000000000000000000003992fa463ad600
11135,00000000000000000000000000000000000000000000000000000000000000000000000000000000000000000000000000000000000000000018b3bb6994bd80
11145,00000000000000000000000000000000000000000000000000000000000000000000000000000000000000000000000000000000000000000015722617e77380
11155,0000000000000000000000000000000000000000000000000000000000000000000000000000000000000000000000000000000000000000000fca74ef9b8c80
11165,00000000000000000000000000000000000000000000000000000000000000000000000000000000000000000000000000000000000000000030230acb7beb60
11175,0000000000000000000000000000000000000000000000000000000000000000000000000000000000000000000000000000000000000000001bca3a793cf8e0
11185,00000000000000000000000000000000000000000000000000000000000000000000000000000000000000000000000000000000000000000018e9565c1f6ee0
11195,0000000000000000000000000000000000000000000000000000000000000000000000000000000000000000000000000000000000000000002d7ef7e558f960
11205,00000000000000000000000000000000000000000000000000000000000000000000000000000000000000000000000000000000000000000032d27fe2159340
11215,0000000000000000000000000000000000000000000000000000000000000000000000000000000000000000000000000000000000000000001ae673926ebe80
11225,00000000000000000000000000000000000000000000000000000000000000000000000000000000000000000000000000000000000000000027e7289498a460
11235,00000000000000000000000000000000000000000000000000000000000000000000000000000000000000000000000000000000000000000014fe44f853e940
11245,00000000000000000000000000000000000000000000000000000000000000000000000000000000000000000000000000000000000000000014bccc106e8a40
11255,0000000000000000000000000000000000000000000000000000000000000000000000000000000000000000000000000000000000000000001f31f520f5c880
11265,0000000000000000000000000000000000000000000000000000000000000000000000000000000000000000000000000000000000000000002876b1011414e0
11275,0000000000000000000000000000000000000000000000000000000000000000000000000000000000000000000000000000000000000000001dabc0cef20be0
11285,00000000000000000000000000000000000000000000000000000000000000000000000000000000000000000000000000000000000000000021cd16f401be00
11295,00000000000000000000000000000000000000000000000000000000000000000000000000000000000000000000000000000000000000000010a25cf4c06440
11305,0000000000000000000000000000000000000000000000000000000000000000000000000000000000000000000000000000000000000000000ecaf200d32040
11315,0000000000000000000000000000000000000000000000000000000000000000000000000000000000000000000000000000000000000000002a328c00b569c0
11325,0000000000000000000000000000000000000000000000000000000000000000000000000000000000000000000000000000000000000000002bf649273137a0
11335,0000000000000000000000000000000000000000000000000000000000000000000000000000000000000000000000000000000000000000001c9f261c1f2ae0
11345,00000000000000000000000000000000000000000000000000000000000000000000000000000000000000000000000000000000000000000025fbc1dd17c8a0
11355,000000000000000000000000000000000000000000000000000000000000000000000000000000000000000000000000000000000000000000260897aaff4cc0
11365,0000000000000000000000000000000000000000000000000000000000000000000000000000000000000000000000000000000000000000001c7dcb6d2373a0
11375,000000000000000000000000000000000000000000000000000000000000000000000000000000000000000000000000000000000000000000126eafc20a92c0
11385,0000000000000000000000000000000000000000000000000000000000000000000000000000000000000000000000000000000000000000000ceaaa83a61b00
11395,0000000000000000000000000000000000000000000000000000000000000000000000000000000000000000000000000000000000000000002017aecc8eb5e0
11405,000000000000000000000000000000000000000000000000000000000000000000000000000000000000000000000000000000000000000000175756e384ac80
11415,0000000000000000000000000000000000000000000000000000000000000000000000000000000000000000000000000000000000000000001bb8cfaba47f00
11425,00000000000000000000000000000000000000000000000000000000000000000000000000000000000000000000000000000000000000000018a7f07438c820
11435,00000000000000000000000000000000000000000000000000000000000000000000000000000000000000000000000000000000000000000016079d0dd52ec0
11445,0000000000000000000000000000000000000000000000000000000000000000000000000000000000000000000000000000000000000000001972cb35527600
11455,000000000000000000000000000000000000000000000000000000000000000000000000000000000000000000000000000000000000000000170793e8e49040
11465,000000000000000000000000000000000000000000000000000000000000000000000000000000000000000000000000000000000000000000173501be727340
11475,0000000000000000000000000000000000000000000000000000000000000000000000000000000000000000000000000000000000000000000d04893322ed40
11485,0000000000000000000000000000000000000000000000000000000000000000000000000000000000000000000000000000000000000000001eba76f7c7f5a0
11495,0000000000000000000000000000000000000000000000000000000000000000000000000000000000000000000000000000000000000000000adb1dbae39500
11505,00000000000000000000000000000000000000000000000000000000000000000000000000000000000000000000000000000000000000000019cd071b8cb140
11515,000000000000000000000000000000000000000000000000000000000000000000000000000000000000000000000000000000000000000000184b01358f98c0
11525,0000000000000000000000000000000000000000000000000000000000000000000000000000000000000000000000000000000000000000001b9bbd06378aa0
11535,00000000000000000000000000000000000000000000000000000000000000000000000000000000000000000000000000000000000000000025da329a6e6140
11545,0000000000000000000000000000000000000000000000000000000000000000000000000000000000000000000000000000000000000000001f5505810f1540
11555,0000000000000000000000000000000000000000000000000000000000000000000000000000000000000000000000000000000000000000000b0e11ded71780
11565,0000000000000000000000000000000000000000000000000000000000000000000000000000000000000000000000000000000000000000001f0a0cf26b1a20
11575,000000000000000000000000000000000000000000000000000000000000000000000000000000000000000000000000000000000000000000294575b811a160
11585,00000000000000000000000000000000000000000000000000000000000000000000000000000000000000000000000000000000000000000024cb4254128960
11595,0000000000000000000000000000000000000000000000000000000000000000000000000000000000000000000000000000000000000000001635435986a640
11605,0000000000000000000000000000000000000000000000000000000000000000000000000000000000000000000000000000000000000000000f9365fd29ec20
11615,000000000000000000000000000000000000000000000000000000000000000000000000000000000000000000000000000000000000000000141d92cc643a80
11625,000000000000000000000000000000000000000000000000000000000000000000000000000000000000000000000000000000000000000000201158394ad040
11635,0000000000000000000000000000000000000000000000000000000000000000000000000000000000000000000000000000000000000000000fc7300d5dc960
11645,0000000000000000000000000000000000000000000000000000000000000000000000000000000000000000000000000000000000000000001fb07a84be0fe0
11655,0000000000000000000000000000000000000000000000000000000000000000000000000000000000000000000000000000000000000000001bfc32ce7c86c0
11665,0000000000000000000000000000000000000000000000000000000000000000000000000000000000000000000000000000000000000000001c4d16bf308ce0
11675,0000000000000000000000000000000000000000000000000000000000000000000000000000000000000000000000000000000000000000003493f7c3cc3d40
11685,0000000000000000000000000000000000000000000000000000000000000000000000000000000000000000000000000000000000000000005693cec813c500
11695,0000000000000000000000000000000000000000000000000000000000000000000000000000000000000000000000000000000000000000001b6f9fff57e200
11705,0000000000000000000000000000000000000000000000000000000000000000000000000000000000000000000000000000000000000000001e58d5b96fc4c0
11715,0000000000000000000000000000000000000000000000000000000000000000000000000000000000000000000000000000000000000000002b3ce551390b40
11725,000000000000000000000000000000000000000000000000000000000000000000000000000000000000000000000000000000000000000000410b87e2e51b20
11735,0000000000000000000000000000000000000000000000000000000000000000000000000000000000000000000000000000000000000000001680589963c620
11745,0000000000000000000000000000000000000000000000000000000000000000000000000000000000000000000000000000000000000000001adec27f423200
11755,0000000000000000000000000000000000000000000000000000000000000000000000000000000000000000000000000000000000000000001b318b6fd589e0
11765,000000000000000000000000000000000000000000000000000000000000000000000000000000000000000000000000000000000000000000152e6bcdb2d500
11775,0000000000000000000000000000000000000000000000000000000000000000000000000000000000000000000000000000000000000000001f612f3b50f6a0
11785,000000000000000000000000000000000000000000000000000000000000000000000000000000000000000000000000000000000000000000552de6251e0260
11795,0000000000000000000000000000000000000000000000000000000000000000000000000000000000000000000000000000000000000000001c9a96750b62c0
11805,0000000000000000000000000000000000000000000000000000000000000000000000000000000000000000000000000000000000000000001437f27bd85b80
11815,0000000000000000000000000000000000000000000000000000000000000000000000000000000000000000000000000000000000000000000bc134ab628840
11825,000000000000000000000000000000000000000000000000000000000000000000000000000000000000000000000000000000000000000000199f619ea01820
11835,0000000000000000000000000000000000000000000000000000000000000000000000000000000000000000000000000000000000000000002010be91f2b4a0
11845,0000000000000000000000000000000000000000000000000000000000000000000000000000000000000000000000000000000000000000000d56b0414b0640
11855,000000000000000000000000000000000000000000000000000000000000000000000000000000000000000000000000000000000000000000338e98f2f2baa0
11865,0000000000000000000000000000000000000000000000000000000000000000000000000000000000000000000000000000000000000000001d96af6de75060
11875,00000000000000000000000000000000000000000000000000000000000000000000000000000000000000000000000000000000000000000013fa40c4ece420
11885,000000000000000000000000000000000000000000000000000000000000000000000000000000000000000000000000000000000000000000224aa83a509fc0
11895,0000000000000000000000000000000000000000000000000000000000000000000000000000000000000000000000000000000000000000002262ebf3c1c0a0
11905,000000000000000000000000000000000000000000000000000000000000000000000000000000000000000000000000000000000000000000189fbb4d63e6e0
11915,000000000000000000000000000000000000000000000000000000000000000000000000000000000000000000000000000000000000000000121e80db22f740
11925,0000000000000000000000000000000000000000000000000000000000000000000000000000000000000000000000000000000000000000002f24c952c53860
11935,00000000000000000000000000000000000000000000000000000000000000000000000000000000000000000000000000000000000000000039ed34229c96e0
11945,00000000000000000000000000000000000000000000000000000000000000000000000000000000000000000000000000000000000000000031ab7e09a7af80
11955,00000000000000000000000000000000000000000000000000000000000000000000000000000000000000000000000000000000000000000013c0f52b3f63e0
11965,000000000000000000000000000000000000000000000000000000000000000000000000000000000000000000000000000000000000000000321cd415b5ddc0
11975,00000000000000000000000000000000000000000000000000000000000000000000000000000000000000000000000000000000000000000028720c63da53e0
11985,00000000000000000000000000000000000000000000000000000000000000000000000000000000000000000000000000000000000000000017a8a0991e25e0
11995,00000000000000000000000000000000000000000000000000000000000000000000000000000000000000000000000000000000000000000022f27e73edbe60
12005,00000000000000000000000000000000000000000000000000000000000000000000000000000000000000000000000000000000000000000058fdd9ed336e40
12015,0000000000000000000000000000000000000000000000000000000000000000000000000000000000000000000000000000000000000000000fa1300fed4960
12025,00000000000000000000000000000000000000000000000000000000000000000000000000000000000000000000000000000000000000000012493ece690ce0
12035,0000000000000000000000000000000000000000000000000000000000000000000000000000000000000000000000000000000000000000001d15a39dfbd2e0
12045,0000000000000000000000000000000000000000000000000000000000000000000000000000000000000000000000000000000000000000001dfb7d185787e0
12055,00000000000000000000000000000000000000000000000000000000000000000000000000000000000000000000000000000000000000000016cd13bb9a9fe0
12065,0000000000000000000000000000000000000000000000000000000000000000000000000000000000000000000000000000000000000000001fd6a41fb59aa0
12075,00000000000000000000000000000000000000000000000000000000000000000000000000000000000000000000000000000000000000000016a04da11520c0
12085,00000000000000000000000000000000000000000000000000000000000000000000000000000000000000000000000000000000000000000018995075351020
12095,00000000000000000000000000000000000000000000000000000000000000000000000000000000000000000000000000000000000000000055b3342fd3baa0
12105,0000000000000000000000000000000000000000000000000000000000000000000000000000000000000000000000000000000000000000001120b7b1291540
12115,00000000000000000000000000000000000000000000000000000000000000000000000000000000000000000000000000000000000000000026e331261d11c0
12125,0000000000000000000000000000000000000000000000000000000000000000000000000000000000000000000000000000000000000000001c640d477d0da0
12135,0000000000000000000000000000000000000000000000000000000000000000000000000000000000000000000000000000000000000000001204f58e16ae00
12145,0000000000000000000000000000000000000000000000000000000000000000000000000000000000000000000000000000000000000000000a46c3761dbe80
12155,000000000000000000000000000000000000000000000000000000000000000000000000000000000000000000000000000000000000000000212cd6eb1cd440
12165,00000000000000000000000000000000000000000000000000000000000000000000000000000000000000000000000000000000000000000012124b835805a0
12175,000000000000000000000000000000000000000000000000000000000000000000000000000000000000000000000000000000000000000000285b49aa4f41c0
12185,000000000000000000000000000000000000000000000000000000000000000000000000000000000000000000000000000000000000000000173e663dd06da0
12195,000000000000000000000000000000000000000000000000000000000000000000000000000000000000000000000000000000000000000000234d2432be61a0
12205,00000000000000000000000000000000000000000000000000000000000000000000000000000000000000000000000000000000000000000024c96ad4324ec0
12215,0000000000000000000000000000000000000000000000000000000000000000000000000000000000000000000000000000000000000000004b48749e98e080
12225,000000000000000000000000000000000000000000000000000000000000000000000000000000000000000000000000000000000000000000161111170abaa0
12235,0000000000000000000000000000000000000000000000000000000000000000000000000000000000000000000000000000000000000000000f4ef377ee0660
12245,00000000000000000000000000000000000000000000000000000000000000000000000000000000000000000000000000000000000000000054a55ffd15f980
12255,0000000000000000000000000000000000000000000000000000000000000000000000000000000000000000000000000000000000000000002bcfcceeb56560
12265,00000000000000000000000000000000000000000000000000000000000000000000000000000000000000000000000000000000000000000043195453284d40
12275,00000000000000000000000000000000000000000000000000000000000000000000000000000000000000000000000000000000000000000015a11fe3820aa0
12285,000000000000000000000000000000000000000000000000000000000000000000000000000000000000000000000000000000000000000000206166db4849a0
12295,0000000000000000000000000000000000000000000000000000000000000000000000000000000000000000000000000000000000000000000de1c35575d520
12305,0000000000000000000000000000000000000000000000000000000000000000000000000000000000000000000000000000000000000000001d883e78b90a80
12315,00000000000000000000000000000000000000000000000000000000000000000000000000000000000000000000000000000000000000000030cc6e84fe4120
12325,0000000000000000000000000000000000000000000000000000000000000000000000000000000000000000000000000000000000000000001499fd08ee6020
12335,00000000000000000000000000000000000000000000000000000000000000000000000000000000000000000000000000000000000000000039e63cfbb24820
12345,00000000000000000000000000000000000000000000000000000000000000000000000000000000000000000000000000000000000000000013628b0a3994e0
12355,0000000000000000000000000000000000000000000000000000000000000000000000000000000000000000000000000000000000000000001b70cac4300f00
12365,0000000000000000000000000000000000000000000000000000000000000000000000000000000000000000000000000000000000000000001faf5398832a60
12375,000000000000000000000000000000000000000000000000000000000000000000000000000000000000000000000000000000000000000000255c370f3a59e0
12385,00000000000000000000000000000000000000000000000000000000000000000000000000000000000000000000000000000000000000000026ac3ea9d0e8e0
12395,000000000000000000000000000000000000000000000000000000000000000000000000000000000000000000000000000000000000000000167b06412208c0
12405,00000000000000000000000000000000000000000000000000000000000000000000000000000000000000000000000000000000000000000021e19bf29fc7c0
12415,0000000000000000000000000000000000000000000000000000000000000000000000000000000000000000000000000000000000000000001abe07f79e2640
12425,0000000000000000000000000000000000000000000000000000000000000000000000000000000000000000000000000000000000000000001aeabae0e9dcc0
12435,0000000000000000000000000000000000000000000000000000000000000000000000000000000000000000000000000000000000000000001a1c2d64fc48c0
12445,0000000000000000000000000000000000000000000000000000000000000000000000000000000000000000000000000000000000000000001ef4584c7f1040
12455,00000000000000000000000000000000000000000000000000000000000000000000000000000000000000000000000000000000000000000010844e809f7b40
12465,000000000000000000000000000000000000000000000000000000000000000000000000000000000000000000000000000000000000000000136cdfc49b1080
12475,00000000000000000000000000000000000000000000000000000000000000000000000000000000000000000000000000000000000000000016ba770ba09b20
12485,0000000000000000000000000000000000000000000000000000000000000000000000000000000000000000000000000000000000000000003af7d0694317c0
12495,0000000000000000000000000000000000000000000000000000000000000000000000000000000000000000000000000000000000000000001ef66be00c79a0
12505,00000000000000000000000000000000000000000000000000000000000000000000000000000000000000000000000000000000000000000024ecdde58008c0
12515,000000000000000000000000000000000000000000000000000000000000000000000000000000000000000000000000000000000000000000213c897dbf46e0
12525,0000000000000000000000000000000000000000000000000000000000000000000000000000000000000000000000000000000000000000000d295d61e2b4a0
12535,000000000000000000000000000000000000000000000000000000000000000000000000000000000000000000000000000000000000000000329564b4f894a0
12545,00000000000000000000000000000000000000000000000000000000000000000000000000000000000000000000000000000000000000000024a54825669180
12555,000000000000000000000000000000000000000000000000000000000000000000000000000000000000000000000000000000000000000000215e050f2eee40
12565,0000000000000000000000000000000000000000000000000000000000000000000000000000000000000000000000000000000000000000001df73e0ec829c0
12575,0000000000000000000000000000000000000000000000000000000000000000000000000000000000000000000000000000000000000000001e1e6629ae8e60
12585,00000000000000000000000000000000000000000000000000000000000000000000000000000000000000000000000000000000000000000026a65778fba940
12595,000000000000000000000000000000000000000000000000000000000000000000000000000000000000000000000000000000000000000000243b6e0efeab60
12605,0000000000000000000000000000000000000000000000000000000000000000000000000000000000000000000000000000000000000000001ba04437248240
12615,0000000000000000000000000000000000000000000000000000000000000000000000000000000000000000000000000000000000000000001f85daea1378a0
12625,0000000000000000000000000000000000000000000000000000000000000000000000000000000000000000000000000000000000000000002537be569bcb40
12635,00000000000000000000000000000000000000000000000000000000000000000000000000000000000000000000000000000000000000000028525f4872e580
12645,00000000000000000000000000000000000000000000000000000000000000000000000000000000000000000000000000000000000000000015629fe7b82aa0
12655,0000000000000000000000000000000000000000000000000000000000000000000000000000000000000000000000000000000000000000001b48476474c200
12665,00000000000000000000000000000000000000000000000000000000000000000000000000000000000000000000000000000000000000000019021e3cea1e40
12675,0000000000000000000000000000000000000000000000000000000000000000000000000000000000000000000000000000000000000000003144372e270ee0
12685,00000000000000000000000000000000000000000000000000000000000000000000000000000000000000000000000000000000000000000020b22273617de0
12695,00000000000000000000000000000000000000000000000000000000000000000000000000000000000000000000000000000000000000000033d3f5c6e3c2e0
12705,0000000000000000000000000000000000000000000000000000000000000000000000000000000000000000000000000000000000000000000eedc3f4a1dce0
12715,000000000000000000000000000000000000000000000000000000000000000000000000000000000000000000000000000000000000000000157cc9486b0820
12725,00000000000000000000000000000000000000000000000000000000000000000000000000000000000000000000000000000000000000000054141c732e8c20
12735,0000000000000000000000000000000000000000000000000000000000000000000000000000000000000000000000000000000000000000003f2bfaa0bf3aa0
12745,00000000000000000000000000000000000000000000000000000000000000000000000000000000000000000000000000000000000000000025157131890800
12755,0000000000000000000000000000000000000000000000000000000000000000000000000000000000000000000000000000000000000000001d606fca2ca440
12765,0000000000000000000000000000000000000000000000000000000000000000000000000000000000000000000000000000000000000000001eefa3af466340
12775,00000000000000000000000000000000000000000000000000000000000000000000000000000000000000000000000000000000000000000023a6ac22dd5ac0
12785,0000000000000000000000000000000000000000000000000000000000000000000000000000000000000000000000000000000000000000001dfe6e66e9b1a0
12795,000000000000000000000000000000000000000000000000000000000000000000000000000000000000000000000000000000000000000000127d5f3734a280
12805,0000000000000000000000000000000000000000000000000000000000000000000000000000000000000000000000000000000000000000001a0a172b209700
12815,00000000000000000000000000000000000000000000000000000000000000000000000000000000000000000000000000000000000000000012628211a19340
12825,0000000000000000000000000000000000000000000000000000000000000000000000000000000000000000000000000000000000000000001e6cf206d9c8c0
12835,00000000000000000000000000000000000000000000000000000000000000000000000000000000000000000000000000000000000000000039fdef03f22680
12845,000000000000000000000000000000000000000000000000000000000000000000000000000000000000000000000000000000000000000000109af857b61340
12855,0000000000000000000000000000000000000000000000000000000000000000000000000000000000000000000000000000000000000000002155905e85b780
12865,00000000000000000000000000000000000000000000000000000000000000000000000000000000000000000000000000000000000000000036b7e6c642d600
12875,00000000000000000000000000000000000000000000000000000000000000000000000000000000000000000000000000000000000000000010d1eb718c0a20
12885,0000000000000000000000000000000000000000000000000000000000000000000000000000000000000000000000000000000000000000006110c01d011360
12895,0000000000000000000000000000000000000000000000000000000000000000000000000000000000000000000000000000000000000000002049325ce9d340
12905,0000000000000000000000000000000000000000000000000000000000000000000000000000000000000000000000000000000000000000001f1bb9b62684a0
12915,0000000000000000000000000000000000000000000000000000000000000000000000000000000000000000000000000000000000000000000d0f9701292b60
12925,00000000000000000000000000000000000000000000000000000000000000000000000000000000000000000000000000000000000000000017be4f48e33420
12935,0000000000000000000000000000000000000000000000000000000000000000000000000000000000000000000000000000000000000000001b52c68b2226c0
12945,0000000000000000000000000000000000000000000000000000000000000000000000000000000000000000000000000000000000000000000d4e1686cbb0e0
12955,0000000000000000000000000000000000000000000000000000000000000000000000000000000000000000000000000000000000000000001e837f5df24c60
12965,00000000000000000000000000000000000000000000000000000000000000000000000000000000000000000000000000000000000000000019b0017ff77980
12975,0000000000000000000000000000000000000000000000000000000000000000000000000000000000000000000000000000000000000000001ceb2a96ffdd40
12985,0000000000000000000000000000000000000000000000000000000000000000000000000000000000000000000000000000000000000000002357391486a0c0
12995,0000000000000000000000000000000000000000000000000000000000000000000000000000000000000000000000000000000000000000001158de19af4360
13005,000000000000000000000000000000000000000000000000000000000000000000000000000000000000000000000000000000000000000000224631ff89e600
13015,0000000000000000000000000000000000000000000000000000000000000000000000000000000000000000000000000000000000000000001690e435d03660
13025,00000000000000000000000000000000000000000000000000000000000000000000000000000000000000000000000000000000000000000020ccd4ca328340
13035,00000000000000000000000000000000000000000000000000000000000000000000000000000000000000000000000000000000000000000014c8cead2935c0
13045,000000000000000000000000000000000000000000000000000000000000000000000000000000000000000000000000000000000000000000487dcefffba060
13055,0000000000000000000000000000000000000000000000000000000000000000000000000000000000000000000000000000000000000000001248e330e560a0
13065,00000000000000000000000000000000000000000000000000000000000000000000000000000000000000000000000000000000000000000013fea958521340
13075,000000000000000000000000000000000000000000000000000000000000000000000000000000000000000000000000000000000000000000177ed11bef6140
13085,0000000000000000000000000000000000000000000000000000000000000000000000000000000000000000000000000000000000000000001a70fa72f6b240
13095,000000000000000000000000000000000000000000000000000000000000000000000000000000000000000000000000000000000000000000299a0714d4fce0
13105,00000000000000000000000000000000000000000000000000000000000000000000000000000000000000000000000000000000000000000016dc25a6e56fa0
13115,00000000000000000000000000000000000000000000000000000000000000000000000000000000000000000000000000000000000000000017bb4921b4e820
13125,00000000000000000000000000000000000000000000000000000000000000000000000000000000000000000000000000000000000000000019c79ff4876e80
13135,00000000000000000000000000000000000000000000000000000000000000000000000000000000000000000000000000000000000000000011927d021c12e0
13145,0000000000000000000000000000000000000000000000000000000000000000000000000000000000000000000000000000000000000000000e6b73aea4d9e0
13155,0000000000000000000000000000000000000000000000000000000000000000000000000000000000000000000000000000000000000000001fd08f3da85b80
13165,000000000000000000000000000000000000000000000000000000000000000000000000000000000000000000000000000000000000000000154ccd730936a0
13175,000000000000000000000000000000000000000000000000000000000000000000000000000000000000000000000000000000000000000000121aaebddb0720
13185,0000000000000000000000000000000000000000000000000000000000000000000000000000000000000000000000000000000000000000003ba441b641fe60
13195,00000000000000000000000000000000000000000000000000000000000000000000000000000000000000000000000000000000000000000029e0a923c3cc20
13205,00000000000000000000000000000000000000000000000000000000000000000000000000000000000000000000000000000000000000000026ecdefe13a4c0
13215,00000000000000000000000000000000000000000000000000000000000000000000000000000000000000000000000000000000000000000014c18c0643fd60
13225,0000000000000000000000000000000000000000000000000000000000000000000000000000000000000000000000000000000000000000006037e53f4f0ee0
13235,00000000000000000000000000000000000000000000000000000000000000000000000000000000000000000000000000000000000000000013e39dd04bfcc0
13245,0000000000000000000000000000000000000000000000000000000000000000000000000000000000000000000000000000000000000000002f81ecaef4bd60
13255,0000000000000000000000000000000000000000000000000000000000000000000000000000000000000000000000000000000000000000002443aff0e66240
13265,000000000000000000000000000000000000000000000000000000000000000000000000000000000000000000000000000000000000000000382b32ad3df700
13275,0000000000000000000000000000000000000000000000000000000000000000000000000000000000000000000000000000000000000000002bbb9fa14c86a0
13285,0000000000000000000000000000000000000000000000000000000000000000000000000000000000000000000000000000000000000000001a2d64edabe840
13295,000000000000000000000000000000000000000000000000000000000000000000000000000000000000000000000000000000000000000000256d9c8e0e4300
13305,00000000000000000000000000000000000000000000000000000000000000000000000000000000000000000000000000000000000000000017a7147baefe40
13315,0000000000000000000000000000000000000000000000000000000000000000000000000000000000000000000000000000000000000000002927569c8f6180
13325,00000000000000000000000000000000000000000000000000000000000000000000000000000000000000000000000000000000000000000020fcab78345f80
13335,00000000000000000000000000000000000000000000000000000000000000000000000000000000000000000000000000000000000000000015618d2cb6fc80
13345,000000000000000000000000000000000000000000000000000000000000000000000000000000000000000000000000000000000000000000186613200b6880
13355,0000000000000000000000000000000000000000000000000000000000000000000000000000000000000000000000000000000000000000001551fbfc887160
13365,0000000000000000000000000000000000000000000000000000000000000000000000000000000000000000000000000000000000000000001d454207152b00
13375,0000000000000000000000000000000000000000000000000000000000000000000000000000000000000000000000000000000000000000001e766b4b22aba0
13385,00000000000000000000000000000000000000000000000000000000000000000000000000000000000000000000000000000000000000000030e4d4e5cf8260
13395,0000000000000000000000000000000000000000000000000000000000000000000000000000000000000000000000000000000000000000000a4d917f80f9e0
13405,00000000000000000000000000000000000000000000000000000000000000000000000000000000000000000000000000000000000000000021258d9cd59880
13415,0000000000000000000000000000000000000000000000000000000000000000000000000000000000000000000000000000000000000000001712e9195c2660
13425,00000000000000000000000000000000000000000000000000000000000000000000000000000000000000000000000000000000000000000012a9870cd87d00
13435,0000000000000000000000000000000000000000000000000000000000000000000000000000000000000000000000000000000000000000001dce347ddad3e0
13445,00000000000000000000000000000000000000000000000000000000000000000000000000000000000000000000000000000000000000000053fddff4ae1fc0
13455,0000000000000000000000000000000000000000000000000000000000000000000000000000000000000000000000000000000000000000001f63acbb2601c0
13465,00000000000000000000000000000000000000000000000000000000000000000000000000000000000000000000000000000000000000000025dc81906df1a0
13475,00000000000000000000000000000000000000000000000000000000000000000000000000000000000000000000000000000000000000000020eafbef8cd600
13485,0000000000000000000000000000000000000000000000000000000000000000000000000000000000000000000000000000000000000000002822cb37f664c0
13495,0000000000000000000000000000000000000000000000000000000000000000000000000000000000000000000000000000000000000000001d82b6f9186be0
13505,0000000000000000000000000000000000000000000000000000000000000000000000000000000000000000000000000000000000000000001ab5209f9a3320
13515,0000000000000000000000000000000000000000000000000000000000000000000000000000000000000000000000000000000000000000001d1770940425c0
13525,0000000000000000000000000000000000000000000000000000000000000000000000000000000000000000000000000000000000000000002104811f0fb020
13535,0000000000000000000000000000000000000000000000000000000000000000000000000000000000000000000000000000000000000000000fb694c98ff100
13545,0000000000000000000000000000000000000000000000000000000000000000000000000000000000000000000000000000000000000000001076341f1c9b00
13555,00000000000000000000000000000000000000000000000000000000000000000000000000000000000000000000000000000000000000000010249db84d38e0
13565,00000000000000000000000000000000000000000000000000000000000000000000000000000000000000000000000000000000000000000021cdd7af0872a0
13575,0000000000000000000000000000000000000000000000000000000000000000000000000000000000000000000000000000000000000000000e826f682c14c0
13585,0000000000000000000000000000000000000000000000000000000000000000000000000000000000000000000000000000000000000000001549354be4c120
13595,000000000000000000000000000000000000000000000000000000000000000000000000000000000000000000000000000000000000000000110f52f7416da0
13605,00000000000000000000000000000000000000000000000000000000000000000000000000000000000000000000000000000000000000000025f1734a185900
13615,00000000000000000000000000000000000000000000000000000000000000000000000000000000000000000000000000000000000000000021f2bab664c3c0
13625,0000000000000000000000000000000000000000000000000000000000000000000000000000000000000000000000000000000000000000000af89afdd332e0
13635,0000000000000000000000000000000000000000000000000000000000000000000000000000000000000000000000000000000000000000001ec4cb4fb35080
13645,00000000000000000000000000000000000000000000000000000000000000000000000000000000000000000000000000000000000000000024de7584026a00
13655,000000000000000000000000000000000000000000000000000000000000000000000000000000000000000000000000000000000000000000126ffa2e4313e0
13665,000000000000000000000000000000000000000000000000000000000000000000000000000000000000000000000000000000000000000000157b99bea6dea0
13675,00000000000000000000000000000000000000000000000000000000000000000000000000000000000000000000000000000000000000000033b3447a52c920
13685,0000000000000000000000000000000000000000000000000000000000000000000000000000000000000000000000000000000000000000001fbdc27a005900
13695,0000000000000000000000000000000000000000000000000000000000000000000000000000000000000000000000000000000000000000002857deaa8a3780
13705,0000000000000000000000000000000000000000000000000000000000000000000000000000000000000000000000000000000000000000001ca9fa1b6461e0
13715,0000000000000000000000000000000000000000000000000000000000000000000000000000000000000000000000000000000000000000001039a705a744a0
13725,0000000000000000000000000000000000000000000000000000000000000000000000000000000000000000000000000000000000000000001cb489cbe946e0
13735,00000000000000000000000000000000000000000000000000000000000000000000000000000000000000000000000000000000000000000019e2c0903d5480
13745,0000000000000000000000000000000000000000000000000000000000000000000000000000000000000000000000000000000000000000003b150984d4d720
13755,0000000000000000000000000000000000000000000000000000000000000000000000000000000000000000000000000000000000000000001f9f67ad470b20
13765,000000000000000000000000000000000000000000000000000000000000000000000000000000000000000000000000000000000000000000231421990bf620
13775,000000000000000000000000000000000000000000000000000000000000000000000000000000000000000000000000000000000000000000142f7ee8b8ea20
13785,0000000000000000000000000000000000000000000000000000000000000000000000000000000000000000000000000000000000000000001363590a2bb360
13795,0000000000000000000000000000000000000000000000000000000000000000000000000000000000000000000000000000000000000000003d7a2234227460
13805,0000000000000000000000000000000000000000000000000000000000000000000000000000000000000000000000000000000000000000002643fdc48883e0
13815,000000000000000000000000000000000000000000000000000000000000000000000000000000000000000000000000000000000000000000367c16855e4fe0
13825,00000000000000000000000000000000000000000000000000000000000000000000000000000000000000000000000000000000000000000012769be8e45f40
13835,0000000000000000000000000000000000000000000000000000000000000000000000000000000000000000000000000000000000000000002abe160aff9700
13845,000000000000000000000000000000000000000000000000000000000000000000000000000000000000000000000000000000000000000000102a8ba435b5a0
13855,0000000000000000000000000000000000000000000000000000000000000000000000000000000000000000000000000000000000000000000a226333a4ec60
13865,0000000000000000000000000000000000000000000000000000000000000000000000000000000000000000000000000000000000000000002c291e7c61e140
13875,00000000000000000000000000000000000000000000000000000000000000000000000000000000000000000000000000000000000000000020e82cb4a99b80
13885,0000000000000000000000000000000000000000000000000000000000000000000000000000000000000000000000000000000000000000001402ad93207b80
13895,0000000000000000000000000000000000000000000000000000000000000000000000000000000000000000000000000000000000000000001d3df85657ce80
13905,000000000000000000000000000000000000000000000000000000000000000000000000000000000000000000000000000000000000000000193050126acc40
13915,000000000000000000000000000000000000000000000000000000000000000000000000000000000000000000000000000000000000000000165e139bb2ec60
13925,000000000000000000000000000000000000000000000000000000000000000000000000000000000000000000000000000000000000000000157fc6a0d4ffc0
13935,0000000000000000000000000000000000000000000000000000000000000000000000000000000000000000000000000000000000000000000e9ec248b9a660
13945,0000000000000000000000000000000000000000000000000000000000000000000000000000000000000000000000000000000000000000001e5818b97c8100
13955,0000000000000000000000000000000000000000000000000000000000000000000000000000000000000000000000000000000000000000003d70ae038a7500
13965,0000000000000000000000000000000000000000000000000000000000000000000000000000000000000000000000000000000000000000002763206c431e00
13975,00000000000000000000000000000000000000000000000000000000000000000000000000000000000000000000000000000000000000000015469942392740
13985,00000000000000000000000000000000000000000000000000000000000000000000000000000000000000000000000000000000000000000036c991f64d20a0
13995,0000000000000000000000000000000000000000000000000000000000000000000000000000000000000000000000000000000000000000002012c656bbfd60
14005,00000000000000000000000000000000000000000000000000000000000000000000000000000000000000000000000000000000000000000011b73ee21829c0
14015,00000000000000000000000000000000000000000000000000000000000000000000000000000000000000000000000000000000000000000020c60cad1da6a0
14025,0000000000000000000000000000000000000000000000000000000000000000000000000000000000000000000000000000000000000000001810c90840ce60
14035,0000000000000000000000000000000000000000000000000000000000000000000000000000000000000000000000000000000000000000001a714d1a5396a0
14045,0000000000000000000000000000000000000000000000000000000000000000000000000000000000000000000000000000000000000000001b1b2aac6b4060
14055,0000000000000000000000000000000000000000000000000000000000000000000000000000000000000000000000000000000000000000002ae48cf4b6d880
14065,00000000000000000000000000000000000000000000000000000000000000000000000000000000000000000000000000000000000000000031a3ce8a2c42e0
14075,00000000000000000000000000000000000000000000000000000000000000000000000000000000000000000000000000000000000000000038646378285960
14085,0000000000000000000000000000000000000000000000000000000000000000000000000000000000000000000000000000000000000000001c81abd92f5940
14095,00000000000000000000000000000000000000000000000000000000000000000000000000000000000000000000000000000000000000000024eed3e55e3540
14105,0000000000000000000000000000000000000000000000000000000000000000000000000000000000000000000000000000000000000000002adbb4eb76c9a0
14115,0000000000000000000000000000000000000000000000000000000000000000000000000000000000000000000000000000000000000000000def36c0dc9300
14125,000000000000000000000000000000000000000000000000000000000000000000000000000000000000000000000000000000000000000000110cfc94f39860
14135,00000000000000000000000000000000000000000000000000000000000000000000000000000000000000000000000000000000000000000015b98a30a1cd20
14145,0000000000000000000000000000000000000000000000000000000000000000000000000000000000000000000000000000000000000000002e6feb1a08e3c0
14155,0000000000000000000000000000000000000000000000000000000000000000000000000000000000000000000000000000000000000000003660880739aa00
14165,00000000000000000000000000000000000000000000000000000000000000000000000000000000000000000000000000000000000000000021381d56a91a60
14175,000000000000000000000000000000000000000000000000000000000000000000000000000000000000000000000000000000000000000000204ca7f05f6220
14185,0000000000000000000000000000000000000000000000000000000000000000000000000000000000000000000000000000000000000000001c7e94d964a600
14195,0000000000000000000000000000000000000000000000000000000000000000000000000000000000000000000000000000000000000000002c8d3858194a20
14205,0000000000000000000000000000000000000000000000000000000000000000000000000000000000000000000000000000000000000000001804bbe1ae3b20
14215,0000000000000000000000000000000000000000000000000000000000000000000000000000000000000000000000000000000000000000002030672d5a70a0
14225,0000000000000000000000000000000000000000000000000000000000000000000000000000000000000000000000000000000000000000002ba878fb346b40
14235,00000000000000000000000000000000000000000000000000000000000000000000000000000000000000000000000000000000000000000013d6cd788b7ce0
14245,00000000000000000000000000000000000000000000000000000000000000000000000000000000000000000000000000000000000000000071cbeb728bb6e0
14255,000000000000000000000000000000000000000000000000000000000000000000000000000000000000000000000000000000000000000000181965a5361960
14265,0000000000000000000000000000000000000000000000000000000000000000000000000000000000000000000000000000000000000000002f26d083dd5000
14275,00000000000000000000000000000000000000000000000000000000000000000000000000000000000000000000000000000000000000000035eeb636478400
14285,00000000000000000000000000000000000000000000000000000000000000000000000000000000000000000000000000000000000000000010594079ad8fe0
14295,0000000000000000000000000000000000000000000000000000000000000000000000000000000000000000000000000000000000000000001d90ec295e6a00
14305,00000000000000000000000000000000000000000000000000000000000000000000000000000000000000000000000000000000000000000022d7c593448c40
14315,0000000000000000000000000000000000000000000000000000000000000000000000000000000000000000000000000000000000000000000a85a5f1e0fb60
14325,00000000000000000000000000000000000000000000000000000000000000000000000000000000000000000000000000000000000000000019868c51878b60
14335,000000000000000000000000000000000000000000000000000000000000000000000000000000000000000000000000000000000000000000174a6a64639c20
14345,000000000000000000000000000000000000000000000000000000000000000000000000000000000000000000000000000000000000000000118ef63d6c98e0
14355,0000000000000000000000000000000000000000000000000000000000000000000000000000000000000000000000000000000000000000001b481215b36d40
14365,00000000000000000000000000000000000000000000000000000000000000000000000000000000000000000000000000000000000000000022d3324ea729e0
14375,000000000000000000000000000000000000000000000000000000000000000000000000000000000000000000000000000000000000000000102e33fc942780
14385,0000000000000000000000000000000000000000000000000000000000000000000000000000000000000000000000000000000000000000001e6b9af33fabc0
14395,00000000000000000000000000000000000000000000000000000000000000000000000000000000000000000000000000000000000000000022a3a696c7a300
14405,0000000000000000000000000000000000000000000000000000000000000000000000000000000000000000000000000000000000000000002b0dd5a329c640
14415,0000000000000000000000000000000000000000000000000000000000000000000000000000000000000000000000000000000000000000001305231084d6e0
14425,000000000000000000000000000000000000000000000000000000000000000000000000000000000000000000000000000000000000000000178d96f38e1640
14435,0000000000000000000000000000000000000000000000000000000000000000000000000000000000000000000000000000000000000000002c32dd8f6afc40
14445,0000000000000000000000000000000000000000000000000000000000000000000000000000000000000000000000000000000000000000001dcda8f40b9d60
14455,0000000000000000000000000000000000000000000000000000000000000000000000000000000000000000000000000000000000000000001d45f3dfa6b900
14465,0000000000000000000000000000000000000000000000000000000000000000000000000000000000000000000000000000000000000000007994a9e26c3b40
14475,0000000000000000000000000000000000000000000000000000000000000000000000000000000000000000000000000000000000000000002604a7dc7e4920
14485,0000000000000000000000000000000000000000000000000000000000000000000000000000000000000000000000000000000000000000005fd69dc5dd2040
14495,0000000000000000000000000000000000000000000000000000000000000000000000000000000000000000000000000000000000000000001010f57e8c9da0
14505,00000000000000000000000000000000000000000000000000000000000000000000000000000000000000000000000000000000000000000010f8342032b7e0
14515,0000000000000000000000000000000000000000000000000000000000000000000000000000000000000000000000000000000000000000000fe21c1f3e9c20
14525,0000000000000000000000000000000000000000000000000000000000000000000000000000000000000000000000000000000000000000001a3915e3099e20
14535,00000000000000000000000000000000000000000000000000000000000000000000000000000000000000000000000000000000000000000014a1c1e105e660
14545,000000000000000000000000000000000000000000000000000000000000000000000000000000000000000000000000000000000000000000212d24d7665900
14555,00000000000000000000000000000000000000000000000000000000000000000000000000000000000000000000000000000000000000000028117f56aa9a60
14565,000000000000000000000000000000000000000000000000000000000000000000000000000000000000000000000000000000000000000000187db6ed388b20
14575,0000000000000000000000000000000000000000000000000000000000000000000000000000000000000000000000000000000000000000003f2eba51cae3a0
14585,0000000000000000000000000000000000000000000000000000000000000000000000000000000000000000000000000000000000000000000b88c3c2e15f40
14595,00000000000000000000000000000000000000000000000000000000000000000000000000000000000000000000000000000000000000000021706152de8560
14605,00000000000000000000000000000000000000000000000000000000000000000000000000000000000000000000000000000000000000000015f1b2ca62e920
14615,00000000000000000000000000000000000000000000000000000000000000000000000000000000000000000000000000000000000000000021f62d7b1596c0
14625,0000000000000000000000000000000000000000000000000000000000000000000000000000000000000000000000000000000000000000000f4a3f95c8fe00
14635,0000000000000000000000000000000000000000000000000000000000000000000000000000000000000000000000000000000000000000001cd5ad8e99eca0
14645,0000000000000000000000000000000000000000000000000000000000000000000000000000000000000000000000000000000000000000002c305768341040
14655,00000000000000000000000000000000000000000000000000000000000000000000000000000000000000000000000000000000000000000018a87256a62f00
14665,000000000000000000000000000000000000000000000000000000000000000000000000000000000000000000000000000000000000000000162c2c46723940
14675,00000000000000000000000000000000000000000000000000000000000000000000000000000000000000000000000000000000000000000038107642bc6460
14685,0000000000000000000000000000000000000000000000000000000000000000000000000000000000000000000000000000000000000000003181c56514eaa0
14695,0000000000000000000000000000000000000000000000000000000000000000000000000000000000000000000000000000000000000000001660cfea48a860
14705,0000000000000000000000000000000000000000000000000000000000000000000000000000000000000000000000000000000000000000001b86abc2b6a5c0
14715,00000000000000000000000000000000000000000000000000000000000000000000000000000000000000000000000000000000000000000018f57c3dc408c0
14725,0000000000000000000000000000000000000000000000000000000000000000000000000000000000000000000000000000000000000000001e5a2cf46c5540
14735,0000000000000000000000000000000000000000000000000000000000000000000000000000000000000000000000000000000000000000001ba352caa101e0
14745,000000000000000000000000000000000000000000000000000000000000000000000000000000000000000000000000000000000000000000189c9a26376ca0
14755,000000000000000000000000000000000000000000000000000000000000000000000000000000000000000000000000000000000000000000222d8c326e25e0
14765,00000000000000000000000000000000000000000000000000000000000000000000000000000000000000000000000000000000000000000016781bada31c20
14775,0000000000000000000000000000000000000000000000000000000000000000000000000000000000000000000000000000000000000000002ade826b4670c0
14785,00000000000000000000000000000000000000000000000000000000000000000000000000000000000000000000000000000000000000000023dfc4b2b5ade0
14795,00000000000000000000000000000000000000000000000000000000000000000000000000000000000000000000000000000000000000000012f7c142a6c1c0
14805,0000000000000000000000000000000000000000000000000000000000000000000000000000000000000000000000000000000000000000001b344d65cd5a80
14815,00000000000000000000000000000000000000000000000000000000000000000000000000000000000000000000000000000000000000000012be5b1f226dc0
14825,000000000000000000000000000000000000000000000000000000000000000000000000000000000000000000000000000000000000000000111ef91d95f1a0
14835,0000000000000000000000000000000000000000000000000000000000000000000000000000000000000000000000000000000000000000001f6ef7eb9e4460
14845,0000000000000000000000000000000000000000000000000000000000000000000000000000000000000000000000000000000000000000001a00f85cf8fe20
14855,00000000000000000000000000000000000000000000000000000000000000000000000000000000000000000000000000000000000000000020c4870fae0ee0
14865,0000000000000000000000000000000000000000000000000000000000000000000000000000000000000000000000000000000000000000002cba7c06478e20
14875,0000000000000000000000000000000000000000000000000000000000000000000000000000000000000000000000000000000000000000002f4de94fffd060
14885,0000000000000000000000000000000000000000000000000000000000000000000000000000000000000000000000000000000000000000001654396b21cc80
14895,0000000000000000000000000000000000000000000000000000000000000000000000000000000000000000000000000000000000000000001c1eabdfdb1940
14905,00000000000000000000000000000000000000000000000000000000000000000000000000000000000000000000000000000000000000000024e77234a276c0
14915,000000000000000000000000000000000000000000000000000000000000000000000000000000000000000000000000000000000000000000206d848bb25d20
14925,0000000000000000000000000000000000000000000000000000000000000000000000000000000000000000000000000000000000000000001b46893d305c00
14935,0000000000000000000000000000000000000000000000000000000000000000000000000000000000000000000000000000000000000000001162a11906dfa0
14945,0000000000000000000000000000000000000000000000000000000000000000000000000000000000000000000000000000000000000000002b32676f77df60
14955,000000000000000000000000000000000000000000000000000000000000000000000000000000000000000000000000000000000000000000170bb40fffdbc0
14965,00000000000000000000000000000000000000000000000000000000000000000000000000000000000000000000000000000000000000000017aee840144800
14975,0000000000000000000000000000000000000000000000000000000000000000000000000000000000000000000000000000000000000000001dd7a2a49a9de0
14985,00000000000000000000000000000000000000000000000000000000000000000000000000000000000000000000000000000000000000000036c7bea7a7b160
14995,000000000000000000000000000000000000000000000000000000000000000000000000000000000000000000000000000000000000000000210d2ca852bea0
15005,0000000000000000000000000000000000000000000000000000000000000000000000000000000000000000000000000000000000000000000f36858d44a9a0
15015,0000000000000000000000000000000000000000000000000000000000000000000000000000000000000000000000000000000000000000002403d47533eca0
15025,0000000000000000000000000000000000000000000000000000000000000000000000000000000000000000000000000000000000000000001865b616390fe0
15035,000000000000000000000000000000000000000000000000000000000000000000000000000000000000000000000000000000000000000000214d0c68f13960
15045,000000000000000000000000000000000000000000000000000000000000000000000000000000000000000000000000000000000000000000231610f1881f40
15055,00000000000000000000000000000000000000000000000000000000000000000000000000000000000000000000000000000000000000000017bf28d2ad2920
15065,0000000000000000000000000000000000000000000000000000000000000000000000000000000000000000000000000000000000000000002355e1e362ad20
15075,0000000000000000000000000000000000000000000000000000000000000000000000000000000000000000000000000000000000000000001ea9a5db603440
15085,00000000000000000000000000000000000000000000000000000000000000000000000000000000000000000000000000000000000000000011a56ae34bb2c0
15095,0000000000000000000000000000000000000000000000000000000000000000000000000000000000000000000000000000000000000000002646e430a54200
15105,00000000000000000000000000000000000000000000000000000000000000000000000000000000000000000000000000000000000000000024a0c04d172f00
15115,0000000000000000000000000000000000000000000000000000000000000000000000000000000000000000000000000000000000000000001e724b419136c0
15125,000000000000000000000000000000000000000000000000000000000000000000000000000000000000000000000000000000000000000000241535e056e100
15135,0000000000000000000000000000000000000000000000000000000000000000000000000000000000000000000000000000000000000000001a98a997ac9b00
15145,0000000000000000000000000000000000000000000000000000000000000000000000000000000000000000000000000000000000000000000a1300aad5b2a0
15155,0000000000000000000000000000000000000000000000000000000000000000000000000000000000000000000000000000000000000000001c13a46a71f780
15165,00000000000000000000000000000000000000000000000000000000000000000000000000000000000000000000000000000000000000000048bc3ead01ad60
15175,0000000000000000000000000000000000000000000000000000000000000000000000000000000000000000000000000000000000000000002258d9b95bc9e0
15185,0000000000000000000000000000000000000000000000000000000000000000000000000000000000000000000000000000000000000000000f2459e71ba480
15195,0000000000000000000000000000000000000000000000000000000000000000000000000000000000000000000000000000000000000000000d119c81064c80
15205,000000000000000000000000000000000000000000000000000000000000000000000000000000000000000000000000000000000000000000102be64b80d000
15215,00000000000000000000000000000000000000000000000000000000000000000000000000000000000000000000000000000000000000000013c7198d4b97a0
15225,000000000000000000000000000000000000000000000000000000000000000000000000000000000000000000000000000000000000000000237bd7434a0ba0
15235,0000000000000000000000000000000000000000000000000000000000000000000000000000000000000000000000000000000000000000000fd7dd5b030820
15245,0000000000000000000000000000000000000000000000000000000000000000000000000000000000000000000000000000000000000000001dd79d5faeaa00
15255,000000000000000000000000000000000000000000000000000000000000000000000000000000000000000000000000000000000000000000319ea43bc07060
15265,000000000000000000000000000000000000000000000000000000000000000000000000000000000000000000000000000000000000000000189b56e160e640
15275,000000000000000000000000000000000000000000000000000000000000000000000000000000000000000000000000000000000000000000183930f1d692a0
15285,000000000000000000000000000000000000000000000000000000000000000000000000000000000000000000000000000000000000000000201dd738734180
15295,000000000000000000000000000000000000000000000000000000000000000000000000000000000000000000000000000000000000000000164b02d80f7ee0
15305,0000000000000000000000000000000000000000000000000000000000000000000000000000000000000000000000000000000000000000002e0733bea117c0
15315,0000000000000000000000000000000000000000000000000000000000000000000000000000000000000000000000000000000000000000003079bdd9559560
15325,000000000000000000000000000000000000000000000000000000000000000000000000000000000000000000000000000000000000000000237b689bef0a40
15335,000000000000000000000000000000000000000000000000000000000000000000000000000000000000000000000000000000000000000000245656e5cc04a0
15345,0000000000000000000000000000000000000000000000000000000000000000000000000000000000000000000000000000000000000000002303b5fc9d5de0
15355,0000000000000000000000000000000000000000000000000000000000000000000000000000000000000000000000000000000000000000002451fb3eb4bb80
15365,000000000000000000000000000000000000000000000000000000000000000000000000000000000000000000000000000000000000000000189b3eba0010c0
15375,000000000000000000000000000000000000000000000000000000000000000000000000000000000000000000000000000000000000000000111223f710d860
15385,00000000000000000000000000000000000000000000000000000000000000000000000000000000000000000000000000000000000000000010f0b3d1ef30e0
15395,000000000000000000000000000000000000000000000000000000000000000000000000000000000000000000000000000000000000000000191558b1c5d040
15405,0000000000000000000000000000000000000000000000000000000000000000000000000000000000000000000000000000000000000000005f9f4ea234bf80
15415,000000000000000000000000000000000000000000000000000000000000000000000000000000000000000000000000000000000000000000282147cbc1bae0
15425,0000000000000000000000000000000000000000000000000000000000000000000000000000000000000000000000000000000000000000001a988d7a24a760
15435,00000000000000000000000000000000000000000000000000000000000000000000000000000000000000000000000000000000000000000010913030fc59c0
15445,00000000000000000000000000000000000000000000000000000000000000000000000000000000000000000000000000000000000000000021209975c89600
15455,0000000000000000000000000000000000000000000000000000000000000000000000000000000000000000000000000000000000000000001a6c6bdf9412a0
15465,00000000000000000000000000000000000000000000000000000000000000000000000000000000000000000000000000000000000000000013eeda3bd8ef60
15475,0000000000000000000000000000000000000000000000000000000000000000000000000000000000000000000000000000000000000000002c42e35342e780
15485,000000000000000000000000000000000000000000000000000000000000000000000000000000000000000000000000000000000000000000193db41183cf40
15495,00000000000000000000000000000000000000000000000000000000000000000000000000000000000000000000000000000000000000000012f16e4313d980
15505,0000000000000000000000000000000000000000000000000000000000000000000000000000000000000000000000000000000000000000001b09c2e8ab2fa0
15515,00000000000000000000000000000000000000000000000000000000000000000000000000000000000000000000000000000000000000000055b956c31b2140
15525,0000000000000000000000000000000000000000000000000000000000000000000000000000000000000000000000000000000000000000001d14cc4f4568a0
15535,0000000000000000000000000000000000000000000000000000000000000000000000000000000000000000000000000000000000000000002564d2faf49d20
15545,000000000000000000000000000000000000000000000000000000000000000000000000000000000000000000000000000000000000000000242fbf723e56e0
15555,000000000000000000000000000000000000000000000000000000000000000000000000000000000000000000000000000000000000000000231be4fafc3320
15565,0000000000000000000000000000000000000000000000000000000000000000000000000000000000000000000000000000000000000000003e5b8138a40760
15575,00000000000000000000000000000000000000000000000000000000000000000000000000000000000000000000000000000000000000000016f67338d0f080
15585,00000000000000000000000000000000000000000000000000000000000000000000000000000000000000000000000000000000000000000018af651b1aa200
15595,000000000000000000000000000000000000000000000000000000000000000000000000000000000000000000000000000000000000000000120aea21612e20
15605,0000000000000000000000000000000000000000000000000000000000000000000000000000000000000000000000000000000000000000000c28e055a14a40
15615,0000000000000000000000000000000000000000000000000000000000000000000000000000000000000000000000000000000000000000001869d8337b9c00
15625,0000000000000000000000000000000000000000000000000000000000000000000000000000000000000000000000000000000000000000003492e4cdb761e0
15635,00000000000000000000000000000000000000000000000000000000000000000000000000000000000000000000000000000000000000000014699af87fc0e0
15645,0000000000000000000000000000000000000000000000000000000000000000000000000000000000000000000000000000000000000000001e273477db93e0
15655,000000000000000000000000000000000000000000000000000000000000000000000000000000000000000000000000000000000000000000163b5d76a73c60
15665,0000000000000000000000000000000000000000000000000000000000000000000000000000000000000000000000000000000000000000004dfb5fc8a80ea0
15675,00000000000000000000000000000000000000000000000000000000000000000000000000000000000000000000000000000000000000000021233e9324ce60
15685,0000000000000000000000000000000000000000000000000000000000000000000000000000000000000000000000000000000000000000001151c17ca01860
15695,0000000000000000000000000000000000000000000000000000000000000000000000000000000000000000000000000000000000000000001b5a21d9682c00
15705,0000000000000000000000000000000000000000000000000000000000000000000000000000000000000000000000000000000000000000001e91148e431280
15715,0000000000000000000000000000000000000000000000000000000000000000000000000000000000000000000000000000000000000000002426752419ac60
15725,0000000000000000000000000000000000000000000000000000000000000000000000000000000000000000000000000000000000000000001dd9cd9a9c9b40
15735,00000000000000000000000000000000000000000000000000000000000000000000000000000000000000000000000000000000000000000012c3698b19f9e0
15745,0000000000000000000000000000000000000000000000000000000000000000000000000000000000000000000000000000000000000000002284d77b513f20
15755,00000000000000000000000000000000000000000000000000000000000000000000000000000000000000000000000000000000000000000019b7117f7da580
15765,000000000000000000000000000000000000000000000000000000000000000000000000000000000000000000000000000000000000000000125521fed71180
15775,0000000000000000000000000000000000000000000000000000000000000000000000000000000000000000000000000000000000000000001ed3c262626580
15785,0000000000000000000000000000000000000000000000000000000000000000000000000000000000000000000000000000000000000000000af84b6a275480
15795,0000000000000000000000000000000000000000000000000000000000000000000000000000000000000000000000000000000000000000001589c82a0102c0
15805,00000000000000000000000000000000000000000000000000000000000000000000000000000000000000000000000000000000000000000017c4cf8d5f5e40
15815,000000000000000000000000000000000000000000000000000000000000000000000000000000000000000000000000000000000000000000111170771cf0c0
15825,00000000000000000000000000000000000000000000000000000000000000000000000000000000000000000000000000000000000000000020cfcca29cd9c0
15835,000000000000000000000000000000000000000000000000000000000000000000000000000000000000000000000000000000000000000000271f569836ee00
15845,0000000000000000000000000000000000000000000000000000000000000000000000000000000000000000000000000000000000000000001ed04da78a51e0
15855,0000000000000000000000000000000000000000000000000000000000000000000000000000000000000000000000000000000000000000001f0c17de96a2a0
15865,000000000000000000000000000000000000000000000000000000000000000000000000000000000000000000000000000000000000000000195d7f409a71e0
15875,0000000000000000000000000000000000000000000000000000000000000000000000000000000000000000000000000000000000000000002de43e8fc109a0
15885,0000000000000000000000000000000000000000000000000000000000000000000000000000000000000000000000000000000000000000000ea080effe03c0
15895,000000000000000000000000000000000000000000000000000000000000000000000000000000000000000000000000000000000000000000344a98215b7920
15905,0000000000000000000000000000000000000000000000000000000000000000000000000000000000000000000000000000000000000000004c82e8a6f26620
15915,000000000000000000000000000000000000000000000000000000000000000000000000000000000000000000000000000000000000000000202144ae5f83c0
15925,00000000000000000000000000000000000000000000000000000000000000000000000000000000000000000000000000000000000000000018d64149b75f60
15935,0000000000000000000000000000000000000000000000000000000000000000000000000000000000000000000000000000000000000000000fc83d0d4ba920
15945,0000000000000000000000000000000000000000000000000000000000000000000000000000000000000000000000000000000000000000001b0947377871a0
15955,0000000000000000000000000000000000000000000000000000000000000000000000000000000000000000000000000000000000000000001ec5d51e6653a0
15965,0000000000000000000000000000000000000000000000000000000000000000000000000000000000000000000000000000000000000000001efe32cbd51720
15975,00000000000000000000000000000000000000000000000000000000000000000000000000000000000000000000000000000000000000000048c1c7aca23220
15985,0000000000000000000000000000000000000000000000000000000000000000000000000000000000000000000000000000000000000000001daf25bb0643e0
15995,00000000000000000000000000000000000000000000000000000000000000000000000000000000000000000000000000000000000000000022823c8f2f6aa0
16005,000000000000000000000000000000000000000000000000000000000000000000000000000000000000000000000000000000000000000000467c368ee5ed40
16015,0000000000000000000000000000000000000000000000000000000000000000000000000000000000000000000000000000000000000000001f594cb2005ce0
16025,0000000000000000000000000000000000000000000000000000000000000000000000000000000000000000000000000000000000000000000badb9b68b2ee0
16035,0000000000000000000000000000000000000000000000000000000000000000000000000000000000000000000000000000000000000000000e1d7a33e5e9c0
16045,00000000000000000000000000000000000000000000000000000000000000000000000000000000000000000000000000000000000000000029147ab185ee40
16055,000000000000000000000000000000000000000000000000000000000000000000000000000000000000000000000000000000000000000000099d8f6dd345c0
16065,0000000000000000000000000000000000000000000000000000000000000000000000000000000000000000000000000000000000000000006ce3e3ee90b460
16075,00000000000000000000000000000000000000000000000000000000000000000000000000000000000000000000000000000000000000000016ba7dda651200
16085,0000000000000000000000000000000000000000000000000000000000000000000000000000000000000000000000000000000000000000001f839daf2667a0
16095,00000000000000000000000000000000000000000000000000000000000000000000000000000000000000000000000000000000000000000016c4034fe83640
16105,0000000000000000000000000000000000000000000000000000000000000000000000000000000000000000000000000000000000000000000d019b821a5dc0
16115,000000000000000000000000000000000000000000000000000000000000000000000000000000000000000000000000000000000000000000179ef441277900
16125,000000000000000000000000000000000000000000000000000000000000000000000000000000000000000000000000000000000000000000242bf3ad938320
16135,0000000000000000000000000000000000000000000000000000000000000000000000000000000000000000000000000000000000000000001616ed342f7e40
16145,0000000000000000000000000000000000000000000000000000000000000000000000000000000000000000000000000000000000000000002707290fff6200
16155,00000000000000000000000000000000000000000000000000000000000000000000000000000000000000000000000000000000000000000021e13ccb43bb00
16165,000000000000000000000000000000000000000000000000000000000000000000000000000000000000000000000000000000000000000000405d965aec6740
16175,00000000000000000000000000000000000000000000000000000000000000000000000000000000000000000000000000000000000000000030229e4b833b00
16185,0000000000000000000000000000000000000000000000000000000000000000000000000000000000000000000000000000000000000000002398c95ee093c0
16195,0000000000000000000000000000000000000000000000000000000000000000000000000000000000000000000000000000000000000000001eb08ed1106420
16205,0000000000000000000000000000000000000000000000000000000000000000000000000000000000000000000000000000000000000000002c43628e4e0600
16215,0000000000000000000000000000000000000000000000000000000000000000000000000000000000000000000000000000000000000000002e03c42b2b2160
16225,000000000000000000000000000000000000000000000000000000000000000000000000000000000000000000000000000000000000000000158f21e4b86820
16235,0000000000000000000000000000000000000000000000000000000000000000000000000000000000000000000000000000000000000000001cf10ed1aded80
16245,0000000000000000000000000000000000000000000000000000000000000000000000000000000000000000000000000000000000000000001392d4b833b160
16255,00000000000000000000000000000000000000000000000000000000000000000000000000000000000000000000000000000000000000000019ed075e50fb60
16265,00000000000000000000000000000000000000000000000000000000000000000000000000000000000000000000000000000000000000000016e1d588f97d00
16275,0000000000000000000000000000000000000000000000000000000000000000000000000000000000000000000000000000000000000000001aa58216cf0460
16285,0000000000000000000000000000000000000000000000000000000000000000000000000000000000000000000000000000000000000000002c08bcb9a42900
16295,000000000000000000000000000000000000000000000000000000000000000000000000000000000000000000000000000000000000000000205d756f3d8940
16305,0000000000000000000000000000000000000000000000000000000000000000000000000000000000000000000000000000000000000000001c6c3d1f8d5e20
16315,000000000000000000000000000000000000000000000000000000000000000000000000000000000000000000000000000000000000000000142f50d50ac9e0
16325,0000000000000000000000000000000000000000000000000000000000000000000000000000000000000000000000000000000000000000002fcc0d0c6c3620
16335,0000000000000000000000000000000000000000000000000000000000000000000000000000000000000000000000000000000000000000002b0e0a4a88b020
16345,0000000000000000000000000000000000000000000000000000000000000000000000000000000000000000000000000000000000000000000f1cf436602b00
16355,00000000000000000000000000000000000000000000000000000000000000000000000000000000000000000000000000000000000000000018c7d75e613da0
16365,00000000000000000000000000000000000000000000000000000000000000000000000000000000000000000000000000000000000000000013605e808677a0
16375,00000000000000000000000000000000000000000000000000000000000000000000000000000000000000000000000000000000000000000024e1b2dc6811a0
16385,0000000000000000000000000000000000000000000000000000000000000000000000000000000000000000000000000000000000000000000d08d7bcb14000
16395,0000000000000000000000000000000000000000000000000000000000000000000000000000000000000000000000000000000000000000000b5a5f4fda41c0
16405,00000000000000000000000000000000000000000000000000000000000000000000000000000000000000000000000000000000000000000011dd5db8241f80
16415,0000000000000000000000000000000000000000000000000000000000000000000000000000000000000000000000000000000000000000001b8f90dfa70e20
16425,00000000000000000000000000000000000000000000000000000000000000000000000000000000000000000000000000000000000000000013980972ed9500
16435,00000000000000000000000000000000000000000000000000000000000000000000000000000000000000000000000000000000000000000015f691f17155e0
16445,00000000000000000000000000000000000000000000000000000000000000000000000000000000000000000000000000000000000000000023d63d335a0f40
16455,00000000000000000000000000000000000000000000000000000000000000000000000000000000000000000000000000000000000000000029563dcaa16120
16465,00000000000000000000000000000000000000000000000000000000000000000000000000000000000000000000000000000000000000000017e2de6dcf04e0
16475,000000000000000000000000000000000000000000000000000000000000000000000000000000000000000000000000000000000000000000223f80a75fcf60
16485,00000000000000000000000000000000000000000000000000000000000000000000000000000000000000000000000000000000000000000013a24c3728e400
16495,000000000000000000000000000000000000000000000000000000000000000000000000000000000000000000000000000000000000000000226d3486c197c0
16505,0000000000000000000000000000000000000000000000000000000000000000000000000000000000000000000000000000000000000000000fc3152b2e71c0
16515,000000000000000000000000000000000000000000000000000000000000000000000000000000000000000000000000000000000000000000115417f29f2760
16525,00000000000000000000000000000000000000000000000000000000000000000000000000000000000000000000000000000000000000000029c74faf51b0e0
16535,0000000000000000000000000000000000000000000000000000000000000000000000000000000000000000000000000000000000000000001286bbe7ce3740
16545,00000000000000000000000000000000000000000000000000000000000000000000000000000000000000000000000000000000000000000024016e57d37580
16555,0000000000000000000000000000000000000000000000000000000000000000000000000000000000000000000000000000000000000000000a61c92586b000
16565,0000000000000000000000000000000000000000000000000000000000000000000000000000000000000000000000000000000000000000001d219e897bef60
16575,00000000000000000000000000000000000000000000000000000000000000000000000000000000000000000000000000000000000000000024204d2e5c7b40
16585,000000000000000000000000000000000000000000000000000000000000000000000000000000000000000000000000000000000000000000269884f9ea1860
16595,0000000000000000000000000000000000000000000000000000000000000000000000000000000000000000000000000000000000000000003b5ba91d9c6e60
16605,0000000000000000000000000000000000000000000000000000000000000000000000000000000000000000000000000000000000000000003fc721eee85dc0
16615,0000000000000000000000000000000000000000000000000000000000000000000000000000000000000000000000000000000000000000001e7bd772279820
16625,0000000000000000000000000000000000000000000000000000000000000000000000000000000000000000000000000000000000000000003b1c725319f380
16635,0000000000000000000000000000000000000000000000000000000000000000000000000000000000000000000000000000000000000000001a8314056fb420
16645,00000000000000000000000000000000000000000000000000000000000000000000000000000000000000000000000000000000000000000010902e27351f60
16655,0000000000000000000000000000000000000000000000000000000000000000000000000000000000000000000000000000000000000000001c8b4a09c48420
16665,000000000000000000000000000000000000000000000000000000000000000000000000000000000000000000000000000000000000000000304196c96cfc60
16675,0000000000000000000000000000000000000000000000000000000000000000000000000000000000000000000000000000000000000000001871d99f404860
16685,000000000000000000000000000000000000000000000000000000000000000000000000000000000000000000000000000000000000000000183725d46ff9c0
16695,0000000000000000000000000000000000000000000000000000000000000000000000000000000000000000000000000000000000000000002372dbcdbd9ae0
16705,0000000000000000000000000000000000000000000000000000000000000000000000000000000000000000000000000000000000000000001bda2fda9fd760
16715,0000000000000000000000000000000000000000000000000000000000000000000000000000000000000000000000000000000000000000001d06673c8c7d20
16725,00000000000000000000000000000000000000000000000000000000000000000000000000000000000000000000000000000000000000000013ad020f0dad00
16735,000000000000000000000000000000000000000000000000000000000000000000000000000000000000000000000000000000000000000000830b7c706593e0
16745,000000000000000000000000000000000000000000000000000000000000000000000000000000000000000000000000000000000000000000379a5b37007c60
16755,00000000000000000000000000000000000000000000000000000000000000000000000000000000000000000000000000000000000000000042152333758a20
16765,0000000000000000000000000000000000000000000000000000000000000000000000000000000000000000000000000000000000000000001a0319ab992be0
16775,0000000000000000000000000000000000000000000000000000000000000000000000000000000000000000000000000000000000000000001778da88a503a0
16785,0000000000000000000000000000000000000000000000000000000000000000000000000000000000000000000000000000000000000000001d1e6b6c294880
16795,000000000000000000000000000000000000000000000000000000000000000000000000000000000000000000000000000000000000000000321088f90014e0
16805,000000000000000000000000000000000000000000000000000000000000000000000000000000000000000000000000000000000000000000245aeabe1a9820
16815,00000000000000000000000000000000000000000000000000000000000000000000000000000000000000000000000000000000000000000013ea59773a4de0
16825,000000000000000000000000000000000000000000000000000000000000000000000000000000000000000000000000000000000000000000157b7d2af79080
16835,0000000000000000000000000000000000000000000000000000000000000000000000000000000000000000000000000000000000000000000f2c5017cd6160
16845,00000000000000000000000000000000000000000000000000000000000000000000000000000000000000000000000000000000000000000018a2a325cf5160
16855,000000000000000000000000000000000000000000000000000000000000000000000000000000000000000000000000000000000000000000120fc4efd25c00
16865,00000000000000000000000000000000000000000000000000000000000000000000000000000000000000000000000000000000000000000017f7e74eda5300
16875,000000000000000000000000000000000000000000000000000000000000000000000000000000000000000000000000000000000000000000139aa3f2c0abe0
16885,0000000000000000000000000000000000000000000000000000000000000000000000000000000000000000000000000000000000000000002a1d25f84dec60
16895,0000000000000000000000000000000000000000000000000000000000000000000000000000000000000000000000000000000000000000000d4f1dae1c6ba0
16905,00000000000000000000000000000000000000000000000000000000000000000000000000000000000000000000000000000000000000000026e289a6285b20
16915,000000000000000000000000000000000000000000000000000000000000000000000000000000000000000000000000000000000000000000168ace84fe18e0
16925,000000000000000000000000000000000000000000000000000000000000000000000000000000000000000000000000000000000000000000214e7423ecad40
16935,000000000000000000000000000000000000000000000000000000000000000000000000000000000000000000000000000000000000000000247ff48087fe60
16945,000000000000000000000000000000000000000000000000000000000000000000000000000000000000000000000000000000000000000000100d004d95cf80
16955,000000000000000000000000000000000000000000000000000000000000000000000000000000000000000000000000000000000000000000145de316d3bd80
16965,00000000000000000000000000000000000000000000000000000000000000000000000000000000000000000000000000000000000000000014504117bee800
16975,00000000000000000000000000000000000000000000000000000000000000000000000000000000000000000000000000000000000000000013e965774abee0
16985,00000000000000000000000000000000000000000000000000000000000000000000000000000000000000000000000000000000000000000022e5cd438d9b40
16995,00000000000000000000000000000000000000000000000000000000000000000000000000000000000000000000000000000000000000000022d43fce950100
17005,00000000000000000000000000000000000000000000000000000000000000000000000000000000000000000000000000000000000000000010c523c12d6b20
17015,0000000000000000000000000000000000000000000000000000000000000000000000000000000000000000000000000000000000000000002e25cc3c915120
17025,000000000000000000000000000000000000000000000000000000000000000000000000000000000000000000000000000000000000000000176383003c8c20
17035,00000000000000000000000000000000000000000000000000000000000000000000000000000000000000000000000000000000000000000022cd9b0a1b4c80
17045,0000000000000000000000000000000000000000000000000000000000000000000000000000000000000000000000000000000000000000001a7030ae17fc00
17055,0000000000000000000000000000000000000000000000000000000000000000000000000000000000000000000000000000000000000000001c2bff2dba2880
17065,0000000000000000000000000000000000000000000000000000000000000000000000000000000000000000000000000000000000000000001f99c1f294c4c0
17075,0000000000000000000000000000000000000000000000000000000000000000000000000000000000000000000000000000000000000000001a3d02c53c0f40
17085,0000000000000000000000000000000000000000000000000000000000000000000000000000000000000000000000000000000000000000001597f3c6966b00
17095,00000000000000000000000000000000000000000000000000000000000000000000000000000000000000000000000000000000000000000021f313a2ad8ac0
17105,00000000000000000000000000000000000000000000000000000000000000000000000000000000000000000000000000000000000000000017163aacd42240
17115,00000000000000000000000000000000000000000000000000000000000000000000000000000000000000000000000000000000000000000019d73fdfc8acc0
17125,0000000000000000000000000000000000000000000000000000000000000000000000000000000000000000000000000000000000000000003df9847a5200e0
17135,00000000000000000000000000000000000000000000000000000000000000000000000000000000000000000000000000000000000000000010127f884aae00
17145,0000000000000000000000000000000000000000000000000000000000000000000000000000000000000000000000000000000000000000001345a06ea28b60
17155,00000000000000000000000000000000000000000000000000000000000000000000000000000000000000000000000000000000000000000021845916726220
17165,000000000000000000000000000000000000000000000000000000000000000000000000000000000000000000000000000000000000000000255635b7046740
17175,000000000000000000000000000000000000000000000000000000000000000000000000000000000000000000000000000000000000000000305a3bd19c7b00
17185,0000000000000000000000000000000000000000000000000000000000000000000000000000000000000000000000000000000000000000002a89bf35e8e740
17195,0000000000000000000000000000000000000000000000000000000000000000000000000000000000000000000000000000000000000000002533744d0d2ae0
17205,000000000000000000000000000000000000000000000000000000000000000000000000000000000000000000000000000000000000000000203e475da62900
17215,00000000000000000000000000000000000000000000000000000000000000000000000000000000000000000000000000000000000000000014e2f0bf17a500
17225,00000000000000000000000000000000000000000000000000000000000000000000000000000000000000000000000000000000000000000017e2186403bf80
17235,00000000000000000000000000000000000000000000000000000000000000000000000000000000000000000000000000000000000000000019292230707c60
17245,00000000000000000000000000000000000000000000000000000000000000000000000000000000000000000000000000000000000000000013b818982705c0
17255,0000000000000000000000000000000000000000000000000000000000000000000000000000000000000000000000000000000000000000002251e339d3e600
17265,0000000000000000000000000000000000000000000000000000000000000000000000000000000000000000000000000000000000000000001a42f2ceae4020
17275,00000000000000000000000000000000000000000000000000000000000000000000000000000000000000000000000000000000000000000023e73194abbf00
17285,000000000000000000000000000000000000000000000000000000000000000000000000000000000000000000000000000000000000000000239cf5f249cde0
17295,000000000000000000000000000000000000000000000000000000000000000000000000000000000000000000000000000000000000000000179c41415608c0
17305,000000000000000000000000000000000000000000000000000000000000000000000000000000000000000000000000000000000000000000353874428f7680
17315,000000000000000000000000000000000000000000000000000000000000000000000000000000000000000000000000000000000000000000226c1c5f720240
17325,0000000000000000000000000000000000000000000000000000000000000000000000000000000000000000000000000000000000000000002e3ba713b5dbe0
17335,00000000000000000000000000000000000000000000000000000000000000000000000000000000000000000000000000000000000000000049d60106541880
17345,000000000000000000000000000000000000000000000000000000000000000000000000000000000000000000000000000000000000000000503e64bf2dcf00
17355,0000000000000000000000000000000000000000000000000000000000000000000000000000000000000000000000000000000000000000002bca6cf8eaba40
17365,0000000000000000000000000000000000000000000000000000000000000000000000000000000000000000000000000000000000000000001f54b1b24fcea0
17375,000000000000000000000000000000000000000000000000000000000000000000000000000000000000000000000000000000000000000000198e2b64b54e60
17385,0000000000000000000000000000000000000000000000000000000000000000000000000000000000000000000000000000000000000000007cf965b1bb2d20
17395,0000000000000000000000000000000000000000000000000000000000000000000000000000000000000000000000000000000000000000001c2897d5575560
17405,0000000000000000000000000000000000000000000000000000000000000000000000000000000000000000000000000000000000000000001645666c218440
17415,00000000000000000000000000000000000000000000000000000000000000000000000000000000000000000000000000000000000000000010aef64c8498e0
17425,00000000000000000000000000000000000000000000000000000000000000000000000000000000000000000000000000000000000000000022a7e3ef1c0aa0
17435,00000000000000000000000000000000000000000000000000000000000000000000000000000000000000000000000000000000000000000014ac47c2c68840
17445,0000000000000000000000000000000000000000000000000000000000000000000000000000000000000000000000000000000000000000001d07505a06a080
17455,0000000000000000000000000000000000000000000000000000000000000000000000000000000000000000000000000000000000000000001328b121d0bf20
17465,0000000000000000000000000000000000000000000000000000000000000000000000000000000000000000000000000000000000000000000fa453b7199880
17475,0000000000000000000000000000000000000000000000000000000000000000000000000000000000000000000000000000000000000000001ac6276360cd20
17485,00000000000000000000000000000000000000000000000000000000000000000000000000000000000000000000000000000000000000000013c978a0d3eaa0
17495,00000000000000000000000000000000000000000000000000000000000000000000000000000000000000000000000000000000000000000014d272e7969600
17505,0000000000000000000000000000000000000000000000000000000000000000000000000000000000000000000000000000000000000000001965770ed5eb80
17515,0000000000000000000000000000000000000000000000000000000000000000000000000000000000000000000000000000000000000000002057e0ef9dcae0
17525,000000000000000000000000000000000000000000000000000000000000000000000000000000000000000000000000000000000000000000192ee5b9e5ace0
17535,000000000000000000000000000000000000000000000000000000000000000000000000000000000000000000000000000000000000000000164f5db061e9a0
17545,000000000000000000000000000000000000000000000000000000000000000000000000000000000000000000000000000000000000000000179cd08638b020
17555,0000000000000000000000000000000000000000000000000000000000000000000000000000000000000000000000000000000000000000001d3806d6be5460
17565,000000000000000000000000000000000000000000000000000000000000000000000000000000000000000000000000000000000000000000155f53de186cc0
17575,000000000000000000000000000000000000000000000000000000000000000000000000000000000000000000000000000000000000000000365506880023e0
17585,000000000000000000000000000000000000000000000000000000000000000000000000000000000000000000000000000000000000000000156fc766d54140
17595,00000000000000000000000000000000000000000000000000000000000000000000000000000000000000000000000000000000000000000034cb2e714ee180
17605,00000000000000000000000000000000000000000000000000000000000000000000000000000000000000000000000000000000000000000014b7611aa49ce0
17615,00000000000000000000000000000000000000000000000000000000000000000000000000000000000000000000000000000000000000000017debae43dcc60
17625,000000000000000000000000000000000000000000000000000000000000000000000000000000000000000000000000000000000000000000157f60efa0c640
17635,0000000000000000000000000000000000000000000000000000000000000000000000000000000000000000000000000000000000000000002eff2cc19cca40
17645,000000000000000000000000000000000000000000000000000000000000000000000000000000000000000000000000000000000000000000a97fdbe2e69640
17655,0000000000000000000000000000000000000000000000000000000000000000000000000000000000000000000000000000000000000000001a6708d6186180
17665,0000000000000000000000000000000000000000000000000000000000000000000000000000000000000000000000000000000000000000001b431ddaf53100
17675,0000000000000000000000000000000000000000000000000000000000000000000000000000000000000000000000000000000000000000001ba719ca5fd920
17685,00000000000000000000000000000000000000000000000000000000000000000000000000000000000000000000000000000000000000000016207f0c27f440
17695,0000000000000000000000000000000000000000000000000000000000000000000000000000000000000000000000000000000000000000003afaedfcbe94a0
17705,00000000000000000000000000000000000000000000000000000000000000000000000000000000000000000000000000000000000000000029180958ab07a0
17715,000000000000000000000000000000000000000000000000000000000000000000000000000000000000000000000000000000000000000000219aaf327aed40
17725,00000000000000000000000000000000000000000000000000000000000000000000000000000000000000000000000000000000000000000023311fefb55c80
17735,000000000000000000000000000000000000000000000000000000000000000000000000000000000000000000000000000000000000000000165ccd2f7a2640
17745,00000000000000000000000000000000000000000000000000000000000000000000000000000000000000000000000000000000000000000019f249fb8016e0
17755,000000000000000000000000000000000000000000000000000000000000000000000000000000000000000000000000000000000000000000174e3701abeb20
17765,000000000000000000000000000000000000000000000000000000000000000000000000000000000000000000000000000000000000000000147d941e89ad20
17775,0000000000000000000000000000000000000000000000000000000000000000000000000000000000000000000000000000000000000000002db787a6759820
17785,0000000000000000000000000000000000000000000000000000000000000000000000000000000000000000000000000000000000000000000f52d377ab2e60
17795,00000000000000000000000000000000000000000000000000000000000000000000000000000000000000000000000000000000000000000022022cd2e42be0
17805,0000000000000000000000000000000000000000000000000000000000000000000000000000000000000000000000000000000000000000003387359ad4a280
17815,00000000000000000000000000000000000000000000000000000000000000000000000000000000000000000000000000000000000000000019e07dadee2ee0
17825,000000000000000000000000000000000000000000000000000000000000000000000000000000000000000000000000000000000000000000146600a0205d80
17835,00000000000000000000000000000000000000000000000000000000000000000000000000000000000000000000000000000000000000000016242aee5ec6a0
17845,0000000000000000000000000000000000000000000000000000000000000000000000000000000000000000000000000000000000000000001dbdc23a0a3840
17855,000000000000000000000000000000000000000000000000000000000000000000000000000000000000000000000000000000000000000000196a047ad628e0
17865,000000000000000000000000000000000000000000000000000000000000000000000000000000000000000000000000000000000000000000159e6d289ce480
17875,0000000000000000000000000000000000000000000000000000000000000000000000000000000000000000000000000000000000000000001af808cc532180
17885,000000000000000000000000000000000000000000000000000000000000000000000000000000000000000000000000000000000000000000431e8d219325a0
17895,00000000000000000000000000000000000000000000000000000000000000000000000000000000000000000000000000000000000000000027e40fbc308720
17905,0000000000000000000000000000000000000000000000000000000000000000000000000000000000000000000000000000000000000000000d0e55013edde0
17915,0000000000000000000000000000000000000000000000000000000000000000000000000000000000000000000000000000000000000000001475894676de60
17925,00000000000000000000000000000000000000000000000000000000000000000000000000000000000000000000000000000000000000000018bedb2dc12840
17935,00000000000000000000000000000000000000000000000000000000000000000000000000000000000000000000000000000000000000000017e9108aedfd00
17945,0000000000000000000000000000000000000000000000000000000000000000000000000000000000000000000000000000000000000000002dcb8dfdb9b480
17955,00000000000000000000000000000000000000000000000000000000000000000000000000000000000000000000000000000000000000000026340f00af0be0
17965,00000000000000000000000000000000000000000000000000000000000000000000000000000000000000000000000000000000000000000010e366ab722da0
17975,0000000000000000000000000000000000000000000000000000000000000000000000000000000000000000000000000000000000000000001eb28eb3640d80
17985,0000000000000000000000000000000000000000000000000000000000000000000000000000000000000000000000000000000000000000000e28753d011ce0
17995,000000000000000000000000000000000000000000000000000000000000000000000000000000000000000000000000000000000000000000145f7daa694e20
18005,0000000000000000000000000000000000000000000000000000000000000000000000000000000000000000000000000000000000000000000c5773f007b080
18015,00000000000000000000000000000000000000000000000000000000000000000000000000000000000000000000000000000000000000000015609c67dae700
18025,0000000000000000000000000000000000000000000000000000000000000000000000000000000000000000000000000000000000000000001ea346c81ce140
18035,00000000000000000000000000000000000000000000000000000000000000000000000000000000000000000000000000000000000000000019e6b26896d280
18045,000000000000000000000000000000000000000000000000000000000000000000000000000000000000000000000000000000000000000000133c0b51bdff00
18055,00000000000000000000000000000000000000000000000000000000000000000000000000000000000000000000000000000000000000000015981901a79a00
18065,0000000000000000000000000000000000000000000000000000000000000000000000000000000000000000000000000000000000000000001da2c194798d60
18075,0000000000000000000000000000000000000000000000000000000000000000000000000000000000000000000000000000000000000000001083afcf6f1900
18085,000000000000000000000000000000000000000000000000000000000000000000000000000000000000000000000000000000000000000000176ef9c4631a20
18095,00000000000000000000000000000000000000000000000000000000000000000000000000000000000000000000000000000000000000000015eee1d46c1b40
18105,000000000000000000000000000000000000000000000000000000000000000000000000000000000000000000000000000000000000000000185b20aaa0dc80
18115,000000000000000000000000000000000000000000000000000000000000000000000000000000000000000000000000000000000000000000435277d92745c0
18125,0000000000000000000000000000000000000000000000000000000000000000000000000000000000000000000000000000000000000000002c29abcb1d4800
18135,0000000000000000000000000000000000000000000000000000000000000000000000000000000000000000000000000000000000000000001c91587f836d20
18145,000000000000000000000000000000000000000000000000000000000000000000000000000000000000000000000000000000000000000000186c3a4703bb40
18155,0000000000000000000000000000000000000000000000000000000000000000000000000000000000000000000000000000000000000000003219d0299b1c80
18165,0000000000000000000000000000000000000000000000000000000000000000000000000000000000000000000000000000000000000000002192b777f0ad60
18175,0000000000000000000000000000000000000000000000000000000000000000000000000000000000000000000000000000000000000000001c0c09c392ad20
18185,000000000000000000000000000000000000000000000000000000000000000000000000000000000000000000000000000000000000000000226937e97c84c0
18195,0000000000000000000000000000000000000000000000000000000000000000000000000000000000000000000000000000000000000000000e3170463ed000
18205,00000000000000000000000000000000000000000000000000000000000000000000000000000000000000000000000000000000000000000016632fa5336640
18215,00000000000000000000000000000000000000000000000000000000000000000000000000000000000000000000000000000000000000000016e4c908c694a0
18225,0000000000000000000000000000000000000000000000000000000000000000000000000000000000000000000000000000000000000000000eba793d02f4c0
18235,000000000000000000000000000000000000000000000000000000000000000000000000000000000000000000000000000000000000000000649c8ea4c1b360
18245,0000000000000000000000000000000000000000000000000000000000000000000000000000000000000000000000000000000000000000003514c77631ef20
18255,0000000000000000000000000000000000000000000000000000000000000000000000000000000000000000000000000000000000000000001f04d724000e00
18265,00000000000000000000000000000000000000000000000000000000000000000000000000000000000000000000000000000000000000000014615696983520
18275,000000000000000000000000000000000000000000000000000000000000000000000000000000000000000000000000000000000000000000298888a9b3fcc0
18285,000000000000000000000000000000000000000000000000000000000000000000000000000000000000000000000000000000000000000000177b34574162c0
18295,00000000000000000000000000000000000000000000000000000000000000000000000000000000000000000000000000000000000000000092a39d1e78ff40
18305,0000000000000000000000000000000000000000000000000000000000000000000000000000000000000000000000000000000000000000002e5e87aee611e0
18315,00000000000000000000000000000000000000000000000000000000000000000000000000000000000000000000000000000000000000000037fc32c419f0c0
18325,0000000000000000000000000000000000000000000000000000000000000000000000000000000000000000000000000000000000000000004d2c08b916d4c0
18335,00000000000000000000000000000000000000000000000000000000000000000000000000000000000000000000000000000000000000000016656169f9da80
18345,0000000000000000000000000000000000000000000000000000000000000000000000000000000000000000000000000000000000000000001ddcffae16b680
18355,0000000000000000000000000000000000000000000000000000000000000000000000000000000000000000000000000000000000000000001c9fc6cd4f6aa0
18365,0000000000000000000000000000000000000000000000000000000000000000000000000000000000000000000000000000000000000000001d1d3b9d78d4e0
18375,000000000000000000000000000000000000000000000000000000000000000000000000000000000000000000000000000000000000000000457770b4297e80
18385,00000000000000000000000000000000000000000000000000000000000000000000000000000000000000000000000000000000000000000011e296c1a2a520
18395,00000000000000000000000000000000000000000000000000000000000000000000000000000000000000000000000000000000000000000023350b794a5b00
18405,00000000000000000000000000000000000000000000000000000000000000000000000000000000000000000000000000000000000000000016dfad9ccfe8c0
18415,0000000000000000000000000000000000000000000000000000000000000000000000000000000000000000000000000000000000000000001324f98e5fa2c0
18425,00000000000000000000000000000000000000000000000000000000000000000000000000000000000000000000000000000000000000000010682d47710740
18435,0000000000000000000000000000000000000000000000000000000000000000000000000000000000000000000000000000000000000000002ebd2d8122eee0
18445,0000000000000000000000000000000000000000000000000000000000000000000000000000000000000000000000000000000000000000001c4aee2ba48dc0
18455,000000000000000000000000000000000000000000000000000000000000000000000000000000000000000000000000000000000000000000651f84e0daea00
18465,00000000000000000000000000000000000000000000000000000000000000000000000000000000000000000000000000000000000000000018e14abf205ea0
18475,0000000000000000000000000000000000000000000000000000000000000000000000000000000000000000000000000000000000000000000e7a0068bd8f80
18485,0000000000000000000000000000000000000000000000000000000000000000000000000000000000000000000000000000000000000000001a660a389fb100
18495,00000000000000000000000000000000000000000000000000000000000000000000000000000000000000000000000000000000000000000011ff93184c2e00
18505,000000000000000000000000000000000000000000000000000000000000000000000000000000000000000000000000000000000000000000674c071dd14840
18515,00000000000000000000000000000000000000000000000000000000000000000000000000000000000000000000000000000000000000000083b7f7bd63ce00
18525,0000000000000000000000000000000000000000000000000000000000000000000000000000000000000000000000000000000000000000000f562014fc1d60
18535,000000000000000000000000000000000000000000000000000000000000000000000000000000000000000000000000000000000000000000277414300affc0
18545,000000000000000000000000000000000000000000000000000000000000000000000000000000000000000000000000000000000000000000312931613446c0
18555,0000000000000000000000000000000000000000000000000000000000000000000000000000000000000000000000000000000000000000002aef4e11872de0
18565,000000000000000000000000000000000000000000000000000000000000000000000000000000000000000000000000000000000000000000153a2756c10f80
18575,000000000000000000000000000000000000000000000000000000000000000000000000000000000000000000000000000000000000000000179ff72d64cb80
18585,0000000000000000000000000000000000000000000000000000000000000000000000000000000000000000000000000000000000000000001a9d855c451ac0
18595,00000000000000000000000000000000000000000000000000000000000000000000000000000000000000000000000000000000000000000018b28e5fd068e0
18605,0000000000000000000000000000000000000000000000000000000000000000000000000000000000000000000000000000000000000000002a713de8cab180
18615,0000000000000000000000000000000000000000000000000000000000000000000000000000000000000000000000000000000000000000001baffa5d77f240
18625,00000000000000000000000000000000000000000000000000000000000000000000000000000000000000000000000000000000000000000023e1c04644b540
18635,0000000000000000000000000000000000000000000000000000000000000000000000000000000000000000000000000000000000000000001abfff9edeac60
18645,000000000000000000000000000000000000000000000000000000000000000000000000000000000000000000000000000000000000000000322c5f323396a0
18655,0000000000000000000000000000000000000000000000000000000000000000000000000000000000000000000000000000000000000000001e3bab0a2bd180
18665,00000000000000000000000000000000000000000000000000000000000000000000000000000000000000000000000000000000000000000039b398c40827e0
18675,0000000000000000000000000000000000000000000000000000000000000000000000000000000000000000000000000000000000000000001e139d8cdeba60
18685,0000000000000000000000000000000000000000000000000000000000000000000000000000000000000000000000000000000000000000002cd0e2c9b17020
18695,00000000000000000000000000000000000000000000000000000000000000000000000000000000000000000000000000000000000000000033d04ff85dc2c0
18705,00000000000000000000000000000000000000000000000000000000000000000000000000000000000000000000000000000000000000000029e535fc12d860
18715,0000000000000000000000000000000000000000000000000000000000000000000000000000000000000000000000000000000000000000000efc7b2eb7b560
18725,00000000000000000000000000000000000000000000000000000000000000000000000000000000000000000000000000000000000000000013c974c836a320
18735,00000000000000000000000000000000000000000000000000000000000000000000000000000000000000000000000000000000000000000014edcfa0d247a0
18745,0000000000000000000000000000000000000000000000000000000000000000000000000000000000000000000000000000000000000000001eff31b812aea0
18755,0000000000000000000000000000000000000000000000000000000000000000000000000000000000000000000000000000000000000000001d641149ee0260
18765,00000000000000000000000000000000000000000000000000000000000000000000000000000000000000000000000000000000000000000028c10523745f60
18775,0000000000000000000000000000000000000000000000000000000000000000000000000000000000000000000000000000000000000000001335d648507460
18785,0000000000000000000000000000000000000000000000000000000000000000000000000000000000000000000000000000000000000000001985d5f8f64b00
18795,00000000000000000000000000000000000000000000000000000000000000000000000000000000000000000000000000000000000000000039e4bbca912900
18805,00000000000000000000000000000000000000000000000000000000000000000000000000000000000000000000000000000000000000000013a538ad1dd780
18815,00000000000000000000000000000000000000000000000000000000000000000000000000000000000000000000000000000000000000000020e9ad65cac340
18825,0000000000000000000000000000000000000000000000000000000000000000000000000000000000000000000000000000000000000000001801c1b0a68340
18835,0000000000000000000000000000000000000000000000000000000000000000000000000000000000000000000000000000000000000000001a1a47c7932900
18845,0000000000000000000000000000000000000000000000000000000000000000000000000000000000000000000000000000000000000000001baea60ec9f440
18855,0000000000000000000000000000000000000000000000000000000000000000000000000000000000000000000000000000000000000000003a433d12f7dec0
18865,0000000000000000000000000000000000000000000000000000000000000000000000000000000000000000000000000000000000000000001345d39fda2c00
18875,00000000000000000000000000000000000000000000000000000000000000000000000000000000000000000000000000000000000000000029fbef1814b7c0
18885,00000000000000000000000000000000000000000000000000000000000000000000000000000000000000000000000000000000000000000014be3b9a2e63c0
18895,0000000000000000000000000000000000000000000000000000000000000000000000000000000000000000000000000000000000000000001548a3a48c1b80
18905,0000000000000000000000000000000000000000000000000000000000000000000000000000000000000000000000000000000000000000003db272eb6ab500
18915,0000000000000000000000000000000000000000000000000000000000000000000000000000000000000000000000000000000000000000001916b594247560
18925,00000000000000000000000000000000000000000000000000000000000000000000000000000000000000000000000000000000000000000017c6f63e755680
18935,00000000000000000000000000000000000000000000000000000000000000000000000000000000000000000000000000000000000000000024e890dbf19c20
18945,00000000000000000000000000000000000000000000000000000000000000000000000000000000000000000000000000000000000000000026fe1e9a73f400
18955,000000000000000000000000000000000000000000000000000000000000000000000000000000000000000000000000000000000000000000110f764fdc95c0
18965,0000000000000000000000000000000000000000000000000000000000000000000000000000000000000000000000000000000000000000001ec5efed297180
18975,0000000000000000000000000000000000000000000000000000000000000000000000000000000000000000000000000000000000000000001a55aefea62580
18985,00000000000000000000000000000000000000000000000000000000000000000000000000000000000000000000000000000000000000000012a254e5f22800
18995,00000000000000000000000000000000000000000000000000000000000000000000000000000000000000000000000000000000000000000048fd1a327b7fe0
19005,00000000000000000000000000000000000000000000000000000000000000000000000000000000000000000000000000000000000000000017a9ba7b814ec0
19015,000000000000000000000000000000000000000000000000000000000000000000000000000000000000000000000000000000000000000000187ac5811c8ac0
19025,0000000000000000000000000000000000000000000000000000000000000000000000000000000000000000000000000000000000000000001dad7e89e7b440
19035,00000000000000000000000000000000000000000000000000000000000000000000000000000000000000000000000000000000000000000021df9b1a24cc80
19045,0000000000000000000000000000000000000000000000000000000000000000000000000000000000000000000000000000000000000000001b106940d60400
19055,000000000000000000000000000000000000000000000000000000000000000000000000000000000000000000000000000000000000000000144cc666bfd8c0
19065,00000000000000000000000000000000000000000000000000000000000000000000000000000000000000000000000000000000000000000025cb4607be9720
19075,00000000000000000000000000000000000000000000000000000000000000000000000000000000000000000000000000000000000000000014698f82592420
19085,0000000000000000000000000000000000000000000000000000000000000000000000000000000000000000000000000000000000000000002c079c39b799a0
19095,0000000000000000000000000000000000000000000000000000000000000000000000000000000000000000000000000000000000000000000dc8f3b997f9e0
19105,0000000000000000000000000000000000000000000000000000000000000000000000000000000000000000000000000000000000000000002ad5f06201aa60
19115,0000000000000000000000000000000000000000000000000000000000000000000000000000000000000000000000000000000000000000001409b292a76540
19125,0000000000000000000000000000000000000000000000000000000000000000000000000000000000000000000000000000000000000000000ee6819c818b80
19135,0000000000000000000000000000000000000000000000000000000000000000000000000000000000000000000000000000000000000000000f0431245a1500
19145,0000000000000000000000000000000000000000000000000000000000000000000000000000000000000000000000000000000000000000002070a6bcb76300
19155,00000000000000000000000000000000000000000000000000000000000000000000000000000000000000000000000000000000000000000022b156dac7d120
19165,00000000000000000000000000000000000000000000000000000000000000000000000000000000000000000000000000000000000000000024cb6b18fc18e0
19175,0000000000000000000000000000000000000000000000000000000000000000000000000000000000000000000000000000000000000000001f75ffa638b040
19185,00000000000000000000000000000000000000000000000000000000000000000000000000000000000000000000000000000000000000000037ca18b3c8f780
19195,00000000000000000000000000000000000000000000000000000000000000000000000000000000000000000000000000000000000000000035738e8d58dd00
19205,0000000000000000000000000000000000000000000000000000000000000000000000000000000000000000000000000000000000000000001fc86920ab1460
19215,000000000000000000000000000000000000000000000000000000000000000000000000000000000000000000000000000000000000000000167a10b759f6c0
19225,0000000000000000000000000000000000000000000000000000000000000000000000000000000000000000000000000000000000000000001129e489285980
19235,00000000000000000000000000000000000000000000000000000000000000000000000000000000000000000000000000000000000000000019b30db0fdfae0
19245,0000000000000000000000000000000000000000000000000000000000000000000000000000000000000000000000000000000000000000000b6b25f61b5520
19255,00000000000000000000000000000000000000000000000000000000000000000000000000000000000000000000000000000000000000000019c8d125adf1a0
19265,0000000000000000000000000000000000000000000000000000000000000000000000000000000000000000000000000000000000000000002ad1ee310bbc80
19275,00000000000000000000000000000000000000000000000000000000000000000000000000000000000000000000000000000000000000000028de5c5c8defe0
19285,00000000000000000000000000000000000000000000000000000000000000000000000000000000000000000000000000000000000000000029a99b80170180
19295,0000000000000000000000000000000000000000000000000000000000000000000000000000000000000000000000000000000000000000001a8ad17b119260
19305,000000000000000000000000000000000000000000000000000000000000000000000000000000000000000000000000000000000000000000173174974d4000
19315,0000000000000000000000000000000000000000000000000000000000000000000000000000000000000000000000000000000000000000001ac39401171420
19325,0000000000000000000000000000000000000000000000000000000000000000000000000000000000000000000000000000000000000000001a7f81b6e863a0
19335,00000000000000000000000000000000000000000000000000000000000000000000000000000000000000000000000000000000000000000019a6d6f6bcf9c0
19345,0000000000000000000000000000000000000000000000000000000000000000000000000000000000000000000000000000000000000000001bb0945d6d91c0
19355,0000000000000000000000000000000000000000000000000000000000000000000000000000000000000000000000000000000000000000002300e3107f4f60
19365,00000000000000000000000000000000000000000000000000000000000000000000000000000000000000000000000000000000000000000010fb4664ea0b80
19375,00000000000000000000000000000000000000000000000000000000000000000000000000000000000000000000000000000000000000000016a94faa525b20
19385,0000000000000000000000000000000000000000000000000000000000000000000000000000000000000000000000000000000000000000001ded63c0ad3340
19395,00000000000000000000000000000000000000000000000000000000000000000000000000000000000000000000000000000000000000000028660802337820
19405,00000000000000000000000000000000000000000000000000000000000000000000000000000000000000000000000000000000000000000011d52b9b27a760
19415,000000000000000000000000000000000000000000000000000000000000000000000000000000000000000000000000000000000000000000132e10a1740fc0
19425,0000000000000000000000000000000000000000000000000000000000000000000000000000000000000000000000000000000000000000000bc11de677c240
19435,0000000000000000000000000000000000000000000000000000000000000000000000000000000000000000000000000000000000000000001e7975fc2946e0
19445,0000000000000000000000000000000000000000000000000000000000000000000000000000000000000000000000000000000000000000001b78f46b05b6a0
19455,00000000000000000000000000000000000000000000000000000000000000000000000000000000000000000000000000000000000000000047a19f7b209a00
19465,00000000000000000000000000000000000000000000000000000000000000000000000000000000000000000000000000000000000000000015b766933cdae0
19475,0000000000000000000000000000000000000000000000000000000000000000000000000000000000000000000000000000000000000000000e8fb6711fa8e0
19485,000000000000000000000000000000000000000000000000000000000000000000000000000000000000000000000000000000000000000000137a8b613918c0
19495,00000000000000000000000000000000000000000000000000000000000000000000000000000000000000000000000000000000000000000053b68b83552e40
19505,0000000000000000000000000000000000000000000000000000000000000000000000000000000000000000000000000000000000000000000db718d855d240
19515,0000000000000000000000000000000000000000000000000000000000000000000000000000000000000000000000000000000000000000000fdf5781e48320
19525,0000000000000000000000000000000000000000000000000000000000000000000000000000000000000000000000000000000000000000002460448c833740
19535,00000000000000000000000000000000000000000000000000000000000000000000000000000000000000000000000000000000000000000018697b0246cfe0
19545,0000000000000000000000000000000000000000000000000000000000000000000000000000000000000000000000000000000000000000000aa6975bf77bc0
19555,0000000000000000000000000000000000000000000000000000000000000000000000000000000000000000000000000000000000000000002f495246766040
19565,000000000000000000000000000000000000000000000000000000000000000000000000000000000000000000000000000000000000000000254d48df00d300
19575,000000000000000000000000000000000000000000000000000000000000000000000000000000000000000000000000000000000000000000195705cae2bea0
19585,000000000000000000000000000000000000000000000000000000000000000000000000000000000000000000000000000000000000000000179630b7e60880
19595,000000000000000000000000000000000000000000000000000000000000000000000000000000000000000000000000000000000000000000133a03be2fc6a0
19605,0000000000000000000000000000000000000000000000000000000000000000000000000000000000000000000000000000000000000000001ac1b94ffbfce0
19615,000000000000000000000000000000000000000000000000000000000000000000000000000000000000000000000000000000000000000000152dffba08e240
19625,000000000000000000000000000000000000000000000000000000000000000000000000000000000000000000000000000000000000000000186500c7805b20
19635,0000000000000000000000000000000000000000000000000000000000000000000000000000000000000000000000000000000000000000001de0152de183a0
19645,00000000000000000000000000000000000000000000000000000000000000000000000000000000000000000000000000000000000000000018c6b023617120
19655,000000000000000000000000000000000000000000000000000000000000000000000000000000000000000000000000000000000000000000508df0eb0cb060
19665,000000000000000000000000000000000000000000000000000000000000000000000000000000000000000000000000000000000000000000296db9a1a9d2a0
19675,00000000000000000000000000000000000000000000000000000000000000000000000000000000000000000000000000000000000000000013b5fe984b4640
19685,0000000000000000000000000000000000000000000000000000000000000000000000000000000000000000000000000000000000000000001239a9ecffadc0
19695,00000000000000000000000000000000000000000000000000000000000000000000000000000000000000000000000000000000000000000020766263b6f420
19705,00000000000000000000000000000000000000000000000000000000000000000000000000000000000000000000000000000000000000000016c306775bb600
19715,000000000000000000000000000000000000000000000000000000000000000000000000000000000000000000000000000000000000000000132c598407cde0
19725,0000000000000000000000000000000000000000000000000000000000000000000000000000000000000000000000000000000000000000001966ace75e9480
19735,0000000000000000000000000000000000000000000000000000000000000000000000000000000000000000000000000000000000000000003543592e224e80
19745,0000000000000000000000000000000000000000000000000000000000000000000000000000000000000000000000000000000000000000002942797d316f20
19755,00000000000000000000000000000000000000000000000000000000000000000000000000000000000000000000000000000000000000000036feb423f3a680
19765,0000000000000000000000000000000000000000000000000000000000000000000000000000000000000000000000000000000000000000000a3b76c5a595c0
19775,000000000000000000000000000000000000000000000000000000000000000000000000000000000000000000000000000000000000000000184235fb139940
19785,00000000000000000000000000000000000000000000000000000000000000000000000000000000000000000000000000000000000000000011c5e42607d5a0
19795,0000000000000000000000000000000000000000000000000000000000000000000000000000000000000000000000000000000000000000001af09187e79c20
19805,000000000000000000000000000000000000000000000000000000000000000000000000000000000000000000000000000000000000000000122473821ed3a0
19815,00000000000000000000000000000000000000000000000000000000000000000000000000000000000000000000000000000000000000000018196f25357580
19825,000000000000000000000000000000000000000000000000000000000000000000000000000000000000000000000000000000000000000000241c4824c934a0
19835,00000000000000000000000000000000000000000000000000000000000000000000000000000000000000000000000000000000000000000021491cc1d2a940
19845,000000000000000000000000000000000000000000000000000000000000000000000000000000000000000000000000000000000000000000292c10e12a2320
19855,0000000000000000000000000000000000000000000000000000000000000000000000000000000000000000000000000000000000000000001277bcadbd38c0
19865,00000000000000000000000000000000000000000000000000000000000000000000000000000000000000000000000000000000000000000010ed748d3ae580
19875,0000000000000000000000000000000000000000000000000000000000000000000000000000000000000000000000000000000000000000002425c49a4cf420
19885,000000000000000000000000000000000000000000000000000000000000000000000000000000000000000000000000000000000000000000101a54b8fea420
19895,0000000000000000000000000000000000000000000000000000000000000000000000000000000000000000000000000000000000000000003503c694e11700
19905,00000000000000000000000000000000000000000000000000000000000000000000000000000000000000000000000000000000000000000019bc116b762bc0
19915,000000000000000000000000000000000000000000000000000000000000000000000000000000000000000000000000000000000000000000189e78e12adbc0
19925,00000000000000000000000000000000000000000000000000000000000000000000000000000000000000000000000000000000000000000015e321cb5e2e60
19935,0000000000000000000000000000000000000000000000000000000000000000000000000000000000000000000000000000000000000000000db8e1ce5e6a20
19945,0000000000000000000000000000000000000000000000000000000000000000000000000000000000000000000000000000000000000000001594600bc06e20
19955,0000000000000000000000000000000000000000000000000000000000000000000000000000000000000000000000000000000000000000002060fcbdc59780
19965,000000000000000000000000000000000000000000000000000000000000000000000000000000000000000000000000000000000000000000165c2b43364a80
19975,0000000000000000000000000000000000000000000000000000000000000000000000000000000000000000000000000000000000000000001fb5b321edd7e0
19985,000000000000000000000000000000000000000000000000000000000000000000000000000000000000000000000000000000000000000000330e579920fb20
19995,0000000000000000000000000000000000000000000000000000000000000000000000000000000000000000000000000000000000000000001b0df4fc140ae0
20005,000000000000000000000000000000000000000000000000000000000000000000000000000000000000000000000000000000000000000000360a8bdbc9d4a0
20015,00000000000000000000000000000000000000000000000000000000000000000000000000000000000000000000000000000000000000000028706928e2e260
20025,0000000000000000000000000000000000000000000000000000000000000000000000000000000000000000000000000000000000000000002bf38209d749c0
20035,0000000000000000000000000000000000000000000000000000000000000000000000000000000000000000000000000000000000000000001be461463ec7c0
20045,0000000000000000000000000000000000000000000000000000000000000000000000000000000000000000000000000000000000000000001d7b0a0d4e0de0
20055,00000000000000000000000000000000000000000000000000000000000000000000000000000000000000000000000000000000000000000012270b95a34f60
20065,00000000000000000000000000000000000000000000000000000000000000000000000000000000000000000000000000000000000000000017e23bedd9f800
20075,000000000000000000000000000000000000000000000000000000000000000000000000000000000000000000000000000000000000000000212574eb9c2ec0
20085,0000000000000000000000000000000000000000000000000000000000000000000000000000000000000000000000000000000000000000004016f8249adf80
20095,00000000000000000000000000000000000000000000000000000000000000000000000000000000000000000000000000000000000000000024740bf77ccc20
20105,0000000000000000000000000000000000000000000000000000000000000000000000000000000000000000000000000000000000000000002b848e38b3ae40
20115,00000000000000000000000000000000000000000000000000000000000000000000000000000000000000000000000000000000000000000015c558a5fd8620
20125,000000000000000000000000000000000000000000000000000000000000000000000000000000000000000000000000000000000000000000337f90af09ba80
20135,0000000000000000000000000000000000000000000000000000000000000000000000000000000000000000000000000000000000000000001ca6087e1e9120
20145,00000000000000000000000000000000000000000000000000000000000000000000000000000000000000000000000000000000000000000013aedbfb3c82c0
20155,000000000000000000000000000000000000000000000000000000000000000000000000000000000000000000000000000000000000000000223e64314b97e0
20165,0000000000000000000000000000000000000000000000000000000000000000000000000000000000000000000000000000000000000000001fa93e4a272da0
20175,0000000000000000000000000000000000000000000000000000000000000000000000000000000000000000000000000000000000000000000ff8fdec78d140
20185,00000000000000000000000000000000000000000000000000000000000000000000000000000000000000000000000000000000000000000027db0e5a55b7a0
20195,00000000000000000000000000000000000000000000000000000000000000000000000000000000000000000000000000000000000000000045f9f052c0daa0
20205,00000000000000000000000000000000000000000000000000000000000000000000000000000000000000000000000000000000000000000018574465f72560
20215,0000000000000000000000000000000000000000000000000000000000000000000000000000000000000000000000000000000000000000000d9965291b1a40
20225,00000000000000000000000000000000000000000000000000000000000000000000000000000000000000000000000000000000000000000019a1ffcfae0300
20235,0000000000000000000000000000000000000000000000000000000000000000000000000000000000000000000000000000000000000000001ff4a7ceeaeea0
20245,00000000000000000000000000000000000000000000000000000000000000000000000000000000000000000000000000000000000000000016a7e616b97d40
20255,000000000000000000000000000000000000000000000000000000000000000000000000000000000000000000000000000000000000000000278a6f423a97c0
20265,0000000000000000000000000000000000000000000000000000000000000000000000000000000000000000000000000000000000000000002d57a9544dc9c0
20275,00000000000000000000000000000000000000000000000000000000000000000000000000000000000000000000000000000000000000000023f0fdd8ef0a20
20285,000000000000000000000000000000000000000000000000000000000000000000000000000000000000000000000000000000000000000000169bb00db383e0
20295,0000000000000000000000000000000000000000000000000000000000000000000000000000000000000000000000000000000000000000000dca34afa9bbc0
20305,000000000000000000000000000000000000000000000000000000000000000000000000000000000000000000000000000000000000000000154ee6a42017c0
20315,0000000000000000000000000000000000000000000000000000000000000000000000000000000000000000000000000000000000000000002d70c27026b120
20325,0000000000000000000000000000000000000000000000000000000000000000000000000000000000000000000000000000000000000000000f36268d4b1060
20335,000000000000000000000000000000000000000000000000000000000000000000000000000000000000000000000000000000000000000000224b99268f28c0
20345,0000000000000000000000000000000000000000000000000000000000000000000000000000000000000000000000000000000000000000001a3983a7ee8760
20355,000000000000000000000000000000000000000000000000000000000000000000000000000000000000000000000000000000000000000000146ce9c70b9dc0
20365,00000000000000000000000000000000000000000000000000000000000000000000000000000000000000000000000000000000000000000021ec7e2cf7ba80
20375,00000000000000000000000000000000000000000000000000000000000000000000000000000000000000000000000000000000000000000027f8aa271be440
20385,0000000000000000000000000000000000000000000000000000000000000000000000000000000000000000000000000000000000000000001a04cc7a40cbc0
20395,0000000000000000000000000000000000000000000000000000000000000000000000000000000000000000000000000000000000000000000ee3f79cad5800
20405,0000000000000000000000000000000000000000000000000000000000000000000000000000000000000000000000000000000000000000003c82d4baf3d060
20415,00000000000000000000000000000000000000000000000000000000000000000000000000000000000000000000000000000000000000000017c9cd51f59380
20425,000000000000000000000000000000000000000000000000000000000000000000000000000000000000000000000000000000000000000000220a0ca1214380
20435,0000000000000000000000000000000000000000000000000000000000000000000000000000000000000000000000000000000000000000003267537cff8ca0
20445,00000000000000000000000000000000000000000000000000000000000000000000000000000000000000000000000000000000000000000050074aea46c300
20455,0000000000000000000000000000000000000000000000000000000000000000000000000000000000000000000000000000000000000000001d320225eb11a0
20465,000000000000000000000000000000000000000000000000000000000000000000000000000000000000000000000000000000000000000000289a5e888540e0
20475,000000000000000000000000000000000000000000000000000000000000000000000000000000000000000000000000000000000000000000158076ef8e0ac0
20485,0000000000000000000000000000000000000000000000000000000000000000000000000000000000000000000000000000000000000000001ed8beebe4fec0
20495,000000000000000000000000000000000000000000000000000000000000000000000000000000000000000000000000000000000000000000317242e62075c0
20505,000000000000000000000000000000000000000000000000000000000000000000000000000000000000000000000000000000000000000000134c86b317d600
20515,00000000000000000000000000000000000000000000000000000000000000000000000000000000000000000000000000000000000000000071e95e5cde7d60
20525,0000000000000000000000000000000000000000000000000000000000000000000000000000000000000000000000000000000000000000002d95386db1bda0
20535,0000000000000000000000000000000000000000000000000000000000000000000000000000000000000000000000000000000000000000001f37b18ce19b20
20545,0000000000000000000000000000000000000000000000000000000000000000000000000000000000000000000000000000000000000000001025437d2e5c20
20555,0000000000000000000000000000000000000000000000000000000000000000000000000000000000000000000000000000000000000000002181352a59c8e0
20565,0000000000000000000000000000000000000000000000000000000000000000000000000000000000000000000000000000000000000000001474d7505b79c0
20575,0000000000000000000000000000000000000000000000000000000000000000000000000000000000000000000000000000000000000000001796b986a1bce0
20585,000000000000000000000000000000000000000000000000000000000000000000000000000000000000000000000000000000000000000000137cccf4c368a0
20595,0000000000000000000000000000000000000000000000000000000000000000000000000000000000000000000000000000000000000000001bced8f8ed4ac0
20605,00000000000000000000000000000000000000000000000000000000000000000000000000000000000000000000000000000000000000000024a60faf31bd00
20615,0000000000000000000000000000000000000000000000000000000000000000000000000000000000000000000000000000000000000000001bf80ab13a6220
20625,0000000000000000000000000000000000000000000000000000000000000000000000000000000000000000000000000000000000000000001db74d44523760
20635,0000000000000000000000000000000000000000000000000000000000000000000000000000000000000000000000000000000000000000002f66be582c1300
20645,0000000000000000000000000000000000000000000000000000000000000000000000000000000000000000000000000000000000000000001eca8b1e151020
20655,000000000000000000000000000000000000000000000000000000000000000000000000000000000000000000000000000000000000000000178c55c268a720
20665,0000000000000000000000000000000000000000000000000000000000000000000000000000000000000000000000000000000000000000001b70066b9fc020
20675,0000000000000000000000000000000000000000000000000000000000000000000000000000000000000000000000000000000000000000001e025604302ee0
20685,000000000000000000000000000000000000000000000000000000000000000000000000000000000000000000000000000000000000000000195ead36ad7b80
20695,0000000000000000000000000000000000000000000000000000000000000000000000000000000000000000000000000000000000000000002349c23cd15900
20705,00000000000000000000000000000000000000000000000000000000000000000000000000000000000000000000000000000000000000000034cc01dd8f6760
20715,000000000000000000000000000000000000000000000000000000000000000000000000000000000000000000000000000000000000000000111ba6c531b440
20725,0000000000000000000000000000000000000000000000000000000000000000000000000000000000000000000000000000000000000000001e9738840088a0
20735,00000000000000000000000000000000000000000000000000000000000000000000000000000000000000000000000000000000000000000030d8632b927b00
20745,000000000000000000000000000000000000000000000000000000000000000000000000000000000000000000000000000000000000000000120615042ab1c0
20755,0000000000000000000000000000000000000000000000000000000000000000000000000000000000000000000000000000000000000000001e48b6b0ad3ea0
20765,0000000000000000000000000000000000000000000000000000000000000000000000000000000000000000000000000000000000000000002c342067f2c500
20775,0000000000000000000000000000000000000000000000000000000000000000000000000000000000000000000000000000000000000000002610444804c3c0
20785,0000000000000000000000000000000000000000000000000000000000000000000000000000000000000000000000000000000000000000001a8608853cba80
20795,000000000000000000000000000000000000000000000000000000000000000000000000000000000000000000000000000000000000000000484a3b65eb7a20
20805,00000000000000000000000000000000000000000000000000000000000000000000000000000000000000000000000000000000000000000023d8635a977340
20815,0000000000000000000000000000000000000000000000000000000000000000000000000000000000000000000000000000000000000000000f281966dafd20
20825,0000000000000000000000000000000000000000000000000000000000000000000000000000000000000000000000000000000000000000001fbfbe8d8f57c0
20835,00000000000000000000000000000000000000000000000000000000000000000000000000000000000000000000000000000000000000000025572db6f3b140
20845,000000000000000000000000000000000000000000000000000000000000000000000000000000000000000000000000000000000000000000176d6b1342e3e0
20855,0000000000000000000000000000000000000000000000000000000000000000000000000000000000000000000000000000000000000000001321af5d5d4ee0
20865,0000000000000000000000000000000000000000000000000000000000000000000000000000000000000000000000000000000000000000001bdc3fbcf26cc0
20875,0000000000000000000000000000000000000000000000000000000000000000000000000000000000000000000000000000000000000000001150d3b7c3cf20
20885,0000000000000000000000000000000000000000000000000000000000000000000000000000000000000000000000000000000000000000001b2a8df04e1ec0
20895,0000000000000000000000000000000000000000000000000000000000000000000000000000000000000000000000000000000000000000001d7286fa2fa7e0
20905,0000000000000000000000000000000000000000000000000000000000000000000000000000000000000000000000000000000000000000002c135642c5ee00
20915,0000000000000000000000000000000000000000000000000000000000000000000000000000000000000000000000000000000000000000002e97a6a1341e40
20925,0000000000000000000000000000000000000000000000000000000000000000000000000000000000000000000000000000000000000000000d881cbdf676a0
20935,000000000000000000000000000000000000000000000000000000000000000000000000000000000000000000000000000000000000000000203510ca93db60
20945,00000000000000000000000000000000000000000000000000000000000000000000000000000000000000000000000000000000000000000022cd9b6c916d40
20955,000000000000000000000000000000000000000000000000000000000000000000000000000000000000000000000000000000000000000000190c8e1eac3ba0
20965,0000000000000000000000000000000000000000000000000000000000000000000000000000000000000000000000000000000000000000000fc74cdc20c4c0
20975,0000000000000000000000000000000000000000000000000000000000000000000000000000000000000000000000000000000000000000001303829a798460
20985,0000000000000000000000000000000000000000000000000000000000000000000000000000000000000000000000000000000000000000001d7efaaa93efe0
20995,0000000000000000000000000000000000000000000000000000000000000000000000000000000000000000000000000000000000000000001e657bdff808c0
21005,00000000000000000000000000000000000000000000000000000000000000000000000000000000000000000000000000000000000000000016dc56c46bf900
21015,000000000000000000000000000000000000000000000000000000000000000000000000000000000000000000000000000000000000000000241c0ff391ea40
21025,0000000000000000000000000000000000000000000000000000000000000000000000000000000000000000000000000000000000000000001fe877636e6d00
21035,00000000000000000000000000000000000000000000000000000000000000000000000000000000000000000000000000000000000000000035148676365060
21045,0000000000000000000000000000000000000000000000000000000000000000000000000000000000000000000000000000000000000000001517a21e00d880
21055,0000000000000000000000000000000000000000000000000000000000000000000000000000000000000000000000000000000000000000002d097b636b0020
21065,000000000000000000000000000000000000000000000000000000000000000000000000000000000000000000000000000000000000000000165b5c6aa6b0c0
21075,00000000000000000000000000000000000000000000000000000000000000000000000000000000000000000000000000000000000000000010eda7e5d4f9a0
21085,00000000000000000000000000000000000000000000000000000000000000000000000000000000000000000000000000000000000000000027147c67b70e20
21095,0000000000000000000000000000000000000000000000000000000000000000000000000000000000000000000000000000000000000000002ce346be9b9640
21105,00000000000000000000000000000000000000000000000000000000000000000000000000000000000000000000000000000000000000000015e1cdfcb027c0
21115,0000000000000000000000000000000000000000000000000000000000000000000000000000000000000000000000000000000000000000001654997ecc8e40
21125,000000000000000000000000000000000000000000000000000000000000000000000000000000000000000000000000000000000000000000129a6797b5f940
21135,0000000000000000000000000000000000000000000000000000000000000000000000000000000000000000000000000000000000000000000d9a3fc69637c0
21145,0000000000000000000000000000000000000000000000000000000000000000000000000000000000000000000000000000000000000000001aac5133e36840
21155,0000000000000000000000000000000000000000000000000000000000000000000000000000000000000000000000000000000000000000001490de30ee2a60
21165,00000000000000000000000000000000000000000000000000000000000000000000000000000000000000000000000000000000000000000010750c01a6b660
21175,00000000000000000000000000000000000000000000000000000000000000000000000000000000000000000000000000000000000000000036772e5e507e60
21185,00000000000000000000000000000000000000000000000000000000000000000000000000000000000000000000000000000000000000000015098b5a079280
21195,000000000000000000000000000000000000000000000000000000000000000000000000000000000000000000000000000000000000000000159a5428e393c0
21205,000000000000000000000000000000000000000000000000000000000000000000000000000000000000000000000000000000000000000000203620d45a2440
21215,0000000000000000000000000000000000000000000000000000000000000000000000000000000000000000000000000000000000000000002eee10b8eb5060
21225,000000000000000000000000000000000000000000000000000000000000000000000000000000000000000000000000000000000000000000312080308f23a0
21235,0000000000000000000000000000000000000000000000000000000000000000000000000000000000000000000000000000000000000000001aa5b35bb80140
21245,0000000000000000000000000000000000000000000000000000000000000000000000000000000000000000000000000000000000000000002754d5f7124000
21255,0000000000000000000000000000000000000000000000000000000000000000000000000000000000000000000000000000000000000000001b08e7d508b7a0
21265,00000000000000000000000000000000000000000000000000000000000000000000000000000000000000000000000000000000000000000042d43661a92fa0
21275,0000000000000000000000000000000000000000000000000000000000000000000000000000000000000000000000000000000000000000002b3fd782414d20
21285,00000000000000000000000000000000000000000000000000000000000000000000000000000000000000000000000000000000000000000015dce0f32c8320
21295,0000000000000000000000000000000000000000000000000000000000000000000000000000000000000000000000000000000000000000001f41958c36fe20
21305,0000000000000000000000000000000000000000000000000000000000000000000000000000000000000000000000000000000000000000002c79ac147e2f00
21315,00000000000000000000000000000000000000000000000000000000000000000000000000000000000000000000000000000000000000000022e5f69c285be0
21325,0000000000000000000000000000000000000000000000000000000000000000000000000000000000000000000000000000000000000000000bcd332a93a220
21335,0000000000000000000000000000000000000000000000000000000000000000000000000000000000000000000000000000000000000000002c0abb435a5fc0
21345,00000000000000000000000000000000000000000000000000000000000000000000000000000000000000000000000000000000000000000024183438c0c760
21355,000000000000000000000000000000000000000000000000000000000000000000000000000000000000000000000000000000000000000000280a8239995000
21365,0000000000000000000000000000000000000000000000000000000000000000000000000000000000000000000000000000000000000000001d79e72112e360
21375,0000000000000000000000000000000000000000000000000000000000000000000000000000000000000000000000000000000000000000001b8fdbcbf0c6a0
21385,0000000000000000000000000000000000000000000000000000000000000000000000000000000000000000000000000000000000000000001af48587a36b20
21395,0000000000000000000000000000000000000000000000000000000000000000000000000000000000000000000000000000000000000000001d645a5d9a50e0
21405,0000000000000000000000000000000000000000000000000000000000000000000000000000000000000000000000000000000000000000002c9c44e0ee4f60
21415,0000000000000000000000000000000000000000000000000000000000000000000000000000000000000000000000000000000000000000001d1cea7ff47380
21425,0000000000000000000000000000000000000000000000000000000000000000000000000000000000000000000000000000000000000000001c0f10435e7d00
21435,000000000000000000000000000000000000000000000000000000000000000000000000000000000000000000000000000000000000000000183f715db98040
21445,0000000000000000000000000000000000000000000000000000000000000000000000000000000000000000000000000000000000000000002a1459966f8aa0
21455,0000000000000000000000000000000000000000000000000000000000000000000000000000000000000000000000000000000000000000001294793f7ebee0
21465,00000000000000000000000000000000000000000000000000000000000000000000000000000000000000000000000000000000000000000014219c73810a20
21475,0000000000000000000000000000000000000000000000000000000000000000000000000000000000000000000000000000000000000000000db46f625c5b00
21485,00000000000000000000000000000000000000000000000000000000000000000000000000000000000000000000000000000000000000000017cf5378f8bf80
21495,00000000000000000000000000000000000000000000000000000000000000000000000000000000000000000000000000000000000000000010d5f0363306a0
21505,0000000000000000000000000000000000000000000000000000000000000000000000000000000000000000000000000000000000000000001d23dd09553940
21515,0000000000000000000000000000000000000000000000000000000000000000000000000000000000000000000000000000000000000000001df4428efb9c20
21525,00000000000000000000000000000000000000000000000000000000000000000000000000000000000000000000000000000000000000000016ff55e972bdc0
21535,0000000000000000000000000000000000000000000000000000000000000000000000000000000000000000000000000000000000000000001620791600f8a0
21545,00000000000000000000000000000000000000000000000000000000000000000000000000000000000000000000000000000000000000000023d38a7874e920
21555,0000000000000000000000000000000000000000000000000000000000000000000000000000000000000000000000000000000000000000000c8e2ca76b6f20
21565,0000000000000000000000000000000000000000000000000000000000000000000000000000000000000000000000000000000000000000001672039a5b0060
21575,00000000000000000000000000000000000000000000000000000000000000000000000000000000000000000000000000000000000000000012ca0076f71360
21585,0000000000000000000000000000000000000000000000000000000000000000000000000000000000000000000000000000000000000000001b09f7ad93f020
21595,0000000000000000000000000000000000000000000000000000000000000000000000000000000000000000000000000000000000000000001a2d71f783a4e0
21605,0000000000000000000000000000000000000000000000000000000000000000000000000000000000000000000000000000000000000000003d492868aa5d40
21615,00000000000000000000000000000000000000000000000000000000000000000000000000000000000000000000000000000000000000000014280ce93958a0
21625,00000000000000000000000000000000000000000000000000000000000000000000000000000000000000000000000000000000000000000039515685bad040
21635,0000000000000000000000000000000000000000000000000000000000000000000000000000000000000000000000000000000000000000003acb6b312d38c0
21645,00000000000000000000000000000000000000000000000000000000000000000000000000000000000000000000000000000000000000000010aa01b928d8c0
21655,0000000000000000000000000000000000000000000000000000000000000000000000000000000000000000000000000000000000000000002e53929bf1da60
21665,0000000000000000000000000000000000000000000000000000000000000000000000000000000000000000000000000000000000000000002a0be417017580
21675,000000000000000000000000000000000000000000000000000000000000000000000000000000000000000000000000000000000000000000307361bc3971c0
21685,00000000000000000000000000000000000000000000000000000000000000000000000000000000000000000000000000000000000000000014994a6197f3c0
21695,000000000000000000000000000000000000000000000000000000000000000000000000000000000000000000000000000000000000000000179e298ffa0dc0
21705,00000000000000000000000000000000000000000000000000000000000000000000000000000000000000000000000000000000000000000018d1208efc22c0
21715,00000000000000000000000000000000000000000000000000000000000000000000000000000000000000000000000000000000000000000034540d832e77a0
21725,000000000000000000000000000000000000000000000000000000000000000000000000000000000000000000000000000000000000000000273ca978b33fa0
21735,0000000000000000000000000000000000000000000000000000000000000000000000000000000000000000000000000000000000000000001036bdde770460
21745,00000000000000000000000000000000000000000000000000000000000000000000000000000000000000000000000000000000000000000022f50207739bc0
21755,0000000000000000000000000000000000000000000000000000000000000000000000000000000000000000000000000000000000000000003622b2d0509700
21765,000000000000000000000000000000000000000000000000000000000000000000000000000000000000000000000000000000000000000000185d4b96ca3d00
21775,0000000000000000000000000000000000000000000000000000000000000000000000000000000000000000000000000000000000000000002cc831ddf89720
21785,00000000000000000000000000000000000000000000000000000000000000000000000000000000000000000000000000000000000000000026781bd4b6b820
21795,0000000000000000000000000000000000000000000000000000000000000000000000000000000000000000000000000000000000000000000f9a54c19ea420
21805,0000000000000000000000000000000000000000000000000000000000000000000000000000000000000000000000000000000000000000001eb829ee170900
21815,0000000000000000000000000000000000000000000000000000000000000000000000000000000000000000000000000000000000000000003be759591f1c80
21825,0000000000000000000000000000000000000000000000000000000000000000000000000000000000000000000000000000000000000000001b7e452f965420
21835,00000000000000000000000000000000000000000000000000000000000000000000000000000000000000000000000000000000000000000011129dd97ec940
21845,0000000000000000000000000000000000000000000000000000000000000000000000000000000000000000000000000000000000000000001b9bb386382e80
21855,0000000000000000000000000000000000000000000000000000000000000000000000000000000000000000000000000000000000000000001801c11cf55220
21865,00000000000000000000000000000000000000000000000000000000000000000000000000000000000000000000000000000000000000000013a2bb37216940
21875,0000000000000000000000000000000000000000000000000000000000000000000000000000000000000000000000000000000000000000001cc1eacb027da0
21885,0000000000000000000000000000000000000000000000000000000000000000000000000000000000000000000000000000000000000000001e4160ec3f7760
21895,0000000000000000000000000000000000000000000000000000000000000000000000000000000000000000000000000000000000000000000d4ba9b8309980
21905,0000000000000000000000000000000000000000000000000000000000000000000000000000000000000000000000000000000000000000001f876f9b334760
21915,0000000000000000000000000000000000000000000000000000000000000000000000000000000000000000000000000000000000000000000f3f41519a5160
21925,000000000000000000000000000000000000000000000000000000000000000000000000000000000000000000000000000000000000000000171aa553ea68a0
21935,00000000000000000000000000000000000000000000000000000000000000000000000000000000000000000000000000000000000000000014b1c473a2f500
21945,00000000000000000000000000000000000000000000000000000000000000000000000000000000000000000000000000000000000000000028218c1a820ce0
21955,0000000000000000000000000000000000000000000000000000000000000000000000000000000000000000000000000000000000000000004a29990a8ab760
21965,0000000000000000000000000000000000000000000000000000000000000000000000000000000000000000000000000000000000000000001944b6ae94bac0
21975,0000000000000000000000000000000000000000000000000000000000000000000000000000000000000000000000000000000000000000001685565df9fb60
21985,0000000000000000000000000000000000000000000000000000000000000000000000000000000000000000000000000000000000000000001b7588302d1060
21995,0000000000000000000000000000000000000000000000000000000000000000000000000000000000000000000000000000000000000000001ece56ec9880c0
22005,000000000000000000000000000000000000000000000000000000000000000000000000000000000000000000000000000000000000000000161c0ea9fe5f80
22015,0000000000000000000000000000000000000000000000000000000000000000000000000000000000000000000000000000000000000000001bc839b4733760
22025,00000000000000000000000000000000000000000000000000000000000000000000000000000000000000000000000000000000000000000050a08b73a46420
22035,000000000000000000000000000000000000000000000000000000000000000000000000000000000000000000000000000000000000000000316f7e2163e940
22045,00000000000000000000000000000000000000000000000000000000000000000000000000000000000000000000000000000000000000000016f36f7418a2c0
22055,0000000000000000000000000000000000000000000000000000000000000000000000000000000000000000000000000000000000000000001dc15c7eb861e0
22065,000000000000000000000000000000000000000000000000000000000000000000000000000000000000000000000000000000000000000000172e4e79f9b8e0
22075,00000000000000000000000000000000000000000000000000000000000000000000000000000000000000000000000000000000000000000027f2121db50560
22085,00000000000000000000000000000000000000000000000000000000000000000000000000000000000000000000000000000000000000000017004cf33ab5e0
22095,0000000000000000000000000000000000000000000000000000000000000000000000000000000000000000000000000000000000000000002f29265279f420
22105,0000000000000000000000000000000000000000000000000000000000000000000000000000000000000000000000000000000000000000000e899fa2c3c600
22115,00000000000000000000000000000000000000000000000000000000000000000000000000000000000000000000000000000000000000000019e1c2df135900
22125,00000000000000000000000000000000000000000000000000000000000000000000000000000000000000000000000000000000000000000011507db7c99aa0
22135,00000000000000000000000000000000000000000000000000000000000000000000000000000000000000000000000000000000000000000023a88e8f0b9de0
22145,00000000000000000000000000000000000000000000000000000000000000000000000000000000000000000000000000000000000000000017a9ee8f2f0780
22155,0000000000000000000000000000000000000000000000000000000000000000000000000000000000000000000000000000000000000000001a817536c6bb40
22165,0000000000000000000000000000000000000000000000000000000000000000000000000000000000000000000000000000000000000000001426e0f3262c80
22175,00000000000000000000000000000000000000000000000000000000000000000000000000000000000000000000000000000000000000000021a7edb1967720
22185,0000000000000000000000000000000000000000000000000000000000000000000000000000000000000000000000000000000000000000006b45b8f6c7e060
22195,0000000000000000000000000000000000000000000000000000000000000000000000000000000000000000000000000000000000000000001993c45a7c2240
22205,0000000000000000000000000000000000000000000000000000000000000000000000000000000000000000000000000000000000000000001fcec965296680
22215,00000000000000000000000000000000000000000000000000000000000000000000000000000000000000000000000000000000000000000017928d41fd69c0
22225,00000000000000000000000000000000000000000000000000000000000000000000000000000000000000000000000000000000000000000019506a9a19a000
22235,0000000000000000000000000000000000000000000000000000000000000000000000000000000000000000000000000000000000000000001ea7b28cbced00
22245,0000000000000000000000000000000000000000000000000000000000000000000000000000000000000000000000000000000000000000001d74aa703226a0
22255,0000000000000000000000000000000000000000000000000000000000000000000000000000000000000000000000000000000000000000000f0790fcbd6980
22265,00000000000000000000000000000000000000000000000000000000000000000000000000000000000000000000000000000000000000000026618a428acc40
22275,000000000000000000000000000000000000000000000000000000000000000000000000000000000000000000000000000000000000000000224371e22f7f60
22285,00000000000000000000000000000000000000000000000000000000000000000000000000000000000000000000000000000000000000000048501b65862220
22295,0000000000000000000000000000000000000000000000000000000000000000000000000000000000000000000000000000000000000000001b366316e47800
22305,00000000000000000000000000000000000000000000000000000000000000000000000000000000000000000000000000000000000000000017aeaf8edd0640
22315,0000000000000000000000000000000000000000000000000000000000000000000000000000000000000000000000000000000000000000002a045917839340
22325,0000000000000000000000000000000000000000000000000000000000000000000000000000000000000000000000000000000000000000001fc4ac65d7dac0
22335,0000000000000000000000000000000000000000000000000000000000000000000000000000000000000000000000000000000000000000003033e57b9442a0
22345,00000000000000000000000000000000000000000000000000000000000000000000000000000000000000000000000000000000000000000017d822823969a0
22355,0000000000000000000000000000000000000000000000000000000000000000000000000000000000000000000000000000000000000000002484367665ef00
22365,0000000000000000000000000000000000000000000000000000000000000000000000000000000000000000000000000000000000000000000df4ea8f3f21a0
22375,00000000000000000000000000000000000000000000000000000000000000000000000000000000000000000000000000000000000000000014b3cf8730f100
22385,00000000000000000000000000000000000000000000000000000000000000000000000000000000000000000000000000000000000000000018b0ff69c3e880
22395,000000000000000000000000000000000000000000000000000000000000000000000000000000000000000000000000000000000000000000100b4a30297c60
22405,0000000000000000000000000000000000000000000000000000000000000000000000000000000000000000000000000000000000000000001cce50540543a0
22415,000000000000000000000000000000000000000000000000000000000000000000000000000000000000000000000000000000000000000000199103e48437c0
22425,00000000000000000000000000000000000000000000000000000000000000000000000000000000000000000000000000000000000000000015c734d7188380
22435,00000000000000000000000000000000000000000000000000000000000000000000000000000000000000000000000000000000000000000023ecfc1e2076c0
22445,00000000000000000000000000000000000000000000000000000000000000000000000000000000000000000000000000000000000000000016cbfc45861220
22455,000000000000000000000000000000000000000000000000000000000000000000000000000000000000000000000000000000000000000000131de90500e280
22465,0000000000000000000000000000000000000000000000000000000000000000000000000000000000000000000000000000000000000000001558917c16de80
22475,0000000000000000000000000000000000000000000000000000000000000000000000000000000000000000000000000000000000000000002501118b8603e0
22485,00000000000000000000000000000000000000000000000000000000000000000000000000000000000000000000000000000000000000000014fcafc7342320
22495,0000000000000000000000000000000000000000000000000000000000000000000000000000000000000000000000000000000000000000000a2f5f46762b20
22505,00000000000000000000000000000000000000000000000000000000000000000000000000000000000000000000000000000000000000000019e2a1552bbe00
22515,000000000000000000000000000000000000000000000000000000000000000000000000000000000000000000000000000000000000000000309f1c60a99420
22525,0000000000000000000000000000000000000000000000000000000000000000000000000000000000000000000000000000000000000000001c8005ecfd0280
22535,00000000000000000000000000000000000000000000000000000000000000000000000000000000000000000000000000000000000000000020091fb9d89ee0
22545,00000000000000000000000000000000000000000000000000000000000000000000000000000000000000000000000000000000000000000014c439726492c0
22555,0000000000000000000000000000000000000000000000000000000000000000000000000000000000000000000000000000000000000000003a6cb9b78eaea0
22565,0000000000000000000000000000000000000000000000000000000000000000000000000000000000000000000000000000000000000000001da2641e587720
22575,00000000000000000000000000000000000000000000000000000000000000000000000000000000000000000000000000000000000000000016912bf0df1240
22585,00000000000000000000000000000000000000000000000000000000000000000000000000000000000000000000000000000000000000000011af5e278c5d20
22595,000000000000000000000000000000000000000000000000000000000000000000000000000000000000000000000000000000000000000000107aff5004fda0
22605,00000000000000000000000000000000000000000000000000000000000000000000000000000000000000000000000000000000000000000029a9a62778bfe0
22615,0000000000000000000000000000000000000000000000000000000000000000000000000000000000000000000000000000000000000000001c686b33807e60
22625,00000000000000000000000000000000000000000000000000000000000000000000000000000000000000000000000000000000000000000017a172d4adaca0
22635,0000000000000000000000000000000000000000000000000000000000000000000000000000000000000000000000000000000000000000000d5617729065e0
22645,00000000000000000000000000000000000000000000000000000000000000000000000000000000000000000000000000000000000000000022942fb55c3e60
22655,00000000000000000000000000000000000000000000000000000000000000000000000000000000000000000000000000000000000000000013e63fbc6d5880
22665,000000000000000000000000000000000000000000000000000000000000000000000000000000000000000000000000000000000000000000103154900f70a0
22675,000000000000000000000000000000000000000000000000000000000000000000000000000000000000000000000000000000000000000000122265bd55f260
22685,0000000000000000000000000000000000000000000000000000000000000000000000000000000000000000000000000000000000000000002085b9b1733e60
22695,0000000000000000000000000000000000000000000000000000000000000000000000000000000000000000000000000000000000000000000a563aa64e0a20
22705,0000000000000000000000000000000000000000000000000000000000000000000000000000000000000000000000000000000000000000001cc7627bdf40a0
22715,0000000000000000000000000000000000000000000000000000000000000000000000000000000000000000000000000000000000000000001b2cedd29b5020
22725,00000000000000000000000000000000000000000000000000000000000000000000000000000000000000000000000000000000000000000017b674dd1be700
22735,0000000000000000000000000000000000000000000000000000000000000000000000000000000000000000000000000000000000000000000f9c06b7a8c8c0
22745,000000000000000000000000000000000000000000000000000000000000000000000000000000000000000000000000000000000000000000121950aa4162e0
22755,0000000000000000000000000000000000000000000000000000000000000000000000000000000000000000000000000000000000000000001d4e95d53931a0
22765,00000000000000000000000000000000000000000000000000000000000000000000000000000000000000000000000000000000000000000032b00146dec2c0
22775,0000000000000000000000000000000000000000000000000000000000000000000000000000000000000000000000000000000000000000000ba0d0ad914540
22785,0000000000000000000000000000000000000000000000000000000000000000000000000000000000000000000000000000000000000000002aa5a1167e1620
22795,00000000000000000000000000000000000000000000000000000000000000000000000000000000000000000000000000000000000000000044f75201b7df60
22805,0000000000000000000000000000000000000000000000000000000000000000000000000000000000000000000000000000000000000000002520cef5b14540
22815,0000000000000000000000000000000000000000000000000000000000000000000000000000000000000000000000000000000000000000003f753f881e1aa0
22825,0000000000000000000000000000000000000000000000000000000000000000000000000000000000000000000000000000000000000000001724ecc9607a60
22835,0000000000000000000000000000000000000000000000000000000000000000000000000000000000000000000000000000000000000000001ba73afb98b040
22845,0000000000000000000000000000000000000000000000000000000000000000000000000000000000000000000000000000000000000000001b46b6297c1a00
22855,00000000000000000000000000000000000000000000000000000000000000000000000000000000000000000000000000000000000000000022097ff9c847a0
22865,0000000000000000000000000000000000000000000000000000000000000000000000000000000000000000000000000000000000000000001a171b6553bf40
22875,0000000000000000000000000000000000000000000000000000000000000000000000000000000000000000000000000000000000000000002751324615f400
22885,0000000000000000000000000000000000000000000000000000000000000000000000000000000000000000000000000000000000000000001c4cbff0717a00
22895,0000000000000000000000000000000000000000000000000000000000000000000000000000000000000000000000000000000000000000001ce8792106f000
22905,0000000000000000000000000000000000000000000000000000000000000000000000000000000000000000000000000000000000000000000e66719b4a02a0
22915,000000000000000000000000000000000000000000000000000000000000000000000000000000000000000000000000000000000000000000130ffd7c186400
22925,00000000000000000000000000000000000000000000000000000000000000000000000000000000000000000000000000000000000000000025d300d5fe2d00
22935,0000000000000000000000000000000000000000000000000000000000000000000000000000000000000000000000000000000000000000002e789fb6fc90c0
22945,00000000000000000000000000000000000000000000000000000000000000000000000000000000000000000000000000000000000000000016c52214c13240
22955,0000000000000000000000000000000000000000000000000000000000000000000000000000000000000000000000000000000000000000002af4dea4d86b00
22965,0000000000000000000000000000000000000000000000000000000000000000000000000000000000000000000000000000000000000000001837fd71eb4b00
22975,00000000000000000000000000000000000000000000000000000000000000000000000000000000000000000000000000000000000000000009dee006f66fc0
22985,00000000000000000000000000000000000000000000000000000000000000000000000000000000000000000000000000000000000000000016fea5c21c2640
22995,0000000000000000000000000000000000000000000000000000000000000000000000000000000000000000000000000000000000000000002da0018a818900
23005,000000000000000000000000000000000000000000000000000000000000000000000000000000000000000000000000000000000000000000180955e15edaa0
23015,0000000000000000000000000000000000000000000000000000000000000000000000000000000000000000000000000000000000000000002b1ffffa8df5a0
23025,0000000000000000000000000000000000000000000000000000000000000000000000000000000000000000000000000000000000000000002f9caecab10180
23035,0000000000000000000000000000000000000000000000000000000000000000000000000000000000000000000000000000000000000000002eb4780b91c6a0
23045,0000000000000000000000000000000000000000000000000000000000000000000000000000000000000000000000000000000000000000003a702023a2ccc0
23055,0000000000000000000000000000000000000000000000000000000000000000000000000000000000000000000000000000000000000000002fba9d3ed41280
23065,00000000000000000000000000000000000000000000000000000000000000000000000000000000000000000000000000000000000000000032d666ff5c1920
23075,00000000000000000000000000000000000000000000000000000000000000000000000000000000000000000000000000000000000000000044665ba9065220
23085,000000000000000000000000000000000000000000000000000000000000000000000000000000000000000000000000000000000000000000180027b0c223c0
23095,000000000000000000000000000000000000000000000000000000000000000000000000000000000000000000000000000000000000000000117c13174ff120
23105,0000000000000000000000000000000000000000000000000000000000000000000000000000000000000000000000000000000000000000001e99362b40a740
23115,000000000000000000000000000000000000000000000000000000000000000000000000000000000000000000000000000000000000000000283231a33b82e0
23125,00000000000000000000000000000000000000000000000000000000000000000000000000000000000000000000000000000000000000000018a7fffe1059a0
23135,00000000000000000000000000000000000000000000000000000000000000000000000000000000000000000000000000000000000000000017c5ee485fbd60
23145,0000000000000000000000000000000000000000000000000000000000000000000000000000000000000000000000000000000000000000001080f980d8f580
23155,000000000000000000000000000000000000000000000000000000000000000000000000000000000000000000000000000000000000000000146d5da979f620
23165,00000000000000000000000000000000000000000000000000000000000000000000000000000000000000000000000000000000000000000022e9dcf482a040
23175,00000000000000000000000000000000000000000000000000000000000000000000000000000000000000000000000000000000000000000016ec44121e27c0
23185,000000000000000000000000000000000000000000000000000000000000000000000000000000000000000000000000000000000000000000167303f2e74440
23195,00000000000000000000000000000000000000000000000000000000000000000000000000000000000000000000000000000000000000000023d698e48ef540
23205,00000000000000000000000000000000000000000000000000000000000000000000000000000000000000000000000000000000000000000016b3cb95ec4660
23215,0000000000000000000000000000000000000000000000000000000000000000000000000000000000000000000000000000000000000000001b341f349563a0
23225,0000000000000000000000000000000000000000000000000000000000000000000000000000000000000000000000000000000000000000001cae9787638b40
23235,00000000000000000000000000000000000000000000000000000000000000000000000000000000000000000000000000000000000000000020f9e28c15a480
23245,000000000000000000000000000000000000000000000000000000000000000000000000000000000000000000000000000000000000000000153162f4e223c0
23255,0000000000000000000000000000000000000000000000000000000000000000000000000000000000000000000000000000000000000000001f67609d5c4a20
23265,00000000000000000000000000000000000000000000000000000000000000000000000000000000000000000000000000000000000000000022d06089eb7da0
23275,0000000000000000000000000000000000000000000000000000000000000000000000000000000000000000000000000000000000000000000d3388575ab200
23285,000000000000000000000000000000000000000000000000000000000000000000000000000000000000000000000000000000000000000000470d26365cda40
23295,000000000000000000000000000000000000000000000000000000000000000000000000000000000000000000000000000000000000000000123c0bf6af3020
23305,000000000000000000000000000000000000000000000000000000000000000000000000000000000000000000000000000000000000000000293f01c2598f40
23315,0000000000000000000000000000000000000000000000000000000000000000000000000000000000000000000000000000000000000000001aabebb3ea3f20
23325,0000000000000000000000000000000000000000000000000000000000000000000000000000000000000000000000000000000000000000001644119d738ee0
23335,0000000000000000000000000000000000000000000000000000000000000000000000000000000000000000000000000000000000000000003290e9a194a4a0
23345,00000000000000000000000000000000000000000000000000000000000000000000000000000000000000000000000000000000000000000012e06d6b9b9e40
23355,0000000000000000000000000000000000000000000000000000000000000000000000000000000000000000000000000000000000000000001221911601d080
23365,00000000000000000000000000000000000000000000000000000000000000000000000000000000000000000000000000000000000000000014ef14e5a8ab80
23375,0000000000000000000000000000000000000000000000000000000000000000000000000000000000000000000000000000000000000000000fc2c4a15b4180
23385,00000000000000000000000000000000000000000000000000000000000000000000000000000000000000000000000000000000000000000017c25903b13d80
23395,00000000000000000000000000000000000000000000000000000000000000000000000000000000000000000000000000000000000000000012e9aaafe88c20
23405,000000000000000000000000000000000000000000000000000000000000000000000000000000000000000000000000000000000000000000187431b2c91420
23415,00000000000000000000000000000000000000000000000000000000000000000000000000000000000000000000000000000000000000000013b11398a01c00
23425,0000000000000000000000000000000000000000000000000000000000000000000000000000000000000000000000000000000000000000001aafc0bd80c1c0
23435,00000000000000000000000000000000000000000000000000000000000000000000000000000000000000000000000000000000000000000011909e5ad9dd80
23445,0000000000000000000000000000000000000000000000000000000000000000000000000000000000000000000000000000000000000000001cb8f141c4b0a0
23455,0000000000000000000000000000000000000000000000000000000000000000000000000000000000000000000000000000000000000000001dc19bafef3380
23465,0000000000000000000000000000000000000000000000000000000000000000000000000000000000000000000000000000000000000000003143d4694167e0
23475,0000000000000000000000000000000000000000000000000000000000000000000000000000000000000000000000000000000000000000001b98e41a19e3a0
23485,0000000000000000000000000000000000000000000000000000000000000000000000000000000000000000000000000000000000000000001b0ca57c2aa640
23495,0000000000000000000000000000000000000000000000000000000000000000000000000000000000000000000000000000000000000000001e4ed8266adfe0
23505,0000000000000000000000000000000000000000000000000000000000000000000000000000000000000000000000000000000000000000001b2dc9a1516cc0
23515,00000000000000000000000000000000000000000000000000000000000000000000000000000000000000000000000000000000000000000018e88defde2b40
23525,0000000000000000000000000000000000000000000000000000000000000000000000000000000000000000000000000000000000000000001795bce928e9e0
23535,00000000000000000000000000000000000000000000000000000000000000000000000000000000000000000000000000000000000000000018ca45545eb740
23545,00000000000000000000000000000000000000000000000000000000000000000000000000000000000000000000000000000000000000000037fcf7ba340da0
23555,0000000000000000000000000000000000000000000000000000000000000000000000000000000000000000000000000000000000000000001cd4f83fe137e0
23565,0000000000000000000000000000000000000000000000000000000000000000000000000000000000000000000000000000000000000000001c33850fae8a60
23575,0000000000000000000000000000000000000000000000000000000000000000000000000000000000000000000000000000000000000000000b602decffee40
23585,00000000000000000000000000000000000000000000000000000000000000000000000000000000000000000000000000000000000000000015436acc48a640
23595,000000000000000000000000000000000000000000000000000000000000000000000000000000000000000000000000000000000000000000275ba51426a3e0
23605,00000000000000000000000000000000000000000000000000000000000000000000000000000000000000000000000000000000000000000015d283e02e0da0
23615,0000000000000000000000000000000000000000000000000000000000000000000000000000000000000000000000000000000000000000001b1eb722556be0
23625,0000000000000000000000000000000000000000000000000000000000000000000000000000000000000000000000000000000000000000002141b124c8d100
23635,00000000000000000000000000000000000000000000000000000000000000000000000000000000000000000000000000000000000000000014cce4ace2ba40
23645,0000000000000000000000000000000000000000000000000000000000000000000000000000000000000000000000000000000000000000001a9cefd27690c0
23655,00000000000000000000000000000000000000000000000000000000000000000000000000000000000000000000000000000000000000000028df0b351fb1a0
23665,0000000000000000000000000000000000000000000000000000000000000000000000000000000000000000000000000000000000000000002314b967c6a7c0
23675,0000000000000000000000000000000000000000000000000000000000000000000000000000000000000000000000000000000000000000001f79f5a5f45cc0
23685,00000000000000000000000000000000000000000000000000000000000000000000000000000000000000000000000000000000000000000058ce4dbf2c8ce0
23695,0000000000000000000000000000000000000000000000000000000000000000000000000000000000000000000000000000000000000000001c72ea0b68fc20
23705,00000000000000000000000000000000000000000000000000000000000000000000000000000000000000000000000000000000000000000048e849b3e28c80
23715,0000000000000000000000000000000000000000000000000000000000000000000000000000000000000000000000000000000000000000000f68c480094e00
23725,000000000000000000000000000000000000000000000000000000000000000000000000000000000000000000000000000000000000000000299c5ea85dd140
23735,00000000000000000000000000000000000000000000000000000000000000000000000000000000000000000000000000000000000000000014231b10f11aa0
23745,000000000000000000000000000000000000000000000000000000000000000000000000000000000000000000000000000000000000000000215734fbf33880
23755,00000000000000000000000000000000000000000000000000000000000000000000000000000000000000000000000000000000000000000031462586a34940
23765,0000000000000000000000000000000000000000000000000000000000000000000000000000000000000000000000000000000000000000000c89c58054ec60
23775,00000000000000000000000000000000000000000000000000000000000000000000000000000000000000000000000000000000000000000018fd5fdac5cb00
23785,00000000000000000000000000000000000000000000000000000000000000000000000000000000000000000000000000000000000000000032b5719f1e7aa0
23795,0000000000000000000000000000000000000000000000000000000000000000000000000000000000000000000000000000000000000000001af6447dacaf80
23805,000000000000000000000000000000000000000000000000000000000000000000000000000000000000000000000000000000000000000000112847ebba4e80
23815,000000000000000000000000000000000000000000000000000000000000000000000000000000000000000000000000000000000000000000209f8160f19d60
23825,0000000000000000000000000000000000000000000000000000000000000000000000000000000000000000000000000000000000000000001f0ca7f23e2860
23835,00000000000000000000000000000000000000000000000000000000000000000000000000000000000000000000000000000000000000000019598b2354cc40
23845,000000000000000000000000000000000000000000000000000000000000000000000000000000000000000000000000000000000000000000153cc71b801a40
23855,000000000000000000000000000000000000000000000000000000000000000000000000000000000000000000000000000000000000000000375b62f6526840
23865,0000000000000000000000000000000000000000000000000000000000000000000000000000000000000000000000000000000000000000001737eef953a840
23875,0000000000000000000000000000000000000000000000000000000000000000000000000000000000000000000000000000000000000000002becf61df97280
23885,0000000000000000000000000000000000000000000000000000000000000000000000000000000000000000000000000000000000000000001f8b1073923aa0
23895,00000000000000000000000000000000000000000000000000000000000000000000000000000000000000000000000000000000000000000016506157b2e0c0
23905,000000000000000000000000000000000000000000000000000000000000000000000000000000000000000000000000000000000000000000158534342898a0
23915,00000000000000000000000000000000000000000000000000000000000000000000000000000000000000000000000000000000000000000011708edd02e8e0
23925,0000000000000000000000000000000000000000000000000000000000000000000000000000000000000000000000000000000000000000001ae7ca2608e420
23935,000000000000000000000000000000000000000000000000000000000000000000000000000000000000000000000000000000000000000000229de1c86639a0
23945,000000000000000000000000000000000000000000000000000000000000000000000000000000000000000000000000000000000000000000147eed4fad7e40
23955,00000000000000000000000000000000000000000000000000000000000000000000000000000000000000000000000000000000000000000027e36859c5a720
23965,000000000000000000000000000000000000000000000000000000000000000000000000000000000000000000000000000000000000000000182c60cb512320
23975,00000000000000000000000000000000000000000000000000000000000000000000000000000000000000000000000000000000000000000018e3233f008800
23985,00000000000000000000000000000000000000000000000000000000000000000000000000000000000000000000000000000000000000000027e88fc5bb8400
23995,000000000000000000000000000000000000000000000000000000000000000000000000000000000000000000000000000000000000000000230f289961bd60
24005,000000000000000000000000000000000000000000000000000000000000000000000000000000000000000000000000000000000000000000116002b6bde460
24015,00000000000000000000000000000000000000000000000000000000000000000000000000000000000000000000000000000000000000000015e5114b3ccb00
24025,0000000000000000000000000000000000000000000000000000000000000000000000000000000000000000000000000000000000000000001e648e69e0a680
24035,0000000000000000000000000000000000000000000000000000000000000000000000000000000000000000000000000000000000000000003c04c2afc14d20
24045,000000000000000000000000000000000000000000000000000000000000000000000000000000000000000000000000000000000000000000155a4fad33e160
24055,00000000000000000000000000000000000000000000000000000000000000000000000000000000000000000000000000000000000000000012b758334c9b40
24065,000000000000000000000000000000000000000000000000000000000000000000000000000000000000000000000000000000000000000000229545dcabf660
24075,000000000000000000000000000000000000000000000000000000000000000000000000000000000000000000000000000000000000000000254f9a99ec8260
24085,0000000000000000000000000000000000000000000000000000000000000000000000000000000000000000000000000000000000000000001d29ff43ff1c00
24095,000000000000000000000000000000000000000000000000000000000000000000000000000000000000000000000000000000000000000000368eeafa40e160
24105,00000000000000000000000000000000000000000000000000000000000000000000000000000000000000000000000000000000000000000015bb78c431b4c0
24115,00000000000000000000000000000000000000000000000000000000000000000000000000000000000000000000000000000000000000000017779639f5f1a0
24125,00000000000000000000000000000000000000000000000000000000000000000000000000000000000000000000000000000000000000000031ca5f2ef579c0
24135,00000000000000000000000000000000000000000000000000000000000000000000000000000000000000000000000000000000000000000015703c98086f60
24145,0000000000000000000000000000000000000000000000000000000000000000000000000000000000000000000000000000000000000000000df852d3f0a9c0
24155,00000000000000000000000000000000000000000000000000000000000000000000000000000000000000000000000000000000000000000025cc89ea1eeb80
24165,0000000000000000000000000000000000000000000000000000000000000000000000000000000000000000000000000000000000000000003be3c7c5ab70a0
24175,0000000000000000000000000000000000000000000000000000000000000000000000000000000000000000000000000000000000000000001c005226d2f3e0
24185,0000000000000000000000000000000000000000000000000000000000000000000000000000000000000000000000000000000000000000001269b91afdbb60
24195,00000000000000000000000000000000000000000000000000000000000000000000000000000000000000000000000000000000000000000014144a7e3f6d80
24205,0000000000000000000000000000000000000000000000000000000000000000000000000000000000000000000000000000000000000000001bbb1b7a41cfa0
24215,00000000000000000000000000000000000000000000000000000000000000000000000000000000000000000000000000000000000000000059772c9641af80
24225,0000000000000000000000000000000000000000000000000000000000000000000000000000000000000000000000000000000000000000001fae60dd7fd440
24235,00000000000000000000000000000000000000000000000000000000000000000000000000000000000000000000000000000000000000000025f904185ac360
24245,0000000000000000000000000000000000000000000000000000000000000000000000000000000000000000000000000000000000000000001ee99fa5d58b60
24255,00000000000000000000000000000000000000000000000000000000000000000000000000000000000000000000000000000000000000000022cbed62d5c9e0
24265,0000000000000000000000000000000000000000000000000000000000000000000000000000000000000000000000000000000000000000002a733023bcd040
24275,0000000000000000000000000000000000000000000000000000000000000000000000000000000000000000000000000000000000000000001d821a82fb9460
24285,0000000000000000000000000000000000000000000000000000000000000000000000000000000000000000000000000000000000000000001e8df06716cc00
24295,0000000000000000000000000000000000000000000000000000000000000000000000000000000000000000000000000000000000000000002a52281c1dfd60
24305,0000000000000000000000000000000000000000000000000000000000000000000000000000000000000000000000000000000000000000001af8c09b0bab20
24315,00000000000000000000000000000000000000000000000000000000000000000000000000000000000000000000000000000000000000000028e6c47986c480
24325,000000000000000000000000000000000000000000000000000000000000000000000000000000000000000000000000000000000000000000194e222df23c60
24335,00000000000000000000000000000000000000000000000000000000000000000000000000000000000000000000000000000000000000000038fe84952813a0
24345,00000000000000000000000000000000000000000000000000000000000000000000000000000000000000000000000000000000000000000016714a557b2d80
24355,00000000000000000000000000000000000000000000000000000000000000000000000000000000000000000000000000000000000000000019dccd55904700
24365,0000000000000000000000000000000000000000000000000000000000000000000000000000000000000000000000000000000000000000000e81f505be2c80
24375,0000000000000000000000000000000000000000000000000000000000000000000000000000000000000000000000000000000000000000001d2fe3afe83ca0
24385,0000000000000000000000000000000000000000000000000000000000000000000000000000000000000000000000000000000000000000000bac23a2f550a0
24395,0000000000000000000000000000000000000000000000000000000000000000000000000000000000000000000000000000000000000000001fd30633a539e0
24405,0000000000000000000000000000000000000000000000000000000000000000000000000000000000000000000000000000000000000000002bf5a6938af100
24415,0000000000000000000000000000000000000000000000000000000000000000000000000000000000000000000000000000000000000000001e8a7353a1be80
24425,00000000000000000000000000000000000000000000000000000000000000000000000000000000000000000000000000000000000000000016766e68d3ba40
24435,00000000000000000000000000000000000000000000000000000000000000000000000000000000000000000000000000000000000000000017a76a36bce8a0
24445,0000000000000000000000000000000000000000000000000000000000000000000000000000000000000000000000000000000000000000001ca0a04d40c2c0
24455,0000000000000000000000000000000000000000000000000000000000000000000000000000000000000000000000000000000000000000001886cec53939a0
24465,0000000000000000000000000000000000000000000000000000000000000000000000000000000000000000000000000000000000000000002cc87f22dfb100
24475,0000000000000000000000000000000000000000000000000000000000000000000000000000000000000000000000000000000000000000000cb6292e924860
24485,0000000000000000000000000000000000000000000000000000000000000000000000000000000000000000000000000000000000000000001c938d9ce73180
24495,00000000000000000000000000000000000000000000000000000000000000000000000000000000000000000000000000000000000000000024498b04329a40
24505,0000000000000000000000000000000000000000000000000000000000000000000000000000000000000000000000000000000000000000002df040a2a320e0
24515,000000000000000000000000000000000000000000000000000000000000000000000000000000000000000000000000000000000000000000169fc0211ea9a0
24525,000000000000000000000000000000000000000000000000000000000000000000000000000000000000000000000000000000000000000000134183a0249000
24535,0000000000000000000000000000000000000000000000000000000000000000000000000000000000000000000000000000000000000000003aad19f82480c0
24545,0000000000000000000000000000000000000000000000000000000000000000000000000000000000000000000000000000000000000000001bcb03d1ccf180
24555,000000000000000000000000000000000000000000000000000000000000000000000000000000000000000000000000000000000000000000126f5a4bd7b280
24565,00000000000000000000000000000000000000000000000000000000000000000000000000000000000000000000000000000000000000000029d9671a6861c0
24575,00000000000000000000000000000000000000000000000000000000000000000000000000000000000000000000000000000000000000000021f52e363a7b60
24585,0000000000000000000000000000000000000000000000000000000000000000000000000000000000000000000000000000000000000000001f712661a00560
24595,0000000000000000000000000000000000000000000000000000000000000000000000000000000000000000000000000000000000000000000ff0511470ed00
24605,0000000000000000000000000000000000000000000000000000000000000000000000000000000000000000000000000000000000000000003dd24bd5941c00
24615,0000000000000000000000000000000000000000000000000000000000000000000000000000000000000000000000000000000000000000001599a3818d04e0
24625,00000000000000000000000000000000000000000000000000000000000000000000000000000000000000000000000000000000000000000010c30dcb2a0380
24635,00000000000000000000000000000000000000000000000000000000000000000000000000000000000000000000000000000000000000000016d1523b5169c0
24645,00000000000000000000000000000000000000000000000000000000000000000000000000000000000000000000000000000000000000000012be779f208220
24655,000000000000000000000000000000000000000000000000000000000000000000000000000000000000000000000000000000000000000000175f326cd5bf00
24665,000000000000000000000000000000000000000000000000000000000000000000000000000000000000000000000000000000000000000000134beac6d392c0
24675,000000000000000000000000000000000000000000000000000000000000000000000000000000000000000000000000000000000000000000255644a3522ac0
24685,000000000000000000000000000000000000000000000000000000000000000000000000000000000000000000000000000000000000000000188a513b2411a0
24695,000000000000000000000000000000000000000000000000000000000000000000000000000000000000000000000000000000000000000000166aa3e99f1f60
24705,0000000000000000000000000000000000000000000000000000000000000000000000000000000000000000000000000000000000000000001411239bffa4e0
24715,00000000000000000000000000000000000000000000000000000000000000000000000000000000000000000000000000000000000000000017d745b3835e40
24725,000000000000000000000000000000000000000000000000000000000000000000000000000000000000000000000000000000000000000000215c5d99241480
24735,000000000000000000000000000000000000000000000000000000000000000000000000000000000000000000000000000000000000000000165cea8815b5e0
24745,000000000000000000000000000000000000000000000000000000000000000000000000000000000000000000000000000000000000000000241b007d7cd280
24755,0000000000000000000000000000000000000000000000000000000000000000000000000000000000000000000000000000000000000000002ae89d7e4958c0
24765,0000000000000000000000000000000000000000000000000000000000000000000000000000000000000000000000000000000000000000002f4151334f37c0
24775,0000000000000000000000000000000000000000000000000000000000000000000000000000000000000000000000000000000000000000000d047fa94af440
24785,00000000000000000000000000000000000000000000000000000000000000000000000000000000000000000000000000000000000000000018ddb8844a47e0
24795,0000000000000000000000000000000000000000000000000000000000000000000000000000000000000000000000000000000000000000001c445ba23d5000
24805,000000000000000000000000000000000000000000000000000000000000000000000000000000000000000000000000000000000000000000329848973ce100
24815,00000000000000000000000000000000000000000000000000000000000000000000000000000000000000000000000000000000000000000016ac3165345680
24825,0000000000000000000000000000000000000000000000000000000000000000000000000000000000000000000000000000000000000000001b2179f0eab7c0
24835,000000000000000000000000000000000000000000000000000000000000000000000000000000000000000000000000000000000000000000336a009ccc74c0
24845,0000000000000000000000000000000000000000000000000000000000000000000000000000000000000000000000000000000000000000001c83f38a431840
24855,00000000000000000000000000000000000000000000000000000000000000000000000000000000000000000000000000000000000000000014cd2dacddcf00
24865,00000000000000000000000000000000000000000000000000000000000000000000000000000000000000000000000000000000000000000010b5a387251de0
24875,000000000000000000000000000000000000000000000000000000000000000000000000000000000000000000000000000000000000000000128fd95d585d80
24885,0000000000000000000000000000000000000000000000000000000000000000000000000000000000000000000000000000000000000000001ac3e801116b20
24895,000000000000000000000000000000000000000000000000000000000000000000000000000000000000000000000000000000000000000000263c52d8be0360
24905,000000000000000000000000000000000000000000000000000000000000000000000000000000000000000000000000000000000000000000206e33957f2f40
24915,00000000000000000000000000000000000000000000000000000000000000000000000000000000000000000000000000000000000000000018c7fcfbe88d60
24925,0000000000000000000000000000000000000000000000000000000000000000000000000000000000000000000000000000000000000000001d7a2e5c21c7e0
24935,000000000000000000000000000000000000000000000000000000000000000000000000000000000000000000000000000000000000000000339f91fba69040
24945,0000000000000000000000000000000000000000000000000000000000000000000000000000000000000000000000000000000000000000001e2ab263ee1ca0
24955,0000000000000000000000000000000000000000000000000000000000000000000000000000000000000000000000000000000000000000004db4b7eaf4b740
24965,0000000000000000000000000000000000000000000000000000000000000000000000000000000000000000000000000000000000000000004a91f1a10c9760
24975,0000000000000000000000000000000000000000000000000000000000000000000000000000000000000000000000000000000000000000001bd7fde49e52c0
24985,0000000000000000000000000000000000000000000000000000000000000000000000000000000000000000000000000000000000000000001fe6167748b000
24995,0000000000000000000000000000000000000000000000000000000000000000000000000000000000000000000000000000000000000000003c205f7ca9e880
25005,0000000000000000000000000000000000000000000000000000000000000000000000000000000000000000000000000000000000000000001d4c734b8567e0
25015,0000000000000000000000000000000000000000000000000000000000000000000000000000000000000000000000000000000000000000000bad50ddf4b5a0
25025,00000000000000000000000000000000000000000000000000000000000000000000000000000000000000000000000000000000000000000016ec86fe686a40
25035,000000000000000000000000000000000000000000000000000000000000000000000000000000000000000000000000000000000000000000180fca398d0d80
25045,000000000000000000000000000000000000000000000000000000000000000000000000000000000000000000000000000000000000000000176c83135285e0
25055,00000000000000000000000000000000000000000000000000000000000000000000000000000000000000000000000000000000000000000012c72401010be0
25065,0000000000000000000000000000000000000000000000000000000000000000000000000000000000000000000000000000000000000000003405e10872f740
25075,0000000000000000000000000000000000000000000000000000000000000000000000000000000000000000000000000000000000000000001c54b0c8860940
25085,00000000000000000000000000000000000000000000000000000000000000000000000000000000000000000000000000000000000000000013e2263cb41060
25095,0000000000000000000000000000000000000000000000000000000000000000000000000000000000000000000000000000000000000000000fb7928e6b2640
25105,000000000000000000000000000000000000000000000000000000000000000000000000000000000000000000000000000000000000000000251ca1e24813c0
25115,0000000000000000000000000000000000000000000000000000000000000000000000000000000000000000000000000000000000000000001eb40d020f3700
25125,0000000000000000000000000000000000000000000000000000000000000000000000000000000000000000000000000000000000000000001680f105a845c0
25135,0000000000000000000000000000000000000000000000000000000000000000000000000000000000000000000000000000000000000000000ecc3245a9da60
25145,00000000000000000000000000000000000000000000000000000000000000000000000000000000000000000000000000000000000000000020491166c4a960
25155,00000000000000000000000000000000000000000000000000000000000000000000000000000000000000000000000000000000000000000011e8e154e759c0
25165,0000000000000000000000000000000000000000000000000000000000000000000000000000000000000000000000000000000000000000001ecc2c806f17a0
25175,00000000000000000000000000000000000000000000000000000000000000000000000000000000000000000000000000000000000000000010d25d3670ae60
25185,000000000000000000000000000000000000000000000000000000000000000000000000000000000000000000000000000000000000000000121c72eef7a280
25195,000000000000000000000000000000000000000000000000000000000000000000000000000000000000000000000000000000000000000000173b89db8b9fe0
25205,0000000000000000000000000000000000000000000000000000000000000000000000000000000000000000000000000000000000000000002475f29ebe7780
25215,0000000000000000000000000000000000000000000000000000000000000000000000000000000000000000000000000000000000000000000d5e74d4764260
25225,0000000000000000000000000000000000000000000000000000000000000000000000000000000000000000000000000000000000000000002065c21fe97200
25235,0000000000000000000000000000000000000000000000000000000000000000000000000000000000000000000000000000000000000000001b73e4d7abc840
25245,00000000000000000000000000000000000000000000000000000000000000000000000000000000000000000000000000000000000000000053bbbbb436c2a0
25255,00000000000000000000000000000000000000000000000000000000000000000000000000000000000000000000000000000000000000000045f7b45cc00280
25265,000000000000000000000000000000000000000000000000000000000000000000000000000000000000000000000000000000000000000000336d45eb58f580
25275,0000000000000000000000000000000000000000000000000000000000000000000000000000000000000000000000000000000000000000001bc1d8beb9dd80
25285,0000000000000000000000000000000000000000000000000000000000000000000000000000000000000000000000000000000000000000001f4faae3e197c0
25295,0000000000000000000000000000000000000000000000000000000000000000000000000000000000000000000000000000000000000000000b68a613d04bc0
25305,00000000000000000000000000000000000000000000000000000000000000000000000000000000000000000000000000000000000000000028a41f56a1ef40
25315,0000000000000000000000000000000000000000000000000000000000000000000000000000000000000000000000000000000000000000001b1e5653970580
25325,00000000000000000000000000000000000000000000000000000000000000000000000000000000000000000000000000000000000000000013ef7c80ba4f00
25335,00000000000000000000000000000000000000000000000000000000000000000000000000000000000000000000000000000000000000000016ac92bdcb5120
25345,0000000000000000000000000000000000000000000000000000000000000000000000000000000000000000000000000000000000000000001d20e4c49c2520
25355,000000000000000000000000000000000000000000000000000000000000000000000000000000000000000000000000000000000000000000197cafd231a700
25365,00000000000000000000000000000000000000000000000000000000000000000000000000000000000000000000000000000000000000000030311e7bc42b60
25375,0000000000000000000000000000000000000000000000000000000000000000000000000000000000000000000000000000000000000000002927af43ebde60
25385,00000000000000000000000000000000000000000000000000000000000000000000000000000000000000000000000000000000000000000012f86ed64c4aa0
25395,0000000000000000000000000000000000000000000000000000000000000000000000000000000000000000000000000000000000000000000dfdbbbfe21cc0
25405,0000000000000000000000000000000000000000000000000000000000000000000000000000000000000000000000000000000000000000002c56ea032487c0
25415,00000000000000000000000000000000000000000000000000000000000000000000000000000000000000000000000000000000000000000019cf7c2f1388c0
25425,000000000000000000000000000000000000000000000000000000000000000000000000000000000000000000000000000000000000000000201c61c2650940
25435,000000000000000000000000000000000000000000000000000000000000000000000000000000000000000000000000000000000000000000130ffcad5385a0
25445,0000000000000000000000000000000000000000000000000000000000000000000000000000000000000000000000000000000000000000000d2eff08e40640
25455,0000000000000000000000000000000000000000000000000000000000000000000000000000000000000000000000000000000000000000000e441f09e8d800
25465,0000000000000000000000000000000000000000000000000000000000000000000000000000000000000000000000000000000000000000001561d9c0630ea0
25475,000000000000000000000000000000000000000000000000000000000000000000000000000000000000000000000000000000000000000000113c7cd6ac8280
25485,000000000000000000000000000000000000000000000000000000000000000000000000000000000000000000000000000000000000000000181ad05658bca0
25495,000000000000000000000000000000000000000000000000000000000000000000000000000000000000000000000000000000000000000000116822e76cccc0
25505,0000000000000000000000000000000000000000000000000000000000000000000000000000000000000000000000000000000000000000001361a580706ee0
25515,0000000000000000000000000000000000000000000000000000000000000000000000000000000000000000000000000000000000000000004245ece16706a0
25525,00000000000000000000000000000000000000000000000000000000000000000000000000000000000000000000000000000000000000000016eeadf46aaca0
25535,000000000000000000000000000000000000000000000000000000000000000000000000000000000000000000000000000000000000000000220f53c828ae40
25545,0000000000000000000000000000000000000000000000000000000000000000000000000000000000000000000000000000000000000000000d37e3a5d47740
25555,0000000000000000000000000000000000000000000000000000000000000000000000000000000000000000000000000000000000000000001dc79f60c28780
25565,0000000000000000000000000000000000000000000000000000000000000000000000000000000000000000000000000000000000000000000eb0a80c7139a0
25575,00000000000000000000000000000000000000000000000000000000000000000000000000000000000000000000000000000000000000000013126efbee3e20
25585,0000000000000000000000000000000000000000000000000000000000000000000000000000000000000000000000000000000000000000001fafd1987aace0
25595,00000000000000000000000000000000000000000000000000000000000000000000000000000000000000000000000000000000000000000010a081eb07c920
25605,0000000000000000000000000000000000000000000000000000000000000000000000000000000000000000000000000000000000000000000e8ec93ff490c0
25615,00000000000000000000000000000000000000000000000000000000000000000000000000000000000000000000000000000000000000000028ee733dee8c80
25625,00000000000000000000000000000000000000000000000000000000000000000000000000000000000000000000000000000000000000000017a95af1af2140
25635,000000000000000000000000000000000000000000000000000000000000000000000000000000000000000000000000000000000000000000435f35135f36c0
25645,0000000000000000000000000000000000000000000000000000000000000000000000000000000000000000000000000000000000000000004cf91c32aca780
25655,000000000000000000000000000000000000000000000000000000000000000000000000000000000000000000000000000000000000000000163f199dc944e0
25665,0000000000000000000000000000000000000000000000000000000000000000000000000000000000000000000000000000000000000000001bc933f94ea900
25675,0000000000000000000000000000000000000000000000000000000000000000000000000000000000000000000000000000000000000000002f15c071526a40
25685,000000000000000000000000000000000000000000000000000000000000000000000000000000000000000000000000000000000000000000231228192e0600
25695,0000000000000000000000000000000000000000000000000000000000000000000000000000000000000000000000000000000000000000001e31cb6d4c4a40
25705,000000000000000000000000000000000000000000000000000000000000000000000000000000000000000000000000000000000000000000365487259291e0
25715,0000000000000000000000000000000000000000000000000000000000000000000000000000000000000000000000000000000000000000001e4a81a6b5b400
25725,0000000000000000000000000000000000000000000000000000000000000000000000000000000000000000000000000000000000000000006601c8bdea9b40
25735,000000000000000000000000000000000000000000000000000000000000000000000000000000000000000000000000000000000000000000339b42cab5d2a0
25745,00000000000000000000000000000000000000000000000000000000000000000000000000000000000000000000000000000000000000000014e36bdc9931e0
25755,00000000000000000000000000000000000000000000000000000000000000000000000000000000000000000000000000000000000000000011eb7be86baa60
25765,0000000000000000000000000000000000000000000000000000000000000000000000000000000000000000000000000000000000000000001a1a99d1663f60
25775,000000000000000000000000000000000000000000000000000000000000000000000000000000000000000000000000000000000000000000115cabfbe3cb40
25785,0000000000000000000000000000000000000000000000000000000000000000000000000000000000000000000000000000000000000000002fa679ca0813c0
25795,000000000000000000000000000000000000000000000000000000000000000000000000000000000000000000000000000000000000000000129ad9e67331c0
25805,0000000000000000000000000000000000000000000000000000000000000000000000000000000000000000000000000000000000000000001c85006ca72160
25815,000000000000000000000000000000000000000000000000000000000000000000000000000000000000000000000000000000000000000000165d22e0af73c0
25825,00000000000000000000000000000000000000000000000000000000000000000000000000000000000000000000000000000000000000000018dedba1c082c0
25835,0000000000000000000000000000000000000000000000000000000000000000000000000000000000000000000000000000000000000000001cf5000c7d9d80
25845,00000000000000000000000000000000000000000000000000000000000000000000000000000000000000000000000000000000000000000017d00e204ea1e0
25855,00000000000000000000000000000000000000000000000000000000000000000000000000000000000000000000000000000000000000000010d77abff10e60
25865,0000000000000000000000000000000000000000000000000000000000000000000000000000000000000000000000000000000000000000001d19c6802aa080
25875,00000000000000000000000000000000000000000000000000000000000000000000000000000000000000000000000000000000000000000018974a3a444a60
25885,0000000000000000000000000000000000000000000000000000000000000000000000000000000000000000000000000000000000000000001d35576a9de180
25895,0000000000000000000000000000000000000000000000000000000000000000000000000000000000000000000000000000000000000000001cd9a5982e1380
25905,0000000000000000000000000000000000000000000000000000000000000000000000000000000000000000000000000000000000000000003498fe60ff63c0
25915,0000000000000000000000000000000000000000000000000000000000000000000000000000000000000000000000000000000000000000000e31d028ae8160
25925,0000000000000000000000000000000000000000000000000000000000000000000000000000000000000000000000000000000000000000001d233e895fe760
25935,00000000000000000000000000000000000000000000000000000000000000000000000000000000000000000000000000000000000000000018762828ce9b20
25945,0000000000000000000000000000000000000000000000000000000000000000000000000000000000000000000000000000000000000000000b13ab2362d260
25955,0000000000000000000000000000000000000000000000000000000000000000000000000000000000000000000000000000000000000000001663f12efef940
25965,00000000000000000000000000000000000000000000000000000000000000000000000000000000000000000000000000000000000000000014082757ae55c0
25975,000000000000000000000000000000000000000000000000000000000000000000000000000000000000000000000000000000000000000000186c5a15c682e0
25985,0000000000000000000000000000000000000000000000000000000000000000000000000000000000000000000000000000000000000000001c4f59666c0540
25995,00000000000000000000000000000000000000000000000000000000000000000000000000000000000000000000000000000000000000000016ab5ad19190e0
26005,0000000000000000000000000000000000000000000000000000000000000000000000000000000000000000000000000000000000000000000f38e4520815a0
26015,0000000000000000000000000000000000000000000000000000000000000000000000000000000000000000000000000000000000000000001873353cb2b4a0
26025,0000000000000000000000000000000000000000000000000000000000000000000000000000000000000000000000000000000000000000001b5ef28a502fc0
26035,00000000000000000000000000000000000000000000000000000000000000000000000000000000000000000000000000000000000000000016183a168f3760
26045,00000000000000000000000000000000000000000000000000000000000000000000000000000000000000000000000000000000000000000017fa1913a0c740
26055,00000000000000000000000000000000000000000000000000000000000000000000000000000000000000000000000000000000000000000011123c0ac07420
26065,0000000000000000000000000000000000000000000000000000000000000000000000000000000000000000000000000000000000000000000e5c1a884b25a0
26075,0000000000000000000000000000000000000000000000000000000000000000000000000000000000000000000000000000000000000000000bcbe616f8d8a0
26085,0000000000000000000000000000000000000000000000000000000000000000000000000000000000000000000000000000000000000000001e312d8ae0c660
26095,00000000000000000000000000000000000000000000000000000000000000000000000000000000000000000000000000000000000000000024788e94b8d7a0
26105,000000000000000000000000000000000000000000000000000000000000000000000000000000000000000000000000000000000000000000144f7a2b7d8a80
26115,000000000000000000000000000000000000000000000000000000000000000000000000000000000000000000000000000000000000000000173c8ca0667ee0
26125,0000000000000000000000000000000000000000000000000000000000000000000000000000000000000000000000000000000000000000001e6681b883edc0
26135,00000000000000000000000000000000000000000000000000000000000000000000000000000000000000000000000000000000000000000033a1fcca41ca20
26145,00000000000000000000000000000000000000000000000000000000000000000000000000000000000000000000000000000000000000000015e95d060661e0
26155,00000000000000000000000000000000000000000000000000000000000000000000000000000000000000000000000000000000000000000029dda19046d3c0
26165,00000000000000000000000000000000000000000000000000000000000000000000000000000000000000000000000000000000000000000012fb3dfd7e4b60
26175,0000000000000000000000000000000000000000000000000000000000000000000000000000000000000000000000000000000000000000002a6ad7d587d740
26185,00000000000000000000000000000000000000000000000000000000000000000000000000000000000000000000000000000000000000000010886e9de229e0
26195,00000000000000000000000000000000000000000000000000000000000000000000000000000000000000000000000000000000000000000017ae9b0505cb00
26205,00000000000000000000000000000000000000000000000000000000000000000000000000000000000000000000000000000000000000000016e7aa1c462520
26215,000000000000000000000000000000000000000000000000000000000000000000000000000000000000000000000000000000000000000000145316d2a1b260
26225,0000000000000000000000000000000000000000000000000000000000000000000000000000000000000000000000000000000000000000001fcbfc5b8119e0
26235,0000000000000000000000000000000000000000000000000000000000000000000000000000000000000000000000000000000000000000000f9599f32b4e40
26245,00000000000000000000000000000000000000000000000000000000000000000000000000000000000000000000000000000000000000000042cb2a44bb6800
26255,00000000000000000000000000000000000000000000000000000000000000000000000000000000000000000000000000000000000000000034dd65e63c0740
26265,000000000000000000000000000000000000000000000000000000000000000000000000000000000000000000000000000000000000000000240625f50beec0
26275,0000000000000000000000000000000000000000000000000000000000000000000000000000000000000000000000000000000000000000001de78f37392800
26285,0000000000000000000000000000000000000000000000000000000000000000000000000000000000000000000000000000000000000000001f4f3228d60920
26295,0000000000000000000000000000000000000000000000000000000000000000000000000000000000000000000000000000000000000000003ea68e5af7daa0
26305,00000000000000000000000000000000000000000000000000000000000000000000000000000000000000000000000000000000000000000030995eafd188a0
26315,00000000000000000000000000000000000000000000000000000000000000000000000000000000000000000000000000000000000000000023f06f45476a80
26325,00000000000000000000000000000000000000000000000000000000000000000000000000000000000000000000000000000000000000000024429b67206700
26335,0000000000000000000000000000000000000000000000000000000000000000000000000000000000000000000000000000000000000000001c214cc223e960
26345,0000000000000000000000000000000000000000000000000000000000000000000000000000000000000000000000000000000000000000002a2ba0c6191240
26355,0000000000000000000000000000000000000000000000000000000000000000000000000000000000000000000000000000000000000000003a3e34134eba00
26365,0000000000000000000000000000000000000000000000000000000000000000000000000000000000000000000000000000000000000000001cffe778104a60
26375,000000000000000000000000000000000000000000000000000000000000000000000000000000000000000000000000000000000000000000157399fa448be0
26385,0000000000000000000000000000000000000000000000000000000000000000000000000000000000000000000000000000000000000000001c43deb5f6f600
26395,00000000000000000000000000000000000000000000000000000000000000000000000000000000000000000000000000000000000000000017e3dd63e53940
26405,0000000000000000000000000000000000000000000000000000000000000000000000000000000000000000000000000000000000000000000ba5571991fb60
26415,0000000000000000000000000000000000000000000000000000000000000000000000000000000000000000000000000000000000000000001be01c1f25fa80
26425,000000000000000000000000000000000000000000000000000000000000000000000000000000000000000000000000000000000000000000188846a7960d00
26435,00000000000000000000000000000000000000000000000000000000000000000000000000000000000000000000000000000000000000000016fe859abbdac0
26445,0000000000000000000000000000000000000000000000000000000000000000000000000000000000000000000000000000000000000000000f4d16c6d311a0
26455,00000000000000000000000000000000000000000000000000000000000000000000000000000000000000000000000000000000000000000015c91088338980
26465,00000000000000000000000000000000000000000000000000000000000000000000000000000000000000000000000000000000000000000082812f0d688680
26475,000000000000000000000000000000000000000000000000000000000000000000000000000000000000000000000000000000000000000000224466ce6dc360
26485,0000000000000000000000000000000000000000000000000000000000000000000000000000000000000000000000000000000000000000003ad66eba47d940
26495,0000000000000000000000000000000000000000000000000000000000000000000000000000000000000000000000000000000000000000001b4d2c9f340100
26505,000000000000000000000000000000000000000000000000000000000000000000000000000000000000000000000000000000000000000000205ba196bf85c0
26515,00000000000000000000000000000000000000000000000000000000000000000000000000000000000000000000000000000000000000000032ae5fdaac1e60
26525,000000000000000000000000000000000000000000000000000000000000000000000000000000000000000000000000000000000000000000111b38cf11baa0
26535,00000000000000000000000000000000000000000000000000000000000000000000000000000000000000000000000000000000000000000012da6f098cdb00
26545,0000000000000000000000000000000000000000000000000000000000000000000000000000000000000000000000000000000000000000001e6eb0c1cf5fe0
26555,000000000000000000000000000000000000000000000000000000000000000000000000000000000000000000000000000000000000000000144bd73f6d8000
26565,000000000000000000000000000000000000000000000000000000000000000000000000000000000000000000000000000000000000000000160416ab9bd580
26575,0000000000000000000000000000000000000000000000000000000000000000000000000000000000000000000000000000000000000000003000dd3a184280
26585,000000000000000000000000000000000000000000000000000000000000000000000000000000000000000000000000000000000000000000407f4bec582620
26595,000000000000000000000000000000000000000000000000000000000000000000000000000000000000000000000000000000000000000000121c5e165b8040
26605,0000000000000000000000000000000000000000000000000000000000000000000000000000000000000000000000000000000000000000001d1aa6d8b90c60
26615,0000000000000000000000000000000000000000000000000000000000000000000000000000000000000000000000000000000000000000000fb81b4975a0e0
26625,00000000000000000000000000000000000000000000000000000000000000000000000000000000000000000000000000000000000000000014257f90c7d500
26635,00000000000000000000000000000000000000000000000000000000000000000000000000000000000000000000000000000000000000000021a6e8941e36c0
26645,0000000000000000000000000000000000000000000000000000000000000000000000000000000000000000000000000000000000000000002229359f07c040
26655,0000000000000000000000000000000000000000000000000000000000000000000000000000000000000000000000000000000000000000001e0bcb34c81d00
26665,0000000000000000000000000000000000000000000000000000000000000000000000000000000000000000000000000000000000000000003498f325ec7440
26675,00000000000000000000000000000000000000000000000000000000000000000000000000000000000000000000000000000000000000000016ac9e652cfe40
26685,0000000000000000000000000000000000000000000000000000000000000000000000000000000000000000000000000000000000000000001d091b77718960
26695,00000000000000000000000000000000000000000000000000000000000000000000000000000000000000000000000000000000000000000013c5680d68cd80
26705,00000000000000000000000000000000000000000000000000000000000000000000000000000000000000000000000000000000000000000024fd491f788040
26715,0000000000000000000000000000000000000000000000000000000000000000000000000000000000000000000000000000000000000000005e6016f2caf2c0
26725,000000000000000000000000000000000000000000000000000000000000000000000000000000000000000000000000000000000000000000295a01d4390900
26735,00000000000000000000000000000000000000000000000000000000000000000000000000000000000000000000000000000000000000000019e05755533a80
26745,0000000000000000000000000000000000000000000000000000000000000000000000000000000000000000000000000000000000000000001ca255c34aab00
26755,0000000000000000000000000000000000000000000000000000000000000000000000000000000000000000000000000000000000000000000bcbe42aaa34e0
26765,00000000000000000000000000000000000000000000000000000000000000000000000000000000000000000000000000000000000000000020ca310f4c5a60
26775,000000000000000000000000000000000000000000000000000000000000000000000000000000000000000000000000000000000000000000125a9a6ac77920
26785,00000000000000000000000000000000000000000000000000000000000000000000000000000000000000000000000000000000000000000030098ceabd7f80
26795,00000000000000000000000000000000000000000000000000000000000000000000000000000000000000000000000000000000000000000018970261ab97e0
26805,0000000000000000000000000000000000000000000000000000000000000000000000000000000000000000000000000000000000000000002281d02cc090e0
26815,0000000000000000000000000000000000000000000000000000000000000000000000000000000000000000000000000000000000000000001a1a932a043c00
26825,00000000000000000000000000000000000000000000000000000000000000000000000000000000000000000000000000000000000000000015a53c633b1f00
26835,00000000000000000000000000000000000000000000000000000000000000000000000000000000000000000000000000000000000000000019ad7c27856be0
26845,000000000000000000000000000000000000000000000000000000000000000000000000000000000000000000000000000000000000000000122630a9634ae0
26855,0000000000000000000000000000000000000000000000000000000000000000000000000000000000000000000000000000000000000000002bf09158ceee00
26865,00000000000000000000000000000000000000000000000000000000000000000000000000000000000000000000000000000000000000000041749065a9e560
26875,0000000000000000000000000000000000000000000000000000000000000000000000000000000000000000000000000000000000000000001ee7e1b9a4d2a0
26885,0000000000000000000000000000000000000000000000000000000000000000000000000000000000000000000000000000000000000000000ff74c6c960720
26895,0000000000000000000000000000000000000000000000000000000000000000000000000000000000000000000000000000000000000000001b374483240c60
26905,0000000000000000000000000000000000000000000000000000000000000000000000000000000000000000000000000000000000000000005abccb453d0b80
26915,000000000000000000000000000000000000000000000000000000000000000000000000000000000000000000000000000000000000000000230c7ede7bfc00
26925,000000000000000000000000000000000000000000000000000000000000000000000000000000000000000000000000000000000000000000178ad8876ea620
26935,0000000000000000000000000000000000000000000000000000000000000000000000000000000000000000000000000000000000000000001117d29438ace0
26945,00000000000000000000000000000000000000000000000000000000000000000000000000000000000000000000000000000000000000000011366a398b6b00
26955,00000000000000000000000000000000000000000000000000000000000000000000000000000000000000000000000000000000000000000024f43fdb281160
26965,000000000000000000000000000000000000000000000000000000000000000000000000000000000000000000000000000000000000000000227725d4db0180
26975,0000000000000000000000000000000000000000000000000000000000000000000000000000000000000000000000000000000000000000001eb6d79f68e880
26985,000000000000000000000000000000000000000000000000000000000000000000000000000000000000000000000000000000000000000000468dcc178f3740
26995,0000000000000000000000000000000000000000000000000000000000000000000000000000000000000000000000000000000000000000002607803ec35be0
27005,0000000000000000000000000000000000000000000000000000000000000000000000000000000000000000000000000000000000000000001c9ff6e0fd6860
27015,00000000000000000000000000000000000000000000000000000000000000000000000000000000000000000000000000000000000000000016fd1569999660
27025,00000000000000000000000000000000000000000000000000000000000000000000000000000000000000000000000000000000000000000023b5e1531218e0
27035,00000000000000000000000000000000000000000000000000000000000000000000000000000000000000000000000000000000000000000021ad8f4ebf2be0
27045,0000000000000000000000000000000000000000000000000000000000000000000000000000000000000000000000000000000000000000001bc630b49652a0
27055,0000000000000000000000000000000000000000000000000000000000000000000000000000000000000000000000000000000000000000001c7be094a6fce0
27065,00000000000000000000000000000000000000000000000000000000000000000000000000000000000000000000000000000000000000000014544903c82440
27075,0000000000000000000000000000000000000000000000000000000000000000000000000000000000000000000000000000000000000000002546e8e94767e0
27085,0000000000000000000000000000000000000000000000000000000000000000000000000000000000000000000000000000000000000000001e309cbc259c00
27095,000000000000000000000000000000000000000000000000000000000000000000000000000000000000000000000000000000000000000000365cab69f26f00
27105,0000000000000000000000000000000000000000000000000000000000000000000000000000000000000000000000000000000000000000001e6e32d5891720
27115,00000000000000000000000000000000000000000000000000000000000000000000000000000000000000000000000000000000000000000012d0c56ca9b040
27125,0000000000000000000000000000000000000000000000000000000000000000000000000000000000000000000000000000000000000000000f5f2cb1e9dc60
27135,0000000000000000000000000000000000000000000000000000000000000000000000000000000000000000000000000000000000000000001d8e041fb7ef20
27145,00000000000000000000000000000000000000000000000000000000000000000000000000000000000000000000000000000000000000000012567c74e71b80
27155,00000000000000000000000000000000000000000000000000000000000000000000000000000000000000000000000000000000000000000027be14bebfb0e0
27165,0000000000000000000000000000000000000000000000000000000000000000000000000000000000000000000000000000000000000000001d20fea7108e00
27175,000000000000000000000000000000000000000000000000000000000000000000000000000000000000000000000000000000000000000000346473334eb120
27185,000000000000000000000000000000000000000000000000000000000000000000000000000000000000000000000000000000000000000000157ad59751a020
27195,0000000000000000000000000000000000000000000000000000000000000000000000000000000000000000000000000000000000000000003711424a160880
27205,0000000000000000000000000000000000000000000000000000000000000000000000000000000000000000000000000000000000000000001f8073ea70a960
27215,0000000000000000000000000000000000000000000000000000000000000000000000000000000000000000000000000000000000000000002a91e6dcbeb160
27225,0000000000000000000000000000000000000000000000000000000000000000000000000000000000000000000000000000000000000000001f6f8dff4562a0
27235,0000000000000000000000000000000000000000000000000000000000000000000000000000000000000000000000000000000000000000001cf6f3f8aab2c0
27245,000000000000000000000000000000000000000000000000000000000000000000000000000000000000000000000000000000000000000000132ffb7017e9a0
27255,00000000000000000000000000000000000000000000000000000000000000000000000000000000000000000000000000000000000000000023d4bba99b6c40
27265,0000000000000000000000000000000000000000000000000000000000000000000000000000000000000000000000000000000000000000001c8cfdf5f5e960
27275,000000000000000000000000000000000000000000000000000000000000000000000000000000000000000000000000000000000000000000100210a6efff60
27285,0000000000000000000000000000000000000000000000000000000000000000000000000000000000000000000000000000000000000000001aa6340311cc20
27295,0000000000000000000000000000000000000000000000000000000000000000000000000000000000000000000000000000000000000000001b006e06d60080
27305,0000000000000000000000000000000000000000000000000000000000000000000000000000000000000000000000000000000000000000006f3ac2c6362da0
27315,0000000000000000000000000000000000000000000000000000000000000000000000000000000000000000000000000000000000000000001f90f290b696c0
27325,0000000000000000000000000000000000000000000000000000000000000000000000000000000000000000000000000000000000000000001998c70b60c780
27335,0000000000000000000000000000000000000000000000000000000000000000000000000000000000000000000000000000000000000000000f6ec1c48e4be0
27345,0000000000000000000000000000000000000000000000000000000000000000000000000000000000000000000000000000000000000000001780cbd6e0ed60
27355,0000000000000000000000000000000000000000000000000000000000000000000000000000000000000000000000000000000000000000002949e9f2d87da0
27365,000000000000000000000000000000000000000000000000000000000000000000000000000000000000000000000000000000000000000000107a26814ead40
27375,00000000000000000000000000000000000000000000000000000000000000000000000000000000000000000000000000000000000000000020d018c0219160
27385,0000000000000000000000000000000000000000000000000000000000000000000000000000000000000000000000000000000000000000001c1bd211475a20
27395,00000000000000000000000000000000000000000000000000000000000000000000000000000000000000000000000000000000000000000017596759887300
27405,0000000000000000000000000000000000000000000000000000000000000000000000000000000000000000000000000000000000000000000e0aebe6611440
27415,0000000000000000000000000000000000000000000000000000000000000000000000000000000000000000000000000000000000000000001b5e0ed92473c0
27425,000000000000000000000000000000000000000000000000000000000000000000000000000000000000000000000000000000000000000000114db36934d020
27435,000000000000000000000000000000000000000000000000000000000000000000000000000000000000000000000000000000000000000000e75871d5980c60
27445,00000000000000000000000000000000000000000000000000000000000000000000000000000000000000000000000000000000000000000026e4ae39b49f40
27455,000000000000000000000000000000000000000000000000000000000000000000000000000000000000000000000000000000000000000000305b00340566c0
27465,00000000000000000000000000000000000000000000000000000000000000000000000000000000000000000000000000000000000000000021e3fe3762f760
27475,0000000000000000000000000000000000000000000000000000000000000000000000000000000000000000000000000000000000000000001e306e8aeda520
27485,0000000000000000000000000000000000000000000000000000000000000000000000000000000000000000000000000000000000000000000e901e2253bfe0
27495,0000000000000000000000000000000000000000000000000000000000000000000000000000000000000000000000000000000000000000000caa6187fb0640
27505,000000000000000000000000000000000000000000000000000000000000000000000000000000000000000000000000000000000000000000199853eddeb0a0
27515,0000000000000000000000000000000000000000000000000000000000000000000000000000000000000000000000000000000000000000001484d731bda320
27525,00000000000000000000000000000000000000000000000000000000000000000000000000000000000000000000000000000000000000000019eb34370dffa0
27535,00000000000000000000000000000000000000000000000000000000000000000000000000000000000000000000000000000000000000000014e3dc217df000
27545,000000000000000000000000000000000000000000000000000000000000000000000000000000000000000000000000000000000000000000138a5b91636520
27555,00000000000000000000000000000000000000000000000000000000000000000000000000000000000000000000000000000000000000000027865e38a82020
27565,00000000000000000000000000000000000000000000000000000000000000000000000000000000000000000000000000000000000000000016bb4f32f480a0
27575,000000000000000000000000000000000000000000000000000000000000000000000000000000000000000000000000000000000000000000145c53b4787f80
27585,0000000000000000000000000000000000000000000000000000000000000000000000000000000000000000000000000000000000000000001f9a147c67d280
27595,000000000000000000000000000000000000000000000000000000000000000000000000000000000000000000000000000000000000000000636d28d6bd2980
27605,000000000000000000000000000000000000000000000000000000000000000000000000000000000000000000000000000000000000000000223651a7fe3a20
27615,0000000000000000000000000000000000000000000000000000000000000000000000000000000000000000000000000000000000000000002232a93215f1a0
27625,000000000000000000000000000000000000000000000000000000000000000000000000000000000000000000000000000000000000000000300e8c257afe00
27635,000000000000000000000000000000000000000000000000000000000000000000000000000000000000000000000000000000000000000000153db756839b80
27645,00000000000000000000000000000000000000000000000000000000000000000000000000000000000000000000000000000000000000000031b0f930ab9940
27655,000000000000000000000000000000000000000000000000000000000000000000000000000000000000000000000000000000000000000000279281cb87f580
27665,00000000000000000000000000000000000000000000000000000000000000000000000000000000000000000000000000000000000000000026bc894641ba60
27675,0000000000000000000000000000000000000000000000000000000000000000000000000000000000000000000000000000000000000000000ff32af6b5e5e0
27685,0000000000000000000000000000000000000000000000000000000000000000000000000000000000000000000000000000000000000000003be70e0086a660
27695,00000000000000000000000000000000000000000000000000000000000000000000000000000000000000000000000000000000000000000017938adf762b80
27705,0000000000000000000000000000000000000000000000000000000000000000000000000000000000000000000000000000000000000000001e6874a4b11440
27715,0000000000000000000000000000000000000000000000000000000000000000000000000000000000000000000000000000000000000000001670edb7f79280
27725,00000000000000000000000000000000000000000000000000000000000000000000000000000000000000000000000000000000000000000050302dc02303c0
27735,00000000000000000000000000000000000000000000000000000000000000000000000000000000000000000000000000000000000000000024fab3c70786a0
27745,00000000000000000000000000000000000000000000000000000000000000000000000000000000000000000000000000000000000000000022831d4a33f740
27755,0000000000000000000000000000000000000000000000000000000000000000000000000000000000000000000000000000000000000000001b530759e2b520
27765,000000000000000000000000000000000000000000000000000000000000000000000000000000000000000000000000000000000000000000179b485ef0a6a0
27775,0000000000000000000000000000000000000000000000000000000000000000000000000000000000000000000000000000000000000000001293c3dd14d060
27785,0000000000000000000000000000000000000000000000000000000000000000000000000000000000000000000000000000000000000000000ea350aae135a0
27795,0000000000000000000000000000000000000000000000000000000000000000000000000000000000000000000000000000000000000000002463406ec5e5a0
27805,000000000000000000000000000000000000000000000000000000000000000000000000000000000000000000000000000000000000000000155112e8e6eae0
27815,00000000000000000000000000000000000000000000000000000000000000000000000000000000000000000000000000000000000000000019d70e91071300
27825,00000000000000000000000000000000000000000000000000000000000000000000000000000000000000000000000000000000000000000011ee9af20e7080
27835,00000000000000000000000000000000000000000000000000000000000000000000000000000000000000000000000000000000000000000012b2f551221da0
27845,000000000000000000000000000000000000000000000000000000000000000000000000000000000000000000000000000000000000000000127c7f3743ba80
27855,0000000000000000000000000000000000000000000000000000000000000000000000000000000000000000000000000000000000000000001f12040f6b8c00
27865,00000000000000000000000000000000000000000000000000000000000000000000000000000000000000000000000000000000000000000015880a518183c0
27875,0000000000000000000000000000000000000000000000000000000000000000000000000000000000000000000000000000000000000000001532c2087bb6c0
27885,000000000000000000000000000000000000000000000000000000000000000000000000000000000000000000000000000000000000000000504c9051ea9a60
27895,0000000000000000000000000000000000000000000000000000000000000000000000000000000000000000000000000000000000000000006d6bbdaa5596a0
27905,00000000000000000000000000000000000000000000000000000000000000000000000000000000000000000000000000000000000000000028b2edf32c5bc0
27915,0000000000000000000000000000000000000000000000000000000000000000000000000000000000000000000000000000000000000000001f705c12e8bae0
27925,0000000000000000000000000000000000000000000000000000000000000000000000000000000000000000000000000000000000000000001061f2aa52a1c0
27935,0000000000000000000000000000000000000000000000000000000000000000000000000000000000000000000000000000000000000000001496417f5625a0
27945,0000000000000000000000000000000000000000000000000000000000000000000000000000000000000000000000000000000000000000001b04540692c100
27955,0000000000000000000000000000000000000000000000000000000000000000000000000000000000000000000000000000000000000000001539449bbca560
27965,00000000000000000000000000000000000000000000000000000000000000000000000000000000000000000000000000000000000000000017bdbd7a281b00
27975,00000000000000000000000000000000000000000000000000000000000000000000000000000000000000000000000000000000000000000031b39de1b91400
27985,0000000000000000000000000000000000000000000000000000000000000000000000000000000000000000000000000000000000000000002388565ffc5380
27995,00000000000000000000000000000000000000000000000000000000000000000000000000000000000000000000000000000000000000000011125e9496bde0
28005,000000000000000000000000000000000000000000000000000000000000000000000000000000000000000000000000000000000000000000339c0585bc64c0
28015,0000000000000000000000000000000000000000000000000000000000000000000000000000000000000000000000000000000000000000000ebc8881cbbc20
28025,000000000000000000000000000000000000000000000000000000000000000000000000000000000000000000000000000000000000000000147afe812c6960
28035,0000000000000000000000000000000000000000000000000000000000000000000000000000000000000000000000000000000000000000003ab451edcf5de0
28045,000000000000000000000000000000000000000000000000000000000000000000000000000000000000000000000000000000000000000000152cb6a66dd3c0
28055,0000000000000000000000000000000000000000000000000000000000000000000000000000000000000000000000000000000000000000001b268e70931620
28065,0000000000000000000000000000000000000000000000000000000000000000000000000000000000000000000000000000000000000000001bc2cc5c334bc0
28075,00000000000000000000000000000000000000000000000000000000000000000000000000000000000000000000000000000000000000000010d7857b040680
28085,00000000000000000000000000000000000000000000000000000000000000000000000000000000000000000000000000000000000000000010d54040177f80
28095,00000000000000000000000000000000000000000000000000000000000000000000000000000000000000000000000000000000000000000018f81c16344d40
28105,0000000000000000000000000000000000000000000000000000000000000000000000000000000000000000000000000000000000000000001e9a7b97797ea0
28115,0000000000000000000000000000000000000000000000000000000000000000000000000000000000000000000000000000000000000000001955f772576c40
28125,000000000000000000000000000000000000000000000000000000000000000000000000000000000000000000000000000000000000000000217570528742a0
28135,0000000000000000000000000000000000000000000000000000000000000000000000000000000000000000000000000000000000000000002b0edeacf087e0
28145,0000000000000000000000000000000000000000000000000000000000000000000000000000000000000000000000000000000000000000001ae1ea6181e960
28155,0000000000000000000000000000000000000000000000000000000000000000000000000000000000000000000000000000000000000000001bf780e27ebf00
28165,000000000000000000000000000000000000000000000000000000000000000000000000000000000000000000000000000000000000000000372239ab678480
28175,0000000000000000000000000000000000000000000000000000000000000000000000000000000000000000000000000000000000000000002b2acddc49bd80
28185,00000000000000000000000000000000000000000000000000000000000000000000000000000000000000000000000000000000000000000014c2d723b78640
28195,0000000000000000000000000000000000000000000000000000000000000000000000000000000000000000000000000000000000000000001adccad801abe0
28205,0000000000000000000000000000000000000000000000000000000000000000000000000000000000000000000000000000000000000000002aaaa229d8fea0
28215,0000000000000000000000000000000000000000000000000000000000000000000000000000000000000000000000000000000000000000001b63aec5123200
28225,0000000000000000000000000000000000000000000000000000000000000000000000000000000000000000000000000000000000000000001ac26be3a12f80
28235,00000000000000000000000000000000000000000000000000000000000000000000000000000000000000000000000000000000000000000017017f41eafe60
28245,000000000000000000000000000000000000000000000000000000000000000000000000000000000000000000000000000000000000000000120d3eab119960
28255,00000000000000000000000000000000000000000000000000000000000000000000000000000000000000000000000000000000000000000016f517d6723180
28265,00000000000000000000000000000000000000000000000000000000000000000000000000000000000000000000000000000000000000000026b30ce46f34a0
28275,00000000000000000000000000000000000000000000000000000000000000000000000000000000000000000000000000000000000000000013da27e4a06a00
28285,0000000000000000000000000000000000000000000000000000000000000000000000000000000000000000000000000000000000000000001d90ffee4963c0
28295,0000000000000000000000000000000000000000000000000000000000000000000000000000000000000000000000000000000000000000001b19787174d1a0
28305,0000000000000000000000000000000000000000000000000000000000000000000000000000000000000000000000000000000000000000001b8ed35fb3d300
28315,0000000000000000000000000000000000000000000000000000000000000000000000000000000000000000000000000000000000000000001d6368e78333a0
28325,00000000000000000000000000000000000000000000000000000000000000000000000000000000000000000000000000000000000000000026cf1fced9b320
28335,000000000000000000000000000000000000000000000000000000000000000000000000000000000000000000000000000000000000000000109e187ee29ec0
28345,00000000000000000000000000000000000000000000000000000000000000000000000000000000000000000000000000000000000000000021a7fbe2d09600
28355,0000000000000000000000000000000000000000000000000000000000000000000000000000000000000000000000000000000000000000002020befd2d7240
28365,00000000000000000000000000000000000000000000000000000000000000000000000000000000000000000000000000000000000000000018b97f37f63820
28375,00000000000000000000000000000000000000000000000000000000000000000000000000000000000000000000000000000000000000000020ebc9346b4fe0
28385,0000000000000000000000000000000000000000000000000000000000000000000000000000000000000000000000000000000000000000000b7225a6ddae20
28395,00000000000000000000000000000000000000000000000000000000000000000000000000000000000000000000000000000000000000000019448be9ab4dc0
28405,00000000000000000000000000000000000000000000000000000000000000000000000000000000000000000000000000000000000000000013d08851952fa0
28415,00000000000000000000000000000000000000000000000000000000000000000000000000000000000000000000000000000000000000000028e4318d646600
28425,0000000000000000000000000000000000000000000000000000000000000000000000000000000000000000000000000000000000000000001cf5c84783d0c0
28435,00000000000000000000000000000000000000000000000000000000000000000000000000000000000000000000000000000000000000000069259dccaccb20
28445,00000000000000000000000000000000000000000000000000000000000000000000000000000000000000000000000000000000000000000061c652ae4ecae0
28455,0000000000000000000000000000000000000000000000000000000000000000000000000000000000000000000000000000000000000000001e274ada503920
28465,0000000000000000000000000000000000000000000000000000000000000000000000000000000000000000000000000000000000000000001fa152f2123f80
28475,000000000000000000000000000000000000000000000000000000000000000000000000000000000000000000000000000000000000000000201b7cf3af87e0
28485,0000000000000000000000000000000000000000000000000000000000000000000000000000000000000000000000000000000000000000001613aeb4677460
28495,000000000000000000000000000000000000000000000000000000000000000000000000000000000000000000000000000000000000000000159d88d00ebda0
28505,00000000000000000000000000000000000000000000000000000000000000000000000000000000000000000000000000000000000000000038ee70477885a0
28515,00000000000000000000000000000000000000000000000000000000000000000000000000000000000000000000000000000000000000000019a7c0bb998800
28525,0000000000000000000000000000000000000000000000000000000000000000000000000000000000000000000000000000000000000000003ff600f59873e0
28535,00000000000000000000000000000000000000000000000000000000000000000000000000000000000000000000000000000000000000000021285ad7b8f580
28545,0000000000000000000000000000000000000000000000000000000000000000000000000000000000000000000000000000000000000000001bbad6f06dd060
28555,00000000000000000000000000000000000000000000000000000000000000000000000000000000000000000000000000000000000000000015b821e1f52820
28565,0000000000000000000000000000000000000000000000000000000000000000000000000000000000000000000000000000000000000000001a72f7240f7f00
28575,0000000000000000000000000000000000000000000000000000000000000000000000000000000000000000000000000000000000000000002c424e2bea7e40
28585,00000000000000000000000000000000000000000000000000000000000000000000000000000000000000000000000000000000000000000012761adf1473a0
28595,00000000000000000000000000000000000000000000000000000000000000000000000000000000000000000000000000000000000000000013595428626040
28605,0000000000000000000000000000000000000000000000000000000000000000000000000000000000000000000000000000000000000000000e20293d903be0
28615,00000000000000000000000000000000000000000000000000000000000000000000000000000000000000000000000000000000000000000017793692776d80
28625,000000000000000000000000000000000000000000000000000000000000000000000000000000000000000000000000000000000000000000220d118d3bf380
28635,0000000000000000000000000000000000000000000000000000000000000000000000000000000000000000000000000000000000000000001adc5ef592c980
28645,000000000000000000000000000000000000000000000000000000000000000000000000000000000000000000000000000000000000000000181f942ea41420
28655,000000000000000000000000000000000000000000000000000000000000000000000000000000000000000000000000000000000000000000111248b2221000
28665,00000000000000000000000000000000000000000000000000000000000000000000000000000000000000000000000000000000000000000036853bb5fba200
28675,0000000000000000000000000000000000000000000000000000000000000000000000000000000000000000000000000000000000000000001c38044a74a8e0
28685,0000000000000000000000000000000000000000000000000000000000000000000000000000000000000000000000000000000000000000004181dbe4c48f00
28695,00000000000000000000000000000000000000000000000000000000000000000000000000000000000000000000000000000000000000000031600ebff80340
28705,0000000000000000000000000000000000000000000000000000000000000000000000000000000000000000000000000000000000000000002179b12102d100
28715,00000000000000000000000000000000000000000000000000000000000000000000000000000000000000000000000000000000000000000017dd98a93da9a0
28725,0000000000000000000000000000000000000000000000000000000000000000000000000000000000000000000000000000000000000000000e5c86fe6b3920
28735,0000000000000000000000000000000000000000000000000000000000000000000000000000000000000000000000000000000000000000001e352d14746be0
28745,0000000000000000000000000000000000000000000000000000000000000000000000000000000000000000000000000000000000000000001472bb156c2f80
28755,0000000000000000000000000000000000000000000000000000000000000000000000000000000000000000000000000000000000000000000f44a7b3b352a0
28765,000000000000000000000000000000000000000000000000000000000000000000000000000000000000000000000000000000000000000000307934cf8633c0
28775,0000000000000000000000000000000000000000000000000000000000000000000000000000000000000000000000000000000000000000002269634befbfc0
28785,0000000000000000000000000000000000000000000000000000000000000000000000000000000000000000000000000000000000000000000ded67ad4a8c00
28795,0000000000000000000000000000000000000000000000000000000000000000000000000000000000000000000000000000000000000000001b2cadab3d2ca0
28805,0000000000000000000000000000000000000000000000000000000000000000000000000000000000000000000000000000000000000000001c685915f7de40
28815,000000000000000000000000000000000000000000000000000000000000000000000000000000000000000000000000000000000000000000207fc676c630e0
28825,0000000000000000000000000000000000000000000000000000000000000000000000000000000000000000000000000000000000000000002a632b9af88100
28835,000000000000000000000000000000000000000000000000000000000000000000000000000000000000000000000000000000000000000000139df5cb24f1e0
28845,0000000000000000000000000000000000000000000000000000000000000000000000000000000000000000000000000000000000000000001d57ceb71043c0
28855,00000000000000000000000000000000000000000000000000000000000000000000000000000000000000000000000000000000000000000016e09e755d3800
28865,0000000000000000000000000000000000000000000000000000000000000000000000000000000000000000000000000000000000000000002836df0f399840
28875,00000000000000000000000000000000000000000000000000000000000000000000000000000000000000000000000000000000000000000010667ddb3f5460
28885,0000000000000000000000000000000000000000000000000000000000000000000000000000000000000000000000000000000000000000003394ed0636cb60
28895,0000000000000000000000000000000000000000000000000000000000000000000000000000000000000000000000000000000000000000001c66a9a9c62b60
28905,0000000000000000000000000000000000000000000000000000000000000000000000000000000000000000000000000000000000000000001fb979dcc06500
28915,00000000000000000000000000000000000000000000000000000000000000000000000000000000000000000000000000000000000000000019359a39720340
28925,000000000000000000000000000000000000000000000000000000000000000000000000000000000000000000000000000000000000000000127bb0ad7907c0
28935,0000000000000000000000000000000000000000000000000000000000000000000000000000000000000000000000000000000000000000003899637e6eb640
28945,000000000000000000000000000000000000000000000000000000000000000000000000000000000000000000000000000000000000000000119c4763e95720
28955,0000000000000000000000000000000000000000000000000000000000000000000000000000000000000000000000000000000000000000001a6975fd50fcc0
28965,0000000000000000000000000000000000000000000000000000000000000000000000000000000000000000000000000000000000000000001912969e442900
28975,000000000000000000000000000000000000000000000000000000000000000000000000000000000000000000000000000000000000000000329d25ef8680a0
28985,00000000000000000000000000000000000000000000000000000000000000000000000000000000000000000000000000000000000000000012f488f41960c0
28995,000000000000000000000000000000000000000000000000000000000000000000000000000000000000000000000000000000000000000000122b3d506ea6c0
29005,0000000000000000000000000000000000000000000000000000000000000000000000000000000000000000000000000000000000000000001e8724c0298ee0
29015,000000000000000000000000000000000000000000000000000000000000000000000000000000000000000000000000000000000000000000286b31a93cdfc0
29025,00000000000000000000000000000000000000000000000000000000000000000000000000000000000000000000000000000000000000000015faa204dc7ba0
29035,000000000000000000000000000000000000000000000000000000000000000000000000000000000000000000000000000000000000000000369b31f96d18a0
29045,00000000000000000000000000000000000000000000000000000000000000000000000000000000000000000000000000000000000000000017e7a6012dcd40
29055,00000000000000000000000000000000000000000000000000000000000000000000000000000000000000000000000000000000000000000017ca74659b8c80
29065,0000000000000000000000000000000000000000000000000000000000000000000000000000000000000000000000000000000000000000001b9d6f2d7cbfa0
29075,00000000000000000000000000000000000000000000000000000000000000000000000000000000000000000000000000000000000000000028a9dff3c88d40
29085,00000000000000000000000000000000000000000000000000000000000000000000000000000000000000000000000000000000000000000013f7386c83aa40
29095,0000000000000000000000000000000000000000000000000000000000000000000000000000000000000000000000000000000000000000001f1433d43222c0
29105,0000000000000000000000000000000000000000000000000000000000000000000000000000000000000000000000000000000000000000001298f817cebca0
29115,00000000000000000000000000000000000000000000000000000000000000000000000000000000000000000000000000000000000000000019bce892ca2280
29125,000000000000000000000000000000000000000000000000000000000000000000000000000000000000000000000000000000000000000000202e55b756bb60
29135,0000000000000000000000000000000000000000000000000000000000000000000000000000000000000000000000000000000000000000001ef5fa7d9df620
29145,0000000000000000000000000000000000000000000000000000000000000000000000000000000000000000000000000000000000000000001be08e4680bf80
29155,000000000000000000000000000000000000000000000000000000000000000000000000000000000000000000000000000000000000000000111d8c315fc3a0
29165,00000000000000000000000000000000000000000000000000000000000000000000000000000000000000000000000000000000000000000019fd84a220d940
29175,0000000000000000000000000000000000000000000000000000000000000000000000000000000000000000000000000000000000000000000edfaf26cfd780
29185,00000000000000000000000000000000000000000000000000000000000000000000000000000000000000000000000000000000000000000017d294a02311c0
29195,00000000000000000000000000000000000000000000000000000000000000000000000000000000000000000000000000000000000000000018aef738abe220
29205,000000000000000000000000000000000000000000000000000000000000000000000000000000000000000000000000000000000000000000162d22bc890040
29215,0000000000000000000000000000000000000000000000000000000000000000000000000000000000000000000000000000000000000000001a1cea0c5208a0
29225,0000000000000000000000000000000000000000000000000000000000000000000000000000000000000000000000000000000000000000001c87650a07b260
29235,000000000000000000000000000000000000000000000000000000000000000000000000000000000000000000000000000000000000000000333883eee70800
29245,0000000000000000000000000000000000000000000000000000000000000000000000000000000000000000000000000000000000000000002196623c9dba60
29255,0000000000000000000000000000000000000000000000000000000000000000000000000000000000000000000000000000000000000000004a5c8a422fa760
29265,000000000000000000000000000000000000000000000000000000000000000000000000000000000000000000000000000000000000000000117dd9f9a771c0
29275,000000000000000000000000000000000000000000000000000000000000000000000000000000000000000000000000000000000000000000194cfa9a54ec00
29285,0000000000000000000000000000000000000000000000000000000000000000000000000000000000000000000000000000000000000000001228d481d34a60
29295,0000000000000000000000000000000000000000000000000000000000000000000000000000000000000000000000000000000000000000001c9f0e2fd202a0
29305,0000000000000000000000000000000000000000000000000000000000000000000000000000000000000000000000000000000000000000001acd33cf35fbc0
29315,0000000000000000000000000000000000000000000000000000000000000000000000000000000000000000000000000000000000000000000f0b99865073c0
29325,0000000000000000000000000000000000000000000000000000000000000000000000000000000000000000000000000000000000000000000feb2c14c9ab40
29335,0000000000000000000000000000000000000000000000000000000000000000000000000000000000000000000000000000000000000000005854b61622f1e0
29345,0000000000000000000000000000000000000000000000000000000000000000000000000000000000000000000000000000000000000000001ed983896197c0
29355,000000000000000000000000000000000000000000000000000000000000000000000000000000000000000000000000000000000000000000171bfa850e7ec0
29365,00000000000000000000000000000000000000000000000000000000000000000000000000000000000000000000000000000000000000000018454998685f80
29375,00000000000000000000000000000000000000000000000000000000000000000000000000000000000000000000000000000000000000000017b25f5d6259e0
29385,0000000000000000000000000000000000000000000000000000000000000000000000000000000000000000000000000000000000000000001326803f806300
29395,0000000000000000000000000000000000000000000000000000000000000000000000000000000000000000000000000000000000000000001bdbbb294a20a0
29405,00000000000000000000000000000000000000000000000000000000000000000000000000000000000000000000000000000000000000000022fcfa4bd66fe0
29415,00000000000000000000000000000000000000000000000000000000000000000000000000000000000000000000000000000000000000000021c02e57569200
29425,00000000000000000000000000000000000000000000000000000000000000000000000000000000000000000000000000000000000000000019e60c19dd1b00
29435,00000000000000000000000000000000000000000000000000000000000000000000000000000000000000000000000000000000000000000022f120740553e0
29445,00000000000000000000000000000000000000000000000000000000000000000000000000000000000000000000000000000000000000000013f48327c61260
29455,00000000000000000000000000000000000000000000000000000000000000000000000000000000000000000000000000000000000000000019054101a05540
29465,00000000000000000000000000000000000000000000000000000000000000000000000000000000000000000000000000000000000000000020177142ba3de0
29475,00000000000000000000000000000000000000000000000000000000000000000000000000000000000000000000000000000000000000000024735428c44280
29485,00000000000000000000000000000000000000000000000000000000000000000000000000000000000000000000000000000000000000000038ab0f7d3ddf40
29495,0000000000000000000000000000000000000000000000000000000000000000000000000000000000000000000000000000000000000000001fe7b145f1ede0
29505,0000000000000000000000000000000000000000000000000000000000000000000000000000000000000000000000000000000000000000000b856691e05320
29515,0000000000000000000000000000000000000000000000000000000000000000000000000000000000000000000000000000000000000000000e0b24fa0e76c0
29525,0000000000000000000000000000000000000000000000000000000000000000000000000000000000000000000000000000000000000000002271dccb5d8fe0
29535,00000000000000000000000000000000000000000000000000000000000000000000000000000000000000000000000000000000000000000020fa3a0c0fbf20
29545,000000000000000000000000000000000000000000000000000000000000000000000000000000000000000000000000000000000000000000300e344ce35f80
29555,0000000000000000000000000000000000000000000000000000000000000000000000000000000000000000000000000000000000000000001029e87cde3de0
29565,000000000000000000000000000000000000000000000000000000000000000000000000000000000000000000000000000000000000000000285f0a33e72600
29575,000000000000000000000000000000000000000000000000000000000000000000000000000000000000000000000000000000000000000000415dc884bcb600
29585,0000000000000000000000000000000000000000000000000000000000000000000000000000000000000000000000000000000000000000001519890a2ece00
29595,0000000000000000000000000000000000000000000000000000000000000000000000000000000000000000000000000000000000000000001994a7e4456ac0
29605,0000000000000000000000000000000000000000000000000000000000000000000000000000000000000000000000000000000000000000001566fe676ccc80
29615,000000000000000000000000000000000000000000000000000000000000000000000000000000000000000000000000000000000000000000271d73b5e15060
29625,00000000000000000000000000000000000000000000000000000000000000000000000000000000000000000000000000000000000000000028b2eb41f17680
29635,0000000000000000000000000000000000000000000000000000000000000000000000000000000000000000000000000000000000000000001e2af863e96520
29645,0000000000000000000000000000000000000000000000000000000000000000000000000000000000000000000000000000000000000000001d65c4361f78e0
29655,0000000000000000000000000000000000000000000000000000000000000000000000000000000000000000000000000000000000000000000e9a4f66903cc0
29665,00000000000000000000000000000000000000000000000000000000000000000000000000000000000000000000000000000000000000000017104872270380
29675,000000000000000000000000000000000000000000000000000000000000000000000000000000000000000000000000000000000000000000211d78ec25e9c0
29685,00000000000000000000000000000000000000000000000000000000000000000000000000000000000000000000000000000000000000000017db7b6e4e70a0
29695,00000000000000000000000000000000000000000000000000000000000000000000000000000000000000000000000000000000000000000025683618440800
29705,0000000000000000000000000000000000000000000000000000000000000000000000000000000000000000000000000000000000000000002969b3f0b42120
29715,000000000000000000000000000000000000000000000000000000000000000000000000000000000000000000000000000000000000000000436f2fe1107ca0
29725,00000000000000000000000000000000000000000000000000000000000000000000000000000000000000000000000000000000000000000012aa5d3e0521e0
29735,0000000000000000000000000000000000000000000000000000000000000000000000000000000000000000000000000000000000000000002876f0c5fc17a0
29745,000000000000000000000000000000000000000000000000000000000000000000000000000000000000000000000000000000000000000000112d996b5e90a0
29755,0000000000000000000000000000000000000000000000000000000000000000000000000000000000000000000000000000000000000000001b96e3f2d9f020
29765,00000000000000000000000000000000000000000000000000000000000000000000000000000000000000000000000000000000000000000032f4c74c150820
29775,00000000000000000000000000000000000000000000000000000000000000000000000000000000000000000000000000000000000000000025c096f4c5a820
29785,0000000000000000000000000000000000000000000000000000000000000000000000000000000000000000000000000000000000000000001949c3b8163760
29795,000000000000000000000000000000000000000000000000000000000000000000000000000000000000000000000000000000000000000000149332ce4fcf60
29805,00000000000000000000000000000000000000000000000000000000000000000000000000000000000000000000000000000000000000000011cfc3b90ec000
29815,0000000000000000000000000000000000000000000000000000000000000000000000000000000000000000000000000000000000000000001b720fa6905220
29825,00000000000000000000000000000000000000000000000000000000000000000000000000000000000000000000000000000000000000000034a8abfd7ac980
29835,0000000000000000000000000000000000000000000000000000000000000000000000000000000000000000000000000000000000000000002fdb191f19e0e0
29845,000000000000000000000000000000000000000000000000000000000000000000000000000000000000000000000000000000000000000000277dc056c69c40
29855,0000000000000000000000000000000000000000000000000000000000000000000000000000000000000000000000000000000000000000002044cb184979e0
29865,00000000000000000000000000000000000000000000000000000000000000000000000000000000000000000000000000000000000000000035300bea82f4a0
29875,0000000000000000000000000000000000000000000000000000000000000000000000000000000000000000000000000000000000000000001ee006b053b780
29885,00000000000000000000000000000000000000000000000000000000000000000000000000000000000000000000000000000000000000000016aac5ef2571c0
29895,00000000000000000000000000000000000000000000000000000000000000000000000000000000000000000000000000000000000000000011452c4c3e1240
29905,000000000000000000000000000000000000000000000000000000000000000000000000000000000000000000000000000000000000000000352d2860dc2c20
29915,0000000000000000000000000000000000000000000000000000000000000000000000000000000000000000000000000000000000000000001827cfc1c74b80
29925,00000000000000000000000000000000000000000000000000000000000000000000000000000000000000000000000000000000000000000016ffdf382e6980
29935,0000000000000000000000000000000000000000000000000000000000000000000000000000000000000000000000000000000000000000002229aa8b4ea440
29945,0000000000000000000000000000000000000000000000000000000000000000000000000000000000000000000000000000000000000000003e10a2029be0e0
29955,0000000000000000000000000000000000000000000000000000000000000000000000000000000000000000000000000000000000000000001edbca4e26a1c0
29965,0000000000000000000000000000000000000000000000000000000000000000000000000000000000000000000000000000000000000000001a775a54fee3a0
29975,00000000000000000000000000000000000000000000000000000000000000000000000000000000000000000000000000000000000000000012a134e6059000
29985,000000000000000000000000000000000000000000000000000000000000000000000000000000000000000000000000000000000000000000208472804e36c0
29995,00000000000000000000000000000000000000000000000000000000000000000000000000000000000000000000000000000000000000000027844bcc7d1900
30005,0000000000000000000000000000000000000000000000000000000000000000000000000000000000000000000000000000000000000000001dd044f3de9a60
30015,0000000000000000000000000000000000000000000000000000000000000000000000000000000000000000000000000000000000000000000da1ccb262bdc0
30025,0000000000000000000000000000000000000000000000000000000000000000000000000000000000000000000000000000000000000000001ab22fbd56c700
30035,0000000000000000000000000000000000000000000000000000000000000000000000000000000000000000000000000000000000000000004b19b670841da0
30045,0000000000000000000000000000000000000000000000000000000000000000000000000000000000000000000000000000000000000000002ccccb6781dc20
30055,0000000000000000000000000000000000000000000000000000000000000000000000000000000000000000000000000000000000000000001b7469f52ca8a0
30065,00000000000000000000000000000000000000000000000000000000000000000000000000000000000000000000000000000000000000000011b639a71612c0
30075,00000000000000000000000000000000000000000000000000000000000000000000000000000000000000000000000000000000000000000016c2701ec84da0
30085,000000000000000000000000000000000000000000000000000000000000000000000000000000000000000000000000000000000000000000135e80e31ccde0
30095,00000000000000000000000000000000000000000000000000000000000000000000000000000000000000000000000000000000000000000016411aec6b9aa0
30105,00000000000000000000000000000000000000000000000000000000000000000000000000000000000000000000000000000000000000000016bf87b2abb200
30115,000000000000000000000000000000000000000000000000000000000000000000000000000000000000000000000000000000000000000000147d829e8adb00
30125,0000000000000000000000000000000000000000000000000000000000000000000000000000000000000000000000000000000000000000000b7d88e12cefa0
30135,0000000000000000000000000000000000000000000000000000000000000000000000000000000000000000000000000000000000000000001bbaf32b7f9aa0
30145,0000000000000000000000000000000000000000000000000000000000000000000000000000000000000000000000000000000000000000003abdc2b218d360
30155,0000000000000000000000000000000000000000000000000000000000000000000000000000000000000000000000000000000000000000002aa679db5bc9a0
30165,0000000000000000000000000000000000000000000000000000000000000000000000000000000000000000000000000000000000000000001a332aed4850c0
30175,0000000000000000000000000000000000000000000000000000000000000000000000000000000000000000000000000000000000000000003024a44b605380
30185,000000000000000000000000000000000000000000000000000000000000000000000000000000000000000000000000000000000000000000140bb992846c80
30195,0000000000000000000000000000000000000000000000000000000000000000000000000000000000000000000000000000000000000000003d0e249ddf72a0
30205,000000000000000000000000000000000000000000000000000000000000000000000000000000000000000000000000000000000000000000119d1fc650e9e0
30215,0000000000000000000000000000000000000000000000000000000000000000000000000000000000000000000000000000000000000000003cd72d17bb0320
30225,0000000000000000000000000000000000000000000000000000000000000000000000000000000000000000000000000000000000000000002d6d6317c35400
30235,0000000000000000000000000000000000000000000000000000000000000000000000000000000000000000000000000000000000000000001db967f568fea0
30245,0000000000000000000000000000000000000000000000000000000000000000000000000000000000000000000000000000000000000000002c3bb067705100
30255,00000000000000000000000000000000000000000000000000000000000000000000000000000000000000000000000000000000000000000035110558e8eb00
30265,0000000000000000000000000000000000000000000000000000000000000000000000000000000000000000000000000000000000000000003b3fe7da8ee580
30275,000000000000000000000000000000000000000000000000000000000000000000000000000000000000000000000000000000000000000000146b8282378460
30285,000000000000000000000000000000000000000000000000000000000000000000000000000000000000000000000000000000000000000000137568f542e5a0
30295,0000000000000000000000000000000000000000000000000000000000000000000000000000000000000000000000000000000000000000001a3767c59cc100
30305,0000000000000000000000000000000000000000000000000000000000000000000000000000000000000000000000000000000000000000001ae7eb087cd440
30315,000000000000000000000000000000000000000000000000000000000000000000000000000000000000000000000000000000000000000000209c0108907980
30325,0000000000000000000000000000000000000000000000000000000000000000000000000000000000000000000000000000000000000000002df902d3471ec0
30335,0000000000000000000000000000000000000000000000000000000000000000000000000000000000000000000000000000000000000000002a22baf7eda220
30345,00000000000000000000000000000000000000000000000000000000000000000000000000000000000000000000000000000000000000000025311960e70660
30355,0000000000000000000000000000000000000000000000000000000000000000000000000000000000000000000000000000000000000000001c9606cdf79aa0
30365,00000000000000000000000000000000000000000000000000000000000000000000000000000000000000000000000000000000000000000018e028a1aa1280
30375,000000000000000000000000000000000000000000000000000000000000000000000000000000000000000000000000000000000000000000183346c10186c0
30385,0000000000000000000000000000000000000000000000000000000000000000000000000000000000000000000000000000000000000000001deaaccab4a4e0
30395,0000000000000000000000000000000000000000000000000000000000000000000000000000000000000000000000000000000000000000001b188b0f0ea920
30405,000000000000000000000000000000000000000000000000000000000000000000000000000000000000000000000000000000000000000000494c4f5487a120
30415,0000000000000000000000000000000000000000000000000000000000000000000000000000000000000000000000000000000000000000001550b8df145e80
30425,00000000000000000000000000000000000000000000000000000000000000000000000000000000000000000000000000000000000000000024600aa0385980
30435,00000000000000000000000000000000000000000000000000000000000000000000000000000000000000000000000000000000000000000018c48db7377e00
30445,0000000000000000000000000000000000000000000000000000000000000000000000000000000000000000000000000000000000000000001ae226752f1820
30455,00000000000000000000000000000000000000000000000000000000000000000000000000000000000000000000000000000000000000000010639478fb66e0
30465,0000000000000000000000000000000000000000000000000000000000000000000000000000000000000000000000000000000000000000001800a130b9f3e0
30475,0000000000000000000000000000000000000000000000000000000000000000000000000000000000000000000000000000000000000000002df5e2dd55a3a0
30485,0000000000000000000000000000000000000000000000000000000000000000000000000000000000000000000000000000000000000000001cede65bbd0500
30495,00000000000000000000000000000000000000000000000000000000000000000000000000000000000000000000000000000000000000000019ab0362c3c060
30505,00000000000000000000000000000000000000000000000000000000000000000000000000000000000000000000000000000000000000000015b712c47d9440
30515,0000000000000000000000000000000000000000000000000000000000000000000000000000000000000000000000000000000000000000001c2e751005de60
30525,00000000000000000000000000000000000000000000000000000000000000000000000000000000000000000000000000000000000000000020452ec97dd5e0
30535,0000000000000000000000000000000000000000000000000000000000000000000000000000000000000000000000000000000000000000002a9d75d21eb1c0
30545,00000000000000000000000000000000000000000000000000000000000000000000000000000000000000000000000000000000000000000023295452b1fc40
30555,000000000000000000000000000000000000000000000000000000000000000000000000000000000000000000000000000000000000000000342438417b47c0
30565,00000000000000000000000000000000000000000000000000000000000000000000000000000000000000000000000000000000000000000011ae14bb53cac0
30575,0000000000000000000000000000000000000000000000000000000000000000000000000000000000000000000000000000000000000000000e49927fb232c0
30585,0000000000000000000000000000000000000000000000000000000000000000000000000000000000000000000000000000000000000000001b5127f78cdb20
30595,0000000000000000000000000000000000000000000000000000000000000000000000000000000000000000000000000000000000000000001b7760f4f983e0
30605,0000000000000000000000000000000000000000000000000000000000000000000000000000000000000000000000000000000000000000001a43b3273ed400
30615,000000000000000000000000000000000000000000000000000000000000000000000000000000000000000000000000000000000000000000092c38ba62aca0
30625,0000000000000000000000000000000000000000000000000000000000000000000000000000000000000000000000000000000000000000002409d89255fe40
30635,00000000000000000000000000000000000000000000000000000000000000000000000000000000000000000000000000000000000000000028eff333fc0fa0
30645,00000000000000000000000000000000000000000000000000000000000000000000000000000000000000000000000000000000000000000033018f4b388e20
30655,0000000000000000000000000000000000000000000000000000000000000000000000000000000000000000000000000000000000000000000fcb4220c8cca0
30665,00000000000000000000000000000000000000000000000000000000000000000000000000000000000000000000000000000000000000000024d6ea70d34e00
30675,00000000000000000000000000000000000000000000000000000000000000000000000000000000000000000000000000000000000000000019ae7600121fe0
30685,0000000000000000000000000000000000000000000000000000000000000000000000000000000000000000000000000000000000000000001fa0b023584ba0
30695,000000000000000000000000000000000000000000000000000000000000000000000000000000000000000000000000000000000000000000194833df939ee0
30705,0000000000000000000000000000000000000000000000000000000000000000000000000000000000000000000000000000000000000000001acf3a453a6ec0
30715,00000000000000000000000000000000000000000000000000000000000000000000000000000000000000000000000000000000000000000010812eb21073a0
30725,00000000000000000000000000000000000000000000000000000000000000000000000000000000000000000000000000000000000000000019b0d7ec37cba0
30735,00000000000000000000000000000000000000000000000000000000000000000000000000000000000000000000000000000000000000000011c9a41215ebe0
30745,00000000000000000000000000000000000000000000000000000000000000000000000000000000000000000000000000000000000000000017e89a14ce9600
30755,00000000000000000000000000000000000000000000000000000000000000000000000000000000000000000000000000000000000000000017f73f13d1f7c0
30765,00000000000000000000000000000000000000000000000000000000000000000000000000000000000000000000000000000000000000000020ebfea0b67b40
30775,0000000000000000000000000000000000000000000000000000000000000000000000000000000000000000000000000000000000000000002c8bf1ce56ad60
30785,0000000000000000000000000000000000000000000000000000000000000000000000000000000000000000000000000000000000000000001b8e90e990eb00
30795,00000000000000000000000000000000000000000000000000000000000000000000000000000000000000000000000000000000000000000016011fa1f65d60
30805,0000000000000000000000000000000000000000000000000000000000000000000000000000000000000000000000000000000000000000001b19a45dc0a0e0
30815,00000000000000000000000000000000000000000000000000000000000000000000000000000000000000000000000000000000000000000017e3cf0b48a6e0
30825,0000000000000000000000000000000000000000000000000000000000000000000000000000000000000000000000000000000000000000001d4a345584c380
30835,0000000000000000000000000000000000000000000000000000000000000000000000000000000000000000000000000000000000000000001747a9daba77e0
30845,00000000000000000000000000000000000000000000000000000000000000000000000000000000000000000000000000000000000000000014481d67103c00
30855,00000000000000000000000000000000000000000000000000000000000000000000000000000000000000000000000000000000000000000014cdaaf1c1ace0
30865,00000000000000000000000000000000000000000000000000000000000000000000000000000000000000000000000000000000000000000018568a8d662160
