Zeit (ns),Daten (Hex)
1295,0000000000000000000000000000000000000000000000000000000000000000000000000000000000000000000000000000000000000000001e6ae3df9ac6c0
1305,0000000000000000000000000000000000000000000000000000000000000000000000000000000000000000000000000000000000000000001af679601f46a0
1315,00000000000000000000000000000000000000000000000000000000000000000000000000000000000000000000000000000000000000000024d59c8e73a620
1325,0000000000000000000000000000000000000000000000000000000000000000000000000000000000000000000000000000000000000000002a7067c176a980
1335,000000000000000000000000000000000000000000000000000000000000000000000000000000000000000000000000000000000000000000344afe3ede7040
1345,00000000000000000000000000000000000000000000000000000000000000000000000000000000000000000000000000000000000000000018d876e71b1b20
1355,00000000000000000000000000000000000000000000000000000000000000000000000000000000000000000000000000000000000000000024e7d51711f460
1365,000000000000000000000000000000000000000000000000000000000000000000000000000000000000000000000000000000000000000000206c7ef812c240
1375,0000000000000000000000000000000000000000000000000000000000000000000000000000000000000000000000000000000000000000002619f416229760
1385,0000000000000000000000000000000000000000000000000000000000000000000000000000000000000000000000000000000000000000001f656093a62d40
1395,0000000000000000000000000000000000000000000000000000000000000000000000000000000000000000000000000000000000000000001daef113a75a00
1405,0000000000000000000000000000000000000000000000000000000000000000000000000000000000000000000000000000000000000000003ee03eeac5efc0
1415,00000000000000000000000000000000000000000000000000000000000000000000000000000000000000000000000000000000000000000022e67e086e00c0
1425,000000000000000000000000000000000000000000000000000000000000000000000000000000000000000000000000000000000000000000274c9ef79ff4c0
1435,00000000000000000000000000000000000000000000000000000000000000000000000000000000000000000000000000000000000000000024ee28f91af4c0
1445,00000000000000000000000000000000000000000000000000000000000000000000000000000000000000000000000000000000000000000056befbec8d7040
1455,000000000000000000000000000000000000000000000000000000000000000000000000000000000000000000000000000000000000000000348c7c4e25ec80
1465,0000000000000000000000000000000000000000000000000000000000000000000000000000000000000000000000000000000000000000002d2372755c5520
1475,00000000000000000000000000000000000000000000000000000000000000000000000000000000000000000000000000000000000000000023e984f6f9c800
1485,0000000000000000000000000000000000000000000000000000000000000000000000000000000000000000000000000000000000000000001e16f15191a420
1495,00000000000000000000000000000000000000000000000000000000000000000000000000000000000000000000000000000000000000000022632d56338020
1505,00000000000000000000000000000000000000000000000000000000000000000000000000000000000000000000000000000000000000000019e099df275c40
1515,00000000000000000000000000000000000000000000000000000000000000000000000000000000000000000000000000000000000000000013c1db177eaaa0
1525,00000000000000000000000000000000000000000000000000000000000000000000000000000000000000000000000000000000000000000019f6f1c9f4b480
1535,00000000000000000000000000000000000000000000000000000000000000000000000000000000000000000000000000000000000000000013156d8f6bd1c0
1545,00000000000000000000000000000000000000000000000000000000000000000000000000000000000000000000000000000000000000000023c3c4d2228480
1555,00000000000000000000000000000000000000000000000000000000000000000000000000000000000000000000000000000000000000000019382d11e32800
1565,0000000000000000000000000000000000000000000000000000000000000000000000000000000000000000000000000000000000000000001b5b10e330ae20
1575,000000000000000000000000000000000000000000000000000000000000000000000000000000000000000000000000000000000000000000230784e8aa7160
1585,00000000000000000000000000000000000000000000000000000000000000000000000000000000000000000000000000000000000000000012ab47a06b7e20
1595,0000000000000000000000000000000000000000000000000000000000000000000000000000000000000000000000000000000000000000000f41bcdb481be0
1605,00000000000000000000000000000000000000000000000000000000000000000000000000000000000000000000000000000000000000000012b32c7880dc60
1615,00000000000000000000000000000000000000000000000000000000000000000000000000000000000000000000000000000000000000000015fac249c69dc0
1625,00000000000000000000000000000000000000000000000000000000000000000000000000000000000000000000000000000000000000000012f52356852100
1635,00000000000000000000000000000000000000000000000000000000000000000000000000000000000000000000000000000000000000000016bf1d1f01a560
1645,0000000000000000000000000000000000000000000000000000000000000000000000000000000000000000000000000000000000000000001c8d9a272676c0
1655,00000000000000000000000000000000000000000000000000000000000000000000000000000000000000000000000000000000000000000022680455e00360
1665,00000000000000000000000000000000000000000000000000000000000000000000000000000000000000000000000000000000000000000018a5e4e0aad4c0
1675,00000000000000000000000000000000000000000000000000000000000000000000000000000000000000000000000000000000000000000022977df036ea20
1685,000000000000000000000000000000000000000000000000000000000000000000000000000000000000000000000000000000000000000000188b2262786fe0
1695,000000000000000000000000000000000000000000000000000000000000000000000000000000000000000000000000000000000000000000728055e66389c0
1705,0000000000000000000000000000000000000000000000000000000000000000000000000000000000000000000000000000000000000000001447b1bfb506e0
1715,0000000000000000000000000000000000000000000000000000000000000000000000000000000000000000000000000000000000000000003466d3959bd9e0
1725,000000000000000000000000000000000000000000000000000000000000000000000000000000000000000000000000000000000000000000252db574d2bd20
1735,00000000000000000000000000000000000000000000000000000000000000000000000000000000000000000000000000000000000000000060e337c774f980
1745,000000000000000000000000000000000000000000000000000000000000000000000000000000000000000000000000000000000000000000334bf5ed979980
1755,0000000000000000000000000000000000000000000000000000000000000000000000000000000000000000000000000000000000000000002437a4407b1840
1765,0000000000000000000000000000000000000000000000000000000000000000000000000000000000000000000000000000000000000000001f55d32863afe0
1775,0000000000000000000000000000000000000000000000000000000000000000000000000000000000000000000000000000000000000000002a69cb5599eee0
1785,000000000000000000000000000000000000000000000000000000000000000000000000000000000000000000000000000000000000000000196ece3f6fdf20
1795,00000000000000000000000000000000000000000000000000000000000000000000000000000000000000000000000000000000000000000034a3a21182efc0
1805,000000000000000000000000000000000000000000000000000000000000000000000000000000000000000000000000000000000000000000142f1f2dabac40
1815,0000000000000000000000000000000000000000000000000000000000000000000000000000000000000000000000000000000000000000001a9bd179ec5260
1825,0000000000000000000000000000000000000000000000000000000000000000000000000000000000000000000000000000000000000000001c697ff85a26e0
1835,0000000000000000000000000000000000000000000000000000000000000000000000000000000000000000000000000000000000000000001bd0a6db4452a0
1845,0000000000000000000000000000000000000000000000000000000000000000000000000000000000000000000000000000000000000000001b8de81ad75ea0
1855,000000000000000000000000000000000000000000000000000000000000000000000000000000000000000000000000000000000000000000284b0b354014c0
1865,000000000000000000000000000000000000000000000000000000000000000000000000000000000000000000000000000000000000000000121e87a00ed140
1875,000000000000000000000000000000000000000000000000000000000000000000000000000000000000000000000000000000000000000000221ff8c7099000
1885,0000000000000000000000000000000000000000000000000000000000000000000000000000000000000000000000000000000000000000002393545f3eb600
1895,0000000000000000000000000000000000000000000000000000000000000000000000000000000000000000000000000000000000000000001859de8d2cb860
1905,00000000000000000000000000000000000000000000000000000000000000000000000000000000000000000000000000000000000000000023fe8493196740
1915,0000000000000000000000000000000000000000000000000000000000000000000000000000000000000000000000000000000000000000003546e45547a440
1925,00000000000000000000000000000000000000000000000000000000000000000000000000000000000000000000000000000000000000000017762ac3e70ce0
1935,000000000000000000000000000000000000000000000000000000000000000000000000000000000000000000000000000000000000000000178b4f0766aa00
1945,00000000000000000000000000000000000000000000000000000000000000000000000000000000000000000000000000000000000000000027703092c43d80
1955,0000000000000000000000000000000000000000000000000000000000000000000000000000000000000000000000000000000000000000002ce6d2d20fa100
1965,00000000000000000000000000000000000000000000000000000000000000000000000000000000000000000000000000000000000000000013c9780d22b980
1975,0000000000000000000000000000000000000000000000000000000000000000000000000000000000000000000000000000000000000000002a44419d0dc580
1985,000000000000000000000000000000000000000000000000000000000000000000000000000000000000000000000000000000000000000000134c9ec6c771c0
1995,00000000000000000000000000000000000000000000000000000000000000000000000000000000000000000000000000000000000000000017e0c7b2df5bc0
2005,0000000000000000000000000000000000000000000000000000000000000000000000000000000000000000000000000000000000000000003a6d5ddee61520
2015,0000000000000000000000000000000000000000000000000000000000000000000000000000000000000000000000000000000000000000000efbef875ea840
2025,0000000000000000000000000000000000000000000000000000000000000000000000000000000000000000000000000000000000000000001869c329a46960
2035,0000000000000000000000000000000000000000000000000000000000000000000000000000000000000000000000000000000000000000001b1d6918935080
2045,0000000000000000000000000000000000000000000000000000000000000000000000000000000000000000000000000000000000000000002464fbeea80340
2055,00000000000000000000000000000000000000000000000000000000000000000000000000000000000000000000000000000000000000000031881395e33980
2065,000000000000000000000000000000000000000000000000000000000000000000000000000000000000000000000000000000000000000000b5cbcda279b8e0
2075,0000000000000000000000000000000000000000000000000000000000000000000000000000000000000000000000000000000000000000001947f27d21df60
2085,00000000000000000000000000000000000000000000000000000000000000000000000000000000000000000000000000000000000000000035ff56703c6940
2095,00000000000000000000000000000000000000000000000000000000000000000000000000000000000000000000000000000000000000000014b83b4bd0fcc0
2105,0000000000000000000000000000000000000000000000000000000000000000000000000000000000000000000000000000000000000000001a4836ebdd41c0
2115,0000000000000000000000000000000000000000000000000000000000000000000000000000000000000000000000000000000000000000004945e67c58a7e0
2125,000000000000000000000000000000000000000000000000000000000000000000000000000000000000000000000000000000000000000000250d59148acf60
2135,0000000000000000000000000000000000000000000000000000000000000000000000000000000000000000000000000000000000000000003478de80b36260
2145,0000000000000000000000000000000000000000000000000000000000000000000000000000000000000000000000000000000000000000001f9ccfa39b2c40
2155,00000000000000000000000000000000000000000000000000000000000000000000000000000000000000000000000000000000000000000020942c92f02800
2165,0000000000000000000000000000000000000000000000000000000000000000000000000000000000000000000000000000000000000000002c300585c36d60
2175,0000000000000000000000000000000000000000000000000000000000000000000000000000000000000000000000000000000000000000002bbd215c463a00
2185,000000000000000000000000000000000000000000000000000000000000000000000000000000000000000000000000000000000000000000115723e891fb80
2195,000000000000000000000000000000000000000000000000000000000000000000000000000000000000000000000000000000000000000000174c2346bc0e40
2205,00000000000000000000000000000000000000000000000000000000000000000000000000000000000000000000000000000000000000000035be19f4a1bce0
2215,00000000000000000000000000000000000000000000000000000000000000000000000000000000000000000000000000000000000000000015066e1f299980
2225,0000000000000000000000000000000000000000000000000000000000000000000000000000000000000000000000000000000000000000001997333cb710e0
2235,00000000000000000000000000000000000000000000000000000000000000000000000000000000000000000000000000000000000000000022135f96a7cee0
2245,0000000000000000000000000000000000000000000000000000000000000000000000000000000000000000000000000000000000000000001ab5ae5aa45780
2255,000000000000000000000000000000000000000000000000000000000000000000000000000000000000000000000000000000000000000000125ca0af90dbc0
2265,0000000000000000000000000000000000000000000000000000000000000000000000000000000000000000000000000000000000000000002c916fcdf7efe0
2275,000000000000000000000000000000000000000000000000000000000000000000000000000000000000000000000000000000000000000000447ca458c0ffe0
2285,00000000000000000000000000000000000000000000000000000000000000000000000000000000000000000000000000000000000000000017f59f45291020
2295,00000000000000000000000000000000000000000000000000000000000000000000000000000000000000000000000000000000000000000010787732a6d100
2305,0000000000000000000000000000000000000000000000000000000000000000000000000000000000000000000000000000000000000000001e884318b3cd40
2315,00000000000000000000000000000000000000000000000000000000000000000000000000000000000000000000000000000000000000000052e62511601660
2325,00000000000000000000000000000000000000000000000000000000000000000000000000000000000000000000000000000000000000000021db9873078420
2335,0000000000000000000000000000000000000000000000000000000000000000000000000000000000000000000000000000000000000000004068216de7c340
2345,000000000000000000000000000000000000000000000000000000000000000000000000000000000000000000000000000000000000000000137c1ea60a3b20
2355,0000000000000000000000000000000000000000000000000000000000000000000000000000000000000000000000000000000000000000001da2fcd961ddc0
2365,000000000000000000000000000000000000000000000000000000000000000000000000000000000000000000000000000000000000000000179a85379b56e0
2375,0000000000000000000000000000000000000000000000000000000000000000000000000000000000000000000000000000000000000000001921da27157980
2385,000000000000000000000000000000000000000000000000000000000000000000000000000000000000000000000000000000000000000000214feb415d3f20
2395,00000000000000000000000000000000000000000000000000000000000000000000000000000000000000000000000000000000000000000027f191f65b31e0
2405,0000000000000000000000000000000000000000000000000000000000000000000000000000000000000000000000000000000000000000001c82649e0f34c0
2415,000000000000000000000000000000000000000000000000000000000000000000000000000000000000000000000000000000000000000000219a53f76d61c0
2425,0000000000000000000000000000000000000000000000000000000000000000000000000000000000000000000000000000000000000000001d17db1dd59580
2435,0000000000000000000000000000000000000000000000000000000000000000000000000000000000000000000000000000000000000000001b5b363bcbb3c0
2445,0000000000000000000000000000000000000000000000000000000000000000000000000000000000000000000000000000000000000000004ecab3f5c352e0
2455,0000000000000000000000000000000000000000000000000000000000000000000000000000000000000000000000000000000000000000001171c553155fe0
2465,00000000000000000000000000000000000000000000000000000000000000000000000000000000000000000000000000000000000000000016329d8116c940
2475,0000000000000000000000000000000000000000000000000000000000000000000000000000000000000000000000000000000000000000001af0827e100200
2485,00000000000000000000000000000000000000000000000000000000000000000000000000000000000000000000000000000000000000000016460ab102c160
2495,0000000000000000000000000000000000000000000000000000000000000000000000000000000000000000000000000000000000000000004f8a541a14db40
2505,000000000000000000000000000000000000000000000000000000000000000000000000000000000000000000000000000000000000000000205ef8f8fc09c0
2515,0000000000000000000000000000000000000000000000000000000000000000000000000000000000000000000000000000000000000000003206b2f9a9c060
2525,0000000000000000000000000000000000000000000000000000000000000000000000000000000000000000000000000000000000000000001ad263ec665660
2535,000000000000000000000000000000000000000000000000000000000000000000000000000000000000000000000000000000000000000000208587bb4f39c0
2545,0000000000000000000000000000000000000000000000000000000000000000000000000000000000000000000000000000000000000000001744ae8c28faa0
2555,0000000000000000000000000000000000000000000000000000000000000000000000000000000000000000000000000000000000000000001af326c2cebf20
2565,00000000000000000000000000000000000000000000000000000000000000000000000000000000000000000000000000000000000000000035d1e5cbe9ca60
2575,00000000000000000000000000000000000000000000000000000000000000000000000000000000000000000000000000000000000000000026668110fa1720
2585,0000000000000000000000000000000000000000000000000000000000000000000000000000000000000000000000000000000000000000002a774c85ec0e00
2595,00000000000000000000000000000000000000000000000000000000000000000000000000000000000000000000000000000000000000000043d3d33cbea1a0
2605,00000000000000000000000000000000000000000000000000000000000000000000000000000000000000000000000000000000000000000025834f51844600
2615,00000000000000000000000000000000000000000000000000000000000000000000000000000000000000000000000000000000000000000035671adcf49500
2625,00000000000000000000000000000000000000000000000000000000000000000000000000000000000000000000000000000000000000000054c8fa5d25f9c0
2635,00000000000000000000000000000000000000000000000000000000000000000000000000000000000000000000000000000000000000000013ad8167a2a220
2645,0000000000000000000000000000000000000000000000000000000000000000000000000000000000000000000000000000000000000000000e80672d3b7180
2655,0000000000000000000000000000000000000000000000000000000000000000000000000000000000000000000000000000000000000000002d632f49ae6560
2665,000000000000000000000000000000000000000000000000000000000000000000000000000000000000000000000000000000000000000000241710a5233200
2675,0000000000000000000000000000000000000000000000000000000000000000000000000000000000000000000000000000000000000000001b011d5f67b9a0
2685,0000000000000000000000000000000000000000000000000000000000000000000000000000000000000000000000000000000000000000001c4f4db531bb40
2695,000000000000000000000000000000000000000000000000000000000000000000000000000000000000000000000000000000000000000000175ba059621bc0
2705,000000000000000000000000000000000000000000000000000000000000000000000000000000000000000000000000000000000000000000193010f4e53460
2715,0000000000000000000000000000000000000000000000000000000000000000000000000000000000000000000000000000000000000000001a002d35a43860
2725,0000000000000000000000000000000000000000000000000000000000000000000000000000000000000000000000000000000000000000000ed88c760fda40
2735,00000000000000000000000000000000000000000000000000000000000000000000000000000000000000000000000000000000000000000035a4a8c51d89c0
2745,00000000000000000000000000000000000000000000000000000000000000000000000000000000000000000000000000000000000000000017ab7d404f3dc0
2755,000000000000000000000000000000000000000000000000000000000000000000000000000000000000000000000000000000000000000000394b85f26de320
2765,0000000000000000000000000000000000000000000000000000000000000000000000000000000000000000000000000000000000000000004cfddc774701a0
2775,00000000000000000000000000000000000000000000000000000000000000000000000000000000000000000000000000000000000000000021076b463fdf20
2785,00000000000000000000000000000000000000000000000000000000000000000000000000000000000000000000000000000000000000000023d679297d6760
2795,00000000000000000000000000000000000000000000000000000000000000000000000000000000000000000000000000000000000000000020fd9950c1e280
2805,0000000000000000000000000000000000000000000000000000000000000000000000000000000000000000000000000000000000000000002384b938d83440
2815,0000000000000000000000000000000000000000000000000000000000000000000000000000000000000000000000000000000000000000001932d96103f800
2825,00000000000000000000000000000000000000000000000000000000000000000000000000000000000000000000000000000000000000000022edcdea660620
2835,0000000000000000000000000000000000000000000000000000000000000000000000000000000000000000000000000000000000000000004c6c25b253a6c0
2845,0000000000000000000000000000000000000000000000000000000000000000000000000000000000000000000000000000000000000000001fa616de0ed0c0
2855,000000000000000000000000000000000000000000000000000000000000000000000000000000000000000000000000000000000000000000299409e40138c0
2865,0000000000000000000000000000000000000000000000000000000000000000000000000000000000000000000000000000000000000000002065fe51207760
2875,0000000000000000000000000000000000000000000000000000000000000000000000000000000000000000000000000000000000000000001811f4eaa2c0c0
2885,00000000000000000000000000000000000000000000000000000000000000000000000000000000000000000000000000000000000000000059fc520d48e8a0
2895,0000000000000000000000000000000000000000000000000000000000000000000000000000000000000000000000000000000000000000005c4a0bdbb38340
2905,000000000000000000000000000000000000000000000000000000000000000000000000000000000000000000000000000000000000000000568c1fc8984fc0
2915,00000000000000000000000000000000000000000000000000000000000000000000000000000000000000000000000000000000000000000014013cba9bcc40
2925,0000000000000000000000000000000000000000000000000000000000000000000000000000000000000000000000000000000000000000001d21e8a700c980
2935,0000000000000000000000000000000000000000000000000000000000000000000000000000000000000000000000000000000000000000001eb70bd0a077e0
2945,000000000000000000000000000000000000000000000000000000000000000000000000000000000000000000000000000000000000000000200d527e7c81e0
2955,00000000000000000000000000000000000000000000000000000000000000000000000000000000000000000000000000000000000000000018ac5b5662bbc0
2965,00000000000000000000000000000000000000000000000000000000000000000000000000000000000000000000000000000000000000000039e9b3a2d8ff80
2975,00000000000000000000000000000000000000000000000000000000000000000000000000000000000000000000000000000000000000000012363a149d6d40
2985,0000000000000000000000000000000000000000000000000000000000000000000000000000000000000000000000000000000000000000002f097db7123820
2995,000000000000000000000000000000000000000000000000000000000000000000000000000000000000000000000000000000000000000000216ce0abb87a80
3005,00000000000000000000000000000000000000000000000000000000000000000000000000000000000000000000000000000000000000000032dba44dc6a3e0
3015,0000000000000000000000000000000000000000000000000000000000000000000000000000000000000000000000000000000000000000002a566f60c07ec0
3025,000000000000000000000000000000000000000000000000000000000000000000000000000000000000000000000000000000000000000000578d6ae87d1260
3035,0000000000000000000000000000000000000000000000000000000000000000000000000000000000000000000000000000000000000000001ef9f54c1e3c00
3045,000000000000000000000000000000000000000000000000000000000000000000000000000000000000000000000000000000000000000000182566c1f0dec0
3055,00000000000000000000000000000000000000000000000000000000000000000000000000000000000000000000000000000000000000000015f14a4a69f3c0
3065,000000000000000000000000000000000000000000000000000000000000000000000000000000000000000000000000000000000000000000177978127303a0
3075,00000000000000000000000000000000000000000000000000000000000000000000000000000000000000000000000000000000000000000026817f368aed20
3085,0000000000000000000000000000000000000000000000000000000000000000000000000000000000000000000000000000000000000000003219041fd03ea0
3095,000000000000000000000000000000000000000000000000000000000000000000000000000000000000000000000000000000000000000000129b29c8e3f720
3105,0000000000000000000000000000000000000000000000000000000000000000000000000000000000000000000000000000000000000000006076f36271d0e0
3115,0000000000000000000000000000000000000000000000000000000000000000000000000000000000000000000000000000000000000000001bb4dfdd237b60
3125,000000000000000000000000000000000000000000000000000000000000000000000000000000000000000000000000000000000000000000459817946c6720
3135,0000000000000000000000000000000000000000000000000000000000000000000000000000000000000000000000000000000000000000000c9e41eb424f00
3145,00000000000000000000000000000000000000000000000000000000000000000000000000000000000000000000000000000000000000000024d9a3dcf31460
3155,0000000000000000000000000000000000000000000000000000000000000000000000000000000000000000000000000000000000000000003b911868c79aa0
3165,00000000000000000000000000000000000000000000000000000000000000000000000000000000000000000000000000000000000000000016524e26569820
3175,00000000000000000000000000000000000000000000000000000000000000000000000000000000000000000000000000000000000000000018c57585eccba0
3185,0000000000000000000000000000000000000000000000000000000000000000000000000000000000000000000000000000000000000000004322c33ed458c0
3195,0000000000000000000000000000000000000000000000000000000000000000000000000000000000000000000000000000000000000000002109ee8b00d580
3205,0000000000000000000000000000000000000000000000000000000000000000000000000000000000000000000000000000000000000000001318ffca41e880
3215,0000000000000000000000000000000000000000000000000000000000000000000000000000000000000000000000000000000000000000000ea68aef95d740
3225,00000000000000000000000000000000000000000000000000000000000000000000000000000000000000000000000000000000000000000058a93510716320
3235,00000000000000000000000000000000000000000000000000000000000000000000000000000000000000000000000000000000000000000019837ab432a2a0
3245,000000000000000000000000000000000000000000000000000000000000000000000000000000000000000000000000000000000000000000286aab0bbc1940
3255,00000000000000000000000000000000000000000000000000000000000000000000000000000000000000000000000000000000000000000016d18a0a129360
3265,00000000000000000000000000000000000000000000000000000000000000000000000000000000000000000000000000000000000000000019e3835ef52060
3275,0000000000000000000000000000000000000000000000000000000000000000000000000000000000000000000000000000000000000000001570273f6c55c0
3285,000000000000000000000000000000000000000000000000000000000000000000000000000000000000000000000000000000000000000000169de648a10da0
3295,0000000000000000000000000000000000000000000000000000000000000000000000000000000000000000000000000000000000000000001c649116391840
3305,0000000000000000000000000000000000000000000000000000000000000000000000000000000000000000000000000000000000000000004894dc435a4a40
3315,000000000000000000000000000000000000000000000000000000000000000000000000000000000000000000000000000000000000000000127a6219de5820
3325,00000000000000000000000000000000000000000000000000000000000000000000000000000000000000000000000000000000000000000011faa4c9dc5080
3335,00000000000000000000000000000000000000000000000000000000000000000000000000000000000000000000000000000000000000000017c0720daaab20
3345,00000000000000000000000000000000000000000000000000000000000000000000000000000000000000000000000000000000000000000028903757f95140
3355,000000000000000000000000000000000000000000000000000000000000000000000000000000000000000000000000000000000000000000265e79c2bfa8e0
3365,00000000000000000000000000000000000000000000000000000000000000000000000000000000000000000000000000000000000000000031baf7889cbfa0
3375,00000000000000000000000000000000000000000000000000000000000000000000000000000000000000000000000000000000000000000019346d435ee860
3385,00000000000000000000000000000000000000000000000000000000000000000000000000000000000000000000000000000000000000000013a3d40fac0680
3395,0000000000000000000000000000000000000000000000000000000000000000000000000000000000000000000000000000000000000000003a4e0488655080
3405,0000000000000000000000000000000000000000000000000000000000000000000000000000000000000000000000000000000000000000001fa918f18c2800
3415,000000000000000000000000000000000000000000000000000000000000000000000000000000000000000000000000000000000000000000183964ace6c780
3425,000000000000000000000000000000000000000000000000000000000000000000000000000000000000000000000000000000000000000000294e72c14f3200
3435,0000000000000000000000000000000000000000000000000000000000000000000000000000000000000000000000000000000000000000001d1f9475ede220
3445,000000000000000000000000000000000000000000000000000000000000000000000000000000000000000000000000000000000000000000192876442d4d20
3455,0000000000000000000000000000000000000000000000000000000000000000000000000000000000000000000000000000000000000000001cf17b0cba53c0
3465,00000000000000000000000000000000000000000000000000000000000000000000000000000000000000000000000000000000000000000010fb63962327a0
3475,00000000000000000000000000000000000000000000000000000000000000000000000000000000000000000000000000000000000000000019ab5f31827d00
3485,00000000000000000000000000000000000000000000000000000000000000000000000000000000000000000000000000000000000000000013c388489cd2c0
3495,000000000000000000000000000000000000000000000000000000000000000000000000000000000000000000000000000000000000000000170c66061b4060
3505,00000000000000000000000000000000000000000000000000000000000000000000000000000000000000000000000000000000000000000012f962a500c940
3515,000000000000000000000000000000000000000000000000000000000000000000000000000000000000000000000000000000000000000000180f172fc08060
3525,0000000000000000000000000000000000000000000000000000000000000000000000000000000000000000000000000000000000000000001ca71a9b95f140
3535,000000000000000000000000000000000000000000000000000000000000000000000000000000000000000000000000000000000000000000419702e357ae40
3545,00000000000000000000000000000000000000000000000000000000000000000000000000000000000000000000000000000000000000000043c81f0c4d7240
3555,00000000000000000000000000000000000000000000000000000000000000000000000000000000000000000000000000000000000000000011a3666d471d40
3565,00000000000000000000000000000000000000000000000000000000000000000000000000000000000000000000000000000000000000000027a326ca68d740
3575,0000000000000000000000000000000000000000000000000000000000000000000000000000000000000000000000000000000000000000002a8c05534b8660
3585,000000000000000000000000000000000000000000000000000000000000000000000000000000000000000000000000000000000000000000257fd8ef49d8c0
3595,00000000000000000000000000000000000000000000000000000000000000000000000000000000000000000000000000000000000000000013084e7c9ceec0
3605,00000000000000000000000000000000000000000000000000000000000000000000000000000000000000000000000000000000000000000013b477bfc81280
3615,000000000000000000000000000000000000000000000000000000000000000000000000000000000000000000000000000000000000000000162135a9a57ec0
3625,00000000000000000000000000000000000000000000000000000000000000000000000000000000000000000000000000000000000000000022f502d6387a20
3635,000000000000000000000000000000000000000000000000000000000000000000000000000000000000000000000000000000000000000000269745ab3ab020
3645,0000000000000000000000000000000000000000000000000000000000000000000000000000000000000000000000000000000000000000001d0f2b3bf54820
3655,00000000000000000000000000000000000000000000000000000000000000000000000000000000000000000000000000000000000000000031a0bb6cd77400
3665,000000000000000000000000000000000000000000000000000000000000000000000000000000000000000000000000000000000000000000284241fac3f2c0
3675,00000000000000000000000000000000000000000000000000000000000000000000000000000000000000000000000000000000000000000019e8606879d900
3685,00000000000000000000000000000000000000000000000000000000000000000000000000000000000000000000000000000000000000000032405f2701f9c0
3695,0000000000000000000000000000000000000000000000000000000000000000000000000000000000000000000000000000000000000000001dce3342c737e0
3705,0000000000000000000000000000000000000000000000000000000000000000000000000000000000000000000000000000000000000000002c8e81ff6589c0
3715,0000000000000000000000000000000000000000000000000000000000000000000000000000000000000000000000000000000000000000001f506a815e8700
3725,00000000000000000000000000000000000000000000000000000000000000000000000000000000000000000000000000000000000000000031f3bd49b5bae0
3735,0000000000000000000000000000000000000000000000000000000000000000000000000000000000000000000000000000000000000000001abec6bc7d9a40
3745,000000000000000000000000000000000000000000000000000000000000000000000000000000000000000000000000000000000000000000275eab004142a0
3755,00000000000000000000000000000000000000000000000000000000000000000000000000000000000000000000000000000000000000000026a52d655e8400
3765,000000000000000000000000000000000000000000000000000000000000000000000000000000000000000000000000000000000000000000342142c1ae52a0
3775,000000000000000000000000000000000000000000000000000000000000000000000000000000000000000000000000000000000000000000309d21747cf7a0
3785,00000000000000000000000000000000000000000000000000000000000000000000000000000000000000000000000000000000000000000021eadda33b2e40
3795,0000000000000000000000000000000000000000000000000000000000000000000000000000000000000000000000000000000000000000001ccad2f1cb4f20
3805,0000000000000000000000000000000000000000000000000000000000000000000000000000000000000000000000000000000000000000001c9288094796a0
3815,0000000000000000000000000000000000000000000000000000000000000000000000000000000000000000000000000000000000000000009d4b5c843525e0
3825,0000000000000000000000000000000000000000000000000000000000000000000000000000000000000000000000000000000000000000001c23da246e09e0
3835,0000000000000000000000000000000000000000000000000000000000000000000000000000000000000000000000000000000000000000003036827b672e60
3845,00000000000000000000000000000000000000000000000000000000000000000000000000000000000000000000000000000000000000000031ad321d3b8840
3855,0000000000000000000000000000000000000000000000000000000000000000000000000000000000000000000000000000000000000000002e5625ea8a59a0
3865,0000000000000000000000000000000000000000000000000000000000000000000000000000000000000000000000000000000000000000001ff4a7278883c0
3875,0000000000000000000000000000000000000000000000000000000000000000000000000000000000000000000000000000000000000000002536ba25723fe0
3885,0000000000000000000000000000000000000000000000000000000000000000000000000000000000000000000000000000000000000000001c3326ad3ebf20
3895,0000000000000000000000000000000000000000000000000000000000000000000000000000000000000000000000000000000000000000002329ef48ceeda0
3905,0000000000000000000000000000000000000000000000000000000000000000000000000000000000000000000000000000000000000000001c3cf185335de0
3915,000000000000000000000000000000000000000000000000000000000000000000000000000000000000000000000000000000000000000000911a709194cb60
3925,0000000000000000000000000000000000000000000000000000000000000000000000000000000000000000000000000000000000000000001f06b3102ec140
3935,00000000000000000000000000000000000000000000000000000000000000000000000000000000000000000000000000000000000000000021c5fd1bdeb200
3945,00000000000000000000000000000000000000000000000000000000000000000000000000000000000000000000000000000000000000000028c24dad36d9a0
3955,0000000000000000000000000000000000000000000000000000000000000000000000000000000000000000000000000000000000000000003ff85a6b974f20
3965,0000000000000000000000000000000000000000000000000000000000000000000000000000000000000000000000000000000000000000001d0518a8f1cd80
3975,00000000000000000000000000000000000000000000000000000000000000000000000000000000000000000000000000000000000000000010963144574240
3985,0000000000000000000000000000000000000000000000000000000000000000000000000000000000000000000000000000000000000000003c70febc277be0
3995,000000000000000000000000000000000000000000000000000000000000000000000000000000000000000000000000000000000000000000240c428853bce0
4005,000000000000000000000000000000000000000000000000000000000000000000000000000000000000000000000000000000000000000000160bdc2b15c6a0
4015,0000000000000000000000000000000000000000000000000000000000000000000000000000000000000000000000000000000000000000002344ed5aae89e0
4025,0000000000000000000000000000000000000000000000000000000000000000000000000000000000000000000000000000000000000000002f1a3dd37b1ec0
4035,00000000000000000000000000000000000000000000000000000000000000000000000000000000000000000000000000000000000000000020f2c40c9072a0
4045,00000000000000000000000000000000000000000000000000000000000000000000000000000000000000000000000000000000000000000011c1bd75145d60
4055,000000000000000000000000000000000000000000000000000000000000000000000000000000000000000000000000000000000000000000362ca83bf39260
4065,000000000000000000000000000000000000000000000000000000000000000000000000000000000000000000000000000000000000000000120e64beaf03a0
4075,00000000000000000000000000000000000000000000000000000000000000000000000000000000000000000000000000000000000000000017c2b4e62133e0
4085,00000000000000000000000000000000000000000000000000000000000000000000000000000000000000000000000000000000000000000033db4f32b3c140
4095,000000000000000000000000000000000000000000000000000000000000000000000000000000000000000000000000000000000000000000147a08a89f7060
4105,0000000000000000000000000000000000000000000000000000000000000000000000000000000000000000000000000000000000000000001e977dd2c0c960
4115,00000000000000000000000000000000000000000000000000000000000000000000000000000000000000000000000000000000000000000014d8b7c9a09920
4125,00000000000000000000000000000000000000000000000000000000000000000000000000000000000000000000000000000000000000000020aeed2eac8600
4135,0000000000000000000000000000000000000000000000000000000000000000000000000000000000000000000000000000000000000000001357c96d694820
4145,00000000000000000000000000000000000000000000000000000000000000000000000000000000000000000000000000000000000000000026af2eb376d9c0
4155,00000000000000000000000000000000000000000000000000000000000000000000000000000000000000000000000000000000000000000016b97501d960c0
4165,00000000000000000000000000000000000000000000000000000000000000000000000000000000000000000000000000000000000000000035a1cf80625ee0
4175,0000000000000000000000000000000000000000000000000000000000000000000000000000000000000000000000000000000000000000002c09e9922d6d40
4185,0000000000000000000000000000000000000000000000000000000000000000000000000000000000000000000000000000000000000000002b0f1836c544e0
4195,000000000000000000000000000000000000000000000000000000000000000000000000000000000000000000000000000000000000000000132a09a1b98880
4205,00000000000000000000000000000000000000000000000000000000000000000000000000000000000000000000000000000000000000000019db8341f549c0
4215,0000000000000000000000000000000000000000000000000000000000000000000000000000000000000000000000000000000000000000001d315e086c4800
4225,0000000000000000000000000000000000000000000000000000000000000000000000000000000000000000000000000000000000000000002fca752038ede0
4235,0000000000000000000000000000000000000000000000000000000000000000000000000000000000000000000000000000000000000000004cbf83d41804c0
4245,0000000000000000000000000000000000000000000000000000000000000000000000000000000000000000000000000000000000000000004d2c04af3e7ce0
4255,0000000000000000000000000000000000000000000000000000000000000000000000000000000000000000000000000000000000000000002175108da167e0
4265,0000000000000000000000000000000000000000000000000000000000000000000000000000000000000000000000000000000000000000002a30ad634bd140
4275,00000000000000000000000000000000000000000000000000000000000000000000000000000000000000000000000000000000000000000026908ce6c254a0
4285,00000000000000000000000000000000000000000000000000000000000000000000000000000000000000000000000000000000000000000057cc5a1f5324e0
4295,000000000000000000000000000000000000000000000000000000000000000000000000000000000000000000000000000000000000000000321c4650d31c80
4305,0000000000000000000000000000000000000000000000000000000000000000000000000000000000000000000000000000000000000000001c6ad8021b95c0
4315,0000000000000000000000000000000000000000000000000000000000000000000000000000000000000000000000000000000000000000001e5459e11f9340
4325,00000000000000000000000000000000000000000000000000000000000000000000000000000000000000000000000000000000000000000020e1e65c784f20
4335,000000000000000000000000000000000000000000000000000000000000000000000000000000000000000000000000000000000000000000154ebf690f0b40
4345,0000000000000000000000000000000000000000000000000000000000000000000000000000000000000000000000000000000000000000002385bbb8c6c920
4355,0000000000000000000000000000000000000000000000000000000000000000000000000000000000000000000000000000000000000000001cc8f60f754a00
4365,00000000000000000000000000000000000000000000000000000000000000000000000000000000000000000000000000000000000000000022f3f19b373220
4375,0000000000000000000000000000000000000000000000000000000000000000000000000000000000000000000000000000000000000000001cb00224d4f4c0
4385,00000000000000000000000000000000000000000000000000000000000000000000000000000000000000000000000000000000000000000023b93e7a3a8820
4395,0000000000000000000000000000000000000000000000000000000000000000000000000000000000000000000000000000000000000000001dc65e25c47b80
4405,000000000000000000000000000000000000000000000000000000000000000000000000000000000000000000000000000000000000000000134db401c874c0
4415,00000000000000000000000000000000000000000000000000000000000000000000000000000000000000000000000000000000000000000039f14d04cc1100
4425,0000000000000000000000000000000000000000000000000000000000000000000000000000000000000000000000000000000000000000001deef87ba59ee0
4435,000000000000000000000000000000000000000000000000000000000000000000000000000000000000000000000000000000000000000000454ee2e8202060
4445,00000000000000000000000000000000000000000000000000000000000000000000000000000000000000000000000000000000000000000010ce9636b1d720
4455,00000000000000000000000000000000000000000000000000000000000000000000000000000000000000000000000000000000000000000026202b95b75a00
4465,00000000000000000000000000000000000000000000000000000000000000000000000000000000000000000000000000000000000000000022761219d9e4a0
4475,0000000000000000000000000000000000000000000000000000000000000000000000000000000000000000000000000000000000000000001a3d13ec9d5d80
4485,0000000000000000000000000000000000000000000000000000000000000000000000000000000000000000000000000000000000000000004524c21c31ea00
4495,000000000000000000000000000000000000000000000000000000000000000000000000000000000000000000000000000000000000000000367a94192994c0
4505,0000000000000000000000000000000000000000000000000000000000000000000000000000000000000000000000000000000000000000001dbc1961894f00
4515,0000000000000000000000000000000000000000000000000000000000000000000000000000000000000000000000000000000000000000001840e5f151a060
4525,0000000000000000000000000000000000000000000000000000000000000000000000000000000000000000000000000000000000000000002e8a3fbfa525a0
4535,0000000000000000000000000000000000000000000000000000000000000000000000000000000000000000000000000000000000000000001f9640105b1de0
4545,0000000000000000000000000000000000000000000000000000000000000000000000000000000000000000000000000000000000000000002655193988cca0
4555,0000000000000000000000000000000000000000000000000000000000000000000000000000000000000000000000000000000000000000002f81e5d657a9a0
4565,0000000000000000000000000000000000000000000000000000000000000000000000000000000000000000000000000000000000000000001d3d1bea17e3e0
4575,00000000000000000000000000000000000000000000000000000000000000000000000000000000000000000000000000000000000000000015ffa6bf999b40
4585,00000000000000000000000000000000000000000000000000000000000000000000000000000000000000000000000000000000000000000020f8870c2d0ee0
4595,0000000000000000000000000000000000000000000000000000000000000000000000000000000000000000000000000000000000000000001230e7bc5bafe0
4605,00000000000000000000000000000000000000000000000000000000000000000000000000000000000000000000000000000000000000000023fcfdebd143e0
4615,0000000000000000000000000000000000000000000000000000000000000000000000000000000000000000000000000000000000000000002732ae5bd592c0
4625,00000000000000000000000000000000000000000000000000000000000000000000000000000000000000000000000000000000000000000049b4552ffb6300
4635,0000000000000000000000000000000000000000000000000000000000000000000000000000000000000000000000000000000000000000001c51aad292cda0
4645,000000000000000000000000000000000000000000000000000000000000000000000000000000000000000000000000000000000000000000223233d9805000
4655,0000000000000000000000000000000000000000000000000000000000000000000000000000000000000000000000000000000000000000001c09b23009d8c0
4665,00000000000000000000000000000000000000000000000000000000000000000000000000000000000000000000000000000000000000000019728b7a431020
4675,0000000000000000000000000000000000000000000000000000000000000000000000000000000000000000000000000000000000000000001cd5eadd5ab760
4685,0000000000000000000000000000000000000000000000000000000000000000000000000000000000000000000000000000000000000000002a9676d2976080
4695,0000000000000000000000000000000000000000000000000000000000000000000000000000000000000000000000000000000000000000001c6ba0d0d2fa20
4705,00000000000000000000000000000000000000000000000000000000000000000000000000000000000000000000000000000000000000000013dbc2b349a7e0
4715,00000000000000000000000000000000000000000000000000000000000000000000000000000000000000000000000000000000000000000019a2ac3bf129a0
4725,000000000000000000000000000000000000000000000000000000000000000000000000000000000000000000000000000000000000000000223f1de27a2860
4735,0000000000000000000000000000000000000000000000000000000000000000000000000000000000000000000000000000000000000000001f6a68f5c58400
4745,000000000000000000000000000000000000000000000000000000000000000000000000000000000000000000000000000000000000000000402f73542fa620
4755,0000000000000000000000000000000000000000000000000000000000000000000000000000000000000000000000000000000000000000001bbd46a17edd60
4765,0000000000000000000000000000000000000000000000000000000000000000000000000000000000000000000000000000000000000000001900ede4611660
4775,0000000000000000000000000000000000000000000000000000000000000000000000000000000000000000000000000000000000000000001959942d2ccde0
4785,0000000000000000000000000000000000000000000000000000000000000000000000000000000000000000000000000000000000000000003e9e700cbef920
4795,0000000000000000000000000000000000000000000000000000000000000000000000000000000000000000000000000000000000000000001c2399df860fc0
4805,0000000000000000000000000000000000000000000000000000000000000000000000000000000000000000000000000000000000000000001fd7b2d0de70e0
4815,000000000000000000000000000000000000000000000000000000000000000000000000000000000000000000000000000000000000000000144a84495cf4a0
4825,0000000000000000000000000000000000000000000000000000000000000000000000000000000000000000000000000000000000000000002d9f393bca1c00
4835,0000000000000000000000000000000000000000000000000000000000000000000000000000000000000000000000000000000000000000004fbfb9b4059b00
4845,00000000000000000000000000000000000000000000000000000000000000000000000000000000000000000000000000000000000000000018249d06eac560
4855,00000000000000000000000000000000000000000000000000000000000000000000000000000000000000000000000000000000000000000033272aab25fd20
4865,00000000000000000000000000000000000000000000000000000000000000000000000000000000000000000000000000000000000000000010c43e37644520
4875,0000000000000000000000000000000000000000000000000000000000000000000000000000000000000000000000000000000000000000003224d377a20fc0
4885,0000000000000000000000000000000000000000000000000000000000000000000000000000000000000000000000000000000000000000002eef8da5206a60
4895,000000000000000000000000000000000000000000000000000000000000000000000000000000000000000000000000000000000000000000142692b817c0c0
4905,000000000000000000000000000000000000000000000000000000000000000000000000000000000000000000000000000000000000000000186a4095eabac0
4915,000000000000000000000000000000000000000000000000000000000000000000000000000000000000000000000000000000000000000000158a8d96427a20
4925,000000000000000000000000000000000000000000000000000000000000000000000000000000000000000000000000000000000000000000142672cbcb2280
4935,0000000000000000000000000000000000000000000000000000000000000000000000000000000000000000000000000000000000000000001c6e1d50a81680
4945,0000000000000000000000000000000000000000000000000000000000000000000000000000000000000000000000000000000000000000002d62142c37a080
4955,0000000000000000000000000000000000000000000000000000000000000000000000000000000000000000000000000000000000000000001e1ca9512efe20
4965,00000000000000000000000000000000000000000000000000000000000000000000000000000000000000000000000000000000000000000018d69ebfd875a0
4975,0000000000000000000000000000000000000000000000000000000000000000000000000000000000000000000000000000000000000000001b568f8ae0db80
4985,0000000000000000000000000000000000000000000000000000000000000000000000000000000000000000000000000000000000000000002aec0b3921e520
4995,0000000000000000000000000000000000000000000000000000000000000000000000000000000000000000000000000000000000000000001f1826e79f3cc0
5005,0000000000000000000000000000000000000000000000000000000000000000000000000000000000000000000000000000000000000000001fd174d14a1e60
5015,0000000000000000000000000000000000000000000000000000000000000000000000000000000000000000000000000000000000000000002825dea4101aa0
5025,0000000000000000000000000000000000000000000000000000000000000000000000000000000000000000000000000000000000000000002510a176c85620
5035,0000000000000000000000000000000000000000000000000000000000000000000000000000000000000000000000000000000000000000002ddcc95f069b80
5045,000000000000000000000000000000000000000000000000000000000000000000000000000000000000000000000000000000000000000000201996915a26a0
5055,00000000000000000000000000000000000000000000000000000000000000000000000000000000000000000000000000000000000000000016eef78816f280
5065,0000000000000000000000000000000000000000000000000000000000000000000000000000000000000000000000000000000000000000002bd82bbce9ee40
5075,0000000000000000000000000000000000000000000000000000000000000000000000000000000000000000000000000000000000000000001b7dcd434fa3e0
5085,000000000000000000000000000000000000000000000000000000000000000000000000000000000000000000000000000000000000000000266f06fcb5d5e0
5095,00000000000000000000000000000000000000000000000000000000000000000000000000000000000000000000000000000000000000000013d5233d948420
5105,0000000000000000000000000000000000000000000000000000000000000000000000000000000000000000000000000000000000000000001bac86ac786a40
5115,0000000000000000000000000000000000000000000000000000000000000000000000000000000000000000000000000000000000000000001543eb69c9d440
5125,0000000000000000000000000000000000000000000000000000000000000000000000000000000000000000000000000000000000000000001a936a66cc0960
5135,0000000000000000000000000000000000000000000000000000000000000000000000000000000000000000000000000000000000000000002ff7bd75c957c0
5145,0000000000000000000000000000000000000000000000000000000000000000000000000000000000000000000000000000000000000000002cd1ae22414640
5155,0000000000000000000000000000000000000000000000000000000000000000000000000000000000000000000000000000000000000000001fff3d094811a0
5165,00000000000000000000000000000000000000000000000000000000000000000000000000000000000000000000000000000000000000000024763f7756d3c0
5175,00000000000000000000000000000000000000000000000000000000000000000000000000000000000000000000000000000000000000000021e1b4b78a6b40
5185,0000000000000000000000000000000000000000000000000000000000000000000000000000000000000000000000000000000000000000004a4b0239857480
5195,0000000000000000000000000000000000000000000000000000000000000000000000000000000000000000000000000000000000000000001d4eae104b40e0
5205,0000000000000000000000000000000000000000000000000000000000000000000000000000000000000000000000000000000000000000001c44af185f12c0
5215,00000000000000000000000000000000000000000000000000000000000000000000000000000000000000000000000000000000000000000023d4249fccfc20
5225,00000000000000000000000000000000000000000000000000000000000000000000000000000000000000000000000000000000000000000013623214183100
5235,000000000000000000000000000000000000000000000000000000000000000000000000000000000000000000000000000000000000000000199f0259ba34c0
5245,0000000000000000000000000000000000000000000000000000000000000000000000000000000000000000000000000000000000000000001e3a5e9df372e0
5255,0000000000000000000000000000000000000000000000000000000000000000000000000000000000000000000000000000000000000000001ce5b4f9d43180
5265,0000000000000000000000000000000000000000000000000000000000000000000000000000000000000000000000000000000000000000001228b08bae5440
5275,0000000000000000000000000000000000000000000000000000000000000000000000000000000000000000000000000000000000000000003299c38d4aba60
5285,0000000000000000000000000000000000000000000000000000000000000000000000000000000000000000000000000000000000000000004ff4adf5607420
5295,00000000000000000000000000000000000000000000000000000000000000000000000000000000000000000000000000000000000000000045e405b6b11120
5305,0000000000000000000000000000000000000000000000000000000000000000000000000000000000000000000000000000000000000000001a85f0053e6120
5315,0000000000000000000000000000000000000000000000000000000000000000000000000000000000000000000000000000000000000000001b32d7d2354ba0
5325,00000000000000000000000000000000000000000000000000000000000000000000000000000000000000000000000000000000000000000018ad192ef37ac0
5335,00000000000000000000000000000000000000000000000000000000000000000000000000000000000000000000000000000000000000000023d4305adfe300
5345,0000000000000000000000000000000000000000000000000000000000000000000000000000000000000000000000000000000000000000002b3a28d1683ee0
5355,000000000000000000000000000000000000000000000000000000000000000000000000000000000000000000000000000000000000000000138d93aeb5b5c0
5365,0000000000000000000000000000000000000000000000000000000000000000000000000000000000000000000000000000000000000000002cd301222a6e80
5375,00000000000000000000000000000000000000000000000000000000000000000000000000000000000000000000000000000000000000000018337540fe64a0
5385,00000000000000000000000000000000000000000000000000000000000000000000000000000000000000000000000000000000000000000042f038ae8af420
5395,0000000000000000000000000000000000000000000000000000000000000000000000000000000000000000000000000000000000000000003074afed5e00a0
5405,000000000000000000000000000000000000000000000000000000000000000000000000000000000000000000000000000000000000000000230f1fc0c4cc20
5415,00000000000000000000000000000000000000000000000000000000000000000000000000000000000000000000000000000000000000000038aa9b42320300
5425,00000000000000000000000000000000000000000000000000000000000000000000000000000000000000000000000000000000000000000053aa0edcca1e60
5435,0000000000000000000000000000000000000000000000000000000000000000000000000000000000000000000000000000000000000000005c31ee8e8e9080
5445,0000000000000000000000000000000000000000000000000000000000000000000000000000000000000000000000000000000000000000001bd41c826b1b40
5455,000000000000000000000000000000000000000000000000000000000000000000000000000000000000000000000000000000000000000000221a5eb3b8f6c0
5465,00000000000000000000000000000000000000000000000000000000000000000000000000000000000000000000000000000000000000000017cac1480c85a0
5475,0000000000000000000000000000000000000000000000000000000000000000000000000000000000000000000000000000000000000000000f1260e851abc0
5485,0000000000000000000000000000000000000000000000000000000000000000000000000000000000000000000000000000000000000000002947bbf2fe1720
5495,0000000000000000000000000000000000000000000000000000000000000000000000000000000000000000000000000000000000000000002163fd67657c20
5505,0000000000000000000000000000000000000000000000000000000000000000000000000000000000000000000000000000000000000000001adb87ba8d9900
5515,000000000000000000000000000000000000000000000000000000000000000000000000000000000000000000000000000000000000000000283689191800a0
5525,000000000000000000000000000000000000000000000000000000000000000000000000000000000000000000000000000000000000000000144a4bbf882660
5535,0000000000000000000000000000000000000000000000000000000000000000000000000000000000000000000000000000000000000000001a4ba6ba66e560
5545,00000000000000000000000000000000000000000000000000000000000000000000000000000000000000000000000000000000000000000018d57f988958e0
5555,00000000000000000000000000000000000000000000000000000000000000000000000000000000000000000000000000000000000000000026814cfb7a9e60
5565,0000000000000000000000000000000000000000000000000000000000000000000000000000000000000000000000000000000000000000002f63154e929960
5575,00000000000000000000000000000000000000000000000000000000000000000000000000000000000000000000000000000000000000000020ba775547ed00
5585,0000000000000000000000000000000000000000000000000000000000000000000000000000000000000000000000000000000000000000003b0fd85dcbf0e0
5595,000000000000000000000000000000000000000000000000000000000000000000000000000000000000000000000000000000000000000000493a15b8382a60
5605,00000000000000000000000000000000000000000000000000000000000000000000000000000000000000000000000000000000000000000022c346cfb9c840
5615,0000000000000000000000000000000000000000000000000000000000000000000000000000000000000000000000000000000000000000001283ba71daae00
5625,0000000000000000000000000000000000000000000000000000000000000000000000000000000000000000000000000000000000000000003773386adea880
5635,000000000000000000000000000000000000000000000000000000000000000000000000000000000000000000000000000000000000000000169056d36395e0
5645,00000000000000000000000000000000000000000000000000000000000000000000000000000000000000000000000000000000000000000013721ee1ca6860
5655,00000000000000000000000000000000000000000000000000000000000000000000000000000000000000000000000000000000000000000017b0343ffde900
5665,0000000000000000000000000000000000000000000000000000000000000000000000000000000000000000000000000000000000000000001a94c3c92aeae0
5675,00000000000000000000000000000000000000000000000000000000000000000000000000000000000000000000000000000000000000000013ed323bf58160
5685,0000000000000000000000000000000000000000000000000000000000000000000000000000000000000000000000000000000000000000002017b4d666eb40
5695,00000000000000000000000000000000000000000000000000000000000000000000000000000000000000000000000000000000000000000030cfeb8e9ab1c0
5705,0000000000000000000000000000000000000000000000000000000000000000000000000000000000000000000000000000000000000000002bb06fabe61f80
5715,00000000000000000000000000000000000000000000000000000000000000000000000000000000000000000000000000000000000000000017610fcf2bbb80
5725,000000000000000000000000000000000000000000000000000000000000000000000000000000000000000000000000000000000000000000318e596e148e80
5735,00000000000000000000000000000000000000000000000000000000000000000000000000000000000000000000000000000000000000000039f10398823ea0
5745,0000000000000000000000000000000000000000000000000000000000000000000000000000000000000000000000000000000000000000001bf0a514302260
5755,00000000000000000000000000000000000000000000000000000000000000000000000000000000000000000000000000000000000000000055b086d7645f00
5765,00000000000000000000000000000000000000000000000000000000000000000000000000000000000000000000000000000000000000000015371843449880
5775,00000000000000000000000000000000000000000000000000000000000000000000000000000000000000000000000000000000000000000021ba633a30a920
5785,000000000000000000000000000000000000000000000000000000000000000000000000000000000000000000000000000000000000000000167ca9f240d4c0
5795,0000000000000000000000000000000000000000000000000000000000000000000000000000000000000000000000000000000000000000001b709e756e1f00
5805,00000000000000000000000000000000000000000000000000000000000000000000000000000000000000000000000000000000000000000023590b14673a40
5815,0000000000000000000000000000000000000000000000000000000000000000000000000000000000000000000000000000000000000000001714220595d560
5825,0000000000000000000000000000000000000000000000000000000000000000000000000000000000000000000000000000000000000000002e52536acc48c0
5835,0000000000000000000000000000000000000000000000000000000000000000000000000000000000000000000000000000000000000000002ce02a34f8a500
5845,0000000000000000000000000000000000000000000000000000000000000000000000000000000000000000000000000000000000000000001a9249dd06dd20
5855,00000000000000000000000000000000000000000000000000000000000000000000000000000000000000000000000000000000000000000024bf915eb4d380
5865,00000000000000000000000000000000000000000000000000000000000000000000000000000000000000000000000000000000000000000012f7e84c7cbde0
5875,0000000000000000000000000000000000000000000000000000000000000000000000000000000000000000000000000000000000000000001f2e61bebd4f80
5885,000000000000000000000000000000000000000000000000000000000000000000000000000000000000000000000000000000000000000000181d9f389e7340
5895,0000000000000000000000000000000000000000000000000000000000000000000000000000000000000000000000000000000000000000002351a263abf480
5905,0000000000000000000000000000000000000000000000000000000000000000000000000000000000000000000000000000000000000000003008b7571aa8a0
5915,000000000000000000000000000000000000000000000000000000000000000000000000000000000000000000000000000000000000000000232b27dc6b18c0
5925,000000000000000000000000000000000000000000000000000000000000000000000000000000000000000000000000000000000000000000140e03feabada0
5935,0000000000000000000000000000000000000000000000000000000000000000000000000000000000000000000000000000000000000000001d947181bf37a0
5945,000000000000000000000000000000000000000000000000000000000000000000000000000000000000000000000000000000000000000000296f4c52c9c3e0
5955,0000000000000000000000000000000000000000000000000000000000000000000000000000000000000000000000000000000000000000003076c3284de620
5965,000000000000000000000000000000000000000000000000000000000000000000000000000000000000000000000000000000000000000000233420ef818b40
5975,00000000000000000000000000000000000000000000000000000000000000000000000000000000000000000000000000000000000000000037c5760cb67720
5985,000000000000000000000000000000000000000000000000000000000000000000000000000000000000000000000000000000000000000000197610c8cb40e0
5995,00000000000000000000000000000000000000000000000000000000000000000000000000000000000000000000000000000000000000000021908eee3d4b20
6005,00000000000000000000000000000000000000000000000000000000000000000000000000000000000000000000000000000000000000000039d6857cc16580
6015,00000000000000000000000000000000000000000000000000000000000000000000000000000000000000000000000000000000000000000021892e0c466b00
6025,000000000000000000000000000000000000000000000000000000000000000000000000000000000000000000000000000000000000000000182ef0ded628e0
6035,0000000000000000000000000000000000000000000000000000000000000000000000000000000000000000000000000000000000000000001ae616b9d77640
6045,0000000000000000000000000000000000000000000000000000000000000000000000000000000000000000000000000000000000000000002b9504defa25a0
6055,0000000000000000000000000000000000000000000000000000000000000000000000000000000000000000000000000000000000000000001652647ef2a080
6065,000000000000000000000000000000000000000000000000000000000000000000000000000000000000000000000000000000000000000000226fc02df824e0
6075,000000000000000000000000000000000000000000000000000000000000000000000000000000000000000000000000000000000000000000171d0ac9e874e0
6085,00000000000000000000000000000000000000000000000000000000000000000000000000000000000000000000000000000000000000000020ce1785307560
6095,00000000000000000000000000000000000000000000000000000000000000000000000000000000000000000000000000000000000000000020b3dc696b1880
6105,0000000000000000000000000000000000000000000000000000000000000000000000000000000000000000000000000000000000000000002641b3bad76380
6115,00000000000000000000000000000000000000000000000000000000000000000000000000000000000000000000000000000000000000000022a3c8344f37c0
6125,00000000000000000000000000000000000000000000000000000000000000000000000000000000000000000000000000000000000000000013675cd8ab5e00
6135,00000000000000000000000000000000000000000000000000000000000000000000000000000000000000000000000000000000000000000038b8d72d8b3e40
6145,0000000000000000000000000000000000000000000000000000000000000000000000000000000000000000000000000000000000000000001cc23a19c211e0
6155,0000000000000000000000000000000000000000000000000000000000000000000000000000000000000000000000000000000000000000005392c936f919c0
6165,0000000000000000000000000000000000000000000000000000000000000000000000000000000000000000000000000000000000000000003b5007f7029420
6175,0000000000000000000000000000000000000000000000000000000000000000000000000000000000000000000000000000000000000000001a4405baea7ea0
6185,0000000000000000000000000000000000000000000000000000000000000000000000000000000000000000000000000000000000000000001cdcf349302b00
6195,0000000000000000000000000000000000000000000000000000000000000000000000000000000000000000000000000000000000000000000eceb11e1c5820
6205,0000000000000000000000000000000000000000000000000000000000000000000000000000000000000000000000000000000000000000001805c9e19c09a0
6215,0000000000000000000000000000000000000000000000000000000000000000000000000000000000000000000000000000000000000000004e92cc17118b80
6225,0000000000000000000000000000000000000000000000000000000000000000000000000000000000000000000000000000000000000000002ffda4eb8ae180
6235,000000000000000000000000000000000000000000000000000000000000000000000000000000000000000000000000000000000000000000183bd1a2e45260
6245,0000000000000000000000000000000000000000000000000000000000000000000000000000000000000000000000000000000000000000001d4640c217b220
6255,000000000000000000000000000000000000000000000000000000000000000000000000000000000000000000000000000000000000000000178c38d61bd520
6265,0000000000000000000000000000000000000000000000000000000000000000000000000000000000000000000000000000000000000000001df971987ace40
6275,00000000000000000000000000000000000000000000000000000000000000000000000000000000000000000000000000000000000000000024909c26cb2880
6285,0000000000000000000000000000000000000000000000000000000000000000000000000000000000000000000000000000000000000000001f24e3c939a9e0
6295,00000000000000000000000000000000000000000000000000000000000000000000000000000000000000000000000000000000000000000016906ca2270a00
6305,0000000000000000000000000000000000000000000000000000000000000000000000000000000000000000000000000000000000000000001b017237ff8be0
6315,00000000000000000000000000000000000000000000000000000000000000000000000000000000000000000000000000000000000000000022515588a25e80
6325,0000000000000000000000000000000000000000000000000000000000000000000000000000000000000000000000000000000000000000001809f83018d720
6335,000000000000000000000000000000000000000000000000000000000000000000000000000000000000000000000000000000000000000000149f79e12d4060
6345,000000000000000000000000000000000000000000000000000000000000000000000000000000000000000000000000000000000000000000151bf3e2a2a4c0
6355,0000000000000000000000000000000000000000000000000000000000000000000000000000000000000000000000000000000000000000005cdade2a8ee0a0
6365,0000000000000000000000000000000000000000000000000000000000000000000000000000000000000000000000000000000000000000001df918dd6d17a0
6375,00000000000000000000000000000000000000000000000000000000000000000000000000000000000000000000000000000000000000000025e8fc68343460
6385,000000000000000000000000000000000000000000000000000000000000000000000000000000000000000000000000000000000000000000174622785eafe0
6395,0000000000000000000000000000000000000000000000000000000000000000000000000000000000000000000000000000000000000000002aac68daf56ee0
6405,000000000000000000000000000000000000000000000000000000000000000000000000000000000000000000000000000000000000000000411c711cd51520
6415,00000000000000000000000000000000000000000000000000000000000000000000000000000000000000000000000000000000000000000026c9f19df7fc40
6425,0000000000000000000000000000000000000000000000000000000000000000000000000000000000000000000000000000000000000000001df3acac8f8e40
6435,00000000000000000000000000000000000000000000000000000000000000000000000000000000000000000000000000000000000000000021744603d67020
6445,000000000000000000000000000000000000000000000000000000000000000000000000000000000000000000000000000000000000000000205f27e547a540
6455,00000000000000000000000000000000000000000000000000000000000000000000000000000000000000000000000000000000000000000036901bab676d20
6465,000000000000000000000000000000000000000000000000000000000000000000000000000000000000000000000000000000000000000000261a399ff68560
6475,000000000000000000000000000000000000000000000000000000000000000000000000000000000000000000000000000000000000000000100a0d08dc6520
6485,000000000000000000000000000000000000000000000000000000000000000000000000000000000000000000000000000000000000000000427e4bb6382c60
6495,0000000000000000000000000000000000000000000000000000000000000000000000000000000000000000000000000000000000000000001cd3bd49cf0e80
6505,0000000000000000000000000000000000000000000000000000000000000000000000000000000000000000000000000000000000000000003dae2eff6583c0
6515,0000000000000000000000000000000000000000000000000000000000000000000000000000000000000000000000000000000000000000001ed0c958bd0fe0
6525,0000000000000000000000000000000000000000000000000000000000000000000000000000000000000000000000000000000000000000001c061d6b5b5040
6535,00000000000000000000000000000000000000000000000000000000000000000000000000000000000000000000000000000000000000000020bdfddee3b9c0
6545,00000000000000000000000000000000000000000000000000000000000000000000000000000000000000000000000000000000000000000013bfe7ab518cc0
6555,000000000000000000000000000000000000000000000000000000000000000000000000000000000000000000000000000000000000000000169a6f7a17e2c0
6565,0000000000000000000000000000000000000000000000000000000000000000000000000000000000000000000000000000000000000000002e2ec91e6c6e40
6575,00000000000000000000000000000000000000000000000000000000000000000000000000000000000000000000000000000000000000000027dc4a5a406ca0
6585,0000000000000000000000000000000000000000000000000000000000000000000000000000000000000000000000000000000000000000001ce7b9aaec7440
6595,0000000000000000000000000000000000000000000000000000000000000000000000000000000000000000000000000000000000000000000f981aa43b3600
6605,0000000000000000000000000000000000000000000000000000000000000000000000000000000000000000000000000000000000000000002e1ac851008fe0
6615,00000000000000000000000000000000000000000000000000000000000000000000000000000000000000000000000000000000000000000013c34e8d8d0560
6625,000000000000000000000000000000000000000000000000000000000000000000000000000000000000000000000000000000000000000000137e7fd71c4240
6635,000000000000000000000000000000000000000000000000000000000000000000000000000000000000000000000000000000000000000000218001aa6e8140
6645,00000000000000000000000000000000000000000000000000000000000000000000000000000000000000000000000000000000000000000040d1100e3824a0
6655,00000000000000000000000000000000000000000000000000000000000000000000000000000000000000000000000000000000000000000021b5677f72ee40
6665,0000000000000000000000000000000000000000000000000000000000000000000000000000000000000000000000000000000000000000002e173c2002ae80
6675,00000000000000000000000000000000000000000000000000000000000000000000000000000000000000000000000000000000000000000024496f7a5bd7c0
6685,000000000000000000000000000000000000000000000000000000000000000000000000000000000000000000000000000000000000000000146f35e46dd560
6695,0000000000000000000000000000000000000000000000000000000000000000000000000000000000000000000000000000000000000000001ffdcbebd71840
6705,0000000000000000000000000000000000000000000000000000000000000000000000000000000000000000000000000000000000000000001157cc2d72f3a0
6715,00000000000000000000000000000000000000000000000000000000000000000000000000000000000000000000000000000000000000000028729c1ee455c0
6725,00000000000000000000000000000000000000000000000000000000000000000000000000000000000000000000000000000000000000000022dfa33046b600
6735,0000000000000000000000000000000000000000000000000000000000000000000000000000000000000000000000000000000000000000001c93001cf0ba60
6745,00000000000000000000000000000000000000000000000000000000000000000000000000000000000000000000000000000000000000000040a75ffd5606e0
6755,00000000000000000000000000000000000000000000000000000000000000000000000000000000000000000000000000000000000000000020f225f8e9de60
6765,00000000000000000000000000000000000000000000000000000000000000000000000000000000000000000000000000000000000000000029d18ecc2ac8c0
6775,000000000000000000000000000000000000000000000000000000000000000000000000000000000000000000000000000000000000000000515cf2b5b75a60
6785,000000000000000000000000000000000000000000000000000000000000000000000000000000000000000000000000000000000000000000202c8cad9ce9c0
6795,00000000000000000000000000000000000000000000000000000000000000000000000000000000000000000000000000000000000000000027ef4b140c5140
6805,00000000000000000000000000000000000000000000000000000000000000000000000000000000000000000000000000000000000000000034d84297cfbc00
6815,0000000000000000000000000000000000000000000000000000000000000000000000000000000000000000000000000000000000000000001adc6df591c6c0
6825,00000000000000000000000000000000000000000000000000000000000000000000000000000000000000000000000000000000000000000019d78b5fc39660
6835,00000000000000000000000000000000000000000000000000000000000000000000000000000000000000000000000000000000000000000014381436e9c6e0
6845,0000000000000000000000000000000000000000000000000000000000000000000000000000000000000000000000000000000000000000002b365b790c4b40
6855,00000000000000000000000000000000000000000000000000000000000000000000000000000000000000000000000000000000000000000022353328118840
6865,0000000000000000000000000000000000000000000000000000000000000000000000000000000000000000000000000000000000000000001547f4735cd5e0
6875,00000000000000000000000000000000000000000000000000000000000000000000000000000000000000000000000000000000000000000029fabcdd15a900
6885,0000000000000000000000000000000000000000000000000000000000000000000000000000000000000000000000000000000000000000002fdf483c5b8cc0
6895,0000000000000000000000000000000000000000000000000000000000000000000000000000000000000000000000000000000000000000003c6b80a8d4ffa0
6905,0000000000000000000000000000000000000000000000000000000000000000000000000000000000000000000000000000000000000000000fb6a0ac054b60
6915,000000000000000000000000000000000000000000000000000000000000000000000000000000000000000000000000000000000000000000151b270a12e880
6925,00000000000000000000000000000000000000000000000000000000000000000000000000000000000000000000000000000000000000000046a9be295e6280
6935,0000000000000000000000000000000000000000000000000000000000000000000000000000000000000000000000000000000000000000001a4da61cba9760
6945,00000000000000000000000000000000000000000000000000000000000000000000000000000000000000000000000000000000000000000017ffe85828dea0
6955,0000000000000000000000000000000000000000000000000000000000000000000000000000000000000000000000000000000000000000001aa01965f13ea0
6965,000000000000000000000000000000000000000000000000000000000000000000000000000000000000000000000000000000000000000000134426026d4640
6975,00000000000000000000000000000000000000000000000000000000000000000000000000000000000000000000000000000000000000000010aa4bb923dc40
6985,0000000000000000000000000000000000000000000000000000000000000000000000000000000000000000000000000000000000000000001d067b1528b0a0
6995,0000000000000000000000000000000000000000000000000000000000000000000000000000000000000000000000000000000000000000001a74facb4f3620
7005,0000000000000000000000000000000000000000000000000000000000000000000000000000000000000000000000000000000000000000002820337336d000
7015,0000000000000000000000000000000000000000000000000000000000000000000000000000000000000000000000000000000000000000001e5df142f04740
7025,000000000000000000000000000000000000000000000000000000000000000000000000000000000000000000000000000000000000000000338d48ae1d1480
7035,0000000000000000000000000000000000000000000000000000000000000000000000000000000000000000000000000000000000000000002106aa7787f0c0
7045,00000000000000000000000000000000000000000000000000000000000000000000000000000000000000000000000000000000000000000025c76fea76ec00
7055,000000000000000000000000000000000000000000000000000000000000000000000000000000000000000000000000000000000000000000173f986ef6df80
7065,00000000000000000000000000000000000000000000000000000000000000000000000000000000000000000000000000000000000000000029e48b4ae34520
7075,0000000000000000000000000000000000000000000000000000000000000000000000000000000000000000000000000000000000000000001ffa71b0fd3b80
7085,000000000000000000000000000000000000000000000000000000000000000000000000000000000000000000000000000000000000000000683c6597778700
7095,00000000000000000000000000000000000000000000000000000000000000000000000000000000000000000000000000000000000000000018219b871e9f40
7105,0000000000000000000000000000000000000000000000000000000000000000000000000000000000000000000000000000000000000000001c620bf8dab7e0
7115,00000000000000000000000000000000000000000000000000000000000000000000000000000000000000000000000000000000000000000025dbbfae04dac0
7125,000000000000000000000000000000000000000000000000000000000000000000000000000000000000000000000000000000000000000000205c8982feaa00
7135,0000000000000000000000000000000000000000000000000000000000000000000000000000000000000000000000000000000000000000001d695d4992a360
7145,000000000000000000000000000000000000000000000000000000000000000000000000000000000000000000000000000000000000000000104017a2c206a0
7155,0000000000000000000000000000000000000000000000000000000000000000000000000000000000000000000000000000000000000000001a31d6ed5f39c0
7165,00000000000000000000000000000000000000000000000000000000000000000000000000000000000000000000000000000000000000000024047308da7840
7175,0000000000000000000000000000000000000000000000000000000000000000000000000000000000000000000000000000000000000000001687747b5f4c80
7185,00000000000000000000000000000000000000000000000000000000000000000000000000000000000000000000000000000000000000000016c2d5d9d52400
7195,0000000000000000000000000000000000000000000000000000000000000000000000000000000000000000000000000000000000000000004e3af3c45f55a0
7205,00000000000000000000000000000000000000000000000000000000000000000000000000000000000000000000000000000000000000000030e3056fc75aa0
7215,00000000000000000000000000000000000000000000000000000000000000000000000000000000000000000000000000000000000000000018f42678eec180
7225,00000000000000000000000000000000000000000000000000000000000000000000000000000000000000000000000000000000000000000012bcbe2916dee0
7235,0000000000000000000000000000000000000000000000000000000000000000000000000000000000000000000000000000000000000000002f7ca26a63afc0
7245,000000000000000000000000000000000000000000000000000000000000000000000000000000000000000000000000000000000000000000167263907beb80
7255,00000000000000000000000000000000000000000000000000000000000000000000000000000000000000000000000000000000000000000010e1aa17dee780
7265,0000000000000000000000000000000000000000000000000000000000000000000000000000000000000000000000000000000000000000002e21a0d08a7940
7275,000000000000000000000000000000000000000000000000000000000000000000000000000000000000000000000000000000000000000000226b3fc1f70740
7285,0000000000000000000000000000000000000000000000000000000000000000000000000000000000000000000000000000000000000000005b1344531a9e00
7295,0000000000000000000000000000000000000000000000000000000000000000000000000000000000000000000000000000000000000000001aad7ceee2e720
7305,00000000000000000000000000000000000000000000000000000000000000000000000000000000000000000000000000000000000000000050222ff24f71a0
7315,0000000000000000000000000000000000000000000000000000000000000000000000000000000000000000000000000000000000000000001fa86318fadf00
7325,0000000000000000000000000000000000000000000000000000000000000000000000000000000000000000000000000000000000000000001b1b5598b720e0
7335,0000000000000000000000000000000000000000000000000000000000000000000000000000000000000000000000000000000000000000001003ac094a6e60
7345,0000000000000000000000000000000000000000000000000000000000000000000000000000000000000000000000000000000000000000002918c03b14dc40
7355,0000000000000000000000000000000000000000000000000000000000000000000000000000000000000000000000000000000000000000001da211320f48a0
7365,000000000000000000000000000000000000000000000000000000000000000000000000000000000000000000000000000000000000000000373ff30bdcee00
7375,000000000000000000000000000000000000000000000000000000000000000000000000000000000000000000000000000000000000000000149f9274dcd380
7385,00000000000000000000000000000000000000000000000000000000000000000000000000000000000000000000000000000000000000000023657009b8cf20
7395,000000000000000000000000000000000000000000000000000000000000000000000000000000000000000000000000000000000000000000193fa16a001ae0
7405,0000000000000000000000000000000000000000000000000000000000000000000000000000000000000000000000000000000000000000001817fa5689a820
7415,0000000000000000000000000000000000000000000000000000000000000000000000000000000000000000000000000000000000000000001de9f08fada2a0
7425,00000000000000000000000000000000000000000000000000000000000000000000000000000000000000000000000000000000000000000025be72e1395b60
7435,00000000000000000000000000000000000000000000000000000000000000000000000000000000000000000000000000000000000000000015053fda51a8e0
7445,0000000000000000000000000000000000000000000000000000000000000000000000000000000000000000000000000000000000000000001b92b406d365e0
7455,00000000000000000000000000000000000000000000000000000000000000000000000000000000000000000000000000000000000000000021e660724d8a20
7465,0000000000000000000000000000000000000000000000000000000000000000000000000000000000000000000000000000000000000000004ff018ba9bd120
7475,00000000000000000000000000000000000000000000000000000000000000000000000000000000000000000000000000000000000000000018d3ca2c580d80
7485,0000000000000000000000000000000000000000000000000000000000000000000000000000000000000000000000000000000000000000002586d61633c000
7495,0000000000000000000000000000000000000000000000000000000000000000000000000000000000000000000000000000000000000000002b8ad3ae6ee280
7505,0000000000000000000000000000000000000000000000000000000000000000000000000000000000000000000000000000000000000000003412419b4eb060
7515,00000000000000000000000000000000000000000000000000000000000000000000000000000000000000000000000000000000000000000019477fdf9fbfe0
7525,0000000000000000000000000000000000000000000000000000000000000000000000000000000000000000000000000000000000000000002b865d9b0a9c40
7535,0000000000000000000000000000000000000000000000000000000000000000000000000000000000000000000000000000000000000000001d4acdd57a6ba0
7545,00000000000000000000000000000000000000000000000000000000000000000000000000000000000000000000000000000000000000000022981b83dd8700
7555,0000000000000000000000000000000000000000000000000000000000000000000000000000000000000000000000000000000000000000001ddffe240a7380
7565,000000000000000000000000000000000000000000000000000000000000000000000000000000000000000000000000000000000000000000162dee1518d660
7575,00000000000000000000000000000000000000000000000000000000000000000000000000000000000000000000000000000000000000000019d8d7b84abb40
7585,0000000000000000000000000000000000000000000000000000000000000000000000000000000000000000000000000000000000000000002349fe156ada80
7595,0000000000000000000000000000000000000000000000000000000000000000000000000000000000000000000000000000000000000000001c0b840887fec0
7605,00000000000000000000000000000000000000000000000000000000000000000000000000000000000000000000000000000000000000000060054fe0417860
7615,0000000000000000000000000000000000000000000000000000000000000000000000000000000000000000000000000000000000000000002050b135061100
7625,00000000000000000000000000000000000000000000000000000000000000000000000000000000000000000000000000000000000000000015fc9da2441fe0
7635,0000000000000000000000000000000000000000000000000000000000000000000000000000000000000000000000000000000000000000001f2a3f48dd3f80
7645,0000000000000000000000000000000000000000000000000000000000000000000000000000000000000000000000000000000000000000002d6f42ab543e60
7655,000000000000000000000000000000000000000000000000000000000000000000000000000000000000000000000000000000000000000000150f9dcfc63680
7665,00000000000000000000000000000000000000000000000000000000000000000000000000000000000000000000000000000000000000000021c814af6bd660
7675,0000000000000000000000000000000000000000000000000000000000000000000000000000000000000000000000000000000000000000001ae1abba23ac00
7685,0000000000000000000000000000000000000000000000000000000000000000000000000000000000000000000000000000000000000000001c3565f2044a80
7695,00000000000000000000000000000000000000000000000000000000000000000000000000000000000000000000000000000000000000000022206bbd293360
7705,00000000000000000000000000000000000000000000000000000000000000000000000000000000000000000000000000000000000000000019f3cb22c89920
7715,000000000000000000000000000000000000000000000000000000000000000000000000000000000000000000000000000000000000000000275b00e2f6a080
7725,00000000000000000000000000000000000000000000000000000000000000000000000000000000000000000000000000000000000000000023c71116d5efa0
7735,000000000000000000000000000000000000000000000000000000000000000000000000000000000000000000000000000000000000000000185bc796e46200
7745,0000000000000000000000000000000000000000000000000000000000000000000000000000000000000000000000000000000000000000001da7aab1aeb0c0
7755,000000000000000000000000000000000000000000000000000000000000000000000000000000000000000000000000000000000000000000173f9d5b454f80
7765,0000000000000000000000000000000000000000000000000000000000000000000000000000000000000000000000000000000000000000001cfbcf3d433b20
7775,000000000000000000000000000000000000000000000000000000000000000000000000000000000000000000000000000000000000000000263796455e7d40
7785,000000000000000000000000000000000000000000000000000000000000000000000000000000000000000000000000000000000000000000514c021951b860
7795,0000000000000000000000000000000000000000000000000000000000000000000000000000000000000000000000000000000000000000002bfffaba3b3b80
7805,000000000000000000000000000000000000000000000000000000000000000000000000000000000000000000000000000000000000000000257d19b4658a40
7815,0000000000000000000000000000000000000000000000000000000000000000000000000000000000000000000000000000000000000000002294c07a3ecbe0
7825,0000000000000000000000000000000000000000000000000000000000000000000000000000000000000000000000000000000000000000001e519208b200c0
7835,0000000000000000000000000000000000000000000000000000000000000000000000000000000000000000000000000000000000000000001ec5a66d2e6560
7845,0000000000000000000000000000000000000000000000000000000000000000000000000000000000000000000000000000000000000000001834484ac8c9c0
7855,00000000000000000000000000000000000000000000000000000000000000000000000000000000000000000000000000000000000000000012db23a70a8800
7865,0000000000000000000000000000000000000000000000000000000000000000000000000000000000000000000000000000000000000000001c4ac7d3099960
7875,00000000000000000000000000000000000000000000000000000000000000000000000000000000000000000000000000000000000000000015e80b68934920
7885,0000000000000000000000000000000000000000000000000000000000000000000000000000000000000000000000000000000000000000001be17532bff500
7895,0000000000000000000000000000000000000000000000000000000000000000000000000000000000000000000000000000000000000000002825fcdf21c260
7905,0000000000000000000000000000000000000000000000000000000000000000000000000000000000000000000000000000000000000000003c5f526e936be0
7915,0000000000000000000000000000000000000000000000000000000000000000000000000000000000000000000000000000000000000000002254a22fcbea60
7925,00000000000000000000000000000000000000000000000000000000000000000000000000000000000000000000000000000000000000000012da597fb5b100
7935,00000000000000000000000000000000000000000000000000000000000000000000000000000000000000000000000000000000000000000025b459445dbca0
7945,0000000000000000000000000000000000000000000000000000000000000000000000000000000000000000000000000000000000000000002f95e65ed73de0
7955,0000000000000000000000000000000000000000000000000000000000000000000000000000000000000000000000000000000000000000002bf5833aefc8e0
7965,000000000000000000000000000000000000000000000000000000000000000000000000000000000000000000000000000000000000000000271030c09eb100
7975,0000000000000000000000000000000000000000000000000000000000000000000000000000000000000000000000000000000000000000001fb9f9841a4120
7985,0000000000000000000000000000000000000000000000000000000000000000000000000000000000000000000000000000000000000000001b4ffe32b49ce0
7995,0000000000000000000000000000000000000000000000000000000000000000000000000000000000000000000000000000000000000000002ccd69050115e0
8005,000000000000000000000000000000000000000000000000000000000000000000000000000000000000000000000000000000000000000000200e62fe6a2540
8015,0000000000000000000000000000000000000000000000000000000000000000000000000000000000000000000000000000000000000000001deb9ae82e7200
8025,0000000000000000000000000000000000000000000000000000000000000000000000000000000000000000000000000000000000000000001f7886f4d1fe80
8035,00000000000000000000000000000000000000000000000000000000000000000000000000000000000000000000000000000000000000000013c9e3482f3100
8045,00000000000000000000000000000000000000000000000000000000000000000000000000000000000000000000000000000000000000000059a971a68fc300
8055,000000000000000000000000000000000000000000000000000000000000000000000000000000000000000000000000000000000000000000218002e5821d40
8065,0000000000000000000000000000000000000000000000000000000000000000000000000000000000000000000000000000000000000000004faffe66500dc0
8075,000000000000000000000000000000000000000000000000000000000000000000000000000000000000000000000000000000000000000000213ac09b67e8c0
8085,0000000000000000000000000000000000000000000000000000000000000000000000000000000000000000000000000000000000000000002368b74e6c9080
8095,0000000000000000000000000000000000000000000000000000000000000000000000000000000000000000000000000000000000000000002175da03bb3720
8105,0000000000000000000000000000000000000000000000000000000000000000000000000000000000000000000000000000000000000000001ce73b1743c0a0
8115,000000000000000000000000000000000000000000000000000000000000000000000000000000000000000000000000000000000000000000296aa6a1deda60
8125,0000000000000000000000000000000000000000000000000000000000000000000000000000000000000000000000000000000000000000001c45c3abfdaae0
8135,0000000000000000000000000000000000000000000000000000000000000000000000000000000000000000000000000000000000000000007361a02fd2d120
8145,00000000000000000000000000000000000000000000000000000000000000000000000000000000000000000000000000000000000000000017751488e61b20
8155,0000000000000000000000000000000000000000000000000000000000000000000000000000000000000000000000000000000000000000001212ae6fa02020
8165,0000000000000000000000000000000000000000000000000000000000000000000000000000000000000000000000000000000000000000002a8a8653655520
8175,00000000000000000000000000000000000000000000000000000000000000000000000000000000000000000000000000000000000000000011f283de19c380
8185,000000000000000000000000000000000000000000000000000000000000000000000000000000000000000000000000000000000000000000166ed2b81be440
8195,00000000000000000000000000000000000000000000000000000000000000000000000000000000000000000000000000000000000000000010ff6c95dd8c60
8205,0000000000000000000000000000000000000000000000000000000000000000000000000000000000000000000000000000000000000000002c7d764577e2e0
8215,0000000000000000000000000000000000000000000000000000000000000000000000000000000000000000000000000000000000000000002830288fad6460
8225,0000000000000000000000000000000000000000000000000000000000000000000000000000000000000000000000000000000000000000001bf428e2b86d00
8235,0000000000000000000000000000000000000000000000000000000000000000000000000000000000000000000000000000000000000000001ae483cda3d7c0
8245,0000000000000000000000000000000000000000000000000000000000000000000000000000000000000000000000000000000000000000001fcdbe5b62c760
8255,0000000000000000000000000000000000000000000000000000000000000000000000000000000000000000000000000000000000000000001782b9f4497a80
8265,0000000000000000000000000000000000000000000000000000000000000000000000000000000000000000000000000000000000000000002f6d4a6193c0e0
8275,00000000000000000000000000000000000000000000000000000000000000000000000000000000000000000000000000000000000000000041447dd535eac0
8285,000000000000000000000000000000000000000000000000000000000000000000000000000000000000000000000000000000000000000000127a17b76d33e0
8295,0000000000000000000000000000000000000000000000000000000000000000000000000000000000000000000000000000000000000000001a6b0f90e69ea0
8305,000000000000000000000000000000000000000000000000000000000000000000000000000000000000000000000000000000000000000000319a969e7c82a0
8315,00000000000000000000000000000000000000000000000000000000000000000000000000000000000000000000000000000000000000000029808fa064e720
8325,00000000000000000000000000000000000000000000000000000000000000000000000000000000000000000000000000000000000000000028a58b56896840
8335,000000000000000000000000000000000000000000000000000000000000000000000000000000000000000000000000000000000000000000213af8253cc840
8345,0000000000000000000000000000000000000000000000000000000000000000000000000000000000000000000000000000000000000000002c366b5df29a60
8355,00000000000000000000000000000000000000000000000000000000000000000000000000000000000000000000000000000000000000000032a31996824bc0
8365,000000000000000000000000000000000000000000000000000000000000000000000000000000000000000000000000000000000000000000169bd0d29d9d60
8375,0000000000000000000000000000000000000000000000000000000000000000000000000000000000000000000000000000000000000000002041fbac2b2f00
8385,0000000000000000000000000000000000000000000000000000000000000000000000000000000000000000000000000000000000000000001cdc52709d77c0
8395,00000000000000000000000000000000000000000000000000000000000000000000000000000000000000000000000000000000000000000024de8497b2a100
8405,0000000000000000000000000000000000000000000000000000000000000000000000000000000000000000000000000000000000000000001e4631d83b2860
8415,00000000000000000000000000000000000000000000000000000000000000000000000000000000000000000000000000000000000000000022c4a763534160
8425,00000000000000000000000000000000000000000000000000000000000000000000000000000000000000000000000000000000000000000021379056b29aa0
8435,0000000000000000000000000000000000000000000000000000000000000000000000000000000000000000000000000000000000000000001d7c0daac66820
8445,00000000000000000000000000000000000000000000000000000000000000000000000000000000000000000000000000000000000000000017175b055e3e20
8455,00000000000000000000000000000000000000000000000000000000000000000000000000000000000000000000000000000000000000000034c7a3b6784960
8465,00000000000000000000000000000000000000000000000000000000000000000000000000000000000000000000000000000000000000000035b1c76b9daf20
8475,00000000000000000000000000000000000000000000000000000000000000000000000000000000000000000000000000000000000000000016241f8be963a0
8485,00000000000000000000000000000000000000000000000000000000000000000000000000000000000000000000000000000000000000000025560440e05a00
8495,00000000000000000000000000000000000000000000000000000000000000000000000000000000000000000000000000000000000000000038d7ef3f241a00
8505,000000000000000000000000000000000000000000000000000000000000000000000000000000000000000000000000000000000000000000211e74e23c51e0
8515,0000000000000000000000000000000000000000000000000000000000000000000000000000000000000000000000000000000000000000001b970ba4125720
8525,000000000000000000000000000000000000000000000000000000000000000000000000000000000000000000000000000000000000000000209aa639e2eba0
8535,00000000000000000000000000000000000000000000000000000000000000000000000000000000000000000000000000000000000000000048ac1fa43f2740
8545,0000000000000000000000000000000000000000000000000000000000000000000000000000000000000000000000000000000000000000001c9f0ceae5c9c0
8555,0000000000000000000000000000000000000000000000000000000000000000000000000000000000000000000000000000000000000000001691913f9d2b00
8565,000000000000000000000000000000000000000000000000000000000000000000000000000000000000000000000000000000000000000000203194fc0b06c0
8575,0000000000000000000000000000000000000000000000000000000000000000000000000000000000000000000000000000000000000000001b656c276a5680
8585,000000000000000000000000000000000000000000000000000000000000000000000000000000000000000000000000000000000000000000132f7abee581e0
8595,00000000000000000000000000000000000000000000000000000000000000000000000000000000000000000000000000000000000000000022a37451deb760
8605,00000000000000000000000000000000000000000000000000000000000000000000000000000000000000000000000000000000000000000013e0ad8b925ea0
8615,000000000000000000000000000000000000000000000000000000000000000000000000000000000000000000000000000000000000000000183076061e6620
8625,000000000000000000000000000000000000000000000000000000000000000000000000000000000000000000000000000000000000000000216159fb443a40
8635,00000000000000000000000000000000000000000000000000000000000000000000000000000000000000000000000000000000000000000014952330a48420
8645,0000000000000000000000000000000000000000000000000000000000000000000000000000000000000000000000000000000000000000001a75331a105720
8655,0000000000000000000000000000000000000000000000000000000000000000000000000000000000000000000000000000000000000000001d6c92495b5120
8665,00000000000000000000000000000000000000000000000000000000000000000000000000000000000000000000000000000000000000000014dd8698129600
8675,00000000000000000000000000000000000000000000000000000000000000000000000000000000000000000000000000000000000000000015cd58d6ae9680
8685,000000000000000000000000000000000000000000000000000000000000000000000000000000000000000000000000000000000000000000262cafa890aec0
8695,0000000000000000000000000000000000000000000000000000000000000000000000000000000000000000000000000000000000000000001ff36ecf0005e0
8705,000000000000000000000000000000000000000000000000000000000000000000000000000000000000000000000000000000000000000000224815131a9400
8715,0000000000000000000000000000000000000000000000000000000000000000000000000000000000000000000000000000000000000000003a68b337d41ec0
8725,0000000000000000000000000000000000000000000000000000000000000000000000000000000000000000000000000000000000000000001a6c5b3832bbc0
8735,00000000000000000000000000000000000000000000000000000000000000000000000000000000000000000000000000000000000000000013438533b32fe0
8745,00000000000000000000000000000000000000000000000000000000000000000000000000000000000000000000000000000000000000000033663644704d60
8755,00000000000000000000000000000000000000000000000000000000000000000000000000000000000000000000000000000000000000000019f0db8f4a02c0
8765,00000000000000000000000000000000000000000000000000000000000000000000000000000000000000000000000000000000000000000019f5fbddb681c0
8775,0000000000000000000000000000000000000000000000000000000000000000000000000000000000000000000000000000000000000000002618cf64fb3ca0
8785,00000000000000000000000000000000000000000000000000000000000000000000000000000000000000000000000000000000000000000011272eba922d60
8795,00000000000000000000000000000000000000000000000000000000000000000000000000000000000000000000000000000000000000000019b9269ce391e0
8805,00000000000000000000000000000000000000000000000000000000000000000000000000000000000000000000000000000000000000000018c9c936dd3ba0
8815,00000000000000000000000000000000000000000000000000000000000000000000000000000000000000000000000000000000000000000019b2b4a72b5d40
8825,0000000000000000000000000000000000000000000000000000000000000000000000000000000000000000000000000000000000000000004e0c2e33d4eac0
8835,00000000000000000000000000000000000000000000000000000000000000000000000000000000000000000000000000000000000000000015b28bf606bd60
8845,000000000000000000000000000000000000000000000000000000000000000000000000000000000000000000000000000000000000000000164f26c416d820
8855,0000000000000000000000000000000000000000000000000000000000000000000000000000000000000000000000000000000000000000001b5b1c8a925b40
8865,000000000000000000000000000000000000000000000000000000000000000000000000000000000000000000000000000000000000000000216512bff055c0
8875,0000000000000000000000000000000000000000000000000000000000000000000000000000000000000000000000000000000000000000001c62db516a4900
8885,0000000000000000000000000000000000000000000000000000000000000000000000000000000000000000000000000000000000000000001ba420f1f593e0
8895,00000000000000000000000000000000000000000000000000000000000000000000000000000000000000000000000000000000000000000018996f9c956ce0
8905,000000000000000000000000000000000000000000000000000000000000000000000000000000000000000000000000000000000000000000224d0d92c4d560
8915,0000000000000000000000000000000000000000000000000000000000000000000000000000000000000000000000000000000000000000001ebe1f1512ba40
8925,0000000000000000000000000000000000000000000000000000000000000000000000000000000000000000000000000000000000000000001be38c0b3974c0
8935,00000000000000000000000000000000000000000000000000000000000000000000000000000000000000000000000000000000000000000015d9c0cbfff7a0
8945,0000000000000000000000000000000000000000000000000000000000000000000000000000000000000000000000000000000000000000002170a00dedfc80
8955,00000000000000000000000000000000000000000000000000000000000000000000000000000000000000000000000000000000000000000021d3415fe62720
8965,000000000000000000000000000000000000000000000000000000000000000000000000000000000000000000000000000000000000000000178a8bcc602080
8975,00000000000000000000000000000000000000000000000000000000000000000000000000000000000000000000000000000000000000000021a84927b7afe0
8985,00000000000000000000000000000000000000000000000000000000000000000000000000000000000000000000000000000000000000000020fbdcc7073940
8995,000000000000000000000000000000000000000000000000000000000000000000000000000000000000000000000000000000000000000000254aceadf07b20
9005,0000000000000000000000000000000000000000000000000000000000000000000000000000000000000000000000000000000000000000001e786e0613adc0
9015,0000000000000000000000000000000000000000000000000000000000000000000000000000000000000000000000000000000000000000001dd0dcc2994c00
9025,00000000000000000000000000000000000000000000000000000000000000000000000000000000000000000000000000000000000000000016a31e65d0de40
9035,000000000000000000000000000000000000000000000000000000000000000000000000000000000000000000000000000000000000000000256a24abd3efa0
9045,00000000000000000000000000000000000000000000000000000000000000000000000000000000000000000000000000000000000000000019a5d7459320c0
9055,00000000000000000000000000000000000000000000000000000000000000000000000000000000000000000000000000000000000000000019b063ceb5c600
9065,000000000000000000000000000000000000000000000000000000000000000000000000000000000000000000000000000000000000000000298feaa934a240
9075,000000000000000000000000000000000000000000000000000000000000000000000000000000000000000000000000000000000000000000287be7b1f53920
9085,0000000000000000000000000000000000000000000000000000000000000000000000000000000000000000000000000000000000000000001dab49a7979d20
9095,0000000000000000000000000000000000000000000000000000000000000000000000000000000000000000000000000000000000000000001eaa72b3eff080
9105,000000000000000000000000000000000000000000000000000000000000000000000000000000000000000000000000000000000000000000219afb63b0dea0
9115,0000000000000000000000000000000000000000000000000000000000000000000000000000000000000000000000000000000000000000001463b3966f70e0
9125,0000000000000000000000000000000000000000000000000000000000000000000000000000000000000000000000000000000000000000003fb42666573340
9135,00000000000000000000000000000000000000000000000000000000000000000000000000000000000000000000000000000000000000000019ce7d42d5f140
9145,0000000000000000000000000000000000000000000000000000000000000000000000000000000000000000000000000000000000000000001a74271a226620
9155,0000000000000000000000000000000000000000000000000000000000000000000000000000000000000000000000000000000000000000002335750cf478e0
9165,00000000000000000000000000000000000000000000000000000000000000000000000000000000000000000000000000000000000000000023e4e6f7496d80
9175,000000000000000000000000000000000000000000000000000000000000000000000000000000000000000000000000000000000000000000142b0fc1a2f160
9185,0000000000000000000000000000000000000000000000000000000000000000000000000000000000000000000000000000000000000000002f6260138b1e60
9195,0000000000000000000000000000000000000000000000000000000000000000000000000000000000000000000000000000000000000000002324723f54fd00
9205,000000000000000000000000000000000000000000000000000000000000000000000000000000000000000000000000000000000000000000154192e019ae00
9215,00000000000000000000000000000000000000000000000000000000000000000000000000000000000000000000000000000000000000000025ef3b5defd8c0
9225,00000000000000000000000000000000000000000000000000000000000000000000000000000000000000000000000000000000000000000024400ce74c8120
9235,0000000000000000000000000000000000000000000000000000000000000000000000000000000000000000000000000000000000000000002e7993196251c0
9245,0000000000000000000000000000000000000000000000000000000000000000000000000000000000000000000000000000000000000000001910033221d320
9255,000000000000000000000000000000000000000000000000000000000000000000000000000000000000000000000000000000000000000000257fdb8cd38440
9265,0000000000000000000000000000000000000000000000000000000000000000000000000000000000000000000000000000000000000000001ef3b1a527d4e0
9275,0000000000000000000000000000000000000000000000000000000000000000000000000000000000000000000000000000000000000000001618f182d1a040
9285,0000000000000000000000000000000000000000000000000000000000000000000000000000000000000000000000000000000000000000002a30b11486a540
9295,000000000000000000000000000000000000000000000000000000000000000000000000000000000000000000000000000000000000000000243fd0b6157bc0
9305,0000000000000000000000000000000000000000000000000000000000000000000000000000000000000000000000000000000000000000001f8dccb84f59c0
9315,0000000000000000000000000000000000000000000000000000000000000000000000000000000000000000000000000000000000000000001a31d3324bc8e0
9325,0000000000000000000000000000000000000000000000000000000000000000000000000000000000000000000000000000000000000000001d4f75103dd820
9335,00000000000000000000000000000000000000000000000000000000000000000000000000000000000000000000000000000000000000000015f36b2cbb63e0
9345,00000000000000000000000000000000000000000000000000000000000000000000000000000000000000000000000000000000000000000027d6d1e4776820
9355,000000000000000000000000000000000000000000000000000000000000000000000000000000000000000000000000000000000000000000170dda5e9fb340
9365,00000000000000000000000000000000000000000000000000000000000000000000000000000000000000000000000000000000000000000015f2fff1aeec60
9375,00000000000000000000000000000000000000000000000000000000000000000000000000000000000000000000000000000000000000000026cd3abb4927a0
9385,0000000000000000000000000000000000000000000000000000000000000000000000000000000000000000000000000000000000000000001914e2a7f526e0
9395,0000000000000000000000000000000000000000000000000000000000000000000000000000000000000000000000000000000000000000001537a26a9dbf80
9405,00000000000000000000000000000000000000000000000000000000000000000000000000000000000000000000000000000000000000000018b522697c8cc0
9415,0000000000000000000000000000000000000000000000000000000000000000000000000000000000000000000000000000000000000000002309430feed760
9425,00000000000000000000000000000000000000000000000000000000000000000000000000000000000000000000000000000000000000000021bfe461342b60
9435,00000000000000000000000000000000000000000000000000000000000000000000000000000000000000000000000000000000000000000020a4d9d6bcc9e0
9445,0000000000000000000000000000000000000000000000000000000000000000000000000000000000000000000000000000000000000000003238d9c50d8f40
9455,00000000000000000000000000000000000000000000000000000000000000000000000000000000000000000000000000000000000000000014ae3db8cc17e0
9465,000000000000000000000000000000000000000000000000000000000000000000000000000000000000000000000000000000000000000000146c2fe4a1fce0
9475,00000000000000000000000000000000000000000000000000000000000000000000000000000000000000000000000000000000000000000013b050d3c0ed00
9485,000000000000000000000000000000000000000000000000000000000000000000000000000000000000000000000000000000000000000000141bf5f3e28240
9495,000000000000000000000000000000000000000000000000000000000000000000000000000000000000000000000000000000000000000000130165b827cf40
9505,0000000000000000000000000000000000000000000000000000000000000000000000000000000000000000000000000000000000000000002b48b70b80daa0
9515,00000000000000000000000000000000000000000000000000000000000000000000000000000000000000000000000000000000000000000018a24412247e60
9525,0000000000000000000000000000000000000000000000000000000000000000000000000000000000000000000000000000000000000000002dc65391c51f60
9535,00000000000000000000000000000000000000000000000000000000000000000000000000000000000000000000000000000000000000000025ed915e0c8d40
9545,0000000000000000000000000000000000000000000000000000000000000000000000000000000000000000000000000000000000000000002563fa2265afe0
9555,0000000000000000000000000000000000000000000000000000000000000000000000000000000000000000000000000000000000000000001f24eca1d69b20
9565,0000000000000000000000000000000000000000000000000000000000000000000000000000000000000000000000000000000000000000002038137b9b00a0
9575,000000000000000000000000000000000000000000000000000000000000000000000000000000000000000000000000000000000000000000162b7d1f1b9080
9585,000000000000000000000000000000000000000000000000000000000000000000000000000000000000000000000000000000000000000000182711ae22df40
9595,0000000000000000000000000000000000000000000000000000000000000000000000000000000000000000000000000000000000000000001add343a70b960
9605,00000000000000000000000000000000000000000000000000000000000000000000000000000000000000000000000000000000000000000016c2d70b102320
9615,000000000000000000000000000000000000000000000000000000000000000000000000000000000000000000000000000000000000000000133195e623a3a0
9625,0000000000000000000000000000000000000000000000000000000000000000000000000000000000000000000000000000000000000000001ae001c418fd60
9635,0000000000000000000000000000000000000000000000000000000000000000000000000000000000000000000000000000000000000000001819f6fdc9d800
9645,00000000000000000000000000000000000000000000000000000000000000000000000000000000000000000000000000000000000000000040d93779fa4180
9655,0000000000000000000000000000000000000000000000000000000000000000000000000000000000000000000000000000000000000000004825fc54ab7f20
9665,0000000000000000000000000000000000000000000000000000000000000000000000000000000000000000000000000000000000000000001454b9700f55e0
9675,000000000000000000000000000000000000000000000000000000000000000000000000000000000000000000000000000000000000000000286428c74011a0
9685,0000000000000000000000000000000000000000000000000000000000000000000000000000000000000000000000000000000000000000001a78bdad847bc0
9695,0000000000000000000000000000000000000000000000000000000000000000000000000000000000000000000000000000000000000000003e13cf5129ffa0
9705,00000000000000000000000000000000000000000000000000000000000000000000000000000000000000000000000000000000000000000099c30ecafd0440
9715,0000000000000000000000000000000000000000000000000000000000000000000000000000000000000000000000000000000000000000001d9b74463296a0
9725,000000000000000000000000000000000000000000000000000000000000000000000000000000000000000000000000000000000000000000160fbcc85cbca0
9735,00000000000000000000000000000000000000000000000000000000000000000000000000000000000000000000000000000000000000000019769417875420
9745,00000000000000000000000000000000000000000000000000000000000000000000000000000000000000000000000000000000000000000017568d32573000
9755,0000000000000000000000000000000000000000000000000000000000000000000000000000000000000000000000000000000000000000003448d748dc2de0
9765,00000000000000000000000000000000000000000000000000000000000000000000000000000000000000000000000000000000000000000029cb8b9b576c20
9775,0000000000000000000000000000000000000000000000000000000000000000000000000000000000000000000000000000000000000000002f30fce5a3f9c0
9785,00000000000000000000000000000000000000000000000000000000000000000000000000000000000000000000000000000000000000000018f0a3343f0b20
9795,00000000000000000000000000000000000000000000000000000000000000000000000000000000000000000000000000000000000000000020100e8825f3c0
9805,0000000000000000000000000000000000000000000000000000000000000000000000000000000000000000000000000000000000000000002143ede98e8780
9815,0000000000000000000000000000000000000000000000000000000000000000000000000000000000000000000000000000000000000000002e9451fa0b1c60
9825,0000000000000000000000000000000000000000000000000000000000000000000000000000000000000000000000000000000000000000001cf1d2aa3e4500
9835,000000000000000000000000000000000000000000000000000000000000000000000000000000000000000000000000000000000000000000122bc601a08480
9845,00000000000000000000000000000000000000000000000000000000000000000000000000000000000000000000000000000000000000000027c6bddbb42440
9855,00000000000000000000000000000000000000000000000000000000000000000000000000000000000000000000000000000000000000000043464a28be4640
9865,0000000000000000000000000000000000000000000000000000000000000000000000000000000000000000000000000000000000000000001babe7d3e59480
9875,0000000000000000000000000000000000000000000000000000000000000000000000000000000000000000000000000000000000000000001ccb2c1927c360
9885,0000000000000000000000000000000000000000000000000000000000000000000000000000000000000000000000000000000000000000001cd097e78f2c00
9895,000000000000000000000000000000000000000000000000000000000000000000000000000000000000000000000000000000000000000000128b2e715a1d00
9905,0000000000000000000000000000000000000000000000000000000000000000000000000000000000000000000000000000000000000000002a57bb745b5980
9915,00000000000000000000000000000000000000000000000000000000000000000000000000000000000000000000000000000000000000000022b9213cb79560
9925,00000000000000000000000000000000000000000000000000000000000000000000000000000000000000000000000000000000000000000025744397741f20
9935,0000000000000000000000000000000000000000000000000000000000000000000000000000000000000000000000000000000000000000001b113e8f8c90c0
9945,00000000000000000000000000000000000000000000000000000000000000000000000000000000000000000000000000000000000000000016bef163f0e680
9955,0000000000000000000000000000000000000000000000000000000000000000000000000000000000000000000000000000000000000000001aa54b6597a020
9965,0000000000000000000000000000000000000000000000000000000000000000000000000000000000000000000000000000000000000000001d190dc52361e0
9975,0000000000000000000000000000000000000000000000000000000000000000000000000000000000000000000000000000000000000000001db1421d5801a0
9985,00000000000000000000000000000000000000000000000000000000000000000000000000000000000000000000000000000000000000000038eb29653ae500
9995,0000000000000000000000000000000000000000000000000000000000000000000000000000000000000000000000000000000000000000001b7a89eaea63c0
10005,00000000000000000000000000000000000000000000000000000000000000000000000000000000000000000000000000000000000000000021bff3eb0bbce0
10015,0000000000000000000000000000000000000000000000000000000000000000000000000000000000000000000000000000000000000000001924239d1568c0
10025,0000000000000000000000000000000000000000000000000000000000000000000000000000000000000000000000000000000000000000002e0a583e6ae220
10035,0000000000000000000000000000000000000000000000000000000000000000000000000000000000000000000000000000000000000000001d32d025dd3020
10045,0000000000000000000000000000000000000000000000000000000000000000000000000000000000000000000000000000000000000000001db7393a7af380
10055,00000000000000000000000000000000000000000000000000000000000000000000000000000000000000000000000000000000000000000022bd6263d0a7a0
10065,0000000000000000000000000000000000000000000000000000000000000000000000000000000000000000000000000000000000000000001cca7f544718e0
10075,000000000000000000000000000000000000000000000000000000000000000000000000000000000000000000000000000000000000000000324fc739a97180
10085,0000000000000000000000000000000000000000000000000000000000000000000000000000000000000000000000000000000000000000005cb6987bc57f20
10095,00000000000000000000000000000000000000000000000000000000000000000000000000000000000000000000000000000000000000000027d2340c298120
10105,00000000000000000000000000000000000000000000000000000000000000000000000000000000000000000000000000000000000000000016b1f06ea9d4a0
10115,00000000000000000000000000000000000000000000000000000000000000000000000000000000000000000000000000000000000000000024e1fb48b1f540
10125,0000000000000000000000000000000000000000000000000000000000000000000000000000000000000000000000000000000000000000002aa7fa165596e0
10135,00000000000000000000000000000000000000000000000000000000000000000000000000000000000000000000000000000000000000000016a19934b00420
10145,000000000000000000000000000000000000000000000000000000000000000000000000000000000000000000000000000000000000000000244834d30e9560
10155,000000000000000000000000000000000000000000000000000000000000000000000000000000000000000000000000000000000000000000224d1fd7afe900
10165,0000000000000000000000000000000000000000000000000000000000000000000000000000000000000000000000000000000000000000002a04cf664086c0
10175,0000000000000000000000000000000000000000000000000000000000000000000000000000000000000000000000000000000000000000002512be3b9034a0
10185,0000000000000000000000000000000000000000000000000000000000000000000000000000000000000000000000000000000000000000001c5a6e2a992dc0
10195,000000000000000000000000000000000000000000000000000000000000000000000000000000000000000000000000000000000000000000195eba7b98e560
10205,000000000000000000000000000000000000000000000000000000000000000000000000000000000000000000000000000000000000000000211d123af1c180
10215,0000000000000000000000000000000000000000000000000000000000000000000000000000000000000000000000000000000000000000003d0ad0d92c88e0
10225,0000000000000000000000000000000000000000000000000000000000000000000000000000000000000000000000000000000000000000005aa9d83cab4e60
10235,000000000000000000000000000000000000000000000000000000000000000000000000000000000000000000000000000000000000000000392c542f9baee0
10245,00000000000000000000000000000000000000000000000000000000000000000000000000000000000000000000000000000000000000000024484b97f95b60
10255,0000000000000000000000000000000000000000000000000000000000000000000000000000000000000000000000000000000000000000002c82ad0031a400
10265,0000000000000000000000000000000000000000000000000000000000000000000000000000000000000000000000000000000000000000001a6c0d2486c380
10275,0000000000000000000000000000000000000000000000000000000000000000000000000000000000000000000000000000000000000000001c9b5cc3c2f240
10285,000000000000000000000000000000000000000000000000000000000000000000000000000000000000000000000000000000000000000000282da819b129e0
10295,000000000000000000000000000000000000000000000000000000000000000000000000000000000000000000000000000000000000000000260e88ef8519a0
10305,0000000000000000000000000000000000000000000000000000000000000000000000000000000000000000000000000000000000000000001785c2af28d520
10315,000000000000000000000000000000000000000000000000000000000000000000000000000000000000000000000000000000000000000000222a3f63e22680
10325,0000000000000000000000000000000000000000000000000000000000000000000000000000000000000000000000000000000000000000002637b4c55c6f20
10335,00000000000000000000000000000000000000000000000000000000000000000000000000000000000000000000000000000000000000000019220be225d0e0
10345,00000000000000000000000000000000000000000000000000000000000000000000000000000000000000000000000000000000000000000022e7eea5df02c0
10355,00000000000000000000000000000000000000000000000000000000000000000000000000000000000000000000000000000000000000000033cc1d5143b660
10365,00000000000000000000000000000000000000000000000000000000000000000000000000000000000000000000000000000000000000000015411fcc703400
10375,00000000000000000000000000000000000000000000000000000000000000000000000000000000000000000000000000000000000000000031234392d5a0a0
10385,00000000000000000000000000000000000000000000000000000000000000000000000000000000000000000000000000000000000000000017a073c10da1a0
10395,000000000000000000000000000000000000000000000000000000000000000000000000000000000000000000000000000000000000000000552b661b708580
10405,0000000000000000000000000000000000000000000000000000000000000000000000000000000000000000000000000000000000000000002d1cdcce6b7480
10415,0000000000000000000000000000000000000000000000000000000000000000000000000000000000000000000000000000000000000000002194f6d0677280
10425,00000000000000000000000000000000000000000000000000000000000000000000000000000000000000000000000000000000000000000018881a80369080
10435,000000000000000000000000000000000000000000000000000000000000000000000000000000000000000000000000000000000000000000379d7536cafbe0
10445,00000000000000000000000000000000000000000000000000000000000000000000000000000000000000000000000000000000000000000035aad875ede6c0
10455,0000000000000000000000000000000000000000000000000000000000000000000000000000000000000000000000000000000000000000006bbc93476333c0
10465,00000000000000000000000000000000000000000000000000000000000000000000000000000000000000000000000000000000000000000017e8cb8af2a340
10475,000000000000000000000000000000000000000000000000000000000000000000000000000000000000000000000000000000000000000000374908f78ef8c0
10485,0000000000000000000000000000000000000000000000000000000000000000000000000000000000000000000000000000000000000000003a43e59cc52100
10495,000000000000000000000000000000000000000000000000000000000000000000000000000000000000000000000000000000000000000000272ef6523d1be0
10505,0000000000000000000000000000000000000000000000000000000000000000000000000000000000000000000000000000000000000000000e6755cc75b600
10515,000000000000000000000000000000000000000000000000000000000000000000000000000000000000000000000000000000000000000000265f4173ed47e0
10525,0000000000000000000000000000000000000000000000000000000000000000000000000000000000000000000000000000000000000000002380cfb91bb020
10535,000000000000000000000000000000000000000000000000000000000000000000000000000000000000000000000000000000000000000000171c6905070ca0
10545,00000000000000000000000000000000000000000000000000000000000000000000000000000000000000000000000000000000000000000032d7637f4b1580
10555,00000000000000000000000000000000000000000000000000000000000000000000000000000000000000000000000000000000000000000062445639824840
10565,0000000000000000000000000000000000000000000000000000000000000000000000000000000000000000000000000000000000000000001413e14d0b7060
10575,000000000000000000000000000000000000000000000000000000000000000000000000000000000000000000000000000000000000000000148b58f639b360
10585,000000000000000000000000000000000000000000000000000000000000000000000000000000000000000000000000000000000000000000172283dd3b4760
10595,00000000000000000000000000000000000000000000000000000000000000000000000000000000000000000000000000000000000000000051088714052540
10605,00000000000000000000000000000000000000000000000000000000000000000000000000000000000000000000000000000000000000000014a61ba5a728a0
10615,000000000000000000000000000000000000000000000000000000000000000000000000000000000000000000000000000000000000000000125ca21206eb40
10625,0000000000000000000000000000000000000000000000000000000000000000000000000000000000000000000000000000000000000000001d5017f2a905c0
10635,00000000000000000000000000000000000000000000000000000000000000000000000000000000000000000000000000000000000000000023622fcedd31e0
10645,000000000000000000000000000000000000000000000000000000000000000000000000000000000000000000000000000000000000000000274bf281843140
10655,0000000000000000000000000000000000000000000000000000000000000000000000000000000000000000000000000000000000000000001872b5290a1ae0
10665,00000000000000000000000000000000000000000000000000000000000000000000000000000000000000000000000000000000000000000019352c9216f0a0
10675,0000000000000000000000000000000000000000000000000000000000000000000000000000000000000000000000000000000000000000002276442d87bfe0
10685,00000000000000000000000000000000000000000000000000000000000000000000000000000000000000000000000000000000000000000021789b3e9f6320
10695,000000000000000000000000000000000000000000000000000000000000000000000000000000000000000000000000000000000000000000157cdce5f38e60
10705,0000000000000000000000000000000000000000000000000000000000000000000000000000000000000000000000000000000000000000001d3973391bee20
10715,0000000000000000000000000000000000000000000000000000000000000000000000000000000000000000000000000000000000000000002873c10146c0e0
10725,000000000000000000000000000000000000000000000000000000000000000000000000000000000000000000000000000000000000000000253a731180cee0
10735,00000000000000000000000000000000000000000000000000000000000000000000000000000000000000000000000000000000000000000022b2401fa46800
10745,00000000000000000000000000000000000000000000000000000000000000000000000000000000000000000000000000000000000000000058d5503eb3a1c0
10755,00000000000000000000000000000000000000000000000000000000000000000000000000000000000000000000000000000000000000000020cca298fad160
10765,0000000000000000000000000000000000000000000000000000000000000000000000000000000000000000000000000000000000000000003e2982c5db0a60
10775,000000000000000000000000000000000000000000000000000000000000000000000000000000000000000000000000000000000000000000313cff874118c0
10785,0000000000000000000000000000000000000000000000000000000000000000000000000000000000000000000000000000000000000000002f3747a04b21e0
10795,00000000000000000000000000000000000000000000000000000000000000000000000000000000000000000000000000000000000000000045849d5aa8b260
10805,00000000000000000000000000000000000000000000000000000000000000000000000000000000000000000000000000000000000000000016fa3c42684220
10815,00000000000000000000000000000000000000000000000000000000000000000000000000000000000000000000000000000000000000000012a35f3e7dbf60
10825,00000000000000000000000000000000000000000000000000000000000000000000000000000000000000000000000000000000000000000020cc3da2da3c80
10835,0000000000000000000000000000000000000000000000000000000000000000000000000000000000000000000000000000000000000000002e0e260cee3040
10845,0000000000000000000000000000000000000000000000000000000000000000000000000000000000000000000000000000000000000000001a11717966ad80
10855,0000000000000000000000000000000000000000000000000000000000000000000000000000000000000000000000000000000000000000002a28f20b33a720
10865,000000000000000000000000000000000000000000000000000000000000000000000000000000000000000000000000000000000000000000376cd8b038eaa0
10875,0000000000000000000000000000000000000000000000000000000000000000000000000000000000000000000000000000000000000000002ab8f877a69a20
10885,0000000000000000000000000000000000000000000000000000000000000000000000000000000000000000000000000000000000000000002c2a1b10021760
10895,00000000000000000000000000000000000000000000000000000000000000000000000000000000000000000000000000000000000000000015319288902a20
10905,000000000000000000000000000000000000000000000000000000000000000000000000000000000000000000000000000000000000000000351d62a6d88dc0
10915,000000000000000000000000000000000000000000000000000000000000000000000000000000000000000000000000000000000000000000276a16ebcb01e0
10925,0000000000000000000000000000000000000000000000000000000000000000000000000000000000000000000000000000000000000000001751bc32aa4540
10935,0000000000000000000000000000000000000000000000000000000000000000000000000000000000000000000000000000000000000000001d1dddc4d05de0
10945,0000000000000000000000000000000000000000000000000000000000000000000000000000000000000000000000000000000000000000001ba7c2f1b6e960
10955,0000000000000000000000000000000000000000000000000000000000000000000000000000000000000000000000000000000000000000002ee59425cc7a40
10965,00000000000000000000000000000000000000000000000000000000000000000000000000000000000000000000000000000000000000000023d2323d7869e0
10975,0000000000000000000000000000000000000000000000000000000000000000000000000000000000000000000000000000000000000000001c68bf1fc99ba0
10985,0000000000000000000000000000000000000000000000000000000000000000000000000000000000000000000000000000000000000000002e02f1b511ed60
10995,0000000000000000000000000000000000000000000000000000000000000000000000000000000000000000000000000000000000000000003bcb98bd73fe80
11005,00000000000000000000000000000000000000000000000000000000000000000000000000000000000000000000000000000000000000000023ec76b1daaf60
11015,0000000000000000000000000000000000000000000000000000000000000000000000000000000000000000000000000000000000000000001af6067db0dd00
11025,0000000000000000000000000000000000000000000000000000000000000000000000000000000000000000000000000000000000000000001d2257e20cfc00
11035,0000000000000000000000000000000000000000000000000000000000000000000000000000000000000000000000000000000000000000002819911b0bb6a0
11045,0000000000000000000000000000000000000000000000000000000000000000000000000000000000000000000000000000000000000000001973ddc8f130a0
11055,000000000000000000000000000000000000000000000000000000000000000000000000000000000000000000000000000000000000000000184d44fa54d680
11065,00000000000000000000000000000000000000000000000000000000000000000000000000000000000000000000000000000000000000000018f9dec7510280
11075,000000000000000000000000000000000000000000000000000000000000000000000000000000000000000000000000000000000000000000407277cfab9880
11085,00000000000000000000000000000000000000000000000000000000000000000000000000000000000000000000000000000000000000000014384c546fd780
11095,0000000000000000000000000000000000000000000000000000000000000000000000000000000000000000000000000000000000000000001582512a81c780
11105,000000000000000000000000000000000000000000000000000000000000000000000000000000000000000000000000000000000000000000124208f647e3e0
11115,0000000000000000000000000000000000000000000000000000000000000000000000000000000000000000000000000000000000000000003262e955e93da0
11125,000000000000000000000000000000000000000000000000000000000000000000000000000000000000000000000000000000000000000000189d2388a45220
11135,0000000000000000000000000000000000000000000000000000000000000000000000000000000000000000000000000000000000000000002002618911dc00
11145,0000000000000000000000000000000000000000000000000000000000000000000000000000000000000000000000000000000000000000002beb684576b780
11155,0000000000000000000000000000000000000000000000000000000000000000000000000000000000000000000000000000000000000000002a091034bc1520
11165,00000000000000000000000000000000000000000000000000000000000000000000000000000000000000000000000000000000000000000015a56f9472bfa0
11175,0000000000000000000000000000000000000000000000000000000000000000000000000000000000000000000000000000000000000000002c818945319b20
11185,00000000000000000000000000000000000000000000000000000000000000000000000000000000000000000000000000000000000000000017862e2f2196c0
11195,000000000000000000000000000000000000000000000000000000000000000000000000000000000000000000000000000000000000000000240c0260f59960
11205,0000000000000000000000000000000000000000000000000000000000000000000000000000000000000000000000000000000000000000001df2f17b6117a0
11215,0000000000000000000000000000000000000000000000000000000000000000000000000000000000000000000000000000000000000000002cbbe923b8cc80
11225,00000000000000000000000000000000000000000000000000000000000000000000000000000000000000000000000000000000000000000037b78cdc6b5a00
11235,00000000000000000000000000000000000000000000000000000000000000000000000000000000000000000000000000000000000000000020e0045c98c9a0
11245,000000000000000000000000000000000000000000000000000000000000000000000000000000000000000000000000000000000000000000146cae0bfbf2e0
11255,0000000000000000000000000000000000000000000000000000000000000000000000000000000000000000000000000000000000000000002637bc7696fe20
11265,00000000000000000000000000000000000000000000000000000000000000000000000000000000000000000000000000000000000000000021ef86acc367e0
11275,0000000000000000000000000000000000000000000000000000000000000000000000000000000000000000000000000000000000000000002afe90691d7f40
11285,00000000000000000000000000000000000000000000000000000000000000000000000000000000000000000000000000000000000000000016f4167de5fee0
11295,0000000000000000000000000000000000000000000000000000000000000000000000000000000000000000000000000000000000000000001db1ac623d2740
11305,00000000000000000000000000000000000000000000000000000000000000000000000000000000000000000000000000000000000000000022a541db983b60
11315,000000000000000000000000000000000000000000000000000000000000000000000000000000000000000000000000000000000000000000532ed3d1669e60
11325,00000000000000000000000000000000000000000000000000000000000000000000000000000000000000000000000000000000000000000011bea961983ca0
11335,0000000000000000000000000000000000000000000000000000000000000000000000000000000000000000000000000000000000000000002de12a41313ba0
11345,00000000000000000000000000000000000000000000000000000000000000000000000000000000000000000000000000000000000000000022aa6ba02b79a0
11355,000000000000000000000000000000000000000000000000000000000000000000000000000000000000000000000000000000000000000000526b22cae511e0
11365,0000000000000000000000000000000000000000000000000000000000000000000000000000000000000000000000000000000000000000001ad528a74a4600
11375,0000000000000000000000000000000000000000000000000000000000000000000000000000000000000000000000000000000000000000001c61a5aa1cb060
11385,00000000000000000000000000000000000000000000000000000000000000000000000000000000000000000000000000000000000000000019550cb7538c20
11395,0000000000000000000000000000000000000000000000000000000000000000000000000000000000000000000000000000000000000000001ffad51d454d60
11405,0000000000000000000000000000000000000000000000000000000000000000000000000000000000000000000000000000000000000000001a36019e526d00
11415,000000000000000000000000000000000000000000000000000000000000000000000000000000000000000000000000000000000000000000152fde7ed4ee40
11425,0000000000000000000000000000000000000000000000000000000000000000000000000000000000000000000000000000000000000000001757a96d57ba40
11435,0000000000000000000000000000000000000000000000000000000000000000000000000000000000000000000000000000000000000000001426432e447f40
11445,0000000000000000000000000000000000000000000000000000000000000000000000000000000000000000000000000000000000000000001a7398553fb620
11455,0000000000000000000000000000000000000000000000000000000000000000000000000000000000000000000000000000000000000000002519e476289260
11465,000000000000000000000000000000000000000000000000000000000000000000000000000000000000000000000000000000000000000000195bc0b6dfeb20
11475,000000000000000000000000000000000000000000000000000000000000000000000000000000000000000000000000000000000000000000277f079b9cdda0
11485,0000000000000000000000000000000000000000000000000000000000000000000000000000000000000000000000000000000000000000002a139eaa2d5e20
11495,00000000000000000000000000000000000000000000000000000000000000000000000000000000000000000000000000000000000000000017d5971fef26a0
11505,0000000000000000000000000000000000000000000000000000000000000000000000000000000000000000000000000000000000000000001075e315497360
11515,00000000000000000000000000000000000000000000000000000000000000000000000000000000000000000000000000000000000000000017ecdae34a2460
11525,000000000000000000000000000000000000000000000000000000000000000000000000000000000000000000000000000000000000000000289ae71254ab20
11535,00000000000000000000000000000000000000000000000000000000000000000000000000000000000000000000000000000000000000000022f4c573c675a0
11545,00000000000000000000000000000000000000000000000000000000000000000000000000000000000000000000000000000000000000000019144f944dd4e0
11555,0000000000000000000000000000000000000000000000000000000000000000000000000000000000000000000000000000000000000000001953ec54f0d360
11565,000000000000000000000000000000000000000000000000000000000000000000000000000000000000000000000000000000000000000000155e4071dc36e0
11575,0000000000000000000000000000000000000000000000000000000000000000000000000000000000000000000000000000000000000000001ec056289dbf40
11585,00000000000000000000000000000000000000000000000000000000000000000000000000000000000000000000000000000000000000000015f11b409481a0
11595,0000000000000000000000000000000000000000000000000000000000000000000000000000000000000000000000000000000000000000001c799214cec700
11605,0000000000000000000000000000000000000000000000000000000000000000000000000000000000000000000000000000000000000000003507a7d98a77e0
11615,000000000000000000000000000000000000000000000000000000000000000000000000000000000000000000000000000000000000000000182b415f15bc40
11625,00000000000000000000000000000000000000000000000000000000000000000000000000000000000000000000000000000000000000000033a6eb8ed90220
11635,0000000000000000000000000000000000000000000000000000000000000000000000000000000000000000000000000000000000000000001912edcf795ca0
11645,00000000000000000000000000000000000000000000000000000000000000000000000000000000000000000000000000000000000000000021a17ecf8f4880
11655,0000000000000000000000000000000000000000000000000000000000000000000000000000000000000000000000000000000000000000002920cd3a89fc00
11665,000000000000000000000000000000000000000000000000000000000000000000000000000000000000000000000000000000000000000000279c75de8d7e40
11675,000000000000000000000000000000000000000000000000000000000000000000000000000000000000000000000000000000000000000000569c2578bf0140
11685,0000000000000000000000000000000000000000000000000000000000000000000000000000000000000000000000000000000000000000002543e5dfa2bec0
11695,0000000000000000000000000000000000000000000000000000000000000000000000000000000000000000000000000000000000000000001737d2ef7cee60
11705,0000000000000000000000000000000000000000000000000000000000000000000000000000000000000000000000000000000000000000001ea8e6ef1e4cc0
11715,0000000000000000000000000000000000000000000000000000000000000000000000000000000000000000000000000000000000000000001392f61aa798e0
11725,00000000000000000000000000000000000000000000000000000000000000000000000000000000000000000000000000000000000000000020a002d71046a0
11735,00000000000000000000000000000000000000000000000000000000000000000000000000000000000000000000000000000000000000000043c82b47605080
11745,0000000000000000000000000000000000000000000000000000000000000000000000000000000000000000000000000000000000000000001ddaf510b01500
11755,00000000000000000000000000000000000000000000000000000000000000000000000000000000000000000000000000000000000000000016242450d56020
11765,00000000000000000000000000000000000000000000000000000000000000000000000000000000000000000000000000000000000000000011103b7731c300
11775,0000000000000000000000000000000000000000000000000000000000000000000000000000000000000000000000000000000000000000001a9fa79733fd80
11785,0000000000000000000000000000000000000000000000000000000000000000000000000000000000000000000000000000000000000000002507620b191740
11795,00000000000000000000000000000000000000000000000000000000000000000000000000000000000000000000000000000000000000000012676c077431e0
11805,000000000000000000000000000000000000000000000000000000000000000000000000000000000000000000000000000000000000000000318fe2c6979720
11815,000000000000000000000000000000000000000000000000000000000000000000000000000000000000000000000000000000000000000000178c56112d8e20
11825,0000000000000000000000000000000000000000000000000000000000000000000000000000000000000000000000000000000000000000001707bbd530a480
11835,0000000000000000000000000000000000000000000000000000000000000000000000000000000000000000000000000000000000000000002290e5180b2ce0
11845,00000000000000000000000000000000000000000000000000000000000000000000000000000000000000000000000000000000000000000020fe4f8bc94c40
11855,000000000000000000000000000000000000000000000000000000000000000000000000000000000000000000000000000000000000000000190e068ae1a340
11865,00000000000000000000000000000000000000000000000000000000000000000000000000000000000000000000000000000000000000000023d757daa979a0
11875,00000000000000000000000000000000000000000000000000000000000000000000000000000000000000000000000000000000000000000027f4701d8c2fe0
11885,0000000000000000000000000000000000000000000000000000000000000000000000000000000000000000000000000000000000000000003f4489a8f034c0
11895,000000000000000000000000000000000000000000000000000000000000000000000000000000000000000000000000000000000000000000318964c70794a0
11905,0000000000000000000000000000000000000000000000000000000000000000000000000000000000000000000000000000000000000000001357dc59b6c6a0
11915,00000000000000000000000000000000000000000000000000000000000000000000000000000000000000000000000000000000000000000023eeeacf3a3500
11925,000000000000000000000000000000000000000000000000000000000000000000000000000000000000000000000000000000000000000000221e29d1015fa0
11935,0000000000000000000000000000000000000000000000000000000000000000000000000000000000000000000000000000000000000000001b80a8c31e5980
11945,0000000000000000000000000000000000000000000000000000000000000000000000000000000000000000000000000000000000000000003d6c60b50fbe40
11955,0000000000000000000000000000000000000000000000000000000000000000000000000000000000000000000000000000000000000000003af5affd190220
11965,000000000000000000000000000000000000000000000000000000000000000000000000000000000000000000000000000000000000000000289fe9b960b380
11975,00000000000000000000000000000000000000000000000000000000000000000000000000000000000000000000000000000000000000000013538646505860
11985,0000000000000000000000000000000000000000000000000000000000000000000000000000000000000000000000000000000000000000002716784a0afc80
11995,0000000000000000000000000000000000000000000000000000000000000000000000000000000000000000000000000000000000000000001e0c1db4c28de0
12005,00000000000000000000000000000000000000000000000000000000000000000000000000000000000000000000000000000000000000000018ef67dbb6c100
12015,0000000000000000000000000000000000000000000000000000000000000000000000000000000000000000000000000000000000000000001d843f02d69ec0
12025,00000000000000000000000000000000000000000000000000000000000000000000000000000000000000000000000000000000000000000018ff2695bad820
12035,0000000000000000000000000000000000000000000000000000000000000000000000000000000000000000000000000000000000000000003f5da5138de0a0
12045,000000000000000000000000000000000000000000000000000000000000000000000000000000000000000000000000000000000000000000690dd6ce46f3e0
12055,0000000000000000000000000000000000000000000000000000000000000000000000000000000000000000000000000000000000000000001cc5680fb29b80
12065,00000000000000000000000000000000000000000000000000000000000000000000000000000000000000000000000000000000000000000026c2bb80ea8920
12075,0000000000000000000000000000000000000000000000000000000000000000000000000000000000000000000000000000000000000000001925c6445ba920
12085,00000000000000000000000000000000000000000000000000000000000000000000000000000000000000000000000000000000000000000028829758e45940
12095,00000000000000000000000000000000000000000000000000000000000000000000000000000000000000000000000000000000000000000045d28a06a39320
12105,000000000000000000000000000000000000000000000000000000000000000000000000000000000000000000000000000000000000000000274a096df3eac0
12115,0000000000000000000000000000000000000000000000000000000000000000000000000000000000000000000000000000000000000000001778fe262c75e0
12125,00000000000000000000000000000000000000000000000000000000000000000000000000000000000000000000000000000000000000000028ad187390fea0
12135,0000000000000000000000000000000000000000000000000000000000000000000000000000000000000000000000000000000000000000002cfb8401e5c420
12145,00000000000000000000000000000000000000000000000000000000000000000000000000000000000000000000000000000000000000000021a0d7cf9a8940
12155,00000000000000000000000000000000000000000000000000000000000000000000000000000000000000000000000000000000000000000024c56b4a9ea940
12165,0000000000000000000000000000000000000000000000000000000000000000000000000000000000000000000000000000000000000000002d8b031f9ce8e0
12175,0000000000000000000000000000000000000000000000000000000000000000000000000000000000000000000000000000000000000000001a1967aa186a60
12185,0000000000000000000000000000000000000000000000000000000000000000000000000000000000000000000000000000000000000000001277e5d51ce900
12195,00000000000000000000000000000000000000000000000000000000000000000000000000000000000000000000000000000000000000000044b3d14b309ac0
12205,0000000000000000000000000000000000000000000000000000000000000000000000000000000000000000000000000000000000000000001bbe597a09e220
12215,00000000000000000000000000000000000000000000000000000000000000000000000000000000000000000000000000000000000000000038d32de6d89760
12225,0000000000000000000000000000000000000000000000000000000000000000000000000000000000000000000000000000000000000000004413379116a880
12235,0000000000000000000000000000000000000000000000000000000000000000000000000000000000000000000000000000000000000000001896b609133300
12245,000000000000000000000000000000000000000000000000000000000000000000000000000000000000000000000000000000000000000000187dd79e716ae0
12255,00000000000000000000000000000000000000000000000000000000000000000000000000000000000000000000000000000000000000000041038814aa2b80
12265,0000000000000000000000000000000000000000000000000000000000000000000000000000000000000000000000000000000000000000002f0c7bf1f247e0
12275,00000000000000000000000000000000000000000000000000000000000000000000000000000000000000000000000000000000000000000014f320a0769260
12285,000000000000000000000000000000000000000000000000000000000000000000000000000000000000000000000000000000000000000000285d2cbddfefc0
12295,00000000000000000000000000000000000000000000000000000000000000000000000000000000000000000000000000000000000000000011d51b1b28c400
12305,0000000000000000000000000000000000000000000000000000000000000000000000000000000000000000000000000000000000000000001c4bc4dcd12a00
12315,0000000000000000000000000000000000000000000000000000000000000000000000000000000000000000000000000000000000000000001e99fa8da99300
12325,0000000000000000000000000000000000000000000000000000000000000000000000000000000000000000000000000000000000000000003432b540815b80
12335,000000000000000000000000000000000000000000000000000000000000000000000000000000000000000000000000000000000000000000293fce2e9a8de0
12345,000000000000000000000000000000000000000000000000000000000000000000000000000000000000000000000000000000000000000000167a9941296100
12355,0000000000000000000000000000000000000000000000000000000000000000000000000000000000000000000000000000000000000000001fd80aa9760f60
12365,000000000000000000000000000000000000000000000000000000000000000000000000000000000000000000000000000000000000000000180892cdbac4a0
12375,0000000000000000000000000000000000000000000000000000000000000000000000000000000000000000000000000000000000000000001d30bb924fd800
12385,0000000000000000000000000000000000000000000000000000000000000000000000000000000000000000000000000000000000000000001c279237df1da0
12395,0000000000000000000000000000000000000000000000000000000000000000000000000000000000000000000000000000000000000000001fcf6520329960
12405,00000000000000000000000000000000000000000000000000000000000000000000000000000000000000000000000000000000000000000010e0e20e13c4a0
12415,0000000000000000000000000000000000000000000000000000000000000000000000000000000000000000000000000000000000000000001885cb005e6be0
12425,000000000000000000000000000000000000000000000000000000000000000000000000000000000000000000000000000000000000000000125d6f9bd1af40
12435,00000000000000000000000000000000000000000000000000000000000000000000000000000000000000000000000000000000000000000035112e3b5c5120
12445,0000000000000000000000000000000000000000000000000000000000000000000000000000000000000000000000000000000000000000001b6dfbff742f00
12455,0000000000000000000000000000000000000000000000000000000000000000000000000000000000000000000000000000000000000000001d502e7c801e80
12465,00000000000000000000000000000000000000000000000000000000000000000000000000000000000000000000000000000000000000000014ea4aaae79ac0
12475,0000000000000000000000000000000000000000000000000000000000000000000000000000000000000000000000000000000000000000001eb6565a854fa0
12485,00000000000000000000000000000000000000000000000000000000000000000000000000000000000000000000000000000000000000000049752baa645200
12495,00000000000000000000000000000000000000000000000000000000000000000000000000000000000000000000000000000000000000000027b51004479140
12505,000000000000000000000000000000000000000000000000000000000000000000000000000000000000000000000000000000000000000000203980541ff4e0
12515,00000000000000000000000000000000000000000000000000000000000000000000000000000000000000000000000000000000000000000020d5caac0e1920
12525,000000000000000000000000000000000000000000000000000000000000000000000000000000000000000000000000000000000000000000191fc8c4c2fe00
12535,0000000000000000000000000000000000000000000000000000000000000000000000000000000000000000000000000000000000000000002922d4443fa020
12545,000000000000000000000000000000000000000000000000000000000000000000000000000000000000000000000000000000000000000000232ae5d296ee60
12555,0000000000000000000000000000000000000000000000000000000000000000000000000000000000000000000000000000000000000000001f152dd4214a40
12565,0000000000000000000000000000000000000000000000000000000000000000000000000000000000000000000000000000000000000000002177c56fe8df00
12575,00000000000000000000000000000000000000000000000000000000000000000000000000000000000000000000000000000000000000000024f3330c754200
12585,0000000000000000000000000000000000000000000000000000000000000000000000000000000000000000000000000000000000000000002ab9a33c876720
12595,0000000000000000000000000000000000000000000000000000000000000000000000000000000000000000000000000000000000000000004cffdf599a7740
12605,000000000000000000000000000000000000000000000000000000000000000000000000000000000000000000000000000000000000000000274562e46b8600
12615,0000000000000000000000000000000000000000000000000000000000000000000000000000000000000000000000000000000000000000001c5875dbf63cc0
12625,000000000000000000000000000000000000000000000000000000000000000000000000000000000000000000000000000000000000000000231b76c9c88c40
12635,0000000000000000000000000000000000000000000000000000000000000000000000000000000000000000000000000000000000000000001edd43ba5bf820
12645,0000000000000000000000000000000000000000000000000000000000000000000000000000000000000000000000000000000000000000001bbeb92b3e8320
12655,00000000000000000000000000000000000000000000000000000000000000000000000000000000000000000000000000000000000000000012cbe80a8773c0
12665,0000000000000000000000000000000000000000000000000000000000000000000000000000000000000000000000000000000000000000001a40e56282e2c0
12675,0000000000000000000000000000000000000000000000000000000000000000000000000000000000000000000000000000000000000000002eff5c72d4a740
12685,0000000000000000000000000000000000000000000000000000000000000000000000000000000000000000000000000000000000000000002be9248a8a16a0
12695,0000000000000000000000000000000000000000000000000000000000000000000000000000000000000000000000000000000000000000001f36ffbe28aa00
12705,0000000000000000000000000000000000000000000000000000000000000000000000000000000000000000000000000000000000000000001ef32eea1cf2c0
12715,0000000000000000000000000000000000000000000000000000000000000000000000000000000000000000000000000000000000000000001e76e219df9680
12725,00000000000000000000000000000000000000000000000000000000000000000000000000000000000000000000000000000000000000000024b04a6994f920
12735,0000000000000000000000000000000000000000000000000000000000000000000000000000000000000000000000000000000000000000003820d7c1a1d280
12745,0000000000000000000000000000000000000000000000000000000000000000000000000000000000000000000000000000000000000000001e9318a1d18740
12755,0000000000000000000000000000000000000000000000000000000000000000000000000000000000000000000000000000000000000000001a0e04be8e0fe0
12765,0000000000000000000000000000000000000000000000000000000000000000000000000000000000000000000000000000000000000000002761ea58a6c7c0
12775,0000000000000000000000000000000000000000000000000000000000000000000000000000000000000000000000000000000000000000001d2e71613c4420
12785,0000000000000000000000000000000000000000000000000000000000000000000000000000000000000000000000000000000000000000006bcceea8bf32c0
12795,00000000000000000000000000000000000000000000000000000000000000000000000000000000000000000000000000000000000000000034eb9dc7bceaa0
12805,0000000000000000000000000000000000000000000000000000000000000000000000000000000000000000000000000000000000000000001927f1a6ac6420
12815,0000000000000000000000000000000000000000000000000000000000000000000000000000000000000000000000000000000000000000002f239ea19e4520
12825,0000000000000000000000000000000000000000000000000000000000000000000000000000000000000000000000000000000000000000001bbf9e177ddb20
12835,000000000000000000000000000000000000000000000000000000000000000000000000000000000000000000000000000000000000000000276a8fba87ca40
12845,0000000000000000000000000000000000000000000000000000000000000000000000000000000000000000000000000000000000000000001a209cee886240
12855,0000000000000000000000000000000000000000000000000000000000000000000000000000000000000000000000000000000000000000001a5f8439103880
12865,0000000000000000000000000000000000000000000000000000000000000000000000000000000000000000000000000000000000000000002441478e99c380
12875,0000000000000000000000000000000000000000000000000000000000000000000000000000000000000000000000000000000000000000001a0176493f46e0
12885,0000000000000000000000000000000000000000000000000000000000000000000000000000000000000000000000000000000000000000001ce9845c089f80
12895,0000000000000000000000000000000000000000000000000000000000000000000000000000000000000000000000000000000000000000001e55be74b8c760
12905,00000000000000000000000000000000000000000000000000000000000000000000000000000000000000000000000000000000000000000016aa196f311160
12915,0000000000000000000000000000000000000000000000000000000000000000000000000000000000000000000000000000000000000000001ec66414841400
12925,0000000000000000000000000000000000000000000000000000000000000000000000000000000000000000000000000000000000000000001f4b44d07c3d80
12935,00000000000000000000000000000000000000000000000000000000000000000000000000000000000000000000000000000000000000000018db7153368040
12945,0000000000000000000000000000000000000000000000000000000000000000000000000000000000000000000000000000000000000000000ff9cdf6436a20
12955,00000000000000000000000000000000000000000000000000000000000000000000000000000000000000000000000000000000000000000022d8a3895cf9e0
12965,0000000000000000000000000000000000000000000000000000000000000000000000000000000000000000000000000000000000000000001e0ce16fc90ec0
12975,0000000000000000000000000000000000000000000000000000000000000000000000000000000000000000000000000000000000000000001df6ec53b9fa60
12985,0000000000000000000000000000000000000000000000000000000000000000000000000000000000000000000000000000000000000000001b583d4fb034c0
12995,000000000000000000000000000000000000000000000000000000000000000000000000000000000000000000000000000000000000000000412992d7064080
13005,00000000000000000000000000000000000000000000000000000000000000000000000000000000000000000000000000000000000000000013fa9c6c492d40
13015,00000000000000000000000000000000000000000000000000000000000000000000000000000000000000000000000000000000000000000029519999b65dc0
13025,0000000000000000000000000000000000000000000000000000000000000000000000000000000000000000000000000000000000000000002932062f8847e0
13035,000000000000000000000000000000000000000000000000000000000000000000000000000000000000000000000000000000000000000000181c79877729c0
13045,0000000000000000000000000000000000000000000000000000000000000000000000000000000000000000000000000000000000000000002bdc0e01933de0
13055,00000000000000000000000000000000000000000000000000000000000000000000000000000000000000000000000000000000000000000016c6d559902ca0
13065,0000000000000000000000000000000000000000000000000000000000000000000000000000000000000000000000000000000000000000000f8239082ad140
13075,0000000000000000000000000000000000000000000000000000000000000000000000000000000000000000000000000000000000000000001aace3c78ac2e0
13085,0000000000000000000000000000000000000000000000000000000000000000000000000000000000000000000000000000000000000000001ad0f68a08cde0
13095,000000000000000000000000000000000000000000000000000000000000000000000000000000000000000000000000000000000000000000247a0a0ac6a860
13105,0000000000000000000000000000000000000000000000000000000000000000000000000000000000000000000000000000000000000000003e9db96568d1c0
13115,0000000000000000000000000000000000000000000000000000000000000000000000000000000000000000000000000000000000000000001852a3178217a0
13125,00000000000000000000000000000000000000000000000000000000000000000000000000000000000000000000000000000000000000000013b72549727e80
13135,000000000000000000000000000000000000000000000000000000000000000000000000000000000000000000000000000000000000000000268dc92205b6e0
13145,0000000000000000000000000000000000000000000000000000000000000000000000000000000000000000000000000000000000000000002baa08ac549040
13155,00000000000000000000000000000000000000000000000000000000000000000000000000000000000000000000000000000000000000000024f4e0a9e227c0
13165,00000000000000000000000000000000000000000000000000000000000000000000000000000000000000000000000000000000000000000015161af6b8bdc0
13175,000000000000000000000000000000000000000000000000000000000000000000000000000000000000000000000000000000000000000000466c3f375bce20
13185,00000000000000000000000000000000000000000000000000000000000000000000000000000000000000000000000000000000000000000022d7267f9e0940
13195,0000000000000000000000000000000000000000000000000000000000000000000000000000000000000000000000000000000000000000002f79fecd075d80
13205,0000000000000000000000000000000000000000000000000000000000000000000000000000000000000000000000000000000000000000003a13bc47666060
13215,0000000000000000000000000000000000000000000000000000000000000000000000000000000000000000000000000000000000000000003004fbf4e4e1a0
13225,000000000000000000000000000000000000000000000000000000000000000000000000000000000000000000000000000000000000000000285800a0af5020
13235,000000000000000000000000000000000000000000000000000000000000000000000000000000000000000000000000000000000000000000199cef9eca46a0
13245,00000000000000000000000000000000000000000000000000000000000000000000000000000000000000000000000000000000000000000021b6fdd7f516a0
13255,00000000000000000000000000000000000000000000000000000000000000000000000000000000000000000000000000000000000000000018cedb4a36fee0
13265,00000000000000000000000000000000000000000000000000000000000000000000000000000000000000000000000000000000000000000024f42433c77840
13275,0000000000000000000000000000000000000000000000000000000000000000000000000000000000000000000000000000000000000000002b145322b9d160
13285,0000000000000000000000000000000000000000000000000000000000000000000000000000000000000000000000000000000000000000001860e33deebb20
13295,000000000000000000000000000000000000000000000000000000000000000000000000000000000000000000000000000000000000000000233cc15162e400
13305,00000000000000000000000000000000000000000000000000000000000000000000000000000000000000000000000000000000000000000016f78b1b343be0
13315,00000000000000000000000000000000000000000000000000000000000000000000000000000000000000000000000000000000000000000027ff464e0c54c0
13325,00000000000000000000000000000000000000000000000000000000000000000000000000000000000000000000000000000000000000000018a428af8daf60
13335,00000000000000000000000000000000000000000000000000000000000000000000000000000000000000000000000000000000000000000039af164e2e8fe0
13345,00000000000000000000000000000000000000000000000000000000000000000000000000000000000000000000000000000000000000000011585bfc2e2f40
13355,00000000000000000000000000000000000000000000000000000000000000000000000000000000000000000000000000000000000000000019b5b4896dc6a0
13365,000000000000000000000000000000000000000000000000000000000000000000000000000000000000000000000000000000000000000000455837f157c300
13375,0000000000000000000000000000000000000000000000000000000000000000000000000000000000000000000000000000000000000000001503b581ceb180
13385,0000000000000000000000000000000000000000000000000000000000000000000000000000000000000000000000000000000000000000001ea6ff02f06880
13395,00000000000000000000000000000000000000000000000000000000000000000000000000000000000000000000000000000000000000000020657a4750bf80
13405,0000000000000000000000000000000000000000000000000000000000000000000000000000000000000000000000000000000000000000002000bd26b80840
13415,00000000000000000000000000000000000000000000000000000000000000000000000000000000000000000000000000000000000000000025598ab6caed00
13425,000000000000000000000000000000000000000000000000000000000000000000000000000000000000000000000000000000000000000000430626a3380dc0
13435,0000000000000000000000000000000000000000000000000000000000000000000000000000000000000000000000000000000000000000001f504f7787bbe0
13445,0000000000000000000000000000000000000000000000000000000000000000000000000000000000000000000000000000000000000000002f957f7c680540
13455,000000000000000000000000000000000000000000000000000000000000000000000000000000000000000000000000000000000000000000153f00fdcfdb20
13465,00000000000000000000000000000000000000000000000000000000000000000000000000000000000000000000000000000000000000000027c213efb5d280
13475,00000000000000000000000000000000000000000000000000000000000000000000000000000000000000000000000000000000000000000020f884c740e740
13485,0000000000000000000000000000000000000000000000000000000000000000000000000000000000000000000000000000000000000000001fe7656d598060
13495,000000000000000000000000000000000000000000000000000000000000000000000000000000000000000000000000000000000000000000127e3d2d4d1020
13505,00000000000000000000000000000000000000000000000000000000000000000000000000000000000000000000000000000000000000000017e05cf7d2dba0
13515,0000000000000000000000000000000000000000000000000000000000000000000000000000000000000000000000000000000000000000001a6a1adfbc07e0
13525,0000000000000000000000000000000000000000000000000000000000000000000000000000000000000000000000000000000000000000001cde71c91664e0
13535,000000000000000000000000000000000000000000000000000000000000000000000000000000000000000000000000000000000000000000196c8af0d1fbe0
13545,0000000000000000000000000000000000000000000000000000000000000000000000000000000000000000000000000000000000000000001eb821c6b51f80
13555,00000000000000000000000000000000000000000000000000000000000000000000000000000000000000000000000000000000000000000039c52f5689fd80
13565,00000000000000000000000000000000000000000000000000000000000000000000000000000000000000000000000000000000000000000020a5ce42fb1680
13575,00000000000000000000000000000000000000000000000000000000000000000000000000000000000000000000000000000000000000000014c52d725421c0
13585,000000000000000000000000000000000000000000000000000000000000000000000000000000000000000000000000000000000000000000224343d859fc00
13595,0000000000000000000000000000000000000000000000000000000000000000000000000000000000000000000000000000000000000000001f69cbffa8b520
13605,00000000000000000000000000000000000000000000000000000000000000000000000000000000000000000000000000000000000000000010956b3a8bfce0
13615,000000000000000000000000000000000000000000000000000000000000000000000000000000000000000000000000000000000000000000195ae236eee940
13625,0000000000000000000000000000000000000000000000000000000000000000000000000000000000000000000000000000000000000000003e5e82110dc2a0
13635,000000000000000000000000000000000000000000000000000000000000000000000000000000000000000000000000000000000000000000239fb65e691b80
13645,0000000000000000000000000000000000000000000000000000000000000000000000000000000000000000000000000000000000000000002930f5434be6e0
13655,0000000000000000000000000000000000000000000000000000000000000000000000000000000000000000000000000000000000000000001dbd5dfefd4800
13665,000000000000000000000000000000000000000000000000000000000000000000000000000000000000000000000000000000000000000000328a428e562ba0
13675,0000000000000000000000000000000000000000000000000000000000000000000000000000000000000000000000000000000000000000001992b701f0bea0
13685,00000000000000000000000000000000000000000000000000000000000000000000000000000000000000000000000000000000000000000054092cc2b01f20
13695,0000000000000000000000000000000000000000000000000000000000000000000000000000000000000000000000000000000000000000003c494d6636a540
13705,00000000000000000000000000000000000000000000000000000000000000000000000000000000000000000000000000000000000000000029e5253727aae0
13715,00000000000000000000000000000000000000000000000000000000000000000000000000000000000000000000000000000000000000000025c2c1eac7a580
13725,000000000000000000000000000000000000000000000000000000000000000000000000000000000000000000000000000000000000000000154e731076a660
13735,000000000000000000000000000000000000000000000000000000000000000000000000000000000000000000000000000000000000000000149c7cc3d6f600
13745,00000000000000000000000000000000000000000000000000000000000000000000000000000000000000000000000000000000000000000043ebd6b147c860
13755,0000000000000000000000000000000000000000000000000000000000000000000000000000000000000000000000000000000000000000002b0979999c5c60
13765,00000000000000000000000000000000000000000000000000000000000000000000000000000000000000000000000000000000000000000034fa34da7277a0
13775,0000000000000000000000000000000000000000000000000000000000000000000000000000000000000000000000000000000000000000001098caa6a093c0
13785,000000000000000000000000000000000000000000000000000000000000000000000000000000000000000000000000000000000000000000266ec31a444180
13795,0000000000000000000000000000000000000000000000000000000000000000000000000000000000000000000000000000000000000000002e2553504ab220
13805,000000000000000000000000000000000000000000000000000000000000000000000000000000000000000000000000000000000000000000366cbca3f0f700
13815,0000000000000000000000000000000000000000000000000000000000000000000000000000000000000000000000000000000000000000002f5210ed41fda0
13825,00000000000000000000000000000000000000000000000000000000000000000000000000000000000000000000000000000000000000000022db336ba6ef40
13835,000000000000000000000000000000000000000000000000000000000000000000000000000000000000000000000000000000000000000000198d70e4c1df80
13845,00000000000000000000000000000000000000000000000000000000000000000000000000000000000000000000000000000000000000000018a30bb9798080
13855,0000000000000000000000000000000000000000000000000000000000000000000000000000000000000000000000000000000000000000001f18c122a88980
13865,0000000000000000000000000000000000000000000000000000000000000000000000000000000000000000000000000000000000000000002373fed7829c00
13875,000000000000000000000000000000000000000000000000000000000000000000000000000000000000000000000000000000000000000000558182e46800e0
13885,0000000000000000000000000000000000000000000000000000000000000000000000000000000000000000000000000000000000000000003ceadec7a25da0
13895,00000000000000000000000000000000000000000000000000000000000000000000000000000000000000000000000000000000000000000020c6b8b6eaac80
13905,0000000000000000000000000000000000000000000000000000000000000000000000000000000000000000000000000000000000000000003bd34d0bb40480
13915,000000000000000000000000000000000000000000000000000000000000000000000000000000000000000000000000000000000000000000275ef7803c1b00
13925,0000000000000000000000000000000000000000000000000000000000000000000000000000000000000000000000000000000000000000002ef40c2eab8120
13935,000000000000000000000000000000000000000000000000000000000000000000000000000000000000000000000000000000000000000000328157678d8de0
13945,00000000000000000000000000000000000000000000000000000000000000000000000000000000000000000000000000000000000000000021fa07c9980d40
13955,00000000000000000000000000000000000000000000000000000000000000000000000000000000000000000000000000000000000000000010f0860d05f7a0
13965,000000000000000000000000000000000000000000000000000000000000000000000000000000000000000000000000000000000000000000210e4b00dcfd00
13975,0000000000000000000000000000000000000000000000000000000000000000000000000000000000000000000000000000000000000000001eb0961fd4d260
13985,00000000000000000000000000000000000000000000000000000000000000000000000000000000000000000000000000000000000000000016ff6fae5d5000
13995,00000000000000000000000000000000000000000000000000000000000000000000000000000000000000000000000000000000000000000026250750773ce0
14005,00000000000000000000000000000000000000000000000000000000000000000000000000000000000000000000000000000000000000000024a3eb392f4f80
14015,0000000000000000000000000000000000000000000000000000000000000000000000000000000000000000000000000000000000000000002fa46140539d80
14025,0000000000000000000000000000000000000000000000000000000000000000000000000000000000000000000000000000000000000000002cb37d41d3ea20
14035,0000000000000000000000000000000000000000000000000000000000000000000000000000000000000000000000000000000000000000001b4b8fda638280
14045,0000000000000000000000000000000000000000000000000000000000000000000000000000000000000000000000000000000000000000002ce33ab4c3c860
14055,00000000000000000000000000000000000000000000000000000000000000000000000000000000000000000000000000000000000000000027b6e5a1b1c500
14065,0000000000000000000000000000000000000000000000000000000000000000000000000000000000000000000000000000000000000000001342c4e4fb38e0
14075,0000000000000000000000000000000000000000000000000000000000000000000000000000000000000000000000000000000000000000001ca2adb96c2020
14085,0000000000000000000000000000000000000000000000000000000000000000000000000000000000000000000000000000000000000000001524ba5832a7c0
14095,0000000000000000000000000000000000000000000000000000000000000000000000000000000000000000000000000000000000000000002d080ce383b240
14105,000000000000000000000000000000000000000000000000000000000000000000000000000000000000000000000000000000000000000000387bd87693b720
14115,0000000000000000000000000000000000000000000000000000000000000000000000000000000000000000000000000000000000000000001dbf1039f3b6c0
14125,0000000000000000000000000000000000000000000000000000000000000000000000000000000000000000000000000000000000000000001b8b43912c5760
14135,00000000000000000000000000000000000000000000000000000000000000000000000000000000000000000000000000000000000000000020621ef8c5ba40
14145,0000000000000000000000000000000000000000000000000000000000000000000000000000000000000000000000000000000000000000003651ed43494900
14155,000000000000000000000000000000000000000000000000000000000000000000000000000000000000000000000000000000000000000000161f9fa9c0da40
14165,00000000000000000000000000000000000000000000000000000000000000000000000000000000000000000000000000000000000000000032ba671ec8efc0
14175,0000000000000000000000000000000000000000000000000000000000000000000000000000000000000000000000000000000000000000002150315ee25e40
14185,000000000000000000000000000000000000000000000000000000000000000000000000000000000000000000000000000000000000000000160d784883da40
14195,00000000000000000000000000000000000000000000000000000000000000000000000000000000000000000000000000000000000000000045d7fbd50a9440
14205,00000000000000000000000000000000000000000000000000000000000000000000000000000000000000000000000000000000000000000025ec6705831de0
14215,0000000000000000000000000000000000000000000000000000000000000000000000000000000000000000000000000000000000000000001d9909bc83a6e0
14225,00000000000000000000000000000000000000000000000000000000000000000000000000000000000000000000000000000000000000000031379f91766da0
14235,0000000000000000000000000000000000000000000000000000000000000000000000000000000000000000000000000000000000000000001bbf51b50cd960
14245,00000000000000000000000000000000000000000000000000000000000000000000000000000000000000000000000000000000000000000029714c66587da0
14255,0000000000000000000000000000000000000000000000000000000000000000000000000000000000000000000000000000000000000000002778e1eacbd420
14265,0000000000000000000000000000000000000000000000000000000000000000000000000000000000000000000000000000000000000000001a5bc09bc74e40
14275,0000000000000000000000000000000000000000000000000000000000000000000000000000000000000000000000000000000000000000002dd48c9aa86500
14285,0000000000000000000000000000000000000000000000000000000000000000000000000000000000000000000000000000000000000000001a256ee45c9ee0
14295,00000000000000000000000000000000000000000000000000000000000000000000000000000000000000000000000000000000000000000012a8a92098ac40
14305,00000000000000000000000000000000000000000000000000000000000000000000000000000000000000000000000000000000000000000019b25f09a74980
14315,00000000000000000000000000000000000000000000000000000000000000000000000000000000000000000000000000000000000000000017c3c2660f0b00
14325,00000000000000000000000000000000000000000000000000000000000000000000000000000000000000000000000000000000000000000010116160fb8000
14335,0000000000000000000000000000000000000000000000000000000000000000000000000000000000000000000000000000000000000000001d37396a7d6700
14345,0000000000000000000000000000000000000000000000000000000000000000000000000000000000000000000000000000000000000000001f05eecb4fac20
14355,00000000000000000000000000000000000000000000000000000000000000000000000000000000000000000000000000000000000000000038b2cf41a48200
14365,00000000000000000000000000000000000000000000000000000000000000000000000000000000000000000000000000000000000000000011debf69475e00
14375,0000000000000000000000000000000000000000000000000000000000000000000000000000000000000000000000000000000000000000001a573857292e20
14385,0000000000000000000000000000000000000000000000000000000000000000000000000000000000000000000000000000000000000000002a42f54486a0a0
14395,0000000000000000000000000000000000000000000000000000000000000000000000000000000000000000000000000000000000000000002143b7071c12e0
14405,0000000000000000000000000000000000000000000000000000000000000000000000000000000000000000000000000000000000000000001ce1737044fe80
14415,00000000000000000000000000000000000000000000000000000000000000000000000000000000000000000000000000000000000000000058dc9bf94978a0
14425,0000000000000000000000000000000000000000000000000000000000000000000000000000000000000000000000000000000000000000002348b8a9320320
14435,000000000000000000000000000000000000000000000000000000000000000000000000000000000000000000000000000000000000000000409f6baf1a50e0
14445,0000000000000000000000000000000000000000000000000000000000000000000000000000000000000000000000000000000000000000003d0871a81a5f40
14455,00000000000000000000000000000000000000000000000000000000000000000000000000000000000000000000000000000000000000000018fca7a99720a0
14465,0000000000000000000000000000000000000000000000000000000000000000000000000000000000000000000000000000000000000000002eb0ca01f8a340
14475,0000000000000000000000000000000000000000000000000000000000000000000000000000000000000000000000000000000000000000001f3e9a6507f460
14485,00000000000000000000000000000000000000000000000000000000000000000000000000000000000000000000000000000000000000000028a6a7ea277660
14495,0000000000000000000000000000000000000000000000000000000000000000000000000000000000000000000000000000000000000000001fba6d0deb15a0
14505,0000000000000000000000000000000000000000000000000000000000000000000000000000000000000000000000000000000000000000003409ae9209fb40
14515,0000000000000000000000000000000000000000000000000000000000000000000000000000000000000000000000000000000000000000001879fbcfef0e40
14525,00000000000000000000000000000000000000000000000000000000000000000000000000000000000000000000000000000000000000000041f98121a0fae0
14535,0000000000000000000000000000000000000000000000000000000000000000000000000000000000000000000000000000000000000000001396c786b48140
14545,0000000000000000000000000000000000000000000000000000000000000000000000000000000000000000000000000000000000000000001fc49f52278140
14555,0000000000000000000000000000000000000000000000000000000000000000000000000000000000000000000000000000000000000000001714835e2cd000
14565,000000000000000000000000000000000000000000000000000000000000000000000000000000000000000000000000000000000000000000207223504ef920
14575,00000000000000000000000000000000000000000000000000000000000000000000000000000000000000000000000000000000000000000017662793c03040
14585,0000000000000000000000000000000000000000000000000000000000000000000000000000000000000000000000000000000000000000004302c9cad48580
14595,0000000000000000000000000000000000000000000000000000000000000000000000000000000000000000000000000000000000000000002880eebb771d40
14605,000000000000000000000000000000000000000000000000000000000000000000000000000000000000000000000000000000000000000000183da73675e940
14615,00000000000000000000000000000000000000000000000000000000000000000000000000000000000000000000000000000000000000000015cad7d6d9c7c0
14625,0000000000000000000000000000000000000000000000000000000000000000000000000000000000000000000000000000000000000000003fac85a1ee79c0
14635,00000000000000000000000000000000000000000000000000000000000000000000000000000000000000000000000000000000000000000049e22da30bef80
14645,0000000000000000000000000000000000000000000000000000000000000000000000000000000000000000000000000000000000000000001b43615af0a4a0
14655,0000000000000000000000000000000000000000000000000000000000000000000000000000000000000000000000000000000000000000001b9ec3fc2ab500
14665,000000000000000000000000000000000000000000000000000000000000000000000000000000000000000000000000000000000000000000157a9148914e20
14675,0000000000000000000000000000000000000000000000000000000000000000000000000000000000000000000000000000000000000000001f4dd5bc9ebe80
14685,0000000000000000000000000000000000000000000000000000000000000000000000000000000000000000000000000000000000000000001d01465a6ecd00
14695,0000000000000000000000000000000000000000000000000000000000000000000000000000000000000000000000000000000000000000002e37726c9bf200
14705,0000000000000000000000000000000000000000000000000000000000000000000000000000000000000000000000000000000000000000001cd8865d2dbd00
14715,00000000000000000000000000000000000000000000000000000000000000000000000000000000000000000000000000000000000000000015cf486065d000
14725,0000000000000000000000000000000000000000000000000000000000000000000000000000000000000000000000000000000000000000002c20e186c89a60
14735,000000000000000000000000000000000000000000000000000000000000000000000000000000000000000000000000000000000000000000232bbb48afeea0
14745,00000000000000000000000000000000000000000000000000000000000000000000000000000000000000000000000000000000000000000021607ad3f0cd80
14755,000000000000000000000000000000000000000000000000000000000000000000000000000000000000000000000000000000000000000000181868fde4a980
14765,0000000000000000000000000000000000000000000000000000000000000000000000000000000000000000000000000000000000000000001f625da78b5ac0
14775,00000000000000000000000000000000000000000000000000000000000000000000000000000000000000000000000000000000000000000013dda7d0b2d040
14785,0000000000000000000000000000000000000000000000000000000000000000000000000000000000000000000000000000000000000000001c353b682e8ac0
14795,00000000000000000000000000000000000000000000000000000000000000000000000000000000000000000000000000000000000000000018059af5506e20
14805,000000000000000000000000000000000000000000000000000000000000000000000000000000000000000000000000000000000000000000397e19c7a2f6a0
14815,00000000000000000000000000000000000000000000000000000000000000000000000000000000000000000000000000000000000000000026c731280011c0
14825,00000000000000000000000000000000000000000000000000000000000000000000000000000000000000000000000000000000000000000041c2a3ea3fb1e0
14835,000000000000000000000000000000000000000000000000000000000000000000000000000000000000000000000000000000000000000000195589c123bcc0
14845,0000000000000000000000000000000000000000000000000000000000000000000000000000000000000000000000000000000000000000001b44913379b520
14855,0000000000000000000000000000000000000000000000000000000000000000000000000000000000000000000000000000000000000000002cf57195ffbd00
14865,000000000000000000000000000000000000000000000000000000000000000000000000000000000000000000000000000000000000000000237b89570086e0
14875,00000000000000000000000000000000000000000000000000000000000000000000000000000000000000000000000000000000000000000017d80abd4eb4e0
14885,00000000000000000000000000000000000000000000000000000000000000000000000000000000000000000000000000000000000000000012f7bfd6581560
14895,000000000000000000000000000000000000000000000000000000000000000000000000000000000000000000000000000000000000000000294ec199e76bc0
14905,00000000000000000000000000000000000000000000000000000000000000000000000000000000000000000000000000000000000000000019ff9935ae3160
14915,000000000000000000000000000000000000000000000000000000000000000000000000000000000000000000000000000000000000000000149dd5300e85a0
14925,0000000000000000000000000000000000000000000000000000000000000000000000000000000000000000000000000000000000000000001b5e82807f1ee0
14935,00000000000000000000000000000000000000000000000000000000000000000000000000000000000000000000000000000000000000000032921cc8e26860
14945,0000000000000000000000000000000000000000000000000000000000000000000000000000000000000000000000000000000000000000001e9265fa7b1ae0
14955,0000000000000000000000000000000000000000000000000000000000000000000000000000000000000000000000000000000000000000001171c8709f02c0
14965,0000000000000000000000000000000000000000000000000000000000000000000000000000000000000000000000000000000000000000001f2008fac87c00
14975,0000000000000000000000000000000000000000000000000000000000000000000000000000000000000000000000000000000000000000001fe56f8b052a80
14985,00000000000000000000000000000000000000000000000000000000000000000000000000000000000000000000000000000000000000000020fb3b3d397e40
14995,00000000000000000000000000000000000000000000000000000000000000000000000000000000000000000000000000000000000000000026ee1accc34960
15005,00000000000000000000000000000000000000000000000000000000000000000000000000000000000000000000000000000000000000000017eec1c59f7d00
15015,00000000000000000000000000000000000000000000000000000000000000000000000000000000000000000000000000000000000000000023e60c010e4c20
15025,0000000000000000000000000000000000000000000000000000000000000000000000000000000000000000000000000000000000000000001b42b48c375d40
15035,00000000000000000000000000000000000000000000000000000000000000000000000000000000000000000000000000000000000000000012578df4d4ada0
15045,000000000000000000000000000000000000000000000000000000000000000000000000000000000000000000000000000000000000000000480aa7e05b8da0
15055,00000000000000000000000000000000000000000000000000000000000000000000000000000000000000000000000000000000000000000029390b6a22dee0
15065,00000000000000000000000000000000000000000000000000000000000000000000000000000000000000000000000000000000000000000045ebef7b14df60
15075,000000000000000000000000000000000000000000000000000000000000000000000000000000000000000000000000000000000000000000210b5d7736e100
15085,0000000000000000000000000000000000000000000000000000000000000000000000000000000000000000000000000000000000000000002768659d234820
15095,00000000000000000000000000000000000000000000000000000000000000000000000000000000000000000000000000000000000000000029f272401ad780
15105,0000000000000000000000000000000000000000000000000000000000000000000000000000000000000000000000000000000000000000002053d0660b4aa0
15115,00000000000000000000000000000000000000000000000000000000000000000000000000000000000000000000000000000000000000000033c9195b505840
15125,00000000000000000000000000000000000000000000000000000000000000000000000000000000000000000000000000000000000000000023fa7aa7104d80
15135,00000000000000000000000000000000000000000000000000000000000000000000000000000000000000000000000000000000000000000021097763a666c0
15145,00000000000000000000000000000000000000000000000000000000000000000000000000000000000000000000000000000000000000000012dacc30e90a40
15155,00000000000000000000000000000000000000000000000000000000000000000000000000000000000000000000000000000000000000000010e6dff0229080
15165,000000000000000000000000000000000000000000000000000000000000000000000000000000000000000000000000000000000000000000148aa8ec6cf280
15175,00000000000000000000000000000000000000000000000000000000000000000000000000000000000000000000000000000000000000000023ae1c0eabd500
15185,000000000000000000000000000000000000000000000000000000000000000000000000000000000000000000000000000000000000000000139f2786240940
15195,0000000000000000000000000000000000000000000000000000000000000000000000000000000000000000000000000000000000000000003bca88513794e0
15205,0000000000000000000000000000000000000000000000000000000000000000000000000000000000000000000000000000000000000000001e0d7834ab34c0
15215,0000000000000000000000000000000000000000000000000000000000000000000000000000000000000000000000000000000000000000001867cd16150320
15225,0000000000000000000000000000000000000000000000000000000000000000000000000000000000000000000000000000000000000000001906b59f111240
15235,00000000000000000000000000000000000000000000000000000000000000000000000000000000000000000000000000000000000000000020d53abfc906e0
15245,000000000000000000000000000000000000000000000000000000000000000000000000000000000000000000000000000000000000000000133192bec163e0
15255,00000000000000000000000000000000000000000000000000000000000000000000000000000000000000000000000000000000000000000029e7d485be4720
15265,0000000000000000000000000000000000000000000000000000000000000000000000000000000000000000000000000000000000000000006569f083399f20
15275,000000000000000000000000000000000000000000000000000000000000000000000000000000000000000000000000000000000000000000221a2102820b40
15285,0000000000000000000000000000000000000000000000000000000000000000000000000000000000000000000000000000000000000000001d69f88e747bc0
15295,00000000000000000000000000000000000000000000000000000000000000000000000000000000000000000000000000000000000000000027bb0ee6564be0
15305,00000000000000000000000000000000000000000000000000000000000000000000000000000000000000000000000000000000000000000013cddbaa60dbc0
15315,00000000000000000000000000000000000000000000000000000000000000000000000000000000000000000000000000000000000000000018e504d2914fe0
15325,00000000000000000000000000000000000000000000000000000000000000000000000000000000000000000000000000000000000000000015793448a8d260
15335,00000000000000000000000000000000000000000000000000000000000000000000000000000000000000000000000000000000000000000018e3ce17928ec0
15345,0000000000000000000000000000000000000000000000000000000000000000000000000000000000000000000000000000000000000000001733f9f997ea80
15355,0000000000000000000000000000000000000000000000000000000000000000000000000000000000000000000000000000000000000000006f9346e7a1bc20
15365,00000000000000000000000000000000000000000000000000000000000000000000000000000000000000000000000000000000000000000027e8e8147a7d00
15375,00000000000000000000000000000000000000000000000000000000000000000000000000000000000000000000000000000000000000000019afdc4ebee760
15385,000000000000000000000000000000000000000000000000000000000000000000000000000000000000000000000000000000000000000000110fae14c52280
15395,0000000000000000000000000000000000000000000000000000000000000000000000000000000000000000000000000000000000000000001b085f1025a020
15405,00000000000000000000000000000000000000000000000000000000000000000000000000000000000000000000000000000000000000000018e18e5ca5a8e0
15415,000000000000000000000000000000000000000000000000000000000000000000000000000000000000000000000000000000000000000000330691237fb820
15425,000000000000000000000000000000000000000000000000000000000000000000000000000000000000000000000000000000000000000000265a3211ce69e0
15435,000000000000000000000000000000000000000000000000000000000000000000000000000000000000000000000000000000000000000000198deff86a8a80
15445,000000000000000000000000000000000000000000000000000000000000000000000000000000000000000000000000000000000000000000137ebfc366b880
15455,000000000000000000000000000000000000000000000000000000000000000000000000000000000000000000000000000000000000000000405f7c0c06c0c0
15465,0000000000000000000000000000000000000000000000000000000000000000000000000000000000000000000000000000000000000000005cd4626feb05c0
15475,0000000000000000000000000000000000000000000000000000000000000000000000000000000000000000000000000000000000000000001decdfd4675200
15485,000000000000000000000000000000000000000000000000000000000000000000000000000000000000000000000000000000000000000000247185edcfb6c0
15495,00000000000000000000000000000000000000000000000000000000000000000000000000000000000000000000000000000000000000000023528a14d76b80
15505,0000000000000000000000000000000000000000000000000000000000000000000000000000000000000000000000000000000000000000001b967a4b7e9880
15515,0000000000000000000000000000000000000000000000000000000000000000000000000000000000000000000000000000000000000000003d3ed0ae491560
15525,000000000000000000000000000000000000000000000000000000000000000000000000000000000000000000000000000000000000000000159ca3501e3480
15535,000000000000000000000000000000000000000000000000000000000000000000000000000000000000000000000000000000000000000000170d5c54cf93e0
15545,0000000000000000000000000000000000000000000000000000000000000000000000000000000000000000000000000000000000000000001aeda1cd069240
15555,000000000000000000000000000000000000000000000000000000000000000000000000000000000000000000000000000000000000000000141d25601cd520
15565,0000000000000000000000000000000000000000000000000000000000000000000000000000000000000000000000000000000000000000002b9ba50fc2ee00
15575,0000000000000000000000000000000000000000000000000000000000000000000000000000000000000000000000000000000000000000003afd7f5f087020
15585,00000000000000000000000000000000000000000000000000000000000000000000000000000000000000000000000000000000000000000015f50d2c9f3960
15595,00000000000000000000000000000000000000000000000000000000000000000000000000000000000000000000000000000000000000000019b3b0ce7cd5c0
15605,00000000000000000000000000000000000000000000000000000000000000000000000000000000000000000000000000000000000000000011c99043525540
15615,000000000000000000000000000000000000000000000000000000000000000000000000000000000000000000000000000000000000000000309d9708264680
15625,00000000000000000000000000000000000000000000000000000000000000000000000000000000000000000000000000000000000000000030bb0ba3b40380
15635,0000000000000000000000000000000000000000000000000000000000000000000000000000000000000000000000000000000000000000001a902635c94e00
15645,000000000000000000000000000000000000000000000000000000000000000000000000000000000000000000000000000000000000000000221f811faf29e0
15655,0000000000000000000000000000000000000000000000000000000000000000000000000000000000000000000000000000000000000000001ce3e9bedf7200
15665,00000000000000000000000000000000000000000000000000000000000000000000000000000000000000000000000000000000000000000023cbe9ef1fdce0
15675,0000000000000000000000000000000000000000000000000000000000000000000000000000000000000000000000000000000000000000001acc6f4f433960
15685,000000000000000000000000000000000000000000000000000000000000000000000000000000000000000000000000000000000000000000185c0496e045c0
15695,0000000000000000000000000000000000000000000000000000000000000000000000000000000000000000000000000000000000000000001c2f5754e2ee00
15705,000000000000000000000000000000000000000000000000000000000000000000000000000000000000000000000000000000000000000000259845c6420d00
15715,00000000000000000000000000000000000000000000000000000000000000000000000000000000000000000000000000000000000000000010c1ee065118c0
15725,0000000000000000000000000000000000000000000000000000000000000000000000000000000000000000000000000000000000000000001a0eaf79964000
15735,00000000000000000000000000000000000000000000000000000000000000000000000000000000000000000000000000000000000000000024b44106da73a0
15745,00000000000000000000000000000000000000000000000000000000000000000000000000000000000000000000000000000000000000000023d4b30c122840
15755,000000000000000000000000000000000000000000000000000000000000000000000000000000000000000000000000000000000000000000151389d95b2c60
15765,0000000000000000000000000000000000000000000000000000000000000000000000000000000000000000000000000000000000000000001720dcac1cb7c0
15775,0000000000000000000000000000000000000000000000000000000000000000000000000000000000000000000000000000000000000000001ebe41e3d54e20
15785,000000000000000000000000000000000000000000000000000000000000000000000000000000000000000000000000000000000000000000237b0afe6b8080
15795,0000000000000000000000000000000000000000000000000000000000000000000000000000000000000000000000000000000000000000001b5b458a8f9800
15805,0000000000000000000000000000000000000000000000000000000000000000000000000000000000000000000000000000000000000000001936af74730640
15815,0000000000000000000000000000000000000000000000000000000000000000000000000000000000000000000000000000000000000000001d1801bb5cd400
15825,0000000000000000000000000000000000000000000000000000000000000000000000000000000000000000000000000000000000000000003511fc803ab9c0
15835,0000000000000000000000000000000000000000000000000000000000000000000000000000000000000000000000000000000000000000001a69017d58d660
15845,0000000000000000000000000000000000000000000000000000000000000000000000000000000000000000000000000000000000000000003d8d55954d6560
15855,000000000000000000000000000000000000000000000000000000000000000000000000000000000000000000000000000000000000000000586c5600da3020
15865,00000000000000000000000000000000000000000000000000000000000000000000000000000000000000000000000000000000000000000016609711aef320
15875,0000000000000000000000000000000000000000000000000000000000000000000000000000000000000000000000000000000000000000001a133983209060
15885,000000000000000000000000000000000000000000000000000000000000000000000000000000000000000000000000000000000000000000271d2cb5e61920
15895,000000000000000000000000000000000000000000000000000000000000000000000000000000000000000000000000000000000000000000194f7cc18c1d00
15905,0000000000000000000000000000000000000000000000000000000000000000000000000000000000000000000000000000000000000000001efce690d7c8e0
15915,00000000000000000000000000000000000000000000000000000000000000000000000000000000000000000000000000000000000000000019586dd4a31980
15925,00000000000000000000000000000000000000000000000000000000000000000000000000000000000000000000000000000000000000000027b1bbf0cfc080
15935,0000000000000000000000000000000000000000000000000000000000000000000000000000000000000000000000000000000000000000001edd8bce0857e0
15945,00000000000000000000000000000000000000000000000000000000000000000000000000000000000000000000000000000000000000000024bd6f7c6374a0
15955,0000000000000000000000000000000000000000000000000000000000000000000000000000000000000000000000000000000000000000006174cceee0bfa0
15965,0000000000000000000000000000000000000000000000000000000000000000000000000000000000000000000000000000000000000000001b3ac53dfb5100
15975,000000000000000000000000000000000000000000000000000000000000000000000000000000000000000000000000000000000000000000253405b9522340
15985,0000000000000000000000000000000000000000000000000000000000000000000000000000000000000000000000000000000000000000003063e6c71d1860
15995,00000000000000000000000000000000000000000000000000000000000000000000000000000000000000000000000000000000000000000024f6a9c74d3320
16005,0000000000000000000000000000000000000000000000000000000000000000000000000000000000000000000000000000000000000000000d1709594640c0
16015,000000000000000000000000000000000000000000000000000000000000000000000000000000000000000000000000000000000000000000a171f9b2c26c20
16025,00000000000000000000000000000000000000000000000000000000000000000000000000000000000000000000000000000000000000000014efd1be397bc0
16035,00000000000000000000000000000000000000000000000000000000000000000000000000000000000000000000000000000000000000000023836a74027440
16045,000000000000000000000000000000000000000000000000000000000000000000000000000000000000000000000000000000000000000000189685e1b3fb80
16055,00000000000000000000000000000000000000000000000000000000000000000000000000000000000000000000000000000000000000000014f6c86523d320
16065,0000000000000000000000000000000000000000000000000000000000000000000000000000000000000000000000000000000000000000004db5cf7e931ba0
16075,0000000000000000000000000000000000000000000000000000000000000000000000000000000000000000000000000000000000000000004b9589b6f10ce0
16085,00000000000000000000000000000000000000000000000000000000000000000000000000000000000000000000000000000000000000000012b3dedaeafea0
16095,00000000000000000000000000000000000000000000000000000000000000000000000000000000000000000000000000000000000000000026cbe33187b020
16105,0000000000000000000000000000000000000000000000000000000000000000000000000000000000000000000000000000000000000000001df7813ffeb660
16115,00000000000000000000000000000000000000000000000000000000000000000000000000000000000000000000000000000000000000000044ef48bd563080
16125,0000000000000000000000000000000000000000000000000000000000000000000000000000000000000000000000000000000000000000001a146cb446f100
16135,00000000000000000000000000000000000000000000000000000000000000000000000000000000000000000000000000000000000000000022d0f2b1441aa0
16145,0000000000000000000000000000000000000000000000000000000000000000000000000000000000000000000000000000000000000000002005abf527dd20
16155,00000000000000000000000000000000000000000000000000000000000000000000000000000000000000000000000000000000000000000022e10ae1698d00
16165,00000000000000000000000000000000000000000000000000000000000000000000000000000000000000000000000000000000000000000024b90bfcaf2900
16175,00000000000000000000000000000000000000000000000000000000000000000000000000000000000000000000000000000000000000000015fd3d8e881e20
16185,0000000000000000000000000000000000000000000000000000000000000000000000000000000000000000000000000000000000000000001f4e0e28e9b620
16195,000000000000000000000000000000000000000000000000000000000000000000000000000000000000000000000000000000000000000000120518e6b1d620
16205,00000000000000000000000000000000000000000000000000000000000000000000000000000000000000000000000000000000000000000013891c87a04700
16215,00000000000000000000000000000000000000000000000000000000000000000000000000000000000000000000000000000000000000000023d79e8bdfc9e0
16225,0000000000000000000000000000000000000000000000000000000000000000000000000000000000000000000000000000000000000000001adb01095b98c0
16235,00000000000000000000000000000000000000000000000000000000000000000000000000000000000000000000000000000000000000000056212294ba2ec0
16245,00000000000000000000000000000000000000000000000000000000000000000000000000000000000000000000000000000000000000000027e65180f5e760
16255,0000000000000000000000000000000000000000000000000000000000000000000000000000000000000000000000000000000000000000004efd540fe3e180
16265,0000000000000000000000000000000000000000000000000000000000000000000000000000000000000000000000000000000000000000003543f3243f5120
16275,00000000000000000000000000000000000000000000000000000000000000000000000000000000000000000000000000000000000000000029a3c6d9191fa0
16285,0000000000000000000000000000000000000000000000000000000000000000000000000000000000000000000000000000000000000000002a5207e10c7820
16295,0000000000000000000000000000000000000000000000000000000000000000000000000000000000000000000000000000000000000000002e29bc6d887580
16305,00000000000000000000000000000000000000000000000000000000000000000000000000000000000000000000000000000000000000000036b15c0b9ffde0
16315,00000000000000000000000000000000000000000000000000000000000000000000000000000000000000000000000000000000000000000013f80a13d7ffe0
16325,0000000000000000000000000000000000000000000000000000000000000000000000000000000000000000000000000000000000000000002d05251ec98180
16335,0000000000000000000000000000000000000000000000000000000000000000000000000000000000000000000000000000000000000000005b2d7e02914e80
16345,0000000000000000000000000000000000000000000000000000000000000000000000000000000000000000000000000000000000000000001df604363fc5c0
16355,000000000000000000000000000000000000000000000000000000000000000000000000000000000000000000000000000000000000000000120158abded8e0
16365,0000000000000000000000000000000000000000000000000000000000000000000000000000000000000000000000000000000000000000001b31d5efd084c0
16375,00000000000000000000000000000000000000000000000000000000000000000000000000000000000000000000000000000000000000000014f028ef6eaf60
16385,0000000000000000000000000000000000000000000000000000000000000000000000000000000000000000000000000000000000000000002ade6b08d1dcc0
16395,00000000000000000000000000000000000000000000000000000000000000000000000000000000000000000000000000000000000000000023bcccb510e3e0
16405,0000000000000000000000000000000000000000000000000000000000000000000000000000000000000000000000000000000000000000001c3132caea46c0
16415,000000000000000000000000000000000000000000000000000000000000000000000000000000000000000000000000000000000000000000194c62d572d740
16425,0000000000000000000000000000000000000000000000000000000000000000000000000000000000000000000000000000000000000000001ed114d8b7f980
16435,00000000000000000000000000000000000000000000000000000000000000000000000000000000000000000000000000000000000000000013c72b0d4a69c0
16445,000000000000000000000000000000000000000000000000000000000000000000000000000000000000000000000000000000000000000000232525bf48e4a0
16455,0000000000000000000000000000000000000000000000000000000000000000000000000000000000000000000000000000000000000000001c0b75eaff19a0
16465,000000000000000000000000000000000000000000000000000000000000000000000000000000000000000000000000000000000000000000123a7794544860
16475,00000000000000000000000000000000000000000000000000000000000000000000000000000000000000000000000000000000000000000020abcb7da77780
16485,0000000000000000000000000000000000000000000000000000000000000000000000000000000000000000000000000000000000000000001531b8a6177140
16495,0000000000000000000000000000000000000000000000000000000000000000000000000000000000000000000000000000000000000000002d7a31dbd2b400
16505,00000000000000000000000000000000000000000000000000000000000000000000000000000000000000000000000000000000000000000024f41f78b418a0
16515,00000000000000000000000000000000000000000000000000000000000000000000000000000000000000000000000000000000000000000013bc65c917e5e0
16525,000000000000000000000000000000000000000000000000000000000000000000000000000000000000000000000000000000000000000000243570e8038420
16535,0000000000000000000000000000000000000000000000000000000000000000000000000000000000000000000000000000000000000000002289a8a2609d60
16545,00000000000000000000000000000000000000000000000000000000000000000000000000000000000000000000000000000000000000000030ccf049e1d160
16555,0000000000000000000000000000000000000000000000000000000000000000000000000000000000000000000000000000000000000000002f8fe8c1b4bc20
16565,0000000000000000000000000000000000000000000000000000000000000000000000000000000000000000000000000000000000000000002534bcccf70840
16575,00000000000000000000000000000000000000000000000000000000000000000000000000000000000000000000000000000000000000000052fb21d4e25ce0
16585,000000000000000000000000000000000000000000000000000000000000000000000000000000000000000000000000000000000000000000182ddd9023c9a0
16595,0000000000000000000000000000000000000000000000000000000000000000000000000000000000000000000000000000000000000000001aac286ef9d8c0
16605,00000000000000000000000000000000000000000000000000000000000000000000000000000000000000000000000000000000000000000019cc484cd4a060
16615,00000000000000000000000000000000000000000000000000000000000000000000000000000000000000000000000000000000000000000018b6e486e810e0
16625,00000000000000000000000000000000000000000000000000000000000000000000000000000000000000000000000000000000000000000019cc41d6adad60
16635,000000000000000000000000000000000000000000000000000000000000000000000000000000000000000000000000000000000000000000184ffcc8eae020
16645,0000000000000000000000000000000000000000000000000000000000000000000000000000000000000000000000000000000000000000001c184ee048dd80
16655,0000000000000000000000000000000000000000000000000000000000000000000000000000000000000000000000000000000000000000001ed860f5c3f120
16665,0000000000000000000000000000000000000000000000000000000000000000000000000000000000000000000000000000000000000000001d60ee67adf4c0
16675,000000000000000000000000000000000000000000000000000000000000000000000000000000000000000000000000000000000000000000172aeb0de56700
16685,00000000000000000000000000000000000000000000000000000000000000000000000000000000000000000000000000000000000000000043a437bff3dc00
16695,0000000000000000000000000000000000000000000000000000000000000000000000000000000000000000000000000000000000000000002db02b30cd30a0
16705,0000000000000000000000000000000000000000000000000000000000000000000000000000000000000000000000000000000000000000002cf814f8486200
16715,0000000000000000000000000000000000000000000000000000000000000000000000000000000000000000000000000000000000000000004a23a2f7405120
16725,000000000000000000000000000000000000000000000000000000000000000000000000000000000000000000000000000000000000000000172bc9fa252680
16735,0000000000000000000000000000000000000000000000000000000000000000000000000000000000000000000000000000000000000000001ce59fbec1ee80
16745,00000000000000000000000000000000000000000000000000000000000000000000000000000000000000000000000000000000000000000028f14dc795f040
16755,0000000000000000000000000000000000000000000000000000000000000000000000000000000000000000000000000000000000000000003db007b080bd80
16765,0000000000000000000000000000000000000000000000000000000000000000000000000000000000000000000000000000000000000000001f7dce39633fe0
16775,00000000000000000000000000000000000000000000000000000000000000000000000000000000000000000000000000000000000000000025cb8587ba4fc0
16785,00000000000000000000000000000000000000000000000000000000000000000000000000000000000000000000000000000000000000000018c3b0b7466240
16795,0000000000000000000000000000000000000000000000000000000000000000000000000000000000000000000000000000000000000000001a279ada5e8b00
16805,000000000000000000000000000000000000000000000000000000000000000000000000000000000000000000000000000000000000000000127fed6843a160
16815,0000000000000000000000000000000000000000000000000000000000000000000000000000000000000000000000000000000000000000001730528d882da0
16825,00000000000000000000000000000000000000000000000000000000000000000000000000000000000000000000000000000000000000000014265786e0aa20
16835,0000000000000000000000000000000000000000000000000000000000000000000000000000000000000000000000000000000000000000002476744ff0ce00
16845,0000000000000000000000000000000000000000000000000000000000000000000000000000000000000000000000000000000000000000000e56bd12804f60
16855,0000000000000000000000000000000000000000000000000000000000000000000000000000000000000000000000000000000000000000002321cdfa963fe0
16865,00000000000000000000000000000000000000000000000000000000000000000000000000000000000000000000000000000000000000000016f859e9eb38c0
16875,00000000000000000000000000000000000000000000000000000000000000000000000000000000000000000000000000000000000000000038d59d0e111020
16885,000000000000000000000000000000000000000000000000000000000000000000000000000000000000000000000000000000000000000000216a3b70d26b80
16895,0000000000000000000000000000000000000000000000000000000000000000000000000000000000000000000000000000000000000000002d759b8d5ce880
16905,000000000000000000000000000000000000000000000000000000000000000000000000000000000000000000000000000000000000000000223f3c3b15a6c0
16915,0000000000000000000000000000000000000000000000000000000000000000000000000000000000000000000000000000000000000000001128851cf142a0
16925,0000000000000000000000000000000000000000000000000000000000000000000000000000000000000000000000000000000000000000002a8155dddc76a0
16935,00000000000000000000000000000000000000000000000000000000000000000000000000000000000000000000000000000000000000000020ebe416dfa780
16945,0000000000000000000000000000000000000000000000000000000000000000000000000000000000000000000000000000000000000000002103825a348c20
16955,000000000000000000000000000000000000000000000000000000000000000000000000000000000000000000000000000000000000000000193e7356633aa0
16965,0000000000000000000000000000000000000000000000000000000000000000000000000000000000000000000000000000000000000000002eee7b07a912e0
16975,0000000000000000000000000000000000000000000000000000000000000000000000000000000000000000000000000000000000000000001a5307c3c03900
16985,0000000000000000000000000000000000000000000000000000000000000000000000000000000000000000000000000000000000000000003bc896a01e0a60
16995,00000000000000000000000000000000000000000000000000000000000000000000000000000000000000000000000000000000000000000013de0846d3b2c0
17005,0000000000000000000000000000000000000000000000000000000000000000000000000000000000000000000000000000000000000000001c9145ff84ac40
17015,0000000000000000000000000000000000000000000000000000000000000000000000000000000000000000000000000000000000000000003ae27e5701a480
17025,0000000000000000000000000000000000000000000000000000000000000000000000000000000000000000000000000000000000000000001ae33deb43a5e0
17035,00000000000000000000000000000000000000000000000000000000000000000000000000000000000000000000000000000000000000000019394d2580f9c0
17045,0000000000000000000000000000000000000000000000000000000000000000000000000000000000000000000000000000000000000000001be69b8b04a960
17055,00000000000000000000000000000000000000000000000000000000000000000000000000000000000000000000000000000000000000000019a52800b2a160
17065,00000000000000000000000000000000000000000000000000000000000000000000000000000000000000000000000000000000000000000019a20cbbfbe900
17075,0000000000000000000000000000000000000000000000000000000000000000000000000000000000000000000000000000000000000000005739bd330cd600
17085,0000000000000000000000000000000000000000000000000000000000000000000000000000000000000000000000000000000000000000001adc76ce2eb800
17095,000000000000000000000000000000000000000000000000000000000000000000000000000000000000000000000000000000000000000000143570f22af880
17105,00000000000000000000000000000000000000000000000000000000000000000000000000000000000000000000000000000000000000000018c6637c042540
17115,0000000000000000000000000000000000000000000000000000000000000000000000000000000000000000000000000000000000000000002329c8b5204c00
17125,00000000000000000000000000000000000000000000000000000000000000000000000000000000000000000000000000000000000000000032eb68ccb6a640
17135,000000000000000000000000000000000000000000000000000000000000000000000000000000000000000000000000000000000000000000299243a90c2300
17145,000000000000000000000000000000000000000000000000000000000000000000000000000000000000000000000000000000000000000000235eb4a7b6c820
17155,0000000000000000000000000000000000000000000000000000000000000000000000000000000000000000000000000000000000000000002a9f6d16e91720
17165,0000000000000000000000000000000000000000000000000000000000000000000000000000000000000000000000000000000000000000003e5e0f11158260
17175,00000000000000000000000000000000000000000000000000000000000000000000000000000000000000000000000000000000000000000016d8c1585b05a0
17185,0000000000000000000000000000000000000000000000000000000000000000000000000000000000000000000000000000000000000000001a452affc30a80
17195,0000000000000000000000000000000000000000000000000000000000000000000000000000000000000000000000000000000000000000002574e1527d2f80
17205,000000000000000000000000000000000000000000000000000000000000000000000000000000000000000000000000000000000000000000214b701a481560
17215,000000000000000000000000000000000000000000000000000000000000000000000000000000000000000000000000000000000000000000290931810d8920
17225,00000000000000000000000000000000000000000000000000000000000000000000000000000000000000000000000000000000000000000024ae84073d6fe0
17235,000000000000000000000000000000000000000000000000000000000000000000000000000000000000000000000000000000000000000000210845e3bafca0
17245,0000000000000000000000000000000000000000000000000000000000000000000000000000000000000000000000000000000000000000001f069de8cdb800
17255,00000000000000000000000000000000000000000000000000000000000000000000000000000000000000000000000000000000000000000049b489eb0b86a0
17265,00000000000000000000000000000000000000000000000000000000000000000000000000000000000000000000000000000000000000000037a55605080240
17275,0000000000000000000000000000000000000000000000000000000000000000000000000000000000000000000000000000000000000000004a67e768ce16a0
17285,0000000000000000000000000000000000000000000000000000000000000000000000000000000000000000000000000000000000000000004106533203d460
17295,00000000000000000000000000000000000000000000000000000000000000000000000000000000000000000000000000000000000000000045daebfc3a5bc0
17305,00000000000000000000000000000000000000000000000000000000000000000000000000000000000000000000000000000000000000000026029fa18da5e0
17315,00000000000000000000000000000000000000000000000000000000000000000000000000000000000000000000000000000000000000000018d1e47b3db400
17325,0000000000000000000000000000000000000000000000000000000000000000000000000000000000000000000000000000000000000000005bff6c746bfc60
17335,0000000000000000000000000000000000000000000000000000000000000000000000000000000000000000000000000000000000000000004ddcad8fa5dfe0
17345,00000000000000000000000000000000000000000000000000000000000000000000000000000000000000000000000000000000000000000017d7fb33772360
17355,00000000000000000000000000000000000000000000000000000000000000000000000000000000000000000000000000000000000000000019611fb6834460
17365,00000000000000000000000000000000000000000000000000000000000000000000000000000000000000000000000000000000000000000031a9f644d5c6c0
17375,0000000000000000000000000000000000000000000000000000000000000000000000000000000000000000000000000000000000000000001dbf7ab9ec89a0
17385,00000000000000000000000000000000000000000000000000000000000000000000000000000000000000000000000000000000000000000014bad01090c540
17395,0000000000000000000000000000000000000000000000000000000000000000000000000000000000000000000000000000000000000000001db050cea357e0
17405,0000000000000000000000000000000000000000000000000000000000000000000000000000000000000000000000000000000000000000002280a6acd49cc0
17415,00000000000000000000000000000000000000000000000000000000000000000000000000000000000000000000000000000000000000000017d3bb0c5dffe0
17425,0000000000000000000000000000000000000000000000000000000000000000000000000000000000000000000000000000000000000000001dd6f3f36b4fa0
17435,00000000000000000000000000000000000000000000000000000000000000000000000000000000000000000000000000000000000000000023607827985bc0
17445,0000000000000000000000000000000000000000000000000000000000000000000000000000000000000000000000000000000000000000002da0ce76c27f00
17455,0000000000000000000000000000000000000000000000000000000000000000000000000000000000000000000000000000000000000000001a7d8e4abb45c0
17465,0000000000000000000000000000000000000000000000000000000000000000000000000000000000000000000000000000000000000000002cc25e4aabddc0
17475,00000000000000000000000000000000000000000000000000000000000000000000000000000000000000000000000000000000000000000023f3863b3980e0
17485,00000000000000000000000000000000000000000000000000000000000000000000000000000000000000000000000000000000000000000016d974e2278a20
17495,0000000000000000000000000000000000000000000000000000000000000000000000000000000000000000000000000000000000000000001a5da460930400
17505,0000000000000000000000000000000000000000000000000000000000000000000000000000000000000000000000000000000000000000001c9be74d923a00
17515,000000000000000000000000000000000000000000000000000000000000000000000000000000000000000000000000000000000000000000140da6612823e0
17525,0000000000000000000000000000000000000000000000000000000000000000000000000000000000000000000000000000000000000000003239e689e7c1c0
17535,000000000000000000000000000000000000000000000000000000000000000000000000000000000000000000000000000000000000000000134e2b5a5df3e0
17545,0000000000000000000000000000000000000000000000000000000000000000000000000000000000000000000000000000000000000000002a846d98bace80
17555,0000000000000000000000000000000000000000000000000000000000000000000000000000000000000000000000000000000000000000001453d32b328b40
17565,000000000000000000000000000000000000000000000000000000000000000000000000000000000000000000000000000000000000000000160d442124e7c0
17575,000000000000000000000000000000000000000000000000000000000000000000000000000000000000000000000000000000000000000000100b99cdadf7a0
17585,0000000000000000000000000000000000000000000000000000000000000000000000000000000000000000000000000000000000000000001ae153618c1620
17595,0000000000000000000000000000000000000000000000000000000000000000000000000000000000000000000000000000000000000000007722b665377020
17605,0000000000000000000000000000000000000000000000000000000000000000000000000000000000000000000000000000000000000000001fec5531f0a720
17615,00000000000000000000000000000000000000000000000000000000000000000000000000000000000000000000000000000000000000000019ef3e71dc0060
17625,0000000000000000000000000000000000000000000000000000000000000000000000000000000000000000000000000000000000000000001f008790992fa0
17635,0000000000000000000000000000000000000000000000000000000000000000000000000000000000000000000000000000000000000000001937bfd6d6d300
17645,0000000000000000000000000000000000000000000000000000000000000000000000000000000000000000000000000000000000000000001f3f0320149700
17655,00000000000000000000000000000000000000000000000000000000000000000000000000000000000000000000000000000000000000000029b6dfff3223e0
17665,00000000000000000000000000000000000000000000000000000000000000000000000000000000000000000000000000000000000000000022977203e8f2e0
17675,0000000000000000000000000000000000000000000000000000000000000000000000000000000000000000000000000000000000000000001d00fa644c88e0
17685,00000000000000000000000000000000000000000000000000000000000000000000000000000000000000000000000000000000000000000017740f268190a0
17695,0000000000000000000000000000000000000000000000000000000000000000000000000000000000000000000000000000000000000000001bd29d200ec940
17705,000000000000000000000000000000000000000000000000000000000000000000000000000000000000000000000000000000000000000000423445802166a0
17715,000000000000000000000000000000000000000000000000000000000000000000000000000000000000000000000000000000000000000000196d29f0c74520
17725,0000000000000000000000000000000000000000000000000000000000000000000000000000000000000000000000000000000000000000001ee03712c69c40
17735,00000000000000000000000000000000000000000000000000000000000000000000000000000000000000000000000000000000000000000039f5cc182fbc00
17745,00000000000000000000000000000000000000000000000000000000000000000000000000000000000000000000000000000000000000000030da132b755f00
17755,0000000000000000000000000000000000000000000000000000000000000000000000000000000000000000000000000000000000000000001d273d12f39e20
17765,0000000000000000000000000000000000000000000000000000000000000000000000000000000000000000000000000000000000000000001aedddea8c5de0
17775,0000000000000000000000000000000000000000000000000000000000000000000000000000000000000000000000000000000000000000001ffed46bc545a0
17785,00000000000000000000000000000000000000000000000000000000000000000000000000000000000000000000000000000000000000000016e1d6e196efa0
17795,0000000000000000000000000000000000000000000000000000000000000000000000000000000000000000000000000000000000000000002100f3a92595e0
17805,0000000000000000000000000000000000000000000000000000000000000000000000000000000000000000000000000000000000000000002f05bc54dcd8a0
17815,0000000000000000000000000000000000000000000000000000000000000000000000000000000000000000000000000000000000000000002d20f761d5e520
17825,0000000000000000000000000000000000000000000000000000000000000000000000000000000000000000000000000000000000000000001e424fd87e22e0
17835,00000000000000000000000000000000000000000000000000000000000000000000000000000000000000000000000000000000000000000042614bb82c6c60
17845,0000000000000000000000000000000000000000000000000000000000000000000000000000000000000000000000000000000000000000001d679236005760
17855,00000000000000000000000000000000000000000000000000000000000000000000000000000000000000000000000000000000000000000017125e05b44a60
17865,0000000000000000000000000000000000000000000000000000000000000000000000000000000000000000000000000000000000000000001768b8ffe2a8a0
17875,0000000000000000000000000000000000000000000000000000000000000000000000000000000000000000000000000000000000000000001f5122d9efa4e0
17885,00000000000000000000000000000000000000000000000000000000000000000000000000000000000000000000000000000000000000000026cdf5ec779e40
17895,0000000000000000000000000000000000000000000000000000000000000000000000000000000000000000000000000000000000000000002baa81bffda2c0
17905,00000000000000000000000000000000000000000000000000000000000000000000000000000000000000000000000000000000000000000027df51b2a9b7c0
17915,0000000000000000000000000000000000000000000000000000000000000000000000000000000000000000000000000000000000000000001370a1894690c0
17925,0000000000000000000000000000000000000000000000000000000000000000000000000000000000000000000000000000000000000000001fe174d0361e60
17935,00000000000000000000000000000000000000000000000000000000000000000000000000000000000000000000000000000000000000000011a84a3bb7afe0
17945,00000000000000000000000000000000000000000000000000000000000000000000000000000000000000000000000000000000000000000011faf4e760c320
17955,0000000000000000000000000000000000000000000000000000000000000000000000000000000000000000000000000000000000000000000f03edc1e87800
17965,000000000000000000000000000000000000000000000000000000000000000000000000000000000000000000000000000000000000000000180639eb6d1a80
17975,00000000000000000000000000000000000000000000000000000000000000000000000000000000000000000000000000000000000000000018971892e52cc0
17985,00000000000000000000000000000000000000000000000000000000000000000000000000000000000000000000000000000000000000000035712a79d0e040
17995,0000000000000000000000000000000000000000000000000000000000000000000000000000000000000000000000000000000000000000001ed345b12fb8c0
18005,00000000000000000000000000000000000000000000000000000000000000000000000000000000000000000000000000000000000000000017978cfcbadfa0
18015,0000000000000000000000000000000000000000000000000000000000000000000000000000000000000000000000000000000000000000001e752a23d5d960
18025,00000000000000000000000000000000000000000000000000000000000000000000000000000000000000000000000000000000000000000015397dc31b41a0
18035,00000000000000000000000000000000000000000000000000000000000000000000000000000000000000000000000000000000000000000017686f09c04200
18045,00000000000000000000000000000000000000000000000000000000000000000000000000000000000000000000000000000000000000000049f00c3fa68800
18055,000000000000000000000000000000000000000000000000000000000000000000000000000000000000000000000000000000000000000000238c04cc0b97a0
18065,00000000000000000000000000000000000000000000000000000000000000000000000000000000000000000000000000000000000000000045ed1904d97060
18075,00000000000000000000000000000000000000000000000000000000000000000000000000000000000000000000000000000000000000000040ab7390c0f040
18085,0000000000000000000000000000000000000000000000000000000000000000000000000000000000000000000000000000000000000000001d12ee6316d7e0
18095,00000000000000000000000000000000000000000000000000000000000000000000000000000000000000000000000000000000000000000037d8216411f540
18105,0000000000000000000000000000000000000000000000000000000000000000000000000000000000000000000000000000000000000000001a69dedfc012e0
18115,00000000000000000000000000000000000000000000000000000000000000000000000000000000000000000000000000000000000000000026b18fee617dc0
18125,000000000000000000000000000000000000000000000000000000000000000000000000000000000000000000000000000000000000000000393135d6a9f080
18135,00000000000000000000000000000000000000000000000000000000000000000000000000000000000000000000000000000000000000000021801cbe1de940
18145,00000000000000000000000000000000000000000000000000000000000000000000000000000000000000000000000000000000000000000018aca691715b40
18155,0000000000000000000000000000000000000000000000000000000000000000000000000000000000000000000000000000000000000000001879f2812ac280
18165,0000000000000000000000000000000000000000000000000000000000000000000000000000000000000000000000000000000000000000003ae06625eab220
18175,0000000000000000000000000000000000000000000000000000000000000000000000000000000000000000000000000000000000000000003bf056d88407a0
18185,00000000000000000000000000000000000000000000000000000000000000000000000000000000000000000000000000000000000000000067d07414e4f000
18195,0000000000000000000000000000000000000000000000000000000000000000000000000000000000000000000000000000000000000000002c3590de015380
18205,00000000000000000000000000000000000000000000000000000000000000000000000000000000000000000000000000000000000000000026b1ed64829400
18215,0000000000000000000000000000000000000000000000000000000000000000000000000000000000000000000000000000000000000000000f852d91d07480
18225,00000000000000000000000000000000000000000000000000000000000000000000000000000000000000000000000000000000000000000023d92a159dc060
18235,00000000000000000000000000000000000000000000000000000000000000000000000000000000000000000000000000000000000000000027d064eebedd40
18245,000000000000000000000000000000000000000000000000000000000000000000000000000000000000000000000000000000000000000000a0259d530044a0
18255,0000000000000000000000000000000000000000000000000000000000000000000000000000000000000000000000000000000000000000002b4088337078e0
18265,00000000000000000000000000000000000000000000000000000000000000000000000000000000000000000000000000000000000000000046674b4189dc00
18275,000000000000000000000000000000000000000000000000000000000000000000000000000000000000000000000000000000000000000000240737a6349140
18285,0000000000000000000000000000000000000000000000000000000000000000000000000000000000000000000000000000000000000000001de257def598e0
18295,0000000000000000000000000000000000000000000000000000000000000000000000000000000000000000000000000000000000000000001d3f47877c4c20
18305,000000000000000000000000000000000000000000000000000000000000000000000000000000000000000000000000000000000000000000183994544607a0
18315,00000000000000000000000000000000000000000000000000000000000000000000000000000000000000000000000000000000000000000019a3944f92c160
18325,00000000000000000000000000000000000000000000000000000000000000000000000000000000000000000000000000000000000000000058a94acb839d80
18335,00000000000000000000000000000000000000000000000000000000000000000000000000000000000000000000000000000000000000000011b94d61f4afa0
18345,000000000000000000000000000000000000000000000000000000000000000000000000000000000000000000000000000000000000000000214ecae8d32340
18355,00000000000000000000000000000000000000000000000000000000000000000000000000000000000000000000000000000000000000000023cd6f6f059e00
18365,000000000000000000000000000000000000000000000000000000000000000000000000000000000000000000000000000000000000000000141f512ebc4dc0
18375,0000000000000000000000000000000000000000000000000000000000000000000000000000000000000000000000000000000000000000001a219182292260
18385,0000000000000000000000000000000000000000000000000000000000000000000000000000000000000000000000000000000000000000003bc84d78c08220
18395,0000000000000000000000000000000000000000000000000000000000000000000000000000000000000000000000000000000000000000001b55e0773b6c80
18405,000000000000000000000000000000000000000000000000000000000000000000000000000000000000000000000000000000000000000000904815c723e0a0
18415,00000000000000000000000000000000000000000000000000000000000000000000000000000000000000000000000000000000000000000021917150a43160
18425,0000000000000000000000000000000000000000000000000000000000000000000000000000000000000000000000000000000000000000002479e114a20880
18435,0000000000000000000000000000000000000000000000000000000000000000000000000000000000000000000000000000000000000000001aa978b4147ee0
18445,0000000000000000000000000000000000000000000000000000000000000000000000000000000000000000000000000000000000000000001a088b2b3b4600
18455,0000000000000000000000000000000000000000000000000000000000000000000000000000000000000000000000000000000000000000004d4715f257e1c0
18465,00000000000000000000000000000000000000000000000000000000000000000000000000000000000000000000000000000000000000000074625f3c0fc900
18475,00000000000000000000000000000000000000000000000000000000000000000000000000000000000000000000000000000000000000000037158b49cc1d40
18485,000000000000000000000000000000000000000000000000000000000000000000000000000000000000000000000000000000000000000000252fe84371bd00
18495,00000000000000000000000000000000000000000000000000000000000000000000000000000000000000000000000000000000000000000020e822485b8a60
18505,00000000000000000000000000000000000000000000000000000000000000000000000000000000000000000000000000000000000000000026c99b8a4c8e00
18515,0000000000000000000000000000000000000000000000000000000000000000000000000000000000000000000000000000000000000000001d14a0f6aaca80
18525,000000000000000000000000000000000000000000000000000000000000000000000000000000000000000000000000000000000000000000235096c6342440
18535,0000000000000000000000000000000000000000000000000000000000000000000000000000000000000000000000000000000000000000002cb97a72a7ae40
18545,0000000000000000000000000000000000000000000000000000000000000000000000000000000000000000000000000000000000000000001941dc9b14b180
18555,000000000000000000000000000000000000000000000000000000000000000000000000000000000000000000000000000000000000000000255a300f5d52a0
18565,0000000000000000000000000000000000000000000000000000000000000000000000000000000000000000000000000000000000000000005d95fe76907c80
18575,000000000000000000000000000000000000000000000000000000000000000000000000000000000000000000000000000000000000000000236bb1a6d6bbe0
18585,00000000000000000000000000000000000000000000000000000000000000000000000000000000000000000000000000000000000000000018cef2405cd540
18595,0000000000000000000000000000000000000000000000000000000000000000000000000000000000000000000000000000000000000000002d39ff25126de0
18605,0000000000000000000000000000000000000000000000000000000000000000000000000000000000000000000000000000000000000000001e9d528d6fe500
18615,00000000000000000000000000000000000000000000000000000000000000000000000000000000000000000000000000000000000000000031d3a2b82e4a40
18625,0000000000000000000000000000000000000000000000000000000000000000000000000000000000000000000000000000000000000000001d1d41c4dae0e0
18635,00000000000000000000000000000000000000000000000000000000000000000000000000000000000000000000000000000000000000000033a604050ffea0
18645,0000000000000000000000000000000000000000000000000000000000000000000000000000000000000000000000000000000000000000002c52eba0f34480
18655,00000000000000000000000000000000000000000000000000000000000000000000000000000000000000000000000000000000000000000027136b67c97360
18665,000000000000000000000000000000000000000000000000000000000000000000000000000000000000000000000000000000000000000000174b3ebcf2d700
18675,0000000000000000000000000000000000000000000000000000000000000000000000000000000000000000000000000000000000000000001993309f726560
18685,00000000000000000000000000000000000000000000000000000000000000000000000000000000000000000000000000000000000000000030c42b2316a420
18695,000000000000000000000000000000000000000000000000000000000000000000000000000000000000000000000000000000000000000000178474607a6fa0
18705,0000000000000000000000000000000000000000000000000000000000000000000000000000000000000000000000000000000000000000002676eb2d68c940
18715,00000000000000000000000000000000000000000000000000000000000000000000000000000000000000000000000000000000000000000027ad9ffaef4060
18725,00000000000000000000000000000000000000000000000000000000000000000000000000000000000000000000000000000000000000000018e837d25a2020
18735,000000000000000000000000000000000000000000000000000000000000000000000000000000000000000000000000000000000000000000287aa363462720
18745,000000000000000000000000000000000000000000000000000000000000000000000000000000000000000000000000000000000000000000377ba491afd500
18755,0000000000000000000000000000000000000000000000000000000000000000000000000000000000000000000000000000000000000000003cac4a7d14efa0
18765,0000000000000000000000000000000000000000000000000000000000000000000000000000000000000000000000000000000000000000001cb67141efd0a0
18775,000000000000000000000000000000000000000000000000000000000000000000000000000000000000000000000000000000000000000000193cb74ca888c0
18785,00000000000000000000000000000000000000000000000000000000000000000000000000000000000000000000000000000000000000000018e28097a907a0
18795,0000000000000000000000000000000000000000000000000000000000000000000000000000000000000000000000000000000000000000001cfe908bd8a0e0
18805,000000000000000000000000000000000000000000000000000000000000000000000000000000000000000000000000000000000000000000265e439b60d8e0
18815,0000000000000000000000000000000000000000000000000000000000000000000000000000000000000000000000000000000000000000001243203148c460
18825,000000000000000000000000000000000000000000000000000000000000000000000000000000000000000000000000000000000000000000297014666d83a0
18835,000000000000000000000000000000000000000000000000000000000000000000000000000000000000000000000000000000000000000000405105d1ec8700
18845,00000000000000000000000000000000000000000000000000000000000000000000000000000000000000000000000000000000000000000024585d96e424e0
18855,00000000000000000000000000000000000000000000000000000000000000000000000000000000000000000000000000000000000000000028787b94a66980
18865,0000000000000000000000000000000000000000000000000000000000000000000000000000000000000000000000000000000000000000001b1aac49fd9d20
18875,0000000000000000000000000000000000000000000000000000000000000000000000000000000000000000000000000000000000000000001d95eb9556f8e0
18885,000000000000000000000000000000000000000000000000000000000000000000000000000000000000000000000000000000000000000000259c7b638348c0
18895,0000000000000000000000000000000000000000000000000000000000000000000000000000000000000000000000000000000000000000003fc01ed1d77ae0
18905,0000000000000000000000000000000000000000000000000000000000000000000000000000000000000000000000000000000000000000003c76d0a811dba0
18915,0000000000000000000000000000000000000000000000000000000000000000000000000000000000000000000000000000000000000000001ad9cdf5bf0ec0
18925,00000000000000000000000000000000000000000000000000000000000000000000000000000000000000000000000000000000000000000018eb2dd2270ca0
18935,00000000000000000000000000000000000000000000000000000000000000000000000000000000000000000000000000000000000000000024324b1974e400
18945,0000000000000000000000000000000000000000000000000000000000000000000000000000000000000000000000000000000000000000001eea9ee0d809e0
18955,00000000000000000000000000000000000000000000000000000000000000000000000000000000000000000000000000000000000000000014b0631b1d3a60
18965,000000000000000000000000000000000000000000000000000000000000000000000000000000000000000000000000000000000000000000132e8997934ba0
18975,0000000000000000000000000000000000000000000000000000000000000000000000000000000000000000000000000000000000000000003163b77acc95e0
18985,00000000000000000000000000000000000000000000000000000000000000000000000000000000000000000000000000000000000000000021f02efb7cfce0
18995,00000000000000000000000000000000000000000000000000000000000000000000000000000000000000000000000000000000000000000020718681949dc0
19005,0000000000000000000000000000000000000000000000000000000000000000000000000000000000000000000000000000000000000000003e29a7f7139c80
19015,0000000000000000000000000000000000000000000000000000000000000000000000000000000000000000000000000000000000000000002ad5c1896748a0
19025,00000000000000000000000000000000000000000000000000000000000000000000000000000000000000000000000000000000000000000015a14b637f1c40
19035,00000000000000000000000000000000000000000000000000000000000000000000000000000000000000000000000000000000000000000021617bac7d08c0
19045,000000000000000000000000000000000000000000000000000000000000000000000000000000000000000000000000000000000000000000453b36734c1ce0
19055,0000000000000000000000000000000000000000000000000000000000000000000000000000000000000000000000000000000000000000003e2eb1cf5a3c80
19065,00000000000000000000000000000000000000000000000000000000000000000000000000000000000000000000000000000000000000000014fbdb3d69d7e0
19075,00000000000000000000000000000000000000000000000000000000000000000000000000000000000000000000000000000000000000000018514a7036dac0
19085,00000000000000000000000000000000000000000000000000000000000000000000000000000000000000000000000000000000000000000025403fc257d7a0
19095,000000000000000000000000000000000000000000000000000000000000000000000000000000000000000000000000000000000000000000257af30d282ee0
19105,0000000000000000000000000000000000000000000000000000000000000000000000000000000000000000000000000000000000000000001f2ca0528cd320
19115,0000000000000000000000000000000000000000000000000000000000000000000000000000000000000000000000000000000000000000001f8964aec2bee0
19125,0000000000000000000000000000000000000000000000000000000000000000000000000000000000000000000000000000000000000000002599b89ec699c0
19135,0000000000000000000000000000000000000000000000000000000000000000000000000000000000000000000000000000000000000000004161a23f8dfb60
19145,0000000000000000000000000000000000000000000000000000000000000000000000000000000000000000000000000000000000000000002d9b96b2303240
19155,0000000000000000000000000000000000000000000000000000000000000000000000000000000000000000000000000000000000000000001b01a09a729320
19165,000000000000000000000000000000000000000000000000000000000000000000000000000000000000000000000000000000000000000000161f8bdafd43a0
19175,0000000000000000000000000000000000000000000000000000000000000000000000000000000000000000000000000000000000000000001645e25867ef80
19185,00000000000000000000000000000000000000000000000000000000000000000000000000000000000000000000000000000000000000000029c62a11dba120
19195,000000000000000000000000000000000000000000000000000000000000000000000000000000000000000000000000000000000000000000312b559c230700
19205,00000000000000000000000000000000000000000000000000000000000000000000000000000000000000000000000000000000000000000017d5e4e4d637e0
19215,000000000000000000000000000000000000000000000000000000000000000000000000000000000000000000000000000000000000000000364630c413bca0
19225,000000000000000000000000000000000000000000000000000000000000000000000000000000000000000000000000000000000000000000322d6700e6bc40
19235,0000000000000000000000000000000000000000000000000000000000000000000000000000000000000000000000000000000000000000002020dd5fa18d80
19245,00000000000000000000000000000000000000000000000000000000000000000000000000000000000000000000000000000000000000000034598565464b00
19255,0000000000000000000000000000000000000000000000000000000000000000000000000000000000000000000000000000000000000000001930da2612b980
19265,0000000000000000000000000000000000000000000000000000000000000000000000000000000000000000000000000000000000000000003a87ce8e5910e0
19275,000000000000000000000000000000000000000000000000000000000000000000000000000000000000000000000000000000000000000000214bc8906981e0
19285,00000000000000000000000000000000000000000000000000000000000000000000000000000000000000000000000000000000000000000014be9b2dd92e20
19295,00000000000000000000000000000000000000000000000000000000000000000000000000000000000000000000000000000000000000000018099e12951100
19305,0000000000000000000000000000000000000000000000000000000000000000000000000000000000000000000000000000000000000000001ebd0ff79b2660
19315,000000000000000000000000000000000000000000000000000000000000000000000000000000000000000000000000000000000000000000110aa3d02fc4e0
19325,0000000000000000000000000000000000000000000000000000000000000000000000000000000000000000000000000000000000000000001867f464d74960
19335,0000000000000000000000000000000000000000000000000000000000000000000000000000000000000000000000000000000000000000001e3ade1deadb80
19345,0000000000000000000000000000000000000000000000000000000000000000000000000000000000000000000000000000000000000000004464e25a5ad260
19355,0000000000000000000000000000000000000000000000000000000000000000000000000000000000000000000000000000000000000000001486b37689da40
19365,0000000000000000000000000000000000000000000000000000000000000000000000000000000000000000000000000000000000000000002f6054bb10d840
19375,0000000000000000000000000000000000000000000000000000000000000000000000000000000000000000000000000000000000000000000e87a04a48b0e0
19385,0000000000000000000000000000000000000000000000000000000000000000000000000000000000000000000000000000000000000000003994724ffa1ce0
19395,0000000000000000000000000000000000000000000000000000000000000000000000000000000000000000000000000000000000000000003c75ab94746020
19405,000000000000000000000000000000000000000000000000000000000000000000000000000000000000000000000000000000000000000000367024727b24a0
19415,00000000000000000000000000000000000000000000000000000000000000000000000000000000000000000000000000000000000000000025a7db1dd2c6a0
19425,0000000000000000000000000000000000000000000000000000000000000000000000000000000000000000000000000000000000000000000f1e8db6449320
19435,00000000000000000000000000000000000000000000000000000000000000000000000000000000000000000000000000000000000000000014fb00b39ff420
19445,0000000000000000000000000000000000000000000000000000000000000000000000000000000000000000000000000000000000000000003228d71ebf46e0
19455,0000000000000000000000000000000000000000000000000000000000000000000000000000000000000000000000000000000000000000001472fb1567df80
19465,00000000000000000000000000000000000000000000000000000000000000000000000000000000000000000000000000000000000000000013e86e0b0ca600
19475,00000000000000000000000000000000000000000000000000000000000000000000000000000000000000000000000000000000000000000028b73f869317a0
19485,0000000000000000000000000000000000000000000000000000000000000000000000000000000000000000000000000000000000000000001fd05f8297e1a0
19495,000000000000000000000000000000000000000000000000000000000000000000000000000000000000000000000000000000000000000000172da76653bfe0
19505,000000000000000000000000000000000000000000000000000000000000000000000000000000000000000000000000000000000000000000277727438731c0
19515,00000000000000000000000000000000000000000000000000000000000000000000000000000000000000000000000000000000000000000021dcd1907c4380
19525,00000000000000000000000000000000000000000000000000000000000000000000000000000000000000000000000000000000000000000014f2a3b4303860
19535,0000000000000000000000000000000000000000000000000000000000000000000000000000000000000000000000000000000000000000002d315c91f62740
19545,000000000000000000000000000000000000000000000000000000000000000000000000000000000000000000000000000000000000000000161d3ec773ba20
19555,000000000000000000000000000000000000000000000000000000000000000000000000000000000000000000000000000000000000000000192552c4637180
19565,0000000000000000000000000000000000000000000000000000000000000000000000000000000000000000000000000000000000000000001d924f3cf7b800
19575,0000000000000000000000000000000000000000000000000000000000000000000000000000000000000000000000000000000000000000001a29ac5a3add20
19585,0000000000000000000000000000000000000000000000000000000000000000000000000000000000000000000000000000000000000000002242f4ec108880
19595,000000000000000000000000000000000000000000000000000000000000000000000000000000000000000000000000000000000000000000196f3f9805c5c0
19605,000000000000000000000000000000000000000000000000000000000000000000000000000000000000000000000000000000000000000000280e4c6a9303e0
19615,0000000000000000000000000000000000000000000000000000000000000000000000000000000000000000000000000000000000000000002802e9266b2580
19625,0000000000000000000000000000000000000000000000000000000000000000000000000000000000000000000000000000000000000000001f58e16342aba0
19635,00000000000000000000000000000000000000000000000000000000000000000000000000000000000000000000000000000000000000000020b9d1068e3580
19645,0000000000000000000000000000000000000000000000000000000000000000000000000000000000000000000000000000000000000000001e89b5d3ae8360
19655,000000000000000000000000000000000000000000000000000000000000000000000000000000000000000000000000000000000000000000154bd324552820
19665,00000000000000000000000000000000000000000000000000000000000000000000000000000000000000000000000000000000000000000014b6d6f34b75e0
19675,0000000000000000000000000000000000000000000000000000000000000000000000000000000000000000000000000000000000000000001940439b3040c0
19685,0000000000000000000000000000000000000000000000000000000000000000000000000000000000000000000000000000000000000000002d261d9c90c2e0
19695,00000000000000000000000000000000000000000000000000000000000000000000000000000000000000000000000000000000000000000018a908e074a7c0
19705,0000000000000000000000000000000000000000000000000000000000000000000000000000000000000000000000000000000000000000003d5fc384ae4220
19715,00000000000000000000000000000000000000000000000000000000000000000000000000000000000000000000000000000000000000000018d8f853612780
19725,0000000000000000000000000000000000000000000000000000000000000000000000000000000000000000000000000000000000000000001796c490799c00
19735,0000000000000000000000000000000000000000000000000000000000000000000000000000000000000000000000000000000000000000001f6a8858398e00
19745,0000000000000000000000000000000000000000000000000000000000000000000000000000000000000000000000000000000000000000001a4aecb09ad100
19755,00000000000000000000000000000000000000000000000000000000000000000000000000000000000000000000000000000000000000000046472c4d8c8fa0
19765,0000000000000000000000000000000000000000000000000000000000000000000000000000000000000000000000000000000000000000001918a00a2acb60
19775,0000000000000000000000000000000000000000000000000000000000000000000000000000000000000000000000000000000000000000004311ba84e67e20
19785,0000000000000000000000000000000000000000000000000000000000000000000000000000000000000000000000000000000000000000001ea389832c1360
19795,000000000000000000000000000000000000000000000000000000000000000000000000000000000000000000000000000000000000000000276743f5d45680
19805,00000000000000000000000000000000000000000000000000000000000000000000000000000000000000000000000000000000000000000016bb2250815f80
19815,000000000000000000000000000000000000000000000000000000000000000000000000000000000000000000000000000000000000000000170f19a3767ea0
19825,00000000000000000000000000000000000000000000000000000000000000000000000000000000000000000000000000000000000000000056ef99b80bba60
19835,0000000000000000000000000000000000000000000000000000000000000000000000000000000000000000000000000000000000000000004e6aeb7c379580
19845,00000000000000000000000000000000000000000000000000000000000000000000000000000000000000000000000000000000000000000022cd55b1826ee0
19855,0000000000000000000000000000000000000000000000000000000000000000000000000000000000000000000000000000000000000000001b0c1a060ca980
19865,000000000000000000000000000000000000000000000000000000000000000000000000000000000000000000000000000000000000000000197d0934a1c880
19875,00000000000000000000000000000000000000000000000000000000000000000000000000000000000000000000000000000000000000000036fea15f089b80
19885,00000000000000000000000000000000000000000000000000000000000000000000000000000000000000000000000000000000000000000010d2f84a177660
19895,000000000000000000000000000000000000000000000000000000000000000000000000000000000000000000000000000000000000000000221151aa7c7a20
19905,00000000000000000000000000000000000000000000000000000000000000000000000000000000000000000000000000000000000000000020aa649170e200
19915,0000000000000000000000000000000000000000000000000000000000000000000000000000000000000000000000000000000000000000001408ff9c8c11e0
19925,0000000000000000000000000000000000000000000000000000000000000000000000000000000000000000000000000000000000000000002df20ec00dd600
19935,00000000000000000000000000000000000000000000000000000000000000000000000000000000000000000000000000000000000000000027a046de4ba900
19945,0000000000000000000000000000000000000000000000000000000000000000000000000000000000000000000000000000000000000000001a68e87381e8c0
19955,0000000000000000000000000000000000000000000000000000000000000000000000000000000000000000000000000000000000000000003beb8f6c87b2c0
19965,0000000000000000000000000000000000000000000000000000000000000000000000000000000000000000000000000000000000000000002ae8d711f6b2a0
19975,00000000000000000000000000000000000000000000000000000000000000000000000000000000000000000000000000000000000000000045c6fb9b1c2700
19985,0000000000000000000000000000000000000000000000000000000000000000000000000000000000000000000000000000000000000000001b27b4d2f56760
19995,00000000000000000000000000000000000000000000000000000000000000000000000000000000000000000000000000000000000000000026c52f8a98d500
20005,00000000000000000000000000000000000000000000000000000000000000000000000000000000000000000000000000000000000000000019a74ccf5292c0
20015,0000000000000000000000000000000000000000000000000000000000000000000000000000000000000000000000000000000000000000001991778bdee2e0
20025,0000000000000000000000000000000000000000000000000000000000000000000000000000000000000000000000000000000000000000001b9635a420c2a0
20035,0000000000000000000000000000000000000000000000000000000000000000000000000000000000000000000000000000000000000000002aa8d478bd0720
20045,0000000000000000000000000000000000000000000000000000000000000000000000000000000000000000000000000000000000000000002713aa5dec97c0
20055,00000000000000000000000000000000000000000000000000000000000000000000000000000000000000000000000000000000000000000026b7bc46948aa0
20065,000000000000000000000000000000000000000000000000000000000000000000000000000000000000000000000000000000000000000000369df35bb3b820
20075,00000000000000000000000000000000000000000000000000000000000000000000000000000000000000000000000000000000000000000033c59a51b40a20
20085,0000000000000000000000000000000000000000000000000000000000000000000000000000000000000000000000000000000000000000001b559859b66fe0
20095,0000000000000000000000000000000000000000000000000000000000000000000000000000000000000000000000000000000000000000001039b5a3302120
20105,0000000000000000000000000000000000000000000000000000000000000000000000000000000000000000000000000000000000000000001ccd0a22e02ac0
20115,0000000000000000000000000000000000000000000000000000000000000000000000000000000000000000000000000000000000000000002fe2a5ed5c9040
20125,0000000000000000000000000000000000000000000000000000000000000000000000000000000000000000000000000000000000000000002408bdc3a42060
20135,00000000000000000000000000000000000000000000000000000000000000000000000000000000000000000000000000000000000000000023c0bf6607dd20
20145,0000000000000000000000000000000000000000000000000000000000000000000000000000000000000000000000000000000000000000005e8c0f8385ade0
20155,0000000000000000000000000000000000000000000000000000000000000000000000000000000000000000000000000000000000000000002136748800ce00
20165,0000000000000000000000000000000000000000000000000000000000000000000000000000000000000000000000000000000000000000001f8747250e9ee0
20175,0000000000000000000000000000000000000000000000000000000000000000000000000000000000000000000000000000000000000000001921396c0c9ce0
20185,0000000000000000000000000000000000000000000000000000000000000000000000000000000000000000000000000000000000000000001fb0e4ac195ee0
20195,0000000000000000000000000000000000000000000000000000000000000000000000000000000000000000000000000000000000000000001919504f0b3980
20205,0000000000000000000000000000000000000000000000000000000000000000000000000000000000000000000000000000000000000000002b971e063869e0
20215,0000000000000000000000000000000000000000000000000000000000000000000000000000000000000000000000000000000000000000003117d5939aca20
20225,000000000000000000000000000000000000000000000000000000000000000000000000000000000000000000000000000000000000000000161ec1bd810980
20235,0000000000000000000000000000000000000000000000000000000000000000000000000000000000000000000000000000000000000000001f8ff51aa04880
20245,000000000000000000000000000000000000000000000000000000000000000000000000000000000000000000000000000000000000000000126803cc5646a0
20255,00000000000000000000000000000000000000000000000000000000000000000000000000000000000000000000000000000000000000000025a7ce0a226d20
20265,0000000000000000000000000000000000000000000000000000000000000000000000000000000000000000000000000000000000000000001eef12ea63d5c0
20275,0000000000000000000000000000000000000000000000000000000000000000000000000000000000000000000000000000000000000000001684be8566ace0
20285,0000000000000000000000000000000000000000000000000000000000000000000000000000000000000000000000000000000000000000001f4b9d6e001d80
20295,000000000000000000000000000000000000000000000000000000000000000000000000000000000000000000000000000000000000000000283cab2c5f6fe0
20305,0000000000000000000000000000000000000000000000000000000000000000000000000000000000000000000000000000000000000000001761416cb23c40
20315,00000000000000000000000000000000000000000000000000000000000000000000000000000000000000000000000000000000000000000027212d21efd6c0
20325,000000000000000000000000000000000000000000000000000000000000000000000000000000000000000000000000000000000000000000398242f89643c0
20335,0000000000000000000000000000000000000000000000000000000000000000000000000000000000000000000000000000000000000000003e5e06073d80c0
20345,000000000000000000000000000000000000000000000000000000000000000000000000000000000000000000000000000000000000000000313867c2a40400
20355,00000000000000000000000000000000000000000000000000000000000000000000000000000000000000000000000000000000000000000035cf42e9a11cc0
20365,000000000000000000000000000000000000000000000000000000000000000000000000000000000000000000000000000000000000000000183ff3c9ff7b60
20375,000000000000000000000000000000000000000000000000000000000000000000000000000000000000000000000000000000000000000000206130d1735040
20385,00000000000000000000000000000000000000000000000000000000000000000000000000000000000000000000000000000000000000000031c02ff4917740
20395,0000000000000000000000000000000000000000000000000000000000000000000000000000000000000000000000000000000000000000003eb1436df06220
20405,0000000000000000000000000000000000000000000000000000000000000000000000000000000000000000000000000000000000000000001cffdb46d60900
20415,000000000000000000000000000000000000000000000000000000000000000000000000000000000000000000000000000000000000000000282bec3758eb80
20425,00000000000000000000000000000000000000000000000000000000000000000000000000000000000000000000000000000000000000000016e19030609f60
20435,0000000000000000000000000000000000000000000000000000000000000000000000000000000000000000000000000000000000000000001dffad35992280
20445,0000000000000000000000000000000000000000000000000000000000000000000000000000000000000000000000000000000000000000002f6a80eb9c71a0
20455,00000000000000000000000000000000000000000000000000000000000000000000000000000000000000000000000000000000000000000011a2833c1b58a0
20465,00000000000000000000000000000000000000000000000000000000000000000000000000000000000000000000000000000000000000000062872e0d9ec6c0
20475,00000000000000000000000000000000000000000000000000000000000000000000000000000000000000000000000000000000000000000035d1cb55c43060
20485,0000000000000000000000000000000000000000000000000000000000000000000000000000000000000000000000000000000000000000002a1ea97833d000
20495,000000000000000000000000000000000000000000000000000000000000000000000000000000000000000000000000000000000000000000404c9dc85fec20
20505,0000000000000000000000000000000000000000000000000000000000000000000000000000000000000000000000000000000000000000001e1aa2963e4100
20515,00000000000000000000000000000000000000000000000000000000000000000000000000000000000000000000000000000000000000000016af3bd14ea7a0
20525,0000000000000000000000000000000000000000000000000000000000000000000000000000000000000000000000000000000000000000001652a31c784100
20535,00000000000000000000000000000000000000000000000000000000000000000000000000000000000000000000000000000000000000000024e3176628a8e0
20545,00000000000000000000000000000000000000000000000000000000000000000000000000000000000000000000000000000000000000000017893bc29e27a0
20555,0000000000000000000000000000000000000000000000000000000000000000000000000000000000000000000000000000000000000000001b127c059e8f00
20565,000000000000000000000000000000000000000000000000000000000000000000000000000000000000000000000000000000000000000000197e529701be00
20575,0000000000000000000000000000000000000000000000000000000000000000000000000000000000000000000000000000000000000000001fb6a166ca1880
20585,0000000000000000000000000000000000000000000000000000000000000000000000000000000000000000000000000000000000000000003028bbfc54ce80
20595,0000000000000000000000000000000000000000000000000000000000000000000000000000000000000000000000000000000000000000002dfaa87a8d2b60
20605,00000000000000000000000000000000000000000000000000000000000000000000000000000000000000000000000000000000000000000018e45535134ca0
20615,0000000000000000000000000000000000000000000000000000000000000000000000000000000000000000000000000000000000000000001b1c12dd96aec0
20625,0000000000000000000000000000000000000000000000000000000000000000000000000000000000000000000000000000000000000000001dba74441bd6a0
20635,0000000000000000000000000000000000000000000000000000000000000000000000000000000000000000000000000000000000000000001cee32b45569e0
20645,00000000000000000000000000000000000000000000000000000000000000000000000000000000000000000000000000000000000000000026f9a190e8c360
20655,000000000000000000000000000000000000000000000000000000000000000000000000000000000000000000000000000000000000000000369b27a0d04140
20665,0000000000000000000000000000000000000000000000000000000000000000000000000000000000000000000000000000000000000000002ff35a939eda20
20675,00000000000000000000000000000000000000000000000000000000000000000000000000000000000000000000000000000000000000000022d670e2206d80
20685,0000000000000000000000000000000000000000000000000000000000000000000000000000000000000000000000000000000000000000003a96689735cd40
20695,00000000000000000000000000000000000000000000000000000000000000000000000000000000000000000000000000000000000000000012816f233d54c0
20705,000000000000000000000000000000000000000000000000000000000000000000000000000000000000000000000000000000000000000000351df8759361e0
20715,00000000000000000000000000000000000000000000000000000000000000000000000000000000000000000000000000000000000000000033b7175c86fac0
20725,00000000000000000000000000000000000000000000000000000000000000000000000000000000000000000000000000000000000000000021ed2e71d828a0
20735,00000000000000000000000000000000000000000000000000000000000000000000000000000000000000000000000000000000000000000019ad2758c63680
20745,0000000000000000000000000000000000000000000000000000000000000000000000000000000000000000000000000000000000000000004aa36f6ea3c980
20755,00000000000000000000000000000000000000000000000000000000000000000000000000000000000000000000000000000000000000000020ed523450d4a0
20765,00000000000000000000000000000000000000000000000000000000000000000000000000000000000000000000000000000000000000000015f3b305541660
20775,000000000000000000000000000000000000000000000000000000000000000000000000000000000000000000000000000000000000000000235c3814307200
20785,00000000000000000000000000000000000000000000000000000000000000000000000000000000000000000000000000000000000000000050e63e478fa0e0
20795,00000000000000000000000000000000000000000000000000000000000000000000000000000000000000000000000000000000000000000017892e6a018400
20805,00000000000000000000000000000000000000000000000000000000000000000000000000000000000000000000000000000000000000000023e4d4f74aa400
20815,0000000000000000000000000000000000000000000000000000000000000000000000000000000000000000000000000000000000000000001a1eceb393d680
20825,00000000000000000000000000000000000000000000000000000000000000000000000000000000000000000000000000000000000000000010b82ec20ced60
20835,0000000000000000000000000000000000000000000000000000000000000000000000000000000000000000000000000000000000000000001df47d4a0b5840
20845,0000000000000000000000000000000000000000000000000000000000000000000000000000000000000000000000000000000000000000001c14617e167500
20855,00000000000000000000000000000000000000000000000000000000000000000000000000000000000000000000000000000000000000000031910d95486100
20865,0000000000000000000000000000000000000000000000000000000000000000000000000000000000000000000000000000000000000000002ce2dbaaf19240
20875,00000000000000000000000000000000000000000000000000000000000000000000000000000000000000000000000000000000000000000016dabff5c27620
20885,000000000000000000000000000000000000000000000000000000000000000000000000000000000000000000000000000000000000000000265cc3f4183cc0
20895,000000000000000000000000000000000000000000000000000000000000000000000000000000000000000000000000000000000000000000180b10fecad780
20905,000000000000000000000000000000000000000000000000000000000000000000000000000000000000000000000000000000000000000000265a142f5a4600
20915,0000000000000000000000000000000000000000000000000000000000000000000000000000000000000000000000000000000000000000001e6a17ae6d7560
20925,00000000000000000000000000000000000000000000000000000000000000000000000000000000000000000000000000000000000000000016b55b02202140
20935,0000000000000000000000000000000000000000000000000000000000000000000000000000000000000000000000000000000000000000001edae7580e8a60
20945,0000000000000000000000000000000000000000000000000000000000000000000000000000000000000000000000000000000000000000001fd721dac0d300
20955,00000000000000000000000000000000000000000000000000000000000000000000000000000000000000000000000000000000000000000016e0e56b7fd260
20965,000000000000000000000000000000000000000000000000000000000000000000000000000000000000000000000000000000000000000000225da287ce2e40
20975,000000000000000000000000000000000000000000000000000000000000000000000000000000000000000000000000000000000000000000187d34f719ea80
20985,00000000000000000000000000000000000000000000000000000000000000000000000000000000000000000000000000000000000000000034e4d1b480efe0
20995,00000000000000000000000000000000000000000000000000000000000000000000000000000000000000000000000000000000000000000019866b82c4d500
21005,000000000000000000000000000000000000000000000000000000000000000000000000000000000000000000000000000000000000000000279d9bad3e9e60
21015,00000000000000000000000000000000000000000000000000000000000000000000000000000000000000000000000000000000000000000013d9cd823059c0
21025,000000000000000000000000000000000000000000000000000000000000000000000000000000000000000000000000000000000000000000183327d4b4d740
21035,0000000000000000000000000000000000000000000000000000000000000000000000000000000000000000000000000000000000000000002284b9d3f0c880
21045,0000000000000000000000000000000000000000000000000000000000000000000000000000000000000000000000000000000000000000002b74af6b008560
21055,00000000000000000000000000000000000000000000000000000000000000000000000000000000000000000000000000000000000000000015a93c0a589b20
21065,000000000000000000000000000000000000000000000000000000000000000000000000000000000000000000000000000000000000000000178c7d2eb4c400
21075,0000000000000000000000000000000000000000000000000000000000000000000000000000000000000000000000000000000000000000000f1ac2054af920
21085,00000000000000000000000000000000000000000000000000000000000000000000000000000000000000000000000000000000000000000021055e6dc5b2e0
21095,0000000000000000000000000000000000000000000000000000000000000000000000000000000000000000000000000000000000000000001f4e9963f405a0
21105,00000000000000000000000000000000000000000000000000000000000000000000000000000000000000000000000000000000000000000015b06980042d60
21115,000000000000000000000000000000000000000000000000000000000000000000000000000000000000000000000000000000000000000000285d95a04f05e0
21125,0000000000000000000000000000000000000000000000000000000000000000000000000000000000000000000000000000000000000000002680ee2cbc1580
21135,00000000000000000000000000000000000000000000000000000000000000000000000000000000000000000000000000000000000000000017bd03840d4060
21145,000000000000000000000000000000000000000000000000000000000000000000000000000000000000000000000000000000000000000000380a0dcd038be0
21155,00000000000000000000000000000000000000000000000000000000000000000000000000000000000000000000000000000000000000000019925c0bcf7d40
21165,0000000000000000000000000000000000000000000000000000000000000000000000000000000000000000000000000000000000000000002ff546586a05e0
21175,000000000000000000000000000000000000000000000000000000000000000000000000000000000000000000000000000000000000000000304fd4173c4720
21185,00000000000000000000000000000000000000000000000000000000000000000000000000000000000000000000000000000000000000000017665d09e3f880
21195,000000000000000000000000000000000000000000000000000000000000000000000000000000000000000000000000000000000000000000269ba4a116ac80
21205,0000000000000000000000000000000000000000000000000000000000000000000000000000000000000000000000000000000000000000001a0846b5188080
21215,0000000000000000000000000000000000000000000000000000000000000000000000000000000000000000000000000000000000000000003ea36be5068aa0
21225,0000000000000000000000000000000000000000000000000000000000000000000000000000000000000000000000000000000000000000002765d8b1008220
21235,000000000000000000000000000000000000000000000000000000000000000000000000000000000000000000000000000000000000000000140ac8e15990c0
21245,0000000000000000000000000000000000000000000000000000000000000000000000000000000000000000000000000000000000000000001838ca6804dde0
21255,000000000000000000000000000000000000000000000000000000000000000000000000000000000000000000000000000000000000000000339b8a0f9d5400
21265,0000000000000000000000000000000000000000000000000000000000000000000000000000000000000000000000000000000000000000002d7809d21f4920
21275,00000000000000000000000000000000000000000000000000000000000000000000000000000000000000000000000000000000000000000025d7c0e95d76c0
21285,00000000000000000000000000000000000000000000000000000000000000000000000000000000000000000000000000000000000000000056194e1f19dd40
21295,00000000000000000000000000000000000000000000000000000000000000000000000000000000000000000000000000000000000000000026fcb8fd023440
21305,0000000000000000000000000000000000000000000000000000000000000000000000000000000000000000000000000000000000000000001b27d1491adee0
21315,0000000000000000000000000000000000000000000000000000000000000000000000000000000000000000000000000000000000000000001853e3c8a78f60
21325,0000000000000000000000000000000000000000000000000000000000000000000000000000000000000000000000000000000000000000001ca275fe5c3040
21335,000000000000000000000000000000000000000000000000000000000000000000000000000000000000000000000000000000000000000000214d60c1891440
21345,0000000000000000000000000000000000000000000000000000000000000000000000000000000000000000000000000000000000000000001d3a081b880d40
21355,00000000000000000000000000000000000000000000000000000000000000000000000000000000000000000000000000000000000000000028e3fe838f38e0
21365,0000000000000000000000000000000000000000000000000000000000000000000000000000000000000000000000000000000000000000001904496dffc8e0
21375,0000000000000000000000000000000000000000000000000000000000000000000000000000000000000000000000000000000000000000001ad466fff4dc60
21385,00000000000000000000000000000000000000000000000000000000000000000000000000000000000000000000000000000000000000000019a8e88071e8c0
21395,000000000000000000000000000000000000000000000000000000000000000000000000000000000000000000000000000000000000000000148e819d65ac40
21405,0000000000000000000000000000000000000000000000000000000000000000000000000000000000000000000000000000000000000000001311e92d325600
21415,0000000000000000000000000000000000000000000000000000000000000000000000000000000000000000000000000000000000000000001e2cce81539040
21425,000000000000000000000000000000000000000000000000000000000000000000000000000000000000000000000000000000000000000000135778460c49e0
21435,00000000000000000000000000000000000000000000000000000000000000000000000000000000000000000000000000000000000000000017b8c918076b40
21445,0000000000000000000000000000000000000000000000000000000000000000000000000000000000000000000000000000000000000000001533372fd64800
21455,00000000000000000000000000000000000000000000000000000000000000000000000000000000000000000000000000000000000000000018fde9a9816e20
21465,0000000000000000000000000000000000000000000000000000000000000000000000000000000000000000000000000000000000000000001c12dd431cecc0
21475,000000000000000000000000000000000000000000000000000000000000000000000000000000000000000000000000000000000000000000168a29d3ce1e20
21485,0000000000000000000000000000000000000000000000000000000000000000000000000000000000000000000000000000000000000000001834bbad372ac0
21495,00000000000000000000000000000000000000000000000000000000000000000000000000000000000000000000000000000000000000000025b24a58327920
21505,00000000000000000000000000000000000000000000000000000000000000000000000000000000000000000000000000000000000000000028fd07e4557e60
21515,0000000000000000000000000000000000000000000000000000000000000000000000000000000000000000000000000000000000000000001dc7e81bd15220
21525,0000000000000000000000000000000000000000000000000000000000000000000000000000000000000000000000000000000000000000001a0b6a3ebaf900
21535,0000000000000000000000000000000000000000000000000000000000000000000000000000000000000000000000000000000000000000001c33bf7bf95f80
21545,0000000000000000000000000000000000000000000000000000000000000000000000000000000000000000000000000000000000000000001b8dcf737691c0
21555,000000000000000000000000000000000000000000000000000000000000000000000000000000000000000000000000000000000000000000220d9279820880
21565,000000000000000000000000000000000000000000000000000000000000000000000000000000000000000000000000000000000000000000144a8b982162e0
21575,0000000000000000000000000000000000000000000000000000000000000000000000000000000000000000000000000000000000000000003745a429049760
21585,0000000000000000000000000000000000000000000000000000000000000000000000000000000000000000000000000000000000000000003b6fe04d7aca00
21595,0000000000000000000000000000000000000000000000000000000000000000000000000000000000000000000000000000000000000000001e851536747d60
21605,0000000000000000000000000000000000000000000000000000000000000000000000000000000000000000000000000000000000000000002307a0c1461ae0
21615,0000000000000000000000000000000000000000000000000000000000000000000000000000000000000000000000000000000000000000003eba35772eb080
21625,0000000000000000000000000000000000000000000000000000000000000000000000000000000000000000000000000000000000000000002bddb9c662b9a0
21635,0000000000000000000000000000000000000000000000000000000000000000000000000000000000000000000000000000000000000000001495f361d19080
21645,0000000000000000000000000000000000000000000000000000000000000000000000000000000000000000000000000000000000000000004639b61d39b2c0
21655,0000000000000000000000000000000000000000000000000000000000000000000000000000000000000000000000000000000000000000002bfe0f7f48a400
21665,00000000000000000000000000000000000000000000000000000000000000000000000000000000000000000000000000000000000000000032389289feaac0
21675,000000000000000000000000000000000000000000000000000000000000000000000000000000000000000000000000000000000000000000297e6f0cd85e00
21685,00000000000000000000000000000000000000000000000000000000000000000000000000000000000000000000000000000000000000000018dddc8e2077c0
21695,0000000000000000000000000000000000000000000000000000000000000000000000000000000000000000000000000000000000000000002628998b4d53a0
21705,0000000000000000000000000000000000000000000000000000000000000000000000000000000000000000000000000000000000000000002f6ece6b5238c0
21715,00000000000000000000000000000000000000000000000000000000000000000000000000000000000000000000000000000000000000000017d8e78c04c040
21725,00000000000000000000000000000000000000000000000000000000000000000000000000000000000000000000000000000000000000000027f19bb16e3b40
21735,000000000000000000000000000000000000000000000000000000000000000000000000000000000000000000000000000000000000000000252492ff48ed20
21745,0000000000000000000000000000000000000000000000000000000000000000000000000000000000000000000000000000000000000000001140fcaefc6f00
21755,00000000000000000000000000000000000000000000000000000000000000000000000000000000000000000000000000000000000000000025edb771bb3780
21765,000000000000000000000000000000000000000000000000000000000000000000000000000000000000000000000000000000000000000000409e6dc2dca820
21775,00000000000000000000000000000000000000000000000000000000000000000000000000000000000000000000000000000000000000000018aa1caf26fe60
21785,0000000000000000000000000000000000000000000000000000000000000000000000000000000000000000000000000000000000000000001a3d38d8e9a580
21795,000000000000000000000000000000000000000000000000000000000000000000000000000000000000000000000000000000000000000000438eb5adb5a4c0
21805,0000000000000000000000000000000000000000000000000000000000000000000000000000000000000000000000000000000000000000001ccf7a67a268e0
21815,000000000000000000000000000000000000000000000000000000000000000000000000000000000000000000000000000000000000000000136c9630eecaa0
21825,000000000000000000000000000000000000000000000000000000000000000000000000000000000000000000000000000000000000000000188c1a13a2d2e0
21835,0000000000000000000000000000000000000000000000000000000000000000000000000000000000000000000000000000000000000000001c9bce92803360
21845,0000000000000000000000000000000000000000000000000000000000000000000000000000000000000000000000000000000000000000000e9367a21b0c00
21855,0000000000000000000000000000000000000000000000000000000000000000000000000000000000000000000000000000000000000000001f8709116192a0
21865,00000000000000000000000000000000000000000000000000000000000000000000000000000000000000000000000000000000000000000017eea1b1f06b40
21875,00000000000000000000000000000000000000000000000000000000000000000000000000000000000000000000000000000000000000000017cd21656d6440
21885,0000000000000000000000000000000000000000000000000000000000000000000000000000000000000000000000000000000000000000003cc5f2ddd07e60
21895,0000000000000000000000000000000000000000000000000000000000000000000000000000000000000000000000000000000000000000001fed7494537120
21905,0000000000000000000000000000000000000000000000000000000000000000000000000000000000000000000000000000000000000000002ff9e375a44840
21915,0000000000000000000000000000000000000000000000000000000000000000000000000000000000000000000000000000000000000000002f3d9a338f4c80
21925,000000000000000000000000000000000000000000000000000000000000000000000000000000000000000000000000000000000000000000151f34bb081000
21935,0000000000000000000000000000000000000000000000000000000000000000000000000000000000000000000000000000000000000000001d490155997340
21945,0000000000000000000000000000000000000000000000000000000000000000000000000000000000000000000000000000000000000000001d39f0fdffc360
21955,00000000000000000000000000000000000000000000000000000000000000000000000000000000000000000000000000000000000000000017025e7cefa4e0
21965,0000000000000000000000000000000000000000000000000000000000000000000000000000000000000000000000000000000000000000004d7c328c4d8cc0
21975,0000000000000000000000000000000000000000000000000000000000000000000000000000000000000000000000000000000000000000004a0b7a78e10bc0
21985,000000000000000000000000000000000000000000000000000000000000000000000000000000000000000000000000000000000000000000209d50e1176200
21995,000000000000000000000000000000000000000000000000000000000000000000000000000000000000000000000000000000000000000000180996e15a7960
22005,00000000000000000000000000000000000000000000000000000000000000000000000000000000000000000000000000000000000000000020b9bc6905c080
22015,00000000000000000000000000000000000000000000000000000000000000000000000000000000000000000000000000000000000000000016751afc9bd460
22025,000000000000000000000000000000000000000000000000000000000000000000000000000000000000000000000000000000000000000000267ef2408f8a40
22035,0000000000000000000000000000000000000000000000000000000000000000000000000000000000000000000000000000000000000000001c1d9fd6148b60
22045,0000000000000000000000000000000000000000000000000000000000000000000000000000000000000000000000000000000000000000002f50ecb241fd60
22055,00000000000000000000000000000000000000000000000000000000000000000000000000000000000000000000000000000000000000000010cef3fb97d460
22065,00000000000000000000000000000000000000000000000000000000000000000000000000000000000000000000000000000000000000000016d3294ee2e6c0
22075,0000000000000000000000000000000000000000000000000000000000000000000000000000000000000000000000000000000000000000001bee34e31f1e00
22085,00000000000000000000000000000000000000000000000000000000000000000000000000000000000000000000000000000000000000000028adc5f3854dc0
22095,00000000000000000000000000000000000000000000000000000000000000000000000000000000000000000000000000000000000000000014ad9ed660a540
22105,000000000000000000000000000000000000000000000000000000000000000000000000000000000000000000000000000000000000000000139c16e8cf0f40
22115,0000000000000000000000000000000000000000000000000000000000000000000000000000000000000000000000000000000000000000001836e92338fd00
22125,0000000000000000000000000000000000000000000000000000000000000000000000000000000000000000000000000000000000000000002240203b0649c0
22135,000000000000000000000000000000000000000000000000000000000000000000000000000000000000000000000000000000000000000000582ce40ef93b80
22145,0000000000000000000000000000000000000000000000000000000000000000000000000000000000000000000000000000000000000000003447dc48ed17a0
22155,0000000000000000000000000000000000000000000000000000000000000000000000000000000000000000000000000000000000000000002fc78d206b0fe0
22165,000000000000000000000000000000000000000000000000000000000000000000000000000000000000000000000000000000000000000000194817df9581e0
22175,000000000000000000000000000000000000000000000000000000000000000000000000000000000000000000000000000000000000000000277c69cd051380
22185,00000000000000000000000000000000000000000000000000000000000000000000000000000000000000000000000000000000000000000016ae7a6ee58820
22195,0000000000000000000000000000000000000000000000000000000000000000000000000000000000000000000000000000000000000000002f1e0549615080
22205,00000000000000000000000000000000000000000000000000000000000000000000000000000000000000000000000000000000000000000029b2649d094ce0
22215,0000000000000000000000000000000000000000000000000000000000000000000000000000000000000000000000000000000000000000001fd6f6822634e0
22225,0000000000000000000000000000000000000000000000000000000000000000000000000000000000000000000000000000000000000000002efb9238025680
22235,0000000000000000000000000000000000000000000000000000000000000000000000000000000000000000000000000000000000000000002859e2b4400f60
22245,0000000000000000000000000000000000000000000000000000000000000000000000000000000000000000000000000000000000000000001d058f504c44e0
22255,0000000000000000000000000000000000000000000000000000000000000000000000000000000000000000000000000000000000000000001accd75914d440
22265,0000000000000000000000000000000000000000000000000000000000000000000000000000000000000000000000000000000000000000002b3c085147ef80
22275,0000000000000000000000000000000000000000000000000000000000000000000000000000000000000000000000000000000000000000002149dca43be2a0
22285,00000000000000000000000000000000000000000000000000000000000000000000000000000000000000000000000000000000000000000031c7adb8fc8c80
22295,0000000000000000000000000000000000000000000000000000000000000000000000000000000000000000000000000000000000000000001779cfe1320540
22305,00000000000000000000000000000000000000000000000000000000000000000000000000000000000000000000000000000000000000000028da31043851c0
22315,0000000000000000000000000000000000000000000000000000000000000000000000000000000000000000000000000000000000000000001b91a3c1f96fc0
22325,000000000000000000000000000000000000000000000000000000000000000000000000000000000000000000000000000000000000000000187f57b208c4a0
22335,0000000000000000000000000000000000000000000000000000000000000000000000000000000000000000000000000000000000000000001aab898c8e6620
22345,00000000000000000000000000000000000000000000000000000000000000000000000000000000000000000000000000000000000000000014fd44e4b3ef80
22355,000000000000000000000000000000000000000000000000000000000000000000000000000000000000000000000000000000000000000000168622719d7620
22365,00000000000000000000000000000000000000000000000000000000000000000000000000000000000000000000000000000000000000000032dbdf1c8799c0
22375,0000000000000000000000000000000000000000000000000000000000000000000000000000000000000000000000000000000000000000001e92a63f631500
22385,0000000000000000000000000000000000000000000000000000000000000000000000000000000000000000000000000000000000000000001e67659aeaba20
22395,0000000000000000000000000000000000000000000000000000000000000000000000000000000000000000000000000000000000000000001628b129246c60
22405,00000000000000000000000000000000000000000000000000000000000000000000000000000000000000000000000000000000000000000020a7befded4f20
22415,0000000000000000000000000000000000000000000000000000000000000000000000000000000000000000000000000000000000000000001ffd7dce528320
22425,0000000000000000000000000000000000000000000000000000000000000000000000000000000000000000000000000000000000000000002119766c6b14e0
22435,0000000000000000000000000000000000000000000000000000000000000000000000000000000000000000000000000000000000000000001d4163c26b9660
22445,000000000000000000000000000000000000000000000000000000000000000000000000000000000000000000000000000000000000000000162c261f102d40
22455,0000000000000000000000000000000000000000000000000000000000000000000000000000000000000000000000000000000000000000003260a09afcf300
22465,00000000000000000000000000000000000000000000000000000000000000000000000000000000000000000000000000000000000000000047579f89f5b6e0
22475,000000000000000000000000000000000000000000000000000000000000000000000000000000000000000000000000000000000000000000190c3e8b005d40
22485,0000000000000000000000000000000000000000000000000000000000000000000000000000000000000000000000000000000000000000001b3f70515c0500
22495,000000000000000000000000000000000000000000000000000000000000000000000000000000000000000000000000000000000000000000165f4ab927ce40
22505,0000000000000000000000000000000000000000000000000000000000000000000000000000000000000000000000000000000000000000004a4769926107a0
22515,00000000000000000000000000000000000000000000000000000000000000000000000000000000000000000000000000000000000000000020880609e92340
22525,00000000000000000000000000000000000000000000000000000000000000000000000000000000000000000000000000000000000000000015fea05d352200
22535,00000000000000000000000000000000000000000000000000000000000000000000000000000000000000000000000000000000000000000012dd96f5a52f40
22545,00000000000000000000000000000000000000000000000000000000000000000000000000000000000000000000000000000000000000000050bf804a2bee60
22555,000000000000000000000000000000000000000000000000000000000000000000000000000000000000000000000000000000000000000000135a392852f200
22565,00000000000000000000000000000000000000000000000000000000000000000000000000000000000000000000000000000000000000000023522d63a296c0
22575,0000000000000000000000000000000000000000000000000000000000000000000000000000000000000000000000000000000000000000004fee6be21b2ce0
22585,000000000000000000000000000000000000000000000000000000000000000000000000000000000000000000000000000000000000000000167f40fbecc4e0
22595,000000000000000000000000000000000000000000000000000000000000000000000000000000000000000000000000000000000000000000228a82187958a0
22605,000000000000000000000000000000000000000000000000000000000000000000000000000000000000000000000000000000000000000000232b55701941a0
22615,000000000000000000000000000000000000000000000000000000000000000000000000000000000000000000000000000000000000000000109ed3a6387880
22625,000000000000000000000000000000000000000000000000000000000000000000000000000000000000000000000000000000000000000000130578907f1400
22635,00000000000000000000000000000000000000000000000000000000000000000000000000000000000000000000000000000000000000000023d101d13e2840
22645,0000000000000000000000000000000000000000000000000000000000000000000000000000000000000000000000000000000000000000001318b9541f4580
22655,0000000000000000000000000000000000000000000000000000000000000000000000000000000000000000000000000000000000000000001ee729f4c4e5e0
22665,00000000000000000000000000000000000000000000000000000000000000000000000000000000000000000000000000000000000000000037a3d12c84ac00
22675,00000000000000000000000000000000000000000000000000000000000000000000000000000000000000000000000000000000000000000016be790182dbc0
22685,0000000000000000000000000000000000000000000000000000000000000000000000000000000000000000000000000000000000000000001600e2c95ced20
22695,0000000000000000000000000000000000000000000000000000000000000000000000000000000000000000000000000000000000000000001277065f049540
22705,0000000000000000000000000000000000000000000000000000000000000000000000000000000000000000000000000000000000000000001cffc01f756740
22715,0000000000000000000000000000000000000000000000000000000000000000000000000000000000000000000000000000000000000000005b16c6e68f4ca0
22725,00000000000000000000000000000000000000000000000000000000000000000000000000000000000000000000000000000000000000000017a22c198d7f80
22735,0000000000000000000000000000000000000000000000000000000000000000000000000000000000000000000000000000000000000000002a4184449f7de0
22745,00000000000000000000000000000000000000000000000000000000000000000000000000000000000000000000000000000000000000000026ba4946688a60
22755,0000000000000000000000000000000000000000000000000000000000000000000000000000000000000000000000000000000000000000002e20ee3ce546a0
22765,0000000000000000000000000000000000000000000000000000000000000000000000000000000000000000000000000000000000000000001ee5ded7515d00
22775,000000000000000000000000000000000000000000000000000000000000000000000000000000000000000000000000000000000000000000143146375f2860
22785,0000000000000000000000000000000000000000000000000000000000000000000000000000000000000000000000000000000000000000001d01e71f504680
22795,000000000000000000000000000000000000000000000000000000000000000000000000000000000000000000000000000000000000000000195ad836ef95c0
22805,00000000000000000000000000000000000000000000000000000000000000000000000000000000000000000000000000000000000000000028153a87a55100
22815,0000000000000000000000000000000000000000000000000000000000000000000000000000000000000000000000000000000000000000004b1c75ab686c20
22825,00000000000000000000000000000000000000000000000000000000000000000000000000000000000000000000000000000000000000000038600864c24160
22835,00000000000000000000000000000000000000000000000000000000000000000000000000000000000000000000000000000000000000000058db4daa9b1320
22845,00000000000000000000000000000000000000000000000000000000000000000000000000000000000000000000000000000000000000000016b0d2475aa6a0
22855,0000000000000000000000000000000000000000000000000000000000000000000000000000000000000000000000000000000000000000001091289d4ba160
22865,00000000000000000000000000000000000000000000000000000000000000000000000000000000000000000000000000000000000000000014d4b884f93dc0
22875,0000000000000000000000000000000000000000000000000000000000000000000000000000000000000000000000000000000000000000002f683f1325d7a0
22885,0000000000000000000000000000000000000000000000000000000000000000000000000000000000000000000000000000000000000000002bc532031d90e0
22895,0000000000000000000000000000000000000000000000000000000000000000000000000000000000000000000000000000000000000000002c8e57d805eac0
22905,0000000000000000000000000000000000000000000000000000000000000000000000000000000000000000000000000000000000000000002ba377d4284900
22915,0000000000000000000000000000000000000000000000000000000000000000000000000000000000000000000000000000000000000000001916191e079de0
22925,000000000000000000000000000000000000000000000000000000000000000000000000000000000000000000000000000000000000000000293132396f2dc0
22935,0000000000000000000000000000000000000000000000000000000000000000000000000000000000000000000000000000000000000000001784b12562a620
22945,00000000000000000000000000000000000000000000000000000000000000000000000000000000000000000000000000000000000000000021aa5b0a0a22c0
22955,000000000000000000000000000000000000000000000000000000000000000000000000000000000000000000000000000000000000000000281b59738a8080
22965,000000000000000000000000000000000000000000000000000000000000000000000000000000000000000000000000000000000000000000269527ab5f35a0
22975,0000000000000000000000000000000000000000000000000000000000000000000000000000000000000000000000000000000000000000003b0b6f7ba1dac0
22985,00000000000000000000000000000000000000000000000000000000000000000000000000000000000000000000000000000000000000000030ba0490148280
22995,000000000000000000000000000000000000000000000000000000000000000000000000000000000000000000000000000000000000000000231c0afaf9a3a0
23005,00000000000000000000000000000000000000000000000000000000000000000000000000000000000000000000000000000000000000000036821cf1452600
23015,00000000000000000000000000000000000000000000000000000000000000000000000000000000000000000000000000000000000000000015879c02c40640
23025,000000000000000000000000000000000000000000000000000000000000000000000000000000000000000000000000000000000000000000268ff7e6cc5ee0
23035,0000000000000000000000000000000000000000000000000000000000000000000000000000000000000000000000000000000000000000001bae4cc9e3a960
23045,00000000000000000000000000000000000000000000000000000000000000000000000000000000000000000000000000000000000000000012634987bb8500
23055,0000000000000000000000000000000000000000000000000000000000000000000000000000000000000000000000000000000000000000002675ec72664220
23065,0000000000000000000000000000000000000000000000000000000000000000000000000000000000000000000000000000000000000000001b30edefe026c0
23075,000000000000000000000000000000000000000000000000000000000000000000000000000000000000000000000000000000000000000000189548a6b5aa80
23085,00000000000000000000000000000000000000000000000000000000000000000000000000000000000000000000000000000000000000000018eab65c07b6e0
23095,00000000000000000000000000000000000000000000000000000000000000000000000000000000000000000000000000000000000000000018463d5d444140
23105,0000000000000000000000000000000000000000000000000000000000000000000000000000000000000000000000000000000000000000001435e9cac05dc0
23115,0000000000000000000000000000000000000000000000000000000000000000000000000000000000000000000000000000000000000000001a5c882f6b16a0
23125,000000000000000000000000000000000000000000000000000000000000000000000000000000000000000000000000000000000000000000266927d5b8a920
23135,0000000000000000000000000000000000000000000000000000000000000000000000000000000000000000000000000000000000000000001dbeda301ebd60
23145,0000000000000000000000000000000000000000000000000000000000000000000000000000000000000000000000000000000000000000001ea6cf6f426220
23155,0000000000000000000000000000000000000000000000000000000000000000000000000000000000000000000000000000000000000000004584332974c680
23165,0000000000000000000000000000000000000000000000000000000000000000000000000000000000000000000000000000000000000000001f1381fba094c0
23175,00000000000000000000000000000000000000000000000000000000000000000000000000000000000000000000000000000000000000000019eaa205dcc5c0
23185,00000000000000000000000000000000000000000000000000000000000000000000000000000000000000000000000000000000000000000021c53e4d26a120
23195,0000000000000000000000000000000000000000000000000000000000000000000000000000000000000000000000000000000000000000001eecabe0b4a9a0
23205,0000000000000000000000000000000000000000000000000000000000000000000000000000000000000000000000000000000000000000001af8fcc26a13a0
23215,00000000000000000000000000000000000000000000000000000000000000000000000000000000000000000000000000000000000000000038ac17a48e88c0
23225,00000000000000000000000000000000000000000000000000000000000000000000000000000000000000000000000000000000000000000014be5dfca23a00
23235,0000000000000000000000000000000000000000000000000000000000000000000000000000000000000000000000000000000000000000003b711ee1168da0
23245,00000000000000000000000000000000000000000000000000000000000000000000000000000000000000000000000000000000000000000039df7afc26daa0
23255,000000000000000000000000000000000000000000000000000000000000000000000000000000000000000000000000000000000000000000203ca8679abca0
23265,0000000000000000000000000000000000000000000000000000000000000000000000000000000000000000000000000000000000000000001d67770e9fb5a0
23275,00000000000000000000000000000000000000000000000000000000000000000000000000000000000000000000000000000000000000000016cb0c8a828840
23285,0000000000000000000000000000000000000000000000000000000000000000000000000000000000000000000000000000000000000000002d79330d1ef320
23295,00000000000000000000000000000000000000000000000000000000000000000000000000000000000000000000000000000000000000000014f31b969e4bc0
23305,00000000000000000000000000000000000000000000000000000000000000000000000000000000000000000000000000000000000000000042467bb9faf060
23315,0000000000000000000000000000000000000000000000000000000000000000000000000000000000000000000000000000000000000000002ca067b9448020
23325,000000000000000000000000000000000000000000000000000000000000000000000000000000000000000000000000000000000000000000320aa752031340
23335,00000000000000000000000000000000000000000000000000000000000000000000000000000000000000000000000000000000000000000019274ac4417b80
23345,0000000000000000000000000000000000000000000000000000000000000000000000000000000000000000000000000000000000000000000fc3453503d2a0
23355,000000000000000000000000000000000000000000000000000000000000000000000000000000000000000000000000000000000000000000183062fc471100
23365,0000000000000000000000000000000000000000000000000000000000000000000000000000000000000000000000000000000000000000001bfd8027039a60
23375,0000000000000000000000000000000000000000000000000000000000000000000000000000000000000000000000000000000000000000001b581fe3636b60
23385,0000000000000000000000000000000000000000000000000000000000000000000000000000000000000000000000000000000000000000001472c93ccdb180
23395,0000000000000000000000000000000000000000000000000000000000000000000000000000000000000000000000000000000000000000001dc2305747a560
23405,00000000000000000000000000000000000000000000000000000000000000000000000000000000000000000000000000000000000000000042e9301b530d00
23415,000000000000000000000000000000000000000000000000000000000000000000000000000000000000000000000000000000000000000000271479f18fd620
23425,0000000000000000000000000000000000000000000000000000000000000000000000000000000000000000000000000000000000000000002cdd285c8efb00
23435,00000000000000000000000000000000000000000000000000000000000000000000000000000000000000000000000000000000000000000015993ef7bb2da0
23445,000000000000000000000000000000000000000000000000000000000000000000000000000000000000000000000000000000000000000000264bd7ba287680
23455,0000000000000000000000000000000000000000000000000000000000000000000000000000000000000000000000000000000000000000001b7c25436c35e0
23465,00000000000000000000000000000000000000000000000000000000000000000000000000000000000000000000000000000000000000000020d093715460a0
23475,0000000000000000000000000000000000000000000000000000000000000000000000000000000000000000000000000000000000000000001772e7eb81c420
23485,0000000000000000000000000000000000000000000000000000000000000000000000000000000000000000000000000000000000000000001a1242f9588fa0
23495,00000000000000000000000000000000000000000000000000000000000000000000000000000000000000000000000000000000000000000033d9a881952900
23505,0000000000000000000000000000000000000000000000000000000000000000000000000000000000000000000000000000000000000000001ab08beeae2460
23515,0000000000000000000000000000000000000000000000000000000000000000000000000000000000000000000000000000000000000000003bbf74346cd740
23525,00000000000000000000000000000000000000000000000000000000000000000000000000000000000000000000000000000000000000000037f02944e994a0
23535,00000000000000000000000000000000000000000000000000000000000000000000000000000000000000000000000000000000000000000015d033f4072b60
23545,0000000000000000000000000000000000000000000000000000000000000000000000000000000000000000000000000000000000000000001957842d5061e0
23555,00000000000000000000000000000000000000000000000000000000000000000000000000000000000000000000000000000000000000000031b8ef615d5620
23565,00000000000000000000000000000000000000000000000000000000000000000000000000000000000000000000000000000000000000000036a9a4824c7e60
23575,0000000000000000000000000000000000000000000000000000000000000000000000000000000000000000000000000000000000000000001b865dea1e5ac0
23585,0000000000000000000000000000000000000000000000000000000000000000000000000000000000000000000000000000000000000000001441c3b642b380
23595,00000000000000000000000000000000000000000000000000000000000000000000000000000000000000000000000000000000000000000019de30243d4ae0
23605,0000000000000000000000000000000000000000000000000000000000000000000000000000000000000000000000000000000000000000002b885755fc39a0
23615,00000000000000000000000000000000000000000000000000000000000000000000000000000000000000000000000000000000000000000025b82d3a4316c0
23625,000000000000000000000000000000000000000000000000000000000000000000000000000000000000000000000000000000000000000000229096494b9000
23635,0000000000000000000000000000000000000000000000000000000000000000000000000000000000000000000000000000000000000000002333e65bd442a0
23645,0000000000000000000000000000000000000000000000000000000000000000000000000000000000000000000000000000000000000000001c5d8096b2f4e0
23655,00000000000000000000000000000000000000000000000000000000000000000000000000000000000000000000000000000000000000000029bccd08a48880
23665,0000000000000000000000000000000000000000000000000000000000000000000000000000000000000000000000000000000000000000001586272066ff20
23675,00000000000000000000000000000000000000000000000000000000000000000000000000000000000000000000000000000000000000000015372c4d1bdc60
23685,000000000000000000000000000000000000000000000000000000000000000000000000000000000000000000000000000000000000000000191024321f99e0
23695,00000000000000000000000000000000000000000000000000000000000000000000000000000000000000000000000000000000000000000028754acff12400
23705,0000000000000000000000000000000000000000000000000000000000000000000000000000000000000000000000000000000000000000002d60637b19b4c0
23715,0000000000000000000000000000000000000000000000000000000000000000000000000000000000000000000000000000000000000000002b13ed8536d1a0
23725,000000000000000000000000000000000000000000000000000000000000000000000000000000000000000000000000000000000000000000186f3581e3fec0
23735,0000000000000000000000000000000000000000000000000000000000000000000000000000000000000000000000000000000000000000002a69747d023f20
23745,00000000000000000000000000000000000000000000000000000000000000000000000000000000000000000000000000000000000000000022a761aa388300
23755,00000000000000000000000000000000000000000000000000000000000000000000000000000000000000000000000000000000000000000011fb300ebf3ce0
23765,000000000000000000000000000000000000000000000000000000000000000000000000000000000000000000000000000000000000000000235165d9d76b40
23775,0000000000000000000000000000000000000000000000000000000000000000000000000000000000000000000000000000000000000000001d501d551ed040
23785,0000000000000000000000000000000000000000000000000000000000000000000000000000000000000000000000000000000000000000003b655f1cf4eae0
23795,000000000000000000000000000000000000000000000000000000000000000000000000000000000000000000000000000000000000000000153fa8079d3740
23805,00000000000000000000000000000000000000000000000000000000000000000000000000000000000000000000000000000000000000000078d09103542440
23815,0000000000000000000000000000000000000000000000000000000000000000000000000000000000000000000000000000000000000000001bc9065bc7e340
23825,00000000000000000000000000000000000000000000000000000000000000000000000000000000000000000000000000000000000000000025cd45c2afcd00
23835,0000000000000000000000000000000000000000000000000000000000000000000000000000000000000000000000000000000000000000001ea3ffef72dd80
23845,0000000000000000000000000000000000000000000000000000000000000000000000000000000000000000000000000000000000000000001744b28c28b5a0
23855,000000000000000000000000000000000000000000000000000000000000000000000000000000000000000000000000000000000000000000179e774b088220
23865,0000000000000000000000000000000000000000000000000000000000000000000000000000000000000000000000000000000000000000001416692f55efc0
23875,000000000000000000000000000000000000000000000000000000000000000000000000000000000000000000000000000000000000000000276ea957cae900
23885,000000000000000000000000000000000000000000000000000000000000000000000000000000000000000000000000000000000000000000218ac4511759a0
23895,00000000000000000000000000000000000000000000000000000000000000000000000000000000000000000000000000000000000000000021e645b73ba600
23905,0000000000000000000000000000000000000000000000000000000000000000000000000000000000000000000000000000000000000000002694a10405d240
23915,00000000000000000000000000000000000000000000000000000000000000000000000000000000000000000000000000000000000000000019547ad4e73940
23925,000000000000000000000000000000000000000000000000000000000000000000000000000000000000000000000000000000000000000000351881ffca3ae0
23935,0000000000000000000000000000000000000000000000000000000000000000000000000000000000000000000000000000000000000000002aa6ff517a2de0
23945,0000000000000000000000000000000000000000000000000000000000000000000000000000000000000000000000000000000000000000001dee390f63c000
23955,00000000000000000000000000000000000000000000000000000000000000000000000000000000000000000000000000000000000000000019dd6ecbacc840
23965,000000000000000000000000000000000000000000000000000000000000000000000000000000000000000000000000000000000000000000166373a52ed140
23975,00000000000000000000000000000000000000000000000000000000000000000000000000000000000000000000000000000000000000000056b8b94596f7e0
23985,000000000000000000000000000000000000000000000000000000000000000000000000000000000000000000000000000000000000000000486d3dcfde5540
23995,00000000000000000000000000000000000000000000000000000000000000000000000000000000000000000000000000000000000000000019ac5358d47f80
24005,00000000000000000000000000000000000000000000000000000000000000000000000000000000000000000000000000000000000000000019f2107b83f6c0
24015,0000000000000000000000000000000000000000000000000000000000000000000000000000000000000000000000000000000000000000001ef7704c49b240
24025,000000000000000000000000000000000000000000000000000000000000000000000000000000000000000000000000000000000000000000224a83ff3f5f80
24035,00000000000000000000000000000000000000000000000000000000000000000000000000000000000000000000000000000000000000000028ef8502c868c0
24045,0000000000000000000000000000000000000000000000000000000000000000000000000000000000000000000000000000000000000000003232123ba9e3c0
24055,000000000000000000000000000000000000000000000000000000000000000000000000000000000000000000000000000000000000000000218639f8c82240
24065,000000000000000000000000000000000000000000000000000000000000000000000000000000000000000000000000000000000000000000385f9d3d6703a0
24075,0000000000000000000000000000000000000000000000000000000000000000000000000000000000000000000000000000000000000000003b269521300760
24085,00000000000000000000000000000000000000000000000000000000000000000000000000000000000000000000000000000000000000000016060a3f2b66e0
24095,0000000000000000000000000000000000000000000000000000000000000000000000000000000000000000000000000000000000000000001b8979e0101ae0
24105,00000000000000000000000000000000000000000000000000000000000000000000000000000000000000000000000000000000000000000025986e3c66b580
24115,000000000000000000000000000000000000000000000000000000000000000000000000000000000000000000000000000000000000000000144204c016ef20
24125,0000000000000000000000000000000000000000000000000000000000000000000000000000000000000000000000000000000000000000001d9101bd0e30e0
24135,00000000000000000000000000000000000000000000000000000000000000000000000000000000000000000000000000000000000000000015a810bba7d9e0
24145,00000000000000000000000000000000000000000000000000000000000000000000000000000000000000000000000000000000000000000015af633b298ac0
24155,000000000000000000000000000000000000000000000000000000000000000000000000000000000000000000000000000000000000000000180146ce38a3a0
24165,0000000000000000000000000000000000000000000000000000000000000000000000000000000000000000000000000000000000000000005af4eee8d71aa0
24175,0000000000000000000000000000000000000000000000000000000000000000000000000000000000000000000000000000000000000000002bb8650dd2fe00
24185,0000000000000000000000000000000000000000000000000000000000000000000000000000000000000000000000000000000000000000002470c89f178c00
24195,0000000000000000000000000000000000000000000000000000000000000000000000000000000000000000000000000000000000000000001b073c7c87f980
24205,00000000000000000000000000000000000000000000000000000000000000000000000000000000000000000000000000000000000000000026dfc3e16bdfe0
24215,00000000000000000000000000000000000000000000000000000000000000000000000000000000000000000000000000000000000000000033e5a8e33c49c0
24225,00000000000000000000000000000000000000000000000000000000000000000000000000000000000000000000000000000000000000000017605b8a4b9260
24235,0000000000000000000000000000000000000000000000000000000000000000000000000000000000000000000000000000000000000000001a5817eacb5880
24245,000000000000000000000000000000000000000000000000000000000000000000000000000000000000000000000000000000000000000000313e0c872ef880
24255,0000000000000000000000000000000000000000000000000000000000000000000000000000000000000000000000000000000000000000001d75c7c8bc7640
24265,0000000000000000000000000000000000000000000000000000000000000000000000000000000000000000000000000000000000000000002820062474f140
24275,0000000000000000000000000000000000000000000000000000000000000000000000000000000000000000000000000000000000000000001a3a9a9e031dc0
24285,00000000000000000000000000000000000000000000000000000000000000000000000000000000000000000000000000000000000000000031999b14b4d820
24295,0000000000000000000000000000000000000000000000000000000000000000000000000000000000000000000000000000000000000000001975532b4e2f20
24305,00000000000000000000000000000000000000000000000000000000000000000000000000000000000000000000000000000000000000000018acf4f3e23a80
24315,000000000000000000000000000000000000000000000000000000000000000000000000000000000000000000000000000000000000000000104c9853256e60
24325,0000000000000000000000000000000000000000000000000000000000000000000000000000000000000000000000000000000000000000001a12a0be3e8ce0
24335,0000000000000000000000000000000000000000000000000000000000000000000000000000000000000000000000000000000000000000002b82662f004360
24345,00000000000000000000000000000000000000000000000000000000000000000000000000000000000000000000000000000000000000000020606e20455b00
24355,0000000000000000000000000000000000000000000000000000000000000000000000000000000000000000000000000000000000000000002250ecd76e58c0
24365,0000000000000000000000000000000000000000000000000000000000000000000000000000000000000000000000000000000000000000001d460a5fa534e0
24375,00000000000000000000000000000000000000000000000000000000000000000000000000000000000000000000000000000000000000000018bb0ee9165d20
24385,0000000000000000000000000000000000000000000000000000000000000000000000000000000000000000000000000000000000000000001b70cbc42ffdc0
24395,00000000000000000000000000000000000000000000000000000000000000000000000000000000000000000000000000000000000000000025399d6a2cbe40
24405,000000000000000000000000000000000000000000000000000000000000000000000000000000000000000000000000000000000000000000188ae51d904200
24415,0000000000000000000000000000000000000000000000000000000000000000000000000000000000000000000000000000000000000000003dbbd51c03eae0
24425,00000000000000000000000000000000000000000000000000000000000000000000000000000000000000000000000000000000000000000019f75971502ea0
24435,0000000000000000000000000000000000000000000000000000000000000000000000000000000000000000000000000000000000000000001c9f2e25f73dc0
24445,0000000000000000000000000000000000000000000000000000000000000000000000000000000000000000000000000000000000000000001f503677896b20
24455,0000000000000000000000000000000000000000000000000000000000000000000000000000000000000000000000000000000000000000001f28b6bf1f1540
24465,0000000000000000000000000000000000000000000000000000000000000000000000000000000000000000000000000000000000000000001571243582aca0
24475,0000000000000000000000000000000000000000000000000000000000000000000000000000000000000000000000000000000000000000001784052f46da00
24485,0000000000000000000000000000000000000000000000000000000000000000000000000000000000000000000000000000000000000000003afe47865d69a0
24495,0000000000000000000000000000000000000000000000000000000000000000000000000000000000000000000000000000000000000000001e73b57c8c7f80
24505,00000000000000000000000000000000000000000000000000000000000000000000000000000000000000000000000000000000000000000012bdc86df13c80
24515,0000000000000000000000000000000000000000000000000000000000000000000000000000000000000000000000000000000000000000002eb8b79ef9b900
24525,00000000000000000000000000000000000000000000000000000000000000000000000000000000000000000000000000000000000000000031695d5ce14fc0
24535,00000000000000000000000000000000000000000000000000000000000000000000000000000000000000000000000000000000000000000022058d48d14e60
24545,0000000000000000000000000000000000000000000000000000000000000000000000000000000000000000000000000000000000000000002509a714ca8de0
24555,0000000000000000000000000000000000000000000000000000000000000000000000000000000000000000000000000000000000000000002816e07db044a0
24565,0000000000000000000000000000000000000000000000000000000000000000000000000000000000000000000000000000000000000000001195e964572ca0
24575,0000000000000000000000000000000000000000000000000000000000000000000000000000000000000000000000000000000000000000003941d1fcede100
24585,000000000000000000000000000000000000000000000000000000000000000000000000000000000000000000000000000000000000000000271cf12238e1c0
24595,0000000000000000000000000000000000000000000000000000000000000000000000000000000000000000000000000000000000000000001228022943ed00
24605,000000000000000000000000000000000000000000000000000000000000000000000000000000000000000000000000000000000000000000137864f50f6aa0
24615,0000000000000000000000000000000000000000000000000000000000000000000000000000000000000000000000000000000000000000001ae3b5a64f45c0
24625,00000000000000000000000000000000000000000000000000000000000000000000000000000000000000000000000000000000000000000021e44ad4e7a660
24635,0000000000000000000000000000000000000000000000000000000000000000000000000000000000000000000000000000000000000000001f20e618436e60
24645,00000000000000000000000000000000000000000000000000000000000000000000000000000000000000000000000000000000000000000017612927c79020
24655,00000000000000000000000000000000000000000000000000000000000000000000000000000000000000000000000000000000000000000025993046323fe0
24665,000000000000000000000000000000000000000000000000000000000000000000000000000000000000000000000000000000000000000000209e4b74b7baa0
24675,00000000000000000000000000000000000000000000000000000000000000000000000000000000000000000000000000000000000000000022f1d6e047ce00
24685,000000000000000000000000000000000000000000000000000000000000000000000000000000000000000000000000000000000000000000160a3317813020
24695,000000000000000000000000000000000000000000000000000000000000000000000000000000000000000000000000000000000000000000251d7e58609b40
24705,000000000000000000000000000000000000000000000000000000000000000000000000000000000000000000000000000000000000000000202ad85ef563c0
24715,00000000000000000000000000000000000000000000000000000000000000000000000000000000000000000000000000000000000000000026ec6bea6a2ac0
24725,0000000000000000000000000000000000000000000000000000000000000000000000000000000000000000000000000000000000000000001112c145cb2b20
24735,000000000000000000000000000000000000000000000000000000000000000000000000000000000000000000000000000000000000000000179eed374f54e0
24745,000000000000000000000000000000000000000000000000000000000000000000000000000000000000000000000000000000000000000000205e34a06bbae0
24755,000000000000000000000000000000000000000000000000000000000000000000000000000000000000000000000000000000000000000000288a538999fea0
24765,000000000000000000000000000000000000000000000000000000000000000000000000000000000000000000000000000000000000000000161ffc511d1220
24775,00000000000000000000000000000000000000000000000000000000000000000000000000000000000000000000000000000000000000000012a8ea20944b00
24785,0000000000000000000000000000000000000000000000000000000000000000000000000000000000000000000000000000000000000000003d7aeff900e5a0
24795,000000000000000000000000000000000000000000000000000000000000000000000000000000000000000000000000000000000000000000161dd329dfe1e0
24805,0000000000000000000000000000000000000000000000000000000000000000000000000000000000000000000000000000000000000000002038aaa2f34760
24815,000000000000000000000000000000000000000000000000000000000000000000000000000000000000000000000000000000000000000000157a932b075500
24825,0000000000000000000000000000000000000000000000000000000000000000000000000000000000000000000000000000000000000000002387cc4c546640
24835,00000000000000000000000000000000000000000000000000000000000000000000000000000000000000000000000000000000000000000027eac76cf7ba20
24845,000000000000000000000000000000000000000000000000000000000000000000000000000000000000000000000000000000000000000000317322b4d64d60
24855,0000000000000000000000000000000000000000000000000000000000000000000000000000000000000000000000000000000000000000001f64b11d8a9d80
24865,0000000000000000000000000000000000000000000000000000000000000000000000000000000000000000000000000000000000000000001bbb32e68f0080
24875,0000000000000000000000000000000000000000000000000000000000000000000000000000000000000000000000000000000000000000001995d68b937c20
24885,00000000000000000000000000000000000000000000000000000000000000000000000000000000000000000000000000000000000000000038352a53f47d20
24895,0000000000000000000000000000000000000000000000000000000000000000000000000000000000000000000000000000000000000000001dbbd157b58c20
24905,000000000000000000000000000000000000000000000000000000000000000000000000000000000000000000000000000000000000000000387a1427ed4520
24915,0000000000000000000000000000000000000000000000000000000000000000000000000000000000000000000000000000000000000000003880e11d9f5800
24925,0000000000000000000000000000000000000000000000000000000000000000000000000000000000000000000000000000000000000000003eb2351f1b2ca0
24935,00000000000000000000000000000000000000000000000000000000000000000000000000000000000000000000000000000000000000000018140174580600
24945,0000000000000000000000000000000000000000000000000000000000000000000000000000000000000000000000000000000000000000002f78239bec4ee0
24955,0000000000000000000000000000000000000000000000000000000000000000000000000000000000000000000000000000000000000000002a06d879cea540
24965,00000000000000000000000000000000000000000000000000000000000000000000000000000000000000000000000000000000000000000050e968b3a7ca00
24975,00000000000000000000000000000000000000000000000000000000000000000000000000000000000000000000000000000000000000000016f9bc7d848f60
24985,00000000000000000000000000000000000000000000000000000000000000000000000000000000000000000000000000000000000000000019000f9f83c1c0
24995,000000000000000000000000000000000000000000000000000000000000000000000000000000000000000000000000000000000000000000305194799437e0
25005,00000000000000000000000000000000000000000000000000000000000000000000000000000000000000000000000000000000000000000058da59f9706b20
25015,0000000000000000000000000000000000000000000000000000000000000000000000000000000000000000000000000000000000000000002d423be970a460
25025,00000000000000000000000000000000000000000000000000000000000000000000000000000000000000000000000000000000000000000019febce6f81d60
25035,000000000000000000000000000000000000000000000000000000000000000000000000000000000000000000000000000000000000000000170d045eae1ec0
25045,000000000000000000000000000000000000000000000000000000000000000000000000000000000000000000000000000000000000000000363e04bac816c0
25055,000000000000000000000000000000000000000000000000000000000000000000000000000000000000000000000000000000000000000000210eca3be81b80
25065,000000000000000000000000000000000000000000000000000000000000000000000000000000000000000000000000000000000000000000379a699975aba0
25075,000000000000000000000000000000000000000000000000000000000000000000000000000000000000000000000000000000000000000000188a7eec5c1120
25085,000000000000000000000000000000000000000000000000000000000000000000000000000000000000000000000000000000000000000000400e7a252d5d00
25095,0000000000000000000000000000000000000000000000000000000000000000000000000000000000000000000000000000000000000000001fe8421e85b520
25105,000000000000000000000000000000000000000000000000000000000000000000000000000000000000000000000000000000000000000000133bf4a08472c0
25115,0000000000000000000000000000000000000000000000000000000000000000000000000000000000000000000000000000000000000000001f539e14d88860
25125,0000000000000000000000000000000000000000000000000000000000000000000000000000000000000000000000000000000000000000001063462a3bc160
25135,000000000000000000000000000000000000000000000000000000000000000000000000000000000000000000000000000000000000000000146becf857ba60
25145,00000000000000000000000000000000000000000000000000000000000000000000000000000000000000000000000000000000000000000017b8c2fa7dfc20
25155,00000000000000000000000000000000000000000000000000000000000000000000000000000000000000000000000000000000000000000035d08e90ed39e0
25165,0000000000000000000000000000000000000000000000000000000000000000000000000000000000000000000000000000000000000000004a08d9d1abe8e0
25175,00000000000000000000000000000000000000000000000000000000000000000000000000000000000000000000000000000000000000000028813b4f232f60
25185,0000000000000000000000000000000000000000000000000000000000000000000000000000000000000000000000000000000000000000001c4e046682ff80
25195,00000000000000000000000000000000000000000000000000000000000000000000000000000000000000000000000000000000000000000046a0b9bdab29e0
25205,0000000000000000000000000000000000000000000000000000000000000000000000000000000000000000000000000000000000000000004fc9bd9fa79c40
25215,000000000000000000000000000000000000000000000000000000000000000000000000000000000000000000000000000000000000000000399e1c8a6715a0
25225,000000000000000000000000000000000000000000000000000000000000000000000000000000000000000000000000000000000000000000218852a0066f20
25235,0000000000000000000000000000000000000000000000000000000000000000000000000000000000000000000000000000000000000000001dd9bc1a9dc920
25245,00000000000000000000000000000000000000000000000000000000000000000000000000000000000000000000000000000000000000000013e6f4e3c399c0
25255,0000000000000000000000000000000000000000000000000000000000000000000000000000000000000000000000000000000000000000002f68a409466c80
25265,0000000000000000000000000000000000000000000000000000000000000000000000000000000000000000000000000000000000000000003ab4a3952c5380
25275,0000000000000000000000000000000000000000000000000000000000000000000000000000000000000000000000000000000000000000002321b7d33547e0
25285,000000000000000000000000000000000000000000000000000000000000000000000000000000000000000000000000000000000000000000335271948a3aa0
25295,000000000000000000000000000000000000000000000000000000000000000000000000000000000000000000000000000000000000000000277ec54cdc6920
25305,0000000000000000000000000000000000000000000000000000000000000000000000000000000000000000000000000000000000000000003d8c5e3cc08640
25315,0000000000000000000000000000000000000000000000000000000000000000000000000000000000000000000000000000000000000000002f35ca47c74a40
25325,0000000000000000000000000000000000000000000000000000000000000000000000000000000000000000000000000000000000000000001dcf0d60425e00
25335,00000000000000000000000000000000000000000000000000000000000000000000000000000000000000000000000000000000000000000026dc3e441ec820
25345,000000000000000000000000000000000000000000000000000000000000000000000000000000000000000000000000000000000000000000252dc9260c7d20
25355,0000000000000000000000000000000000000000000000000000000000000000000000000000000000000000000000000000000000000000001ab84064509de0
25365,00000000000000000000000000000000000000000000000000000000000000000000000000000000000000000000000000000000000000000018a2843982a1e0
25375,0000000000000000000000000000000000000000000000000000000000000000000000000000000000000000000000000000000000000000001d03bc641cf660
25385,000000000000000000000000000000000000000000000000000000000000000000000000000000000000000000000000000000000000000000133b9cbe143760
25395,0000000000000000000000000000000000000000000000000000000000000000000000000000000000000000000000000000000000000000001c7447a8db45e0
25405,0000000000000000000000000000000000000000000000000000000000000000000000000000000000000000000000000000000000000000001d6ee78446c420
25415,000000000000000000000000000000000000000000000000000000000000000000000000000000000000000000000000000000000000000000166fb355969a40
25425,0000000000000000000000000000000000000000000000000000000000000000000000000000000000000000000000000000000000000000001201a82200e0a0
25435,0000000000000000000000000000000000000000000000000000000000000000000000000000000000000000000000000000000000000000001f02a24b8893c0
25445,0000000000000000000000000000000000000000000000000000000000000000000000000000000000000000000000000000000000000000002dcaafcc8d99a0
25455,00000000000000000000000000000000000000000000000000000000000000000000000000000000000000000000000000000000000000000012faf169d23940
25465,00000000000000000000000000000000000000000000000000000000000000000000000000000000000000000000000000000000000000000043418b8b8645c0
25475,00000000000000000000000000000000000000000000000000000000000000000000000000000000000000000000000000000000000000000023d5f35ac17f40
25485,0000000000000000000000000000000000000000000000000000000000000000000000000000000000000000000000000000000000000000001dae3dd89fbc80
25495,000000000000000000000000000000000000000000000000000000000000000000000000000000000000000000000000000000000000000000247786638f9140
25505,0000000000000000000000000000000000000000000000000000000000000000000000000000000000000000000000000000000000000000001dd918df9517a0
25515,0000000000000000000000000000000000000000000000000000000000000000000000000000000000000000000000000000000000000000001a4854e2029f60
25525,000000000000000000000000000000000000000000000000000000000000000000000000000000000000000000000000000000000000000000189d8a43b11740
25535,0000000000000000000000000000000000000000000000000000000000000000000000000000000000000000000000000000000000000000002c40c05d406020
25545,00000000000000000000000000000000000000000000000000000000000000000000000000000000000000000000000000000000000000000021974f6dc8d280
25555,0000000000000000000000000000000000000000000000000000000000000000000000000000000000000000000000000000000000000000001fe7b9010519c0
25565,000000000000000000000000000000000000000000000000000000000000000000000000000000000000000000000000000000000000000000269e166fb16da0
25575,000000000000000000000000000000000000000000000000000000000000000000000000000000000000000000000000000000000000000000159524158bd600
25585,000000000000000000000000000000000000000000000000000000000000000000000000000000000000000000000000000000000000000000472b7bdbb40ae0
25595,00000000000000000000000000000000000000000000000000000000000000000000000000000000000000000000000000000000000000000038833362639ba0
25605,0000000000000000000000000000000000000000000000000000000000000000000000000000000000000000000000000000000000000000001515bc630de220
25615,0000000000000000000000000000000000000000000000000000000000000000000000000000000000000000000000000000000000000000001ca8574cbbae00
25625,0000000000000000000000000000000000000000000000000000000000000000000000000000000000000000000000000000000000000000002f99aec10c24a0
25635,00000000000000000000000000000000000000000000000000000000000000000000000000000000000000000000000000000000000000000024df48c8e07c60
25645,0000000000000000000000000000000000000000000000000000000000000000000000000000000000000000000000000000000000000000001cd9af982d6700
25655,000000000000000000000000000000000000000000000000000000000000000000000000000000000000000000000000000000000000000000338997e9706f00
25665,0000000000000000000000000000000000000000000000000000000000000000000000000000000000000000000000000000000000000000001cd1925da5ae00
25675,000000000000000000000000000000000000000000000000000000000000000000000000000000000000000000000000000000000000000000aab2525818b700
25685,000000000000000000000000000000000000000000000000000000000000000000000000000000000000000000000000000000000000000000210901775f9400
25695,00000000000000000000000000000000000000000000000000000000000000000000000000000000000000000000000000000000000000000017b8685cfa3ea0
25705,00000000000000000000000000000000000000000000000000000000000000000000000000000000000000000000000000000000000000000012a1eeefd1a460
25715,0000000000000000000000000000000000000000000000000000000000000000000000000000000000000000000000000000000000000000001947d486fc81c0
25725,00000000000000000000000000000000000000000000000000000000000000000000000000000000000000000000000000000000000000000036dc8deb2d08c0
25735,00000000000000000000000000000000000000000000000000000000000000000000000000000000000000000000000000000000000000000039de052d7b1e80
25745,0000000000000000000000000000000000000000000000000000000000000000000000000000000000000000000000000000000000000000001556134b06cba0
25755,0000000000000000000000000000000000000000000000000000000000000000000000000000000000000000000000000000000000000000001fa0e7d48f9ea0
25765,00000000000000000000000000000000000000000000000000000000000000000000000000000000000000000000000000000000000000000016460793791e80
25775,0000000000000000000000000000000000000000000000000000000000000000000000000000000000000000000000000000000000000000001952234b3701c0
25785,0000000000000000000000000000000000000000000000000000000000000000000000000000000000000000000000000000000000000000001cb1ac24b84040
25795,0000000000000000000000000000000000000000000000000000000000000000000000000000000000000000000000000000000000000000001914e28092b360
25805,000000000000000000000000000000000000000000000000000000000000000000000000000000000000000000000000000000000000000000110fcd45fe1c20
25815,0000000000000000000000000000000000000000000000000000000000000000000000000000000000000000000000000000000000000000001add571ce48700
25825,0000000000000000000000000000000000000000000000000000000000000000000000000000000000000000000000000000000000000000001f8715f3d6dbc0
25835,00000000000000000000000000000000000000000000000000000000000000000000000000000000000000000000000000000000000000000019d28c1b2d7b00
25845,000000000000000000000000000000000000000000000000000000000000000000000000000000000000000000000000000000000000000000139528df6dfbe0
25855,0000000000000000000000000000000000000000000000000000000000000000000000000000000000000000000000000000000000000000002e5170fe8cc5a0
25865,0000000000000000000000000000000000000000000000000000000000000000000000000000000000000000000000000000000000000000000e3f59bb763740
25875,0000000000000000000000000000000000000000000000000000000000000000000000000000000000000000000000000000000000000000001c244ecbc8a3c0
25885,0000000000000000000000000000000000000000000000000000000000000000000000000000000000000000000000000000000000000000001f8af142594100
25895,0000000000000000000000000000000000000000000000000000000000000000000000000000000000000000000000000000000000000000001482e55941a520
25905,0000000000000000000000000000000000000000000000000000000000000000000000000000000000000000000000000000000000000000002468ce8befeac0
25915,00000000000000000000000000000000000000000000000000000000000000000000000000000000000000000000000000000000000000000016825ba319af40
25925,00000000000000000000000000000000000000000000000000000000000000000000000000000000000000000000000000000000000000000019b99457efde40
25935,0000000000000000000000000000000000000000000000000000000000000000000000000000000000000000000000000000000000000000001917d200601000
25945,000000000000000000000000000000000000000000000000000000000000000000000000000000000000000000000000000000000000000000113f12b8f61060
25955,0000000000000000000000000000000000000000000000000000000000000000000000000000000000000000000000000000000000000000001147f6b85cb360
25965,0000000000000000000000000000000000000000000000000000000000000000000000000000000000000000000000000000000000000000001a112952091400
25975,0000000000000000000000000000000000000000000000000000000000000000000000000000000000000000000000000000000000000000001a890bc01c7400
25985,000000000000000000000000000000000000000000000000000000000000000000000000000000000000000000000000000000000000000000180a6912876340
25995,000000000000000000000000000000000000000000000000000000000000000000000000000000000000000000000000000000000000000000204975fa6f1d80
26005,0000000000000000000000000000000000000000000000000000000000000000000000000000000000000000000000000000000000000000001d4236f3986f00
26015,0000000000000000000000000000000000000000000000000000000000000000000000000000000000000000000000000000000000000000001021a32ea7fd20
26025,000000000000000000000000000000000000000000000000000000000000000000000000000000000000000000000000000000000000000000191d2f1d8d6260
26035,0000000000000000000000000000000000000000000000000000000000000000000000000000000000000000000000000000000000000000002b047f4b2d4de0
26045,0000000000000000000000000000000000000000000000000000000000000000000000000000000000000000000000000000000000000000002342453379e860
26055,000000000000000000000000000000000000000000000000000000000000000000000000000000000000000000000000000000000000000000182855556f8660
26065,0000000000000000000000000000000000000000000000000000000000000000000000000000000000000000000000000000000000000000002271ce1a2379a0
26075,0000000000000000000000000000000000000000000000000000000000000000000000000000000000000000000000000000000000000000001c8400590727a0
26085,0000000000000000000000000000000000000000000000000000000000000000000000000000000000000000000000000000000000000000003761bb09963400
26095,0000000000000000000000000000000000000000000000000000000000000000000000000000000000000000000000000000000000000000001ec659bbe73ca0
26105,0000000000000000000000000000000000000000000000000000000000000000000000000000000000000000000000000000000000000000005e1cc859ca2640
26115,0000000000000000000000000000000000000000000000000000000000000000000000000000000000000000000000000000000000000000001d6ed47a6f6f00
26125,00000000000000000000000000000000000000000000000000000000000000000000000000000000000000000000000000000000000000000029761c0d67f5c0
26135,0000000000000000000000000000000000000000000000000000000000000000000000000000000000000000000000000000000000000000000eb0c5a9f91360
26145,0000000000000000000000000000000000000000000000000000000000000000000000000000000000000000000000000000000000000000003c4f60797f1740
26155,00000000000000000000000000000000000000000000000000000000000000000000000000000000000000000000000000000000000000000029dee1903143c0
26165,00000000000000000000000000000000000000000000000000000000000000000000000000000000000000000000000000000000000000000012c68a7732c6e0
26175,00000000000000000000000000000000000000000000000000000000000000000000000000000000000000000000000000000000000000000022d7a3ff959460
26185,00000000000000000000000000000000000000000000000000000000000000000000000000000000000000000000000000000000000000000016c78cc5d29580
26195,0000000000000000000000000000000000000000000000000000000000000000000000000000000000000000000000000000000000000000005a31a34e9d7d80
26205,0000000000000000000000000000000000000000000000000000000000000000000000000000000000000000000000000000000000000000004e95cd5bca0460
26215,0000000000000000000000000000000000000000000000000000000000000000000000000000000000000000000000000000000000000000002be756e346bc00
26225,0000000000000000000000000000000000000000000000000000000000000000000000000000000000000000000000000000000000000000002e8c70c957f540
26235,000000000000000000000000000000000000000000000000000000000000000000000000000000000000000000000000000000000000000000379d517bb9b300
26245,000000000000000000000000000000000000000000000000000000000000000000000000000000000000000000000000000000000000000000417524b464d360
26255,00000000000000000000000000000000000000000000000000000000000000000000000000000000000000000000000000000000000000000029df64378aec20
26265,00000000000000000000000000000000000000000000000000000000000000000000000000000000000000000000000000000000000000000024f26bbdbdc3c0
26275,000000000000000000000000000000000000000000000000000000000000000000000000000000000000000000000000000000000000000000249acffeb8b400
26285,00000000000000000000000000000000000000000000000000000000000000000000000000000000000000000000000000000000000000000018aed6b8ae12c0
26295,00000000000000000000000000000000000000000000000000000000000000000000000000000000000000000000000000000000000000000023e4588b044160
26305,00000000000000000000000000000000000000000000000000000000000000000000000000000000000000000000000000000000000000000020b2e9e97b6fa0
26315,0000000000000000000000000000000000000000000000000000000000000000000000000000000000000000000000000000000000000000002fc92fa04edcc0
26325,0000000000000000000000000000000000000000000000000000000000000000000000000000000000000000000000000000000000000000002414b6605f7860
26335,00000000000000000000000000000000000000000000000000000000000000000000000000000000000000000000000000000000000000000047e57400672540
26345,000000000000000000000000000000000000000000000000000000000000000000000000000000000000000000000000000000000000000000181c09915752a0
26355,0000000000000000000000000000000000000000000000000000000000000000000000000000000000000000000000000000000000000000002d44f41a7ccec0
26365,00000000000000000000000000000000000000000000000000000000000000000000000000000000000000000000000000000000000000000013f99bd8a93c20
26375,0000000000000000000000000000000000000000000000000000000000000000000000000000000000000000000000000000000000000000001a0ca55256f900
26385,00000000000000000000000000000000000000000000000000000000000000000000000000000000000000000000000000000000000000000044df57f97cdb00
26395,0000000000000000000000000000000000000000000000000000000000000000000000000000000000000000000000000000000000000000001196398bb43c20
26405,0000000000000000000000000000000000000000000000000000000000000000000000000000000000000000000000000000000000000000001d6c25bf8a03e0
26415,0000000000000000000000000000000000000000000000000000000000000000000000000000000000000000000000000000000000000000002d02295a10a9c0
26425,000000000000000000000000000000000000000000000000000000000000000000000000000000000000000000000000000000000000000000206954b35d0ca0
26435,00000000000000000000000000000000000000000000000000000000000000000000000000000000000000000000000000000000000000000039d5484b9bb160
26445,00000000000000000000000000000000000000000000000000000000000000000000000000000000000000000000000000000000000000000022fea5f31c1500
26455,0000000000000000000000000000000000000000000000000000000000000000000000000000000000000000000000000000000000000000001dfa973fc97ae0
26465,00000000000000000000000000000000000000000000000000000000000000000000000000000000000000000000000000000000000000000030c171720a93a0
26475,000000000000000000000000000000000000000000000000000000000000000000000000000000000000000000000000000000000000000000182be9d531c4c0
26485,000000000000000000000000000000000000000000000000000000000000000000000000000000000000000000000000000000000000000000129625044e3aa0
26495,00000000000000000000000000000000000000000000000000000000000000000000000000000000000000000000000000000000000000000074402ea0d3b700
26505,000000000000000000000000000000000000000000000000000000000000000000000000000000000000000000000000000000000000000000685f24152030e0
26515,0000000000000000000000000000000000000000000000000000000000000000000000000000000000000000000000000000000000000000001445d649adae20
26525,0000000000000000000000000000000000000000000000000000000000000000000000000000000000000000000000000000000000000000001939533931cc00
26535,0000000000000000000000000000000000000000000000000000000000000000000000000000000000000000000000000000000000000000004ea0208c52fd00
26545,00000000000000000000000000000000000000000000000000000000000000000000000000000000000000000000000000000000000000000022fc98a47a8e40
26555,0000000000000000000000000000000000000000000000000000000000000000000000000000000000000000000000000000000000000000002079ab772f82a0
26565,00000000000000000000000000000000000000000000000000000000000000000000000000000000000000000000000000000000000000000012fa8c0762e6c0
26575,0000000000000000000000000000000000000000000000000000000000000000000000000000000000000000000000000000000000000000001258d4c3839480
26585,0000000000000000000000000000000000000000000000000000000000000000000000000000000000000000000000000000000000000000001c3dec85227420
26595,000000000000000000000000000000000000000000000000000000000000000000000000000000000000000000000000000000000000000000203bf94a1cb0c0
26605,0000000000000000000000000000000000000000000000000000000000000000000000000000000000000000000000000000000000000000001c9ed5e110e1a0
26615,00000000000000000000000000000000000000000000000000000000000000000000000000000000000000000000000000000000000000000032fe8a1058f720
26625,000000000000000000000000000000000000000000000000000000000000000000000000000000000000000000000000000000000000000000248cc31d34eae0
26635,000000000000000000000000000000000000000000000000000000000000000000000000000000000000000000000000000000000000000000198c4b6eae4340
26645,0000000000000000000000000000000000000000000000000000000000000000000000000000000000000000000000000000000000000000001c7a6fbc224da0
26655,00000000000000000000000000000000000000000000000000000000000000000000000000000000000000000000000000000000000000000021b5b69cf77220
26665,0000000000000000000000000000000000000000000000000000000000000000000000000000000000000000000000000000000000000000005195901e3583c0
26675,0000000000000000000000000000000000000000000000000000000000000000000000000000000000000000000000000000000000000000002599807767ec40
26685,00000000000000000000000000000000000000000000000000000000000000000000000000000000000000000000000000000000000000000017827907ff1580
26695,00000000000000000000000000000000000000000000000000000000000000000000000000000000000000000000000000000000000000000027444646f4db00
26705,00000000000000000000000000000000000000000000000000000000000000000000000000000000000000000000000000000000000000000010dcac8e5c5f80
26715,00000000000000000000000000000000000000000000000000000000000000000000000000000000000000000000000000000000000000000021364256c91c20
26725,00000000000000000000000000000000000000000000000000000000000000000000000000000000000000000000000000000000000000000010287310a8a280
26735,00000000000000000000000000000000000000000000000000000000000000000000000000000000000000000000000000000000000000000044c5a940242fe0
26745,0000000000000000000000000000000000000000000000000000000000000000000000000000000000000000000000000000000000000000002701688689fdc0
26755,0000000000000000000000000000000000000000000000000000000000000000000000000000000000000000000000000000000000000000002164150ec65a40
26765,0000000000000000000000000000000000000000000000000000000000000000000000000000000000000000000000000000000000000000001dc466885c9240
26775,00000000000000000000000000000000000000000000000000000000000000000000000000000000000000000000000000000000000000000017e1d11f1c3e20
26785,000000000000000000000000000000000000000000000000000000000000000000000000000000000000000000000000000000000000000000176de01d139e80
26795,00000000000000000000000000000000000000000000000000000000000000000000000000000000000000000000000000000000000000000022ade49616f580
26805,0000000000000000000000000000000000000000000000000000000000000000000000000000000000000000000000000000000000000000002bf3e3e26e3bc0
26815,0000000000000000000000000000000000000000000000000000000000000000000000000000000000000000000000000000000000000000003466c2294e4180
26825,00000000000000000000000000000000000000000000000000000000000000000000000000000000000000000000000000000000000000000056e816cc3e87e0
26835,000000000000000000000000000000000000000000000000000000000000000000000000000000000000000000000000000000000000000000258105bdfa8020
26845,0000000000000000000000000000000000000000000000000000000000000000000000000000000000000000000000000000000000000000001aba903cc64660
26855,0000000000000000000000000000000000000000000000000000000000000000000000000000000000000000000000000000000000000000006614d28b671e60
26865,0000000000000000000000000000000000000000000000000000000000000000000000000000000000000000000000000000000000000000001b203518631180
26875,0000000000000000000000000000000000000000000000000000000000000000000000000000000000000000000000000000000000000000001834b5f223dc60
26885,00000000000000000000000000000000000000000000000000000000000000000000000000000000000000000000000000000000000000000014cacc85a464c0
26895,000000000000000000000000000000000000000000000000000000000000000000000000000000000000000000000000000000000000000000142d48c17c9a20
26905,0000000000000000000000000000000000000000000000000000000000000000000000000000000000000000000000000000000000000000003ecd866c08de60
26915,0000000000000000000000000000000000000000000000000000000000000000000000000000000000000000000000000000000000000000001c0e8feac99920
26925,00000000000000000000000000000000000000000000000000000000000000000000000000000000000000000000000000000000000000000018edb82a98c400
26935,0000000000000000000000000000000000000000000000000000000000000000000000000000000000000000000000000000000000000000004496b7b97558e0
26945,0000000000000000000000000000000000000000000000000000000000000000000000000000000000000000000000000000000000000000002473579512cc60
26955,0000000000000000000000000000000000000000000000000000000000000000000000000000000000000000000000000000000000000000001a42b21d778860
26965,00000000000000000000000000000000000000000000000000000000000000000000000000000000000000000000000000000000000000000021e43ba3ad98c0
26975,0000000000000000000000000000000000000000000000000000000000000000000000000000000000000000000000000000000000000000002743f9b348c8e0
26985,00000000000000000000000000000000000000000000000000000000000000000000000000000000000000000000000000000000000000000019196c13f5a940
26995,0000000000000000000000000000000000000000000000000000000000000000000000000000000000000000000000000000000000000000001ce011840e12c0
27005,0000000000000000000000000000000000000000000000000000000000000000000000000000000000000000000000000000000000000000002a12c1b414df40
27015,00000000000000000000000000000000000000000000000000000000000000000000000000000000000000000000000000000000000000000047b0e2352d0c20
27025,0000000000000000000000000000000000000000000000000000000000000000000000000000000000000000000000000000000000000000002c506a0d6d44a0
27035,0000000000000000000000000000000000000000000000000000000000000000000000000000000000000000000000000000000000000000001add6609324a80
27045,0000000000000000000000000000000000000000000000000000000000000000000000000000000000000000000000000000000000000000002e19007881bd60
27055,0000000000000000000000000000000000000000000000000000000000000000000000000000000000000000000000000000000000000000001eb41b6e5d0320
27065,0000000000000000000000000000000000000000000000000000000000000000000000000000000000000000000000000000000000000000001344f8a9c18aa0
27075,0000000000000000000000000000000000000000000000000000000000000000000000000000000000000000000000000000000000000000001e6fe34b9355a0
27085,0000000000000000000000000000000000000000000000000000000000000000000000000000000000000000000000000000000000000000001e8c42d3828320
27095,0000000000000000000000000000000000000000000000000000000000000000000000000000000000000000000000000000000000000000001505f1290aa2a0
27105,0000000000000000000000000000000000000000000000000000000000000000000000000000000000000000000000000000000000000000001b2b74dc8d5440
27115,0000000000000000000000000000000000000000000000000000000000000000000000000000000000000000000000000000000000000000001de8eb72356240
27125,0000000000000000000000000000000000000000000000000000000000000000000000000000000000000000000000000000000000000000001d4539d5daa4a0
27135,00000000000000000000000000000000000000000000000000000000000000000000000000000000000000000000000000000000000000000020b57dae3b4960
27145,0000000000000000000000000000000000000000000000000000000000000000000000000000000000000000000000000000000000000000003845e37a367960
27155,00000000000000000000000000000000000000000000000000000000000000000000000000000000000000000000000000000000000000000019ae3a45027500
27165,0000000000000000000000000000000000000000000000000000000000000000000000000000000000000000000000000000000000000000003aa48cdb2e2a60
27175,0000000000000000000000000000000000000000000000000000000000000000000000000000000000000000000000000000000000000000004b9a1cb6a22520
27185,0000000000000000000000000000000000000000000000000000000000000000000000000000000000000000000000000000000000000000001b46a9b3558e80
27195,00000000000000000000000000000000000000000000000000000000000000000000000000000000000000000000000000000000000000000012ae86b3e4b920
27205,0000000000000000000000000000000000000000000000000000000000000000000000000000000000000000000000000000000000000000001adc24ebbe1520
27215,0000000000000000000000000000000000000000000000000000000000000000000000000000000000000000000000000000000000000000001eaee9c7542580
27225,00000000000000000000000000000000000000000000000000000000000000000000000000000000000000000000000000000000000000000043bf455bab09c0
27235,00000000000000000000000000000000000000000000000000000000000000000000000000000000000000000000000000000000000000000012497b8978a680
27245,00000000000000000000000000000000000000000000000000000000000000000000000000000000000000000000000000000000000000000016bc7d9f2ee4c0
27255,00000000000000000000000000000000000000000000000000000000000000000000000000000000000000000000000000000000000000000073dc3c278fce20
27265,00000000000000000000000000000000000000000000000000000000000000000000000000000000000000000000000000000000000000000020608d8c9201e0
27275,00000000000000000000000000000000000000000000000000000000000000000000000000000000000000000000000000000000000000000032ba09a8a7d980
27285,000000000000000000000000000000000000000000000000000000000000000000000000000000000000000000000000000000000000000000175f53e2fae040
27295,0000000000000000000000000000000000000000000000000000000000000000000000000000000000000000000000000000000000000000001de10d066e5a20
27305,00000000000000000000000000000000000000000000000000000000000000000000000000000000000000000000000000000000000000000029cb24c2c0d060
27315,00000000000000000000000000000000000000000000000000000000000000000000000000000000000000000000000000000000000000000024f3ff828edd80
27325,0000000000000000000000000000000000000000000000000000000000000000000000000000000000000000000000000000000000000000002301b6107117a0
27335,00000000000000000000000000000000000000000000000000000000000000000000000000000000000000000000000000000000000000000031fa567a7efc00
27345,0000000000000000000000000000000000000000000000000000000000000000000000000000000000000000000000000000000000000000002437290f4851a0
27355,0000000000000000000000000000000000000000000000000000000000000000000000000000000000000000000000000000000000000000001f2677843226c0
27365,000000000000000000000000000000000000000000000000000000000000000000000000000000000000000000000000000000000000000000122369a99333a0
27375,00000000000000000000000000000000000000000000000000000000000000000000000000000000000000000000000000000000000000000012477727254ac0
27385,00000000000000000000000000000000000000000000000000000000000000000000000000000000000000000000000000000000000000000121da4c9592dea0
27395,000000000000000000000000000000000000000000000000000000000000000000000000000000000000000000000000000000000000000000211396ecd06440
27405,00000000000000000000000000000000000000000000000000000000000000000000000000000000000000000000000000000000000000000029399daf055280
27415,00000000000000000000000000000000000000000000000000000000000000000000000000000000000000000000000000000000000000000021ec1b36d70320
27425,0000000000000000000000000000000000000000000000000000000000000000000000000000000000000000000000000000000000000000001e791ac11bbb60
27435,000000000000000000000000000000000000000000000000000000000000000000000000000000000000000000000000000000000000000000168ce204da4880
27445,000000000000000000000000000000000000000000000000000000000000000000000000000000000000000000000000000000000000000000263baf0a0420c0
27455,0000000000000000000000000000000000000000000000000000000000000000000000000000000000000000000000000000000000000000001e69fdfd341ce0
27465,0000000000000000000000000000000000000000000000000000000000000000000000000000000000000000000000000000000000000000001fef81d91c5b00
27475,0000000000000000000000000000000000000000000000000000000000000000000000000000000000000000000000000000000000000000001b40110c64e1a0
27485,00000000000000000000000000000000000000000000000000000000000000000000000000000000000000000000000000000000000000000028366b0f416940
27495,0000000000000000000000000000000000000000000000000000000000000000000000000000000000000000000000000000000000000000001704892e055820
27505,00000000000000000000000000000000000000000000000000000000000000000000000000000000000000000000000000000000000000000066579a1a9866c0
27515,0000000000000000000000000000000000000000000000000000000000000000000000000000000000000000000000000000000000000000001aa0e9c8595b60
27525,00000000000000000000000000000000000000000000000000000000000000000000000000000000000000000000000000000000000000000015c09c4db1ad40
27535,00000000000000000000000000000000000000000000000000000000000000000000000000000000000000000000000000000000000000000021d20024e81b20
27545,0000000000000000000000000000000000000000000000000000000000000000000000000000000000000000000000000000000000000000006e752318737fc0
27555,0000000000000000000000000000000000000000000000000000000000000000000000000000000000000000000000000000000000000000003cc6ece79842c0
27565,00000000000000000000000000000000000000000000000000000000000000000000000000000000000000000000000000000000000000000050806f9d30baa0
27575,00000000000000000000000000000000000000000000000000000000000000000000000000000000000000000000000000000000000000000036f71ff33b4f20
27585,000000000000000000000000000000000000000000000000000000000000000000000000000000000000000000000000000000000000000000262774b2c38560
27595,00000000000000000000000000000000000000000000000000000000000000000000000000000000000000000000000000000000000000000037a3e153e60b80
27605,000000000000000000000000000000000000000000000000000000000000000000000000000000000000000000000000000000000000000000292d09b9b6e860
27615,00000000000000000000000000000000000000000000000000000000000000000000000000000000000000000000000000000000000000000044c519a2a404a0
27625,0000000000000000000000000000000000000000000000000000000000000000000000000000000000000000000000000000000000000000002b19fd04ce4640
27635,0000000000000000000000000000000000000000000000000000000000000000000000000000000000000000000000000000000000000000002300912e0eac80
27645,0000000000000000000000000000000000000000000000000000000000000000000000000000000000000000000000000000000000000000001a623825305dc0
27655,0000000000000000000000000000000000000000000000000000000000000000000000000000000000000000000000000000000000000000002b4f606d841820
27665,00000000000000000000000000000000000000000000000000000000000000000000000000000000000000000000000000000000000000000017bafe97e15060
27675,00000000000000000000000000000000000000000000000000000000000000000000000000000000000000000000000000000000000000000047c4af164da540
27685,00000000000000000000000000000000000000000000000000000000000000000000000000000000000000000000000000000000000000000035b4dd12caefc0
27695,000000000000000000000000000000000000000000000000000000000000000000000000000000000000000000000000000000000000000000253f4a24de8be0
27705,0000000000000000000000000000000000000000000000000000000000000000000000000000000000000000000000000000000000000000002223ecbcecc220
27715,0000000000000000000000000000000000000000000000000000000000000000000000000000000000000000000000000000000000000000001925dba6d05fa0
27725,000000000000000000000000000000000000000000000000000000000000000000000000000000000000000000000000000000000000000000180a2b615077c0
27735,0000000000000000000000000000000000000000000000000000000000000000000000000000000000000000000000000000000000000000002b6b7c61c69840
27745,0000000000000000000000000000000000000000000000000000000000000000000000000000000000000000000000000000000000000000001d14c7eccf8ce0
27755,000000000000000000000000000000000000000000000000000000000000000000000000000000000000000000000000000000000000000000244c74ab62d1e0
27765,0000000000000000000000000000000000000000000000000000000000000000000000000000000000000000000000000000000000000000001a0ce36fdca220
27775,00000000000000000000000000000000000000000000000000000000000000000000000000000000000000000000000000000000000000000010fb3e1ffe4b60
27785,0000000000000000000000000000000000000000000000000000000000000000000000000000000000000000000000000000000000000000001d6a258e717380
27795,000000000000000000000000000000000000000000000000000000000000000000000000000000000000000000000000000000000000000000121c062a12a800
27805,000000000000000000000000000000000000000000000000000000000000000000000000000000000000000000000000000000000000000000192f49b9deefe0
27815,0000000000000000000000000000000000000000000000000000000000000000000000000000000000000000000000000000000000000000001abb45a908d1c0
27825,000000000000000000000000000000000000000000000000000000000000000000000000000000000000000000000000000000000000000000162af55a3867c0
27835,0000000000000000000000000000000000000000000000000000000000000000000000000000000000000000000000000000000000000000003399854ad3d780
27845,0000000000000000000000000000000000000000000000000000000000000000000000000000000000000000000000000000000000000000002ab10fe47dcb00
27855,00000000000000000000000000000000000000000000000000000000000000000000000000000000000000000000000000000000000000000022b0e83d456ca0
27865,00000000000000000000000000000000000000000000000000000000000000000000000000000000000000000000000000000000000000000025006546a550c0
27875,000000000000000000000000000000000000000000000000000000000000000000000000000000000000000000000000000000000000000000119c1163ecfaa0
27885,000000000000000000000000000000000000000000000000000000000000000000000000000000000000000000000000000000000000000000237c1a396ceb00
27895,00000000000000000000000000000000000000000000000000000000000000000000000000000000000000000000000000000000000000000020a23c1bd63980
27905,0000000000000000000000000000000000000000000000000000000000000000000000000000000000000000000000000000000000000000003ed251f58ec4e0
27915,0000000000000000000000000000000000000000000000000000000000000000000000000000000000000000000000000000000000000000001958e5fbfd7700
27925,0000000000000000000000000000000000000000000000000000000000000000000000000000000000000000000000000000000000000000002c2e60f22e8940
27935,00000000000000000000000000000000000000000000000000000000000000000000000000000000000000000000000000000000000000000027829a5672ebc0
27945,000000000000000000000000000000000000000000000000000000000000000000000000000000000000000000000000000000000000000000102e07904860e0
27955,000000000000000000000000000000000000000000000000000000000000000000000000000000000000000000000000000000000000000000244cbb83fb95a0
27965,000000000000000000000000000000000000000000000000000000000000000000000000000000000000000000000000000000000000000000164de28918ffe0
27975,000000000000000000000000000000000000000000000000000000000000000000000000000000000000000000000000000000000000000000145805c873fac0
27985,000000000000000000000000000000000000000000000000000000000000000000000000000000000000000000000000000000000000000000179bb623d58fe0
27995,0000000000000000000000000000000000000000000000000000000000000000000000000000000000000000000000000000000000000000001510091e83e7c0
28005,00000000000000000000000000000000000000000000000000000000000000000000000000000000000000000000000000000000000000000019d3e9b89fc4c0
28015,00000000000000000000000000000000000000000000000000000000000000000000000000000000000000000000000000000000000000000017cfa2167d4c00
28025,000000000000000000000000000000000000000000000000000000000000000000000000000000000000000000000000000000000000000000110110f8376020
28035,00000000000000000000000000000000000000000000000000000000000000000000000000000000000000000000000000000000000000000015d878e99fe840
28045,00000000000000000000000000000000000000000000000000000000000000000000000000000000000000000000000000000000000000000015e84bd4ddb6c0
28055,00000000000000000000000000000000000000000000000000000000000000000000000000000000000000000000000000000000000000000013c8df797bc660
28065,000000000000000000000000000000000000000000000000000000000000000000000000000000000000000000000000000000000000000000154660e99f6960
28075,0000000000000000000000000000000000000000000000000000000000000000000000000000000000000000000000000000000000000000001e23baee3ee6e0
28085,00000000000000000000000000000000000000000000000000000000000000000000000000000000000000000000000000000000000000000029d4b4421be500
28095,0000000000000000000000000000000000000000000000000000000000000000000000000000000000000000000000000000000000000000001a467fffac1040
28105,0000000000000000000000000000000000000000000000000000000000000000000000000000000000000000000000000000000000000000001da918b1960740
28115,0000000000000000000000000000000000000000000000000000000000000000000000000000000000000000000000000000000000000000002bfbe86bbc8b00
28125,00000000000000000000000000000000000000000000000000000000000000000000000000000000000000000000000000000000000000000026eef82f2a85e0
28135,00000000000000000000000000000000000000000000000000000000000000000000000000000000000000000000000000000000000000000017a0050fda0360
28145,0000000000000000000000000000000000000000000000000000000000000000000000000000000000000000000000000000000000000000003b7b6b255138c0
28155,0000000000000000000000000000000000000000000000000000000000000000000000000000000000000000000000000000000000000000003146996911a1a0
28165,00000000000000000000000000000000000000000000000000000000000000000000000000000000000000000000000000000000000000000018d87fdd41e300
28175,00000000000000000000000000000000000000000000000000000000000000000000000000000000000000000000000000000000000000000018d5d92c348ac0
28185,0000000000000000000000000000000000000000000000000000000000000000000000000000000000000000000000000000000000000000001b32383e8ed140
28195,0000000000000000000000000000000000000000000000000000000000000000000000000000000000000000000000000000000000000000001221ebb3858e00
28205,00000000000000000000000000000000000000000000000000000000000000000000000000000000000000000000000000000000000000000014b68edf9f1620
28215,000000000000000000000000000000000000000000000000000000000000000000000000000000000000000000000000000000000000000000276a5dce3c6280
28225,0000000000000000000000000000000000000000000000000000000000000000000000000000000000000000000000000000000000000000001814ded6bf4280
28235,0000000000000000000000000000000000000000000000000000000000000000000000000000000000000000000000000000000000000000001c16fef410bb40
28245,0000000000000000000000000000000000000000000000000000000000000000000000000000000000000000000000000000000000000000001bd39b47601f40
28255,0000000000000000000000000000000000000000000000000000000000000000000000000000000000000000000000000000000000000000002d6651b5c71880
28265,0000000000000000000000000000000000000000000000000000000000000000000000000000000000000000000000000000000000000000001ac52563722fa0
28275,0000000000000000000000000000000000000000000000000000000000000000000000000000000000000000000000000000000000000000002a77f44acd0ec0
28285,00000000000000000000000000000000000000000000000000000000000000000000000000000000000000000000000000000000000000000026266177c25fe0
28295,000000000000000000000000000000000000000000000000000000000000000000000000000000000000000000000000000000000000000000365e7856222500
28305,00000000000000000000000000000000000000000000000000000000000000000000000000000000000000000000000000000000000000000021ed3d409c1580
28315,000000000000000000000000000000000000000000000000000000000000000000000000000000000000000000000000000000000000000000326a389a577500
28325,00000000000000000000000000000000000000000000000000000000000000000000000000000000000000000000000000000000000000000045e154ad06e180
28335,0000000000000000000000000000000000000000000000000000000000000000000000000000000000000000000000000000000000000000000db8aa0975dd60
28345,000000000000000000000000000000000000000000000000000000000000000000000000000000000000000000000000000000000000000000164dd112f2caa0
28355,00000000000000000000000000000000000000000000000000000000000000000000000000000000000000000000000000000000000000000015ab1becae6c80
28365,000000000000000000000000000000000000000000000000000000000000000000000000000000000000000000000000000000000000000000384fe1b49dc920
28375,0000000000000000000000000000000000000000000000000000000000000000000000000000000000000000000000000000000000000000001c26fecb9a47c0
28385,000000000000000000000000000000000000000000000000000000000000000000000000000000000000000000000000000000000000000000539eb684f04880
28395,0000000000000000000000000000000000000000000000000000000000000000000000000000000000000000000000000000000000000000008e53c5fc8b7e60
28405,0000000000000000000000000000000000000000000000000000000000000000000000000000000000000000000000000000000000000000001f7a5a5728a780
28415,0000000000000000000000000000000000000000000000000000000000000000000000000000000000000000000000000000000000000000001dd78ddfafb560
28425,0000000000000000000000000000000000000000000000000000000000000000000000000000000000000000000000000000000000000000001f1512990f6ec0
28435,00000000000000000000000000000000000000000000000000000000000000000000000000000000000000000000000000000000000000000031dc00fc8a3ee0
28445,0000000000000000000000000000000000000000000000000000000000000000000000000000000000000000000000000000000000000000001498d6ff2992c0
28455,0000000000000000000000000000000000000000000000000000000000000000000000000000000000000000000000000000000000000000002b1454b66af140
28465,000000000000000000000000000000000000000000000000000000000000000000000000000000000000000000000000000000000000000000223c38d8d379c0
28475,00000000000000000000000000000000000000000000000000000000000000000000000000000000000000000000000000000000000000000031f57f5d48a220
28485,0000000000000000000000000000000000000000000000000000000000000000000000000000000000000000000000000000000000000000002ddde64b422d80
28495,0000000000000000000000000000000000000000000000000000000000000000000000000000000000000000000000000000000000000000001ad4ac3b03e360
28505,000000000000000000000000000000000000000000000000000000000000000000000000000000000000000000000000000000000000000000195097103e0380
28515,0000000000000000000000000000000000000000000000000000000000000000000000000000000000000000000000000000000000000000001c5bf15bba2a60
28525,000000000000000000000000000000000000000000000000000000000000000000000000000000000000000000000000000000000000000000239ae1a3a8bfe0
28535,0000000000000000000000000000000000000000000000000000000000000000000000000000000000000000000000000000000000000000001a1447ef5d1c80
28545,00000000000000000000000000000000000000000000000000000000000000000000000000000000000000000000000000000000000000000015c69e885db800
28555,00000000000000000000000000000000000000000000000000000000000000000000000000000000000000000000000000000000000000000011faba0ec73060
28565,0000000000000000000000000000000000000000000000000000000000000000000000000000000000000000000000000000000000000000001da3a4d9568bc0
28575,0000000000000000000000000000000000000000000000000000000000000000000000000000000000000000000000000000000000000000001b03174b946760
28585,0000000000000000000000000000000000000000000000000000000000000000000000000000000000000000000000000000000000000000001b0948d5022e60
28595,0000000000000000000000000000000000000000000000000000000000000000000000000000000000000000000000000000000000000000001bdda6ee154c60
28605,00000000000000000000000000000000000000000000000000000000000000000000000000000000000000000000000000000000000000000046a0682026d120
28615,000000000000000000000000000000000000000000000000000000000000000000000000000000000000000000000000000000000000000000378b85380067e0
28625,0000000000000000000000000000000000000000000000000000000000000000000000000000000000000000000000000000000000000000003dcf9155c32d20
28635,000000000000000000000000000000000000000000000000000000000000000000000000000000000000000000000000000000000000000000662b2db147f020
28645,000000000000000000000000000000000000000000000000000000000000000000000000000000000000000000000000000000000000000000317e3ee551bac0
28655,0000000000000000000000000000000000000000000000000000000000000000000000000000000000000000000000000000000000000000004631719dc85060
28665,0000000000000000000000000000000000000000000000000000000000000000000000000000000000000000000000000000000000000000000feba03c244dc0
28675,000000000000000000000000000000000000000000000000000000000000000000000000000000000000000000000000000000000000000000248fe5a6d774a0
28685,0000000000000000000000000000000000000000000000000000000000000000000000000000000000000000000000000000000000000000001bb2cb70f896c0
28695,000000000000000000000000000000000000000000000000000000000000000000000000000000000000000000000000000000000000000000150b82014829e0
28705,0000000000000000000000000000000000000000000000000000000000000000000000000000000000000000000000000000000000000000000fe5e5d03858a0
28715,00000000000000000000000000000000000000000000000000000000000000000000000000000000000000000000000000000000000000000032aec65aa53640
28725,0000000000000000000000000000000000000000000000000000000000000000000000000000000000000000000000000000000000000000001e96e0d2cb5da0
28735,0000000000000000000000000000000000000000000000000000000000000000000000000000000000000000000000000000000000000000001630debc489540
28745,000000000000000000000000000000000000000000000000000000000000000000000000000000000000000000000000000000000000000000112d5457b1fd20
28755,00000000000000000000000000000000000000000000000000000000000000000000000000000000000000000000000000000000000000000023449fa978b260
28765,0000000000000000000000000000000000000000000000000000000000000000000000000000000000000000000000000000000000000000001d915ea956b2e0
28775,00000000000000000000000000000000000000000000000000000000000000000000000000000000000000000000000000000000000000000023ffbff57a4e40
28785,000000000000000000000000000000000000000000000000000000000000000000000000000000000000000000000000000000000000000000313f04e9946340
28795,0000000000000000000000000000000000000000000000000000000000000000000000000000000000000000000000000000000000000000002720a4abd1a640
28805,0000000000000000000000000000000000000000000000000000000000000000000000000000000000000000000000000000000000000000001d0a7e81323a80
28815,0000000000000000000000000000000000000000000000000000000000000000000000000000000000000000000000000000000000000000002715ff53ebc0a0
28825,00000000000000000000000000000000000000000000000000000000000000000000000000000000000000000000000000000000000000000038c9a3677d2c80
28835,0000000000000000000000000000000000000000000000000000000000000000000000000000000000000000000000000000000000000000003244457583a140
28845,0000000000000000000000000000000000000000000000000000000000000000000000000000000000000000000000000000000000000000001e79dd8fd38740
28855,0000000000000000000000000000000000000000000000000000000000000000000000000000000000000000000000000000000000000000003ae868b911c0c0
28865,0000000000000000000000000000000000000000000000000000000000000000000000000000000000000000000000000000000000000000005882a209322e00
28875,0000000000000000000000000000000000000000000000000000000000000000000000000000000000000000000000000000000000000000001d9eb363846e80
28885,000000000000000000000000000000000000000000000000000000000000000000000000000000000000000000000000000000000000000000239eeefc006380
28895,0000000000000000000000000000000000000000000000000000000000000000000000000000000000000000000000000000000000000000001d94c2f7e11ce0
28905,0000000000000000000000000000000000000000000000000000000000000000000000000000000000000000000000000000000000000000001b6ac41d358ba0
28915,000000000000000000000000000000000000000000000000000000000000000000000000000000000000000000000000000000000000000000243033685de900
28925,00000000000000000000000000000000000000000000000000000000000000000000000000000000000000000000000000000000000000000038deefb4d2b480
28935,00000000000000000000000000000000000000000000000000000000000000000000000000000000000000000000000000000000000000000023aad5fb3312c0
28945,0000000000000000000000000000000000000000000000000000000000000000000000000000000000000000000000000000000000000000002df176b63f7720
28955,0000000000000000000000000000000000000000000000000000000000000000000000000000000000000000000000000000000000000000002ee3ebf4adfbe0
28965,0000000000000000000000000000000000000000000000000000000000000000000000000000000000000000000000000000000000000000002dfe644911b000
28975,000000000000000000000000000000000000000000000000000000000000000000000000000000000000000000000000000000000000000000282e82d4b61e00
28985,0000000000000000000000000000000000000000000000000000000000000000000000000000000000000000000000000000000000000000002f2d786fb94440
28995,00000000000000000000000000000000000000000000000000000000000000000000000000000000000000000000000000000000000000000016440d588789c0
29005,0000000000000000000000000000000000000000000000000000000000000000000000000000000000000000000000000000000000000000003e70452d653580
29015,0000000000000000000000000000000000000000000000000000000000000000000000000000000000000000000000000000000000000000001bd0a216585620
29025,0000000000000000000000000000000000000000000000000000000000000000000000000000000000000000000000000000000000000000002adcc1ba299900
29035,0000000000000000000000000000000000000000000000000000000000000000000000000000000000000000000000000000000000000000001365451dbbc620
29045,0000000000000000000000000000000000000000000000000000000000000000000000000000000000000000000000000000000000000000001eaca5650519c0
29055,000000000000000000000000000000000000000000000000000000000000000000000000000000000000000000000000000000000000000000132527a20dc300
29065,00000000000000000000000000000000000000000000000000000000000000000000000000000000000000000000000000000000000000000017fde6bac1a1e0
29075,0000000000000000000000000000000000000000000000000000000000000000000000000000000000000000000000000000000000000000001ac1b08137a880
29085,000000000000000000000000000000000000000000000000000000000000000000000000000000000000000000000000000000000000000000176250ec9ff0e0
29095,0000000000000000000000000000000000000000000000000000000000000000000000000000000000000000000000000000000000000000001a6a09736e6f80
29105,0000000000000000000000000000000000000000000000000000000000000000000000000000000000000000000000000000000000000000001172d4043e3620
29115,000000000000000000000000000000000000000000000000000000000000000000000000000000000000000000000000000000000000000000181b04d6553300
29125,0000000000000000000000000000000000000000000000000000000000000000000000000000000000000000000000000000000000000000002f7c27a57fa6c0
29135,00000000000000000000000000000000000000000000000000000000000000000000000000000000000000000000000000000000000000000015d210b8d359e0
29145,000000000000000000000000000000000000000000000000000000000000000000000000000000000000000000000000000000000000000000204884dcf58420
29155,0000000000000000000000000000000000000000000000000000000000000000000000000000000000000000000000000000000000000000003b8453f37c7520
29165,00000000000000000000000000000000000000000000000000000000000000000000000000000000000000000000000000000000000000000020fddfb3334bc0
29175,000000000000000000000000000000000000000000000000000000000000000000000000000000000000000000000000000000000000000000235c883b8d8180
29185,000000000000000000000000000000000000000000000000000000000000000000000000000000000000000000000000000000000000000000468348984493a0
29195,0000000000000000000000000000000000000000000000000000000000000000000000000000000000000000000000000000000000000000001d707c7a52dd00
29205,00000000000000000000000000000000000000000000000000000000000000000000000000000000000000000000000000000000000000000083d5e7804bb4c0
29215,0000000000000000000000000000000000000000000000000000000000000000000000000000000000000000000000000000000000000000001c9c3ceb164dc0
29225,00000000000000000000000000000000000000000000000000000000000000000000000000000000000000000000000000000000000000000020ab8938bf9fe0
29235,0000000000000000000000000000000000000000000000000000000000000000000000000000000000000000000000000000000000000000002a258cd05a8820
29245,00000000000000000000000000000000000000000000000000000000000000000000000000000000000000000000000000000000000000000019330d8862ea80
29255,0000000000000000000000000000000000000000000000000000000000000000000000000000000000000000000000000000000000000000001aba289f436920
29265,00000000000000000000000000000000000000000000000000000000000000000000000000000000000000000000000000000000000000000010e783ab2b3960
29275,00000000000000000000000000000000000000000000000000000000000000000000000000000000000000000000000000000000000000000030e31cf99e6220
29285,0000000000000000000000000000000000000000000000000000000000000000000000000000000000000000000000000000000000000000005efe0fc0c37800
29295,0000000000000000000000000000000000000000000000000000000000000000000000000000000000000000000000000000000000000000001ff728bb0e83a0
29305,0000000000000000000000000000000000000000000000000000000000000000000000000000000000000000000000000000000000000000001a6cb655b670a0
29315,00000000000000000000000000000000000000000000000000000000000000000000000000000000000000000000000000000000000000000015db5d3832f240
29325,000000000000000000000000000000000000000000000000000000000000000000000000000000000000000000000000000000000000000000174993c6e839a0
29335,00000000000000000000000000000000000000000000000000000000000000000000000000000000000000000000000000000000000000000014f2a25b92c5c0
29345,00000000000000000000000000000000000000000000000000000000000000000000000000000000000000000000000000000000000000000017e8abc6087880
29355,00000000000000000000000000000000000000000000000000000000000000000000000000000000000000000000000000000000000000000016f8b54c5b37c0
29365,0000000000000000000000000000000000000000000000000000000000000000000000000000000000000000000000000000000000000000002865fc47209140
29375,00000000000000000000000000000000000000000000000000000000000000000000000000000000000000000000000000000000000000000014e8bef9c730c0
29385,000000000000000000000000000000000000000000000000000000000000000000000000000000000000000000000000000000000000000000248325f6784ba0
29395,0000000000000000000000000000000000000000000000000000000000000000000000000000000000000000000000000000000000000000002d8e3b5a791020
29405,0000000000000000000000000000000000000000000000000000000000000000000000000000000000000000000000000000000000000000001a7b4b0fce9c40
29415,00000000000000000000000000000000000000000000000000000000000000000000000000000000000000000000000000000000000000000027e4077744c700
29425,000000000000000000000000000000000000000000000000000000000000000000000000000000000000000000000000000000000000000000201eaa4c164380
29435,0000000000000000000000000000000000000000000000000000000000000000000000000000000000000000000000000000000000000000004df49597e21ac0
29445,0000000000000000000000000000000000000000000000000000000000000000000000000000000000000000000000000000000000000000001fb31d04909cc0
29455,000000000000000000000000000000000000000000000000000000000000000000000000000000000000000000000000000000000000000000132bdf17c148c0
29465,000000000000000000000000000000000000000000000000000000000000000000000000000000000000000000000000000000000000000000107d104fe15860
29475,000000000000000000000000000000000000000000000000000000000000000000000000000000000000000000000000000000000000000000208c65937650c0
29485,000000000000000000000000000000000000000000000000000000000000000000000000000000000000000000000000000000000000000000332dd2dbee3b80
29495,000000000000000000000000000000000000000000000000000000000000000000000000000000000000000000000000000000000000000000343c890e9cc220
29505,0000000000000000000000000000000000000000000000000000000000000000000000000000000000000000000000000000000000000000001ad4be312a1000
29515,00000000000000000000000000000000000000000000000000000000000000000000000000000000000000000000000000000000000000000025a23400aa70c0
29525,0000000000000000000000000000000000000000000000000000000000000000000000000000000000000000000000000000000000000000001de9368fba2b20
29535,0000000000000000000000000000000000000000000000000000000000000000000000000000000000000000000000000000000000000000002501b71f2c16c0
29545,0000000000000000000000000000000000000000000000000000000000000000000000000000000000000000000000000000000000000000001bea4ca84ed2c0
29555,00000000000000000000000000000000000000000000000000000000000000000000000000000000000000000000000000000000000000000017fc4dc4b5ce00
29565,00000000000000000000000000000000000000000000000000000000000000000000000000000000000000000000000000000000000000000022e76957231200
29575,0000000000000000000000000000000000000000000000000000000000000000000000000000000000000000000000000000000000000000002804d81c712de0
29585,0000000000000000000000000000000000000000000000000000000000000000000000000000000000000000000000000000000000000000001fa1e98f91f200
29595,0000000000000000000000000000000000000000000000000000000000000000000000000000000000000000000000000000000000000000002b80fd87b61a80
29605,0000000000000000000000000000000000000000000000000000000000000000000000000000000000000000000000000000000000000000004c799c58cdde20
29615,00000000000000000000000000000000000000000000000000000000000000000000000000000000000000000000000000000000000000000027b881c8f87580
29625,0000000000000000000000000000000000000000000000000000000000000000000000000000000000000000000000000000000000000000001be2b3f796c900
29635,00000000000000000000000000000000000000000000000000000000000000000000000000000000000000000000000000000000000000000018773e3c6d1960
29645,0000000000000000000000000000000000000000000000000000000000000000000000000000000000000000000000000000000000000000002ec9fd3b59a0c0
29655,0000000000000000000000000000000000000000000000000000000000000000000000000000000000000000000000000000000000000000002e21f6f7e72140
29665,0000000000000000000000000000000000000000000000000000000000000000000000000000000000000000000000000000000000000000002486ca76397600
29675,00000000000000000000000000000000000000000000000000000000000000000000000000000000000000000000000000000000000000000015417ac2917560
29685,0000000000000000000000000000000000000000000000000000000000000000000000000000000000000000000000000000000000000000002b00e59a305560
29695,0000000000000000000000000000000000000000000000000000000000000000000000000000000000000000000000000000000000000000002d79efe5afc360
29705,00000000000000000000000000000000000000000000000000000000000000000000000000000000000000000000000000000000000000000019f288f1a33b40
29715,000000000000000000000000000000000000000000000000000000000000000000000000000000000000000000000000000000000000000000391acdd82c7280
29725,00000000000000000000000000000000000000000000000000000000000000000000000000000000000000000000000000000000000000000041019b287c9d80
29735,00000000000000000000000000000000000000000000000000000000000000000000000000000000000000000000000000000000000000000022cc34140c1a20
29745,0000000000000000000000000000000000000000000000000000000000000000000000000000000000000000000000000000000000000000001e4551f5d41700
29755,00000000000000000000000000000000000000000000000000000000000000000000000000000000000000000000000000000000000000000012414931688120
29765,0000000000000000000000000000000000000000000000000000000000000000000000000000000000000000000000000000000000000000001d583d3708d1a0
29775,0000000000000000000000000000000000000000000000000000000000000000000000000000000000000000000000000000000000000000002ce5e6a0e477a0
29785,0000000000000000000000000000000000000000000000000000000000000000000000000000000000000000000000000000000000000000003944cac1a6ec80
29795,00000000000000000000000000000000000000000000000000000000000000000000000000000000000000000000000000000000000000000027c365170190c0
29805,0000000000000000000000000000000000000000000000000000000000000000000000000000000000000000000000000000000000000000002039a15df65880
29815,00000000000000000000000000000000000000000000000000000000000000000000000000000000000000000000000000000000000000000022d272ffef21a0
29825,00000000000000000000000000000000000000000000000000000000000000000000000000000000000000000000000000000000000000000022ea4cd6f13da0
29835,0000000000000000000000000000000000000000000000000000000000000000000000000000000000000000000000000000000000000000003127f039e77480
29845,000000000000000000000000000000000000000000000000000000000000000000000000000000000000000000000000000000000000000000110cac0147cb40
29855,0000000000000000000000000000000000000000000000000000000000000000000000000000000000000000000000000000000000000000003ecb12ffe46080
29865,0000000000000000000000000000000000000000000000000000000000000000000000000000000000000000000000000000000000000000001ec80276de4f40
29875,00000000000000000000000000000000000000000000000000000000000000000000000000000000000000000000000000000000000000000022b220f8440b40
29885,0000000000000000000000000000000000000000000000000000000000000000000000000000000000000000000000000000000000000000002120d84e61e3c0
29895,00000000000000000000000000000000000000000000000000000000000000000000000000000000000000000000000000000000000000000062a52b15721760
29905,00000000000000000000000000000000000000000000000000000000000000000000000000000000000000000000000000000000000000000025344eea884860
29915,00000000000000000000000000000000000000000000000000000000000000000000000000000000000000000000000000000000000000000019ad100a02dc40
29925,000000000000000000000000000000000000000000000000000000000000000000000000000000000000000000000000000000000000000000126a52a4cc0060
29935,0000000000000000000000000000000000000000000000000000000000000000000000000000000000000000000000000000000000000000001ee6a77ea64de0
29945,000000000000000000000000000000000000000000000000000000000000000000000000000000000000000000000000000000000000000000308bc8ce45bac0
29955,0000000000000000000000000000000000000000000000000000000000000000000000000000000000000000000000000000000000000000001ce521f9de1940
29965,00000000000000000000000000000000000000000000000000000000000000000000000000000000000000000000000000000000000000000026843d18d1c900
29975,00000000000000000000000000000000000000000000000000000000000000000000000000000000000000000000000000000000000000000016f5154c99bfc0
29985,0000000000000000000000000000000000000000000000000000000000000000000000000000000000000000000000000000000000000000002b08668fd64740
29995,0000000000000000000000000000000000000000000000000000000000000000000000000000000000000000000000000000000000000000003cc23efb9a3600
30005,00000000000000000000000000000000000000000000000000000000000000000000000000000000000000000000000000000000000000000017bd48f05757c0
30015,00000000000000000000000000000000000000000000000000000000000000000000000000000000000000000000000000000000000000000010e4fce66a7f60
30025,00000000000000000000000000000000000000000000000000000000000000000000000000000000000000000000000000000000000000000016e9e4eae49b00
30035,000000000000000000000000000000000000000000000000000000000000000000000000000000000000000000000000000000000000000000216ece5cd24a00
30045,0000000000000000000000000000000000000000000000000000000000000000000000000000000000000000000000000000000000000000001594796e34dfa0
30055,00000000000000000000000000000000000000000000000000000000000000000000000000000000000000000000000000000000000000000027ee64ecb95d40
30065,0000000000000000000000000000000000000000000000000000000000000000000000000000000000000000000000000000000000000000002ca5a791877ca0
30075,00000000000000000000000000000000000000000000000000000000000000000000000000000000000000000000000000000000000000000012aba282db85c0
30085,0000000000000000000000000000000000000000000000000000000000000000000000000000000000000000000000000000000000000000001f27b817cdc7e0
30095,0000000000000000000000000000000000000000000000000000000000000000000000000000000000000000000000000000000000000000002a629569c78c20
30105,00000000000000000000000000000000000000000000000000000000000000000000000000000000000000000000000000000000000000000023ad479892c380
30115,0000000000000000000000000000000000000000000000000000000000000000000000000000000000000000000000000000000000000000001adae9ff8488a0
30125,0000000000000000000000000000000000000000000000000000000000000000000000000000000000000000000000000000000000000000001f66ada740f6c0
30135,00000000000000000000000000000000000000000000000000000000000000000000000000000000000000000000000000000000000000000016ea50fe8e8dc0
30145,0000000000000000000000000000000000000000000000000000000000000000000000000000000000000000000000000000000000000000004416fee97303a0
30155,0000000000000000000000000000000000000000000000000000000000000000000000000000000000000000000000000000000000000000001a4a216bbc34a0
30165,0000000000000000000000000000000000000000000000000000000000000000000000000000000000000000000000000000000000000000003f009fb75c5620
30175,00000000000000000000000000000000000000000000000000000000000000000000000000000000000000000000000000000000000000000029d3f4d5da0620
30185,0000000000000000000000000000000000000000000000000000000000000000000000000000000000000000000000000000000000000000001c1944079acec0
30195,0000000000000000000000000000000000000000000000000000000000000000000000000000000000000000000000000000000000000000001d1e93baeb7d80
30205,000000000000000000000000000000000000000000000000000000000000000000000000000000000000000000000000000000000000000000288fa94451a900
30215,00000000000000000000000000000000000000000000000000000000000000000000000000000000000000000000000000000000000000000030cbc8715836e0
30225,00000000000000000000000000000000000000000000000000000000000000000000000000000000000000000000000000000000000000000016265101eaf0e0
30235,00000000000000000000000000000000000000000000000000000000000000000000000000000000000000000000000000000000000000000014ba83c1d0fd40
30245,00000000000000000000000000000000000000000000000000000000000000000000000000000000000000000000000000000000000000000019e81419ba1100
30255,00000000000000000000000000000000000000000000000000000000000000000000000000000000000000000000000000000000000000000029c0be74af48e0
30265,0000000000000000000000000000000000000000000000000000000000000000000000000000000000000000000000000000000000000000002f5c5c8a1a3de0
30275,000000000000000000000000000000000000000000000000000000000000000000000000000000000000000000000000000000000000000000307947c5ac4f20
30285,0000000000000000000000000000000000000000000000000000000000000000000000000000000000000000000000000000000000000000002353f7d9ab14c0
30295,0000000000000000000000000000000000000000000000000000000000000000000000000000000000000000000000000000000000000000001eb34047095160
30305,00000000000000000000000000000000000000000000000000000000000000000000000000000000000000000000000000000000000000000016fc3bae949100
30315,00000000000000000000000000000000000000000000000000000000000000000000000000000000000000000000000000000000000000000017735e30661ac0
30325,0000000000000000000000000000000000000000000000000000000000000000000000000000000000000000000000000000000000000000001c747532b0d1e0
30335,0000000000000000000000000000000000000000000000000000000000000000000000000000000000000000000000000000000000000000001d571ade7ed840
30345,000000000000000000000000000000000000000000000000000000000000000000000000000000000000000000000000000000000000000000221ce9b38d1900
30355,0000000000000000000000000000000000000000000000000000000000000000000000000000000000000000000000000000000000000000003aecd9fdb16da0
30365,00000000000000000000000000000000000000000000000000000000000000000000000000000000000000000000000000000000000000000011f7fe4a0a08a0
30375,000000000000000000000000000000000000000000000000000000000000000000000000000000000000000000000000000000000000000000244027a25e6540
30385,0000000000000000000000000000000000000000000000000000000000000000000000000000000000000000000000000000000000000000001136ec60e51c00
30395,0000000000000000000000000000000000000000000000000000000000000000000000000000000000000000000000000000000000000000002bee19005c0020
30405,0000000000000000000000000000000000000000000000000000000000000000000000000000000000000000000000000000000000000000003cbfba0f76e600
30415,00000000000000000000000000000000000000000000000000000000000000000000000000000000000000000000000000000000000000000017e198c6828040
30425,0000000000000000000000000000000000000000000000000000000000000000000000000000000000000000000000000000000000000000002d4ae3f2b3ef40
30435,0000000000000000000000000000000000000000000000000000000000000000000000000000000000000000000000000000000000000000001a890898ba3440
30445,000000000000000000000000000000000000000000000000000000000000000000000000000000000000000000000000000000000000000000155b70caaa3ec0
30455,0000000000000000000000000000000000000000000000000000000000000000000000000000000000000000000000000000000000000000001744c764c4d7e0
30465,0000000000000000000000000000000000000000000000000000000000000000000000000000000000000000000000000000000000000000001ca1dbc352e380
30475,0000000000000000000000000000000000000000000000000000000000000000000000000000000000000000000000000000000000000000001d3f888777eae0
30485,0000000000000000000000000000000000000000000000000000000000000000000000000000000000000000000000000000000000000000002833a1c0ac8d80
30495,00000000000000000000000000000000000000000000000000000000000000000000000000000000000000000000000000000000000000000023fc5b4e526060
30505,00000000000000000000000000000000000000000000000000000000000000000000000000000000000000000000000000000000000000000053e10600786d20
30515,0000000000000000000000000000000000000000000000000000000000000000000000000000000000000000000000000000000000000000001505615a4f6700
30525,000000000000000000000000000000000000000000000000000000000000000000000000000000000000000000000000000000000000000000264001cea5dbc0
30535,00000000000000000000000000000000000000000000000000000000000000000000000000000000000000000000000000000000000000000018093239fecb80
30545,0000000000000000000000000000000000000000000000000000000000000000000000000000000000000000000000000000000000000000001be20c1f048e80
30555,0000000000000000000000000000000000000000000000000000000000000000000000000000000000000000000000000000000000000000001b581a00eda980
30565,00000000000000000000000000000000000000000000000000000000000000000000000000000000000000000000000000000000000000000028ae6c24b52ea0
30575,000000000000000000000000000000000000000000000000000000000000000000000000000000000000000000000000000000000000000000231cc33600eae0
30585,0000000000000000000000000000000000000000000000000000000000000000000000000000000000000000000000000000000000000000002ad95ceb9f37a0
30595,0000000000000000000000000000000000000000000000000000000000000000000000000000000000000000000000000000000000000000002935ff1b9286e0
30605,000000000000000000000000000000000000000000000000000000000000000000000000000000000000000000000000000000000000000000112aa161b929c0
30615,0000000000000000000000000000000000000000000000000000000000000000000000000000000000000000000000000000000000000000001a51081c803ce0
30625,0000000000000000000000000000000000000000000000000000000000000000000000000000000000000000000000000000000000000000001c02574439f440
30635,0000000000000000000000000000000000000000000000000000000000000000000000000000000000000000000000000000000000000000002151feb760d1e0
30645,0000000000000000000000000000000000000000000000000000000000000000000000000000000000000000000000000000000000000000001820facc15c2a0
30655,0000000000000000000000000000000000000000000000000000000000000000000000000000000000000000000000000000000000000000001fe254bc75cca0
30665,000000000000000000000000000000000000000000000000000000000000000000000000000000000000000000000000000000000000000000207d02ed1d4060
30675,00000000000000000000000000000000000000000000000000000000000000000000000000000000000000000000000000000000000000000012058d0e0c78a0
30685,00000000000000000000000000000000000000000000000000000000000000000000000000000000000000000000000000000000000000000013cfab96905e00
30695,0000000000000000000000000000000000000000000000000000000000000000000000000000000000000000000000000000000000000000001a1b1f29facd00