Zeit (ns),Daten (Hex)
1345,0000000000000000000000000000000000000000000000000000000000000000000000000000000000000000000000000000000000000000003b43b6469c01a0
1355,000000000000000000000000000000000000000000000000000000000000000000000000000000000000000000000000000000000000000000221285f92ca020
1365,0000000000000000000000000000000000000000000000000000000000000000000000000000000000000000000000000000000000000000002d39a4cc7afa80
1375,0000000000000000000000000000000000000000000000000000000000000000000000000000000000000000000000000000000000000000006b902a71c3ba80
1385,0000000000000000000000000000000000000000000000000000000000000000000000000000000000000000000000000000000000000000000860f9dbc5e520
1395,0000000000000000000000000000000000000000000000000000000000000000000000000000000000000000000000000000000000000000002bacc684c2cf40
1405,00000000000000000000000000000000000000000000000000000000000000000000000000000000000000000000000000000000000000000026928f70784660
1415,0000000000000000000000000000000000000000000000000000000000000000000000000000000000000000000000000000000000000000001a6ea72459e300
1425,000000000000000000000000000000000000000000000000000000000000000000000000000000000000000000000000000000000000000000187f1ee347ac40
1435,0000000000000000000000000000000000000000000000000000000000000000000000000000000000000000000000000000000000000000002b7b648816a9c0
1445,000000000000000000000000000000000000000000000000000000000000000000000000000000000000000000000000000000000000000000197c735235baa0
1455,000000000000000000000000000000000000000000000000000000000000000000000000000000000000000000000000000000000000000000169a61fa18cba0
1465,00000000000000000000000000000000000000000000000000000000000000000000000000000000000000000000000000000000000000000046e1a8880ffec0
1475,00000000000000000000000000000000000000000000000000000000000000000000000000000000000000000000000000000000000000000022ecfd91d68640
1485,0000000000000000000000000000000000000000000000000000000000000000000000000000000000000000000000000000000000000000002fa17105729c40
1495,0000000000000000000000000000000000000000000000000000000000000000000000000000000000000000000000000000000000000000001b0ccdcaecdb40
1505,0000000000000000000000000000000000000000000000000000000000000000000000000000000000000000000000000000000000000000003537595653c200
1515,0000000000000000000000000000000000000000000000000000000000000000000000000000000000000000000000000000000000000000001c1921879d21e0
1525,00000000000000000000000000000000000000000000000000000000000000000000000000000000000000000000000000000000000000000030ca09f1764d00
1535,0000000000000000000000000000000000000000000000000000000000000000000000000000000000000000000000000000000000000000003192d19f0288e0
1545,0000000000000000000000000000000000000000000000000000000000000000000000000000000000000000000000000000000000000000002fd3513d29f180
1555,000000000000000000000000000000000000000000000000000000000000000000000000000000000000000000000000000000000000000000121875c7d9fb40
1565,0000000000000000000000000000000000000000000000000000000000000000000000000000000000000000000000000000000000000000001ad5b8ec2cdc20
1575,0000000000000000000000000000000000000000000000000000000000000000000000000000000000000000000000000000000000000000002608174891cc00
1585,0000000000000000000000000000000000000000000000000000000000000000000000000000000000000000000000000000000000000000001746502996af60
1595,0000000000000000000000000000000000000000000000000000000000000000000000000000000000000000000000000000000000000000001d7126355b1e60
1605,0000000000000000000000000000000000000000000000000000000000000000000000000000000000000000000000000000000000000000001604cfa1b6c160
1615,000000000000000000000000000000000000000000000000000000000000000000000000000000000000000000000000000000000000000000182dc6c16066c0
1625,000000000000000000000000000000000000000000000000000000000000000000000000000000000000000000000000000000000000000000219129294697e0
1635,0000000000000000000000000000000000000000000000000000000000000000000000000000000000000000000000000000000000000000001e98d9f0332d00
1645,0000000000000000000000000000000000000000000000000000000000000000000000000000000000000000000000000000000000000000002064698276d200
1655,00000000000000000000000000000000000000000000000000000000000000000000000000000000000000000000000000000000000000000033a247f19f2fe0
1665,00000000000000000000000000000000000000000000000000000000000000000000000000000000000000000000000000000000000000000035185c7fccc1c0
1675,00000000000000000000000000000000000000000000000000000000000000000000000000000000000000000000000000000000000000000023dd9995513d00
1685,00000000000000000000000000000000000000000000000000000000000000000000000000000000000000000000000000000000000000000040231f23c93ec0
1695,000000000000000000000000000000000000000000000000000000000000000000000000000000000000000000000000000000000000000000285f86aa062580
1705,0000000000000000000000000000000000000000000000000000000000000000000000000000000000000000000000000000000000000000000c87279e0be880
1715,00000000000000000000000000000000000000000000000000000000000000000000000000000000000000000000000000000000000000000022b1f26495f3a0
1725,0000000000000000000000000000000000000000000000000000000000000000000000000000000000000000000000000000000000000000001ccf8d67a12120
1735,0000000000000000000000000000000000000000000000000000000000000000000000000000000000000000000000000000000000000000003c776e31dfdba0
1745,0000000000000000000000000000000000000000000000000000000000000000000000000000000000000000000000000000000000000000003aef53fd86b520
1755,0000000000000000000000000000000000000000000000000000000000000000000000000000000000000000000000000000000000000000002c9ac62fcd0520
1765,000000000000000000000000000000000000000000000000000000000000000000000000000000000000000000000000000000000000000000390e6b9415c2e0
1775,0000000000000000000000000000000000000000000000000000000000000000000000000000000000000000000000000000000000000000002d5762a3177980
1785,00000000000000000000000000000000000000000000000000000000000000000000000000000000000000000000000000000000000000000026ed449b96a480
1795,00000000000000000000000000000000000000000000000000000000000000000000000000000000000000000000000000000000000000000021ce34fdc71560
1805,00000000000000000000000000000000000000000000000000000000000000000000000000000000000000000000000000000000000000000048deed520ddec0
1815,0000000000000000000000000000000000000000000000000000000000000000000000000000000000000000000000000000000000000000001d045d0b749940
1825,0000000000000000000000000000000000000000000000000000000000000000000000000000000000000000000000000000000000000000001f7379a66437c0
1835,0000000000000000000000000000000000000000000000000000000000000000000000000000000000000000000000000000000000000000004f7d57dfe12900
1845,0000000000000000000000000000000000000000000000000000000000000000000000000000000000000000000000000000000000000000002b753ef4cf76e0
1855,0000000000000000000000000000000000000000000000000000000000000000000000000000000000000000000000000000000000000000003ad89692c033c0
1865,000000000000000000000000000000000000000000000000000000000000000000000000000000000000000000000000000000000000000000212966a66bd620
1875,000000000000000000000000000000000000000000000000000000000000000000000000000000000000000000000000000000000000000000106aa7025a04a0
1885,00000000000000000000000000000000000000000000000000000000000000000000000000000000000000000000000000000000000000000036d00fa7183c20
1895,0000000000000000000000000000000000000000000000000000000000000000000000000000000000000000000000000000000000000000002748c68b938520
1905,0000000000000000000000000000000000000000000000000000000000000000000000000000000000000000000000000000000000000000002631b180d7d8c0
1915,00000000000000000000000000000000000000000000000000000000000000000000000000000000000000000000000000000000000000000028a0fd4cff5ce0
1925,0000000000000000000000000000000000000000000000000000000000000000000000000000000000000000000000000000000000000000002ff1bc800985e0
1935,00000000000000000000000000000000000000000000000000000000000000000000000000000000000000000000000000000000000000000025c3d4c352aa40
1945,00000000000000000000000000000000000000000000000000000000000000000000000000000000000000000000000000000000000000000028f2ae5156cc80
1955,00000000000000000000000000000000000000000000000000000000000000000000000000000000000000000000000000000000000000000027a109fbc85be0
1965,000000000000000000000000000000000000000000000000000000000000000000000000000000000000000000000000000000000000000000246e2a01bae380
1975,000000000000000000000000000000000000000000000000000000000000000000000000000000000000000000000000000000000000000000181081121e4540
1985,0000000000000000000000000000000000000000000000000000000000000000000000000000000000000000000000000000000000000000003d0059f76ae440
1995,0000000000000000000000000000000000000000000000000000000000000000000000000000000000000000000000000000000000000000001f61c8cef7d880
2005,0000000000000000000000000000000000000000000000000000000000000000000000000000000000000000000000000000000000000000002e3e0e62515220
2015,00000000000000000000000000000000000000000000000000000000000000000000000000000000000000000000000000000000000000000029cb231b5e76c0
2025,0000000000000000000000000000000000000000000000000000000000000000000000000000000000000000000000000000000000000000003b331d0ca6a3a0
2035,00000000000000000000000000000000000000000000000000000000000000000000000000000000000000000000000000000000000000000023717d92c18320
2045,0000000000000000000000000000000000000000000000000000000000000000000000000000000000000000000000000000000000000000003217fa02585480
2055,00000000000000000000000000000000000000000000000000000000000000000000000000000000000000000000000000000000000000000028da860e0b3460
2065,00000000000000000000000000000000000000000000000000000000000000000000000000000000000000000000000000000000000000000011761117b793a0
2075,000000000000000000000000000000000000000000000000000000000000000000000000000000000000000000000000000000000000000000332c5f79911a80
2085,00000000000000000000000000000000000000000000000000000000000000000000000000000000000000000000000000000000000000000012e07f9cd57820
2095,000000000000000000000000000000000000000000000000000000000000000000000000000000000000000000000000000000000000000000146ed233397960
2105,000000000000000000000000000000000000000000000000000000000000000000000000000000000000000000000000000000000000000000222ab463da4440
2115,0000000000000000000000000000000000000000000000000000000000000000000000000000000000000000000000000000000000000000002f19c2b5f991e0
2125,0000000000000000000000000000000000000000000000000000000000000000000000000000000000000000000000000000000000000000002102829f321640
2135,0000000000000000000000000000000000000000000000000000000000000000000000000000000000000000000000000000000000000000001c515297850e60
2145,0000000000000000000000000000000000000000000000000000000000000000000000000000000000000000000000000000000000000000002beb030a69d880
2155,00000000000000000000000000000000000000000000000000000000000000000000000000000000000000000000000000000000000000000019e8e654bf97c0
2165,0000000000000000000000000000000000000000000000000000000000000000000000000000000000000000000000000000000000000000002e38619dc6e7a0
2175,000000000000000000000000000000000000000000000000000000000000000000000000000000000000000000000000000000000000000000200eb41bee86a0
2185,0000000000000000000000000000000000000000000000000000000000000000000000000000000000000000000000000000000000000000001f919a380dc0e0
2195,0000000000000000000000000000000000000000000000000000000000000000000000000000000000000000000000000000000000000000002ac07d94aeba80
2205,0000000000000000000000000000000000000000000000000000000000000000000000000000000000000000000000000000000000000000002fd420334361e0
2215,00000000000000000000000000000000000000000000000000000000000000000000000000000000000000000000000000000000000000000035803133e15d60
2225,000000000000000000000000000000000000000000000000000000000000000000000000000000000000000000000000000000000000000000454bbaf22f2f40
2235,0000000000000000000000000000000000000000000000000000000000000000000000000000000000000000000000000000000000000000003ca3d325097080
2245,00000000000000000000000000000000000000000000000000000000000000000000000000000000000000000000000000000000000000000028757559c6e3c0
2255,0000000000000000000000000000000000000000000000000000000000000000000000000000000000000000000000000000000000000000001ed70044a0a160
2265,0000000000000000000000000000000000000000000000000000000000000000000000000000000000000000000000000000000000000000002fa93b2c4eb340
2275,0000000000000000000000000000000000000000000000000000000000000000000000000000000000000000000000000000000000000000002fff5fba31f760
2285,00000000000000000000000000000000000000000000000000000000000000000000000000000000000000000000000000000000000000000019478490da82a0
2295,00000000000000000000000000000000000000000000000000000000000000000000000000000000000000000000000000000000000000000031b4027f3c2500
2305,0000000000000000000000000000000000000000000000000000000000000000000000000000000000000000000000000000000000000000001709100654cbe0
2315,00000000000000000000000000000000000000000000000000000000000000000000000000000000000000000000000000000000000000000014e3cc3f08daa0
2325,000000000000000000000000000000000000000000000000000000000000000000000000000000000000000000000000000000000000000000141d2a73cdb8a0
2335,0000000000000000000000000000000000000000000000000000000000000000000000000000000000000000000000000000000000000000002ee83891edaae0
2345,00000000000000000000000000000000000000000000000000000000000000000000000000000000000000000000000000000000000000000011dd4010c3a8e0
2355,0000000000000000000000000000000000000000000000000000000000000000000000000000000000000000000000000000000000000000002485586c79c7a0
2365,00000000000000000000000000000000000000000000000000000000000000000000000000000000000000000000000000000000000000000017fd22271da5c0
2375,000000000000000000000000000000000000000000000000000000000000000000000000000000000000000000000000000000000000000000178666ea317560
2385,000000000000000000000000000000000000000000000000000000000000000000000000000000000000000000000000000000000000000000228853dd8b44e0
2395,00000000000000000000000000000000000000000000000000000000000000000000000000000000000000000000000000000000000000000041d2d8908a9bc0
2405,0000000000000000000000000000000000000000000000000000000000000000000000000000000000000000000000000000000000000000002bf6ccce8acec0
2415,0000000000000000000000000000000000000000000000000000000000000000000000000000000000000000000000000000000000000000002f254452bceea0
2425,0000000000000000000000000000000000000000000000000000000000000000000000000000000000000000000000000000000000000000000f8d95aec94920
2435,00000000000000000000000000000000000000000000000000000000000000000000000000000000000000000000000000000000000000000025c496d6f6d180
2445,000000000000000000000000000000000000000000000000000000000000000000000000000000000000000000000000000000000000000000263cc2a77b6700
2455,0000000000000000000000000000000000000000000000000000000000000000000000000000000000000000000000000000000000000000002b9695377cb580
2465,0000000000000000000000000000000000000000000000000000000000000000000000000000000000000000000000000000000000000000001acf993b5b6b20
2475,000000000000000000000000000000000000000000000000000000000000000000000000000000000000000000000000000000000000000000329bea034d0560
2485,00000000000000000000000000000000000000000000000000000000000000000000000000000000000000000000000000000000000000000029bc3b9c5f9020
2495,00000000000000000000000000000000000000000000000000000000000000000000000000000000000000000000000000000000000000000034f672648befa0
2505,0000000000000000000000000000000000000000000000000000000000000000000000000000000000000000000000000000000000000000002c62fa29b6e740
2515,0000000000000000000000000000000000000000000000000000000000000000000000000000000000000000000000000000000000000000002c092143760040
2525,000000000000000000000000000000000000000000000000000000000000000000000000000000000000000000000000000000000000000000343898fb2f7460
2535,0000000000000000000000000000000000000000000000000000000000000000000000000000000000000000000000000000000000000000000d47a07389eaa0
2545,000000000000000000000000000000000000000000000000000000000000000000000000000000000000000000000000000000000000000000213dd1915a66a0
2555,0000000000000000000000000000000000000000000000000000000000000000000000000000000000000000000000000000000000000000001a1f80b387d800
2565,00000000000000000000000000000000000000000000000000000000000000000000000000000000000000000000000000000000000000000031c1ce60c44f60
2575,00000000000000000000000000000000000000000000000000000000000000000000000000000000000000000000000000000000000000000016887c679c48c0
2585,0000000000000000000000000000000000000000000000000000000000000000000000000000000000000000000000000000000000000000003324e0a174dcc0
2595,0000000000000000000000000000000000000000000000000000000000000000000000000000000000000000000000000000000000000000001223abe4a26e60
2605,0000000000000000000000000000000000000000000000000000000000000000000000000000000000000000000000000000000000000000000da02ad9e15bc0
2615,000000000000000000000000000000000000000000000000000000000000000000000000000000000000000000000000000000000000000000370aa8ca87e060
2625,0000000000000000000000000000000000000000000000000000000000000000000000000000000000000000000000000000000000000000002742fb15d01860
2635,0000000000000000000000000000000000000000000000000000000000000000000000000000000000000000000000000000000000000000001f7539e159b500
2645,000000000000000000000000000000000000000000000000000000000000000000000000000000000000000000000000000000000000000000242b6210137a60
2655,0000000000000000000000000000000000000000000000000000000000000000000000000000000000000000000000000000000000000000002066b07876ec60
2665,0000000000000000000000000000000000000000000000000000000000000000000000000000000000000000000000000000000000000000002cc36bd47251c0
2675,0000000000000000000000000000000000000000000000000000000000000000000000000000000000000000000000000000000000000000002b6209e2698f60
2685,0000000000000000000000000000000000000000000000000000000000000000000000000000000000000000000000000000000000000000002b4c45b2a5f400
2695,0000000000000000000000000000000000000000000000000000000000000000000000000000000000000000000000000000000000000000001d66e3f11fc6c0
2705,00000000000000000000000000000000000000000000000000000000000000000000000000000000000000000000000000000000000000000020072039fb1640
2715,00000000000000000000000000000000000000000000000000000000000000000000000000000000000000000000000000000000000000000028a1a6ea7dc7a0
2725,00000000000000000000000000000000000000000000000000000000000000000000000000000000000000000000000000000000000000000028114a11c1e280
2735,0000000000000000000000000000000000000000000000000000000000000000000000000000000000000000000000000000000000000000001f37e45ba31b00
2745,000000000000000000000000000000000000000000000000000000000000000000000000000000000000000000000000000000000000000000236a35096688e0
2755,000000000000000000000000000000000000000000000000000000000000000000000000000000000000000000000000000000000000000000315471195deca0
2765,0000000000000000000000000000000000000000000000000000000000000000000000000000000000000000000000000000000000000000002b5ae0d90c75c0
2775,00000000000000000000000000000000000000000000000000000000000000000000000000000000000000000000000000000000000000000022d7b03aa872a0
2785,000000000000000000000000000000000000000000000000000000000000000000000000000000000000000000000000000000000000000000267bf4de4cf5c0
2795,00000000000000000000000000000000000000000000000000000000000000000000000000000000000000000000000000000000000000000027266a0de440c0
2805,0000000000000000000000000000000000000000000000000000000000000000000000000000000000000000000000000000000000000000002b418795d56ae0
2815,0000000000000000000000000000000000000000000000000000000000000000000000000000000000000000000000000000000000000000003da62f09c820a0
2825,0000000000000000000000000000000000000000000000000000000000000000000000000000000000000000000000000000000000000000002d465ff301d440
2835,0000000000000000000000000000000000000000000000000000000000000000000000000000000000000000000000000000000000000000001e13542094e800
2845,0000000000000000000000000000000000000000000000000000000000000000000000000000000000000000000000000000000000000000001c5344c89e9040
2855,00000000000000000000000000000000000000000000000000000000000000000000000000000000000000000000000000000000000000000026a1265bcb5fe0
2865,0000000000000000000000000000000000000000000000000000000000000000000000000000000000000000000000000000000000000000002887ad76167460
2875,0000000000000000000000000000000000000000000000000000000000000000000000000000000000000000000000000000000000000000002b2714b5278140
2885,000000000000000000000000000000000000000000000000000000000000000000000000000000000000000000000000000000000000000000146a940c203360
2895,0000000000000000000000000000000000000000000000000000000000000000000000000000000000000000000000000000000000000000002467b515db7f80
2905,00000000000000000000000000000000000000000000000000000000000000000000000000000000000000000000000000000000000000000012d26a0a173140
2915,0000000000000000000000000000000000000000000000000000000000000000000000000000000000000000000000000000000000000000001d8e8fe49ad2e0
2925,0000000000000000000000000000000000000000000000000000000000000000000000000000000000000000000000000000000000000000001f959bb7c8a700
2935,0000000000000000000000000000000000000000000000000000000000000000000000000000000000000000000000000000000000000000000f74b7ba4edb80
2945,000000000000000000000000000000000000000000000000000000000000000000000000000000000000000000000000000000000000000000100291d8225e80
2955,00000000000000000000000000000000000000000000000000000000000000000000000000000000000000000000000000000000000000000021e66cc111a220
2965,0000000000000000000000000000000000000000000000000000000000000000000000000000000000000000000000000000000000000000001685aa19080840
2975,00000000000000000000000000000000000000000000000000000000000000000000000000000000000000000000000000000000000000000035557436c299a0
2985,0000000000000000000000000000000000000000000000000000000000000000000000000000000000000000000000000000000000000000001f2cd2e63aa5c0
2995,0000000000000000000000000000000000000000000000000000000000000000000000000000000000000000000000000000000000000000002af2b4f3c2a680
3005,000000000000000000000000000000000000000000000000000000000000000000000000000000000000000000000000000000000000000000276c32e1ce0200
3015,00000000000000000000000000000000000000000000000000000000000000000000000000000000000000000000000000000000000000000013893ed662e380
3025,00000000000000000000000000000000000000000000000000000000000000000000000000000000000000000000000000000000000000000024d962e6d01280
3035,0000000000000000000000000000000000000000000000000000000000000000000000000000000000000000000000000000000000000000001b5bf00a841ae0
3045,0000000000000000000000000000000000000000000000000000000000000000000000000000000000000000000000000000000000000000003350ae32327da0
3055,000000000000000000000000000000000000000000000000000000000000000000000000000000000000000000000000000000000000000000330d2f67f9dcc0
3065,0000000000000000000000000000000000000000000000000000000000000000000000000000000000000000000000000000000000000000002a94415c961840
3075,0000000000000000000000000000000000000000000000000000000000000000000000000000000000000000000000000000000000000000001ff6e91d88f460
3085,00000000000000000000000000000000000000000000000000000000000000000000000000000000000000000000000000000000000000000017180b67c882e0
3095,00000000000000000000000000000000000000000000000000000000000000000000000000000000000000000000000000000000000000000029481cdf465420
3105,0000000000000000000000000000000000000000000000000000000000000000000000000000000000000000000000000000000000000000001ec90731e06ee0
3115,00000000000000000000000000000000000000000000000000000000000000000000000000000000000000000000000000000000000000000038504120e62000
3125,00000000000000000000000000000000000000000000000000000000000000000000000000000000000000000000000000000000000000000021718d218f3e00
3135,00000000000000000000000000000000000000000000000000000000000000000000000000000000000000000000000000000000000000000018eb5df9864420
3145,00000000000000000000000000000000000000000000000000000000000000000000000000000000000000000000000000000000000000000026b5bf508f73c0
3155,00000000000000000000000000000000000000000000000000000000000000000000000000000000000000000000000000000000000000000027a1121951a880
3165,0000000000000000000000000000000000000000000000000000000000000000000000000000000000000000000000000000000000000000001992529f815ae0
3175,000000000000000000000000000000000000000000000000000000000000000000000000000000000000000000000000000000000000000000300440feca1840
3185,00000000000000000000000000000000000000000000000000000000000000000000000000000000000000000000000000000000000000000020d7a8d3505720
3195,0000000000000000000000000000000000000000000000000000000000000000000000000000000000000000000000000000000000000000002fc11079788000
3205,0000000000000000000000000000000000000000000000000000000000000000000000000000000000000000000000000000000000000000001b65f87ffe6b60
3215,0000000000000000000000000000000000000000000000000000000000000000000000000000000000000000000000000000000000000000003420704b951ea0
3225,00000000000000000000000000000000000000000000000000000000000000000000000000000000000000000000000000000000000000000019b4898981ec60
3235,000000000000000000000000000000000000000000000000000000000000000000000000000000000000000000000000000000000000000000213c009179bbe0
3245,0000000000000000000000000000000000000000000000000000000000000000000000000000000000000000000000000000000000000000003a453692d5cee0
3255,0000000000000000000000000000000000000000000000000000000000000000000000000000000000000000000000000000000000000000002dc33c56e6bee0
3265,000000000000000000000000000000000000000000000000000000000000000000000000000000000000000000000000000000000000000000222b40e3d0cca0
3275,0000000000000000000000000000000000000000000000000000000000000000000000000000000000000000000000000000000000000000002a160c16524380
3285,00000000000000000000000000000000000000000000000000000000000000000000000000000000000000000000000000000000000000000025749f976dec20
3295,00000000000000000000000000000000000000000000000000000000000000000000000000000000000000000000000000000000000000000024884a275aaf00
3305,000000000000000000000000000000000000000000000000000000000000000000000000000000000000000000000000000000000000000000288a6444ac8f40
3315,00000000000000000000000000000000000000000000000000000000000000000000000000000000000000000000000000000000000000000032d338447f4e00
3325,0000000000000000000000000000000000000000000000000000000000000000000000000000000000000000000000000000000000000000001d5c79fbac0820
3335,0000000000000000000000000000000000000000000000000000000000000000000000000000000000000000000000000000000000000000002686d4c9e02400
3345,00000000000000000000000000000000000000000000000000000000000000000000000000000000000000000000000000000000000000000012c12046551b00
3355,00000000000000000000000000000000000000000000000000000000000000000000000000000000000000000000000000000000000000000028e56ba1007740
3365,000000000000000000000000000000000000000000000000000000000000000000000000000000000000000000000000000000000000000000214b19869cafc0
3375,00000000000000000000000000000000000000000000000000000000000000000000000000000000000000000000000000000000000000000028b3f87cf30380
3385,0000000000000000000000000000000000000000000000000000000000000000000000000000000000000000000000000000000000000000002aefefa52d85c0
3395,000000000000000000000000000000000000000000000000000000000000000000000000000000000000000000000000000000000000000000180735e18382a0
3405,000000000000000000000000000000000000000000000000000000000000000000000000000000000000000000000000000000000000000000147b369eb27a00
3415,0000000000000000000000000000000000000000000000000000000000000000000000000000000000000000000000000000000000000000002cd9682b949aa0
3425,0000000000000000000000000000000000000000000000000000000000000000000000000000000000000000000000000000000000000000001c0c117ea5d900
3435,0000000000000000000000000000000000000000000000000000000000000000000000000000000000000000000000000000000000000000003859db78de0360
3445,000000000000000000000000000000000000000000000000000000000000000000000000000000000000000000000000000000000000000000114bb5381c1d40
3455,00000000000000000000000000000000000000000000000000000000000000000000000000000000000000000000000000000000000000000013965f730a4980
3465,0000000000000000000000000000000000000000000000000000000000000000000000000000000000000000000000000000000000000000006d8ef659311860
3475,0000000000000000000000000000000000000000000000000000000000000000000000000000000000000000000000000000000000000000003c4310842c1820
3485,0000000000000000000000000000000000000000000000000000000000000000000000000000000000000000000000000000000000000000002273b286519a40
3495,000000000000000000000000000000000000000000000000000000000000000000000000000000000000000000000000000000000000000000341c1cc2072220
3505,0000000000000000000000000000000000000000000000000000000000000000000000000000000000000000000000000000000000000000001b073141750a00
3515,0000000000000000000000000000000000000000000000000000000000000000000000000000000000000000000000000000000000000000002563fc49c800e0
3525,00000000000000000000000000000000000000000000000000000000000000000000000000000000000000000000000000000000000000000027afbe222d2e60
3535,000000000000000000000000000000000000000000000000000000000000000000000000000000000000000000000000000000000000000000378455f3900880
3545,000000000000000000000000000000000000000000000000000000000000000000000000000000000000000000000000000000000000000000277da2fe2b0ca0
3555,00000000000000000000000000000000000000000000000000000000000000000000000000000000000000000000000000000000000000000034a20f254f5140
3565,0000000000000000000000000000000000000000000000000000000000000000000000000000000000000000000000000000000000000000001bb6832bcc26a0
3575,000000000000000000000000000000000000000000000000000000000000000000000000000000000000000000000000000000000000000000146812eec18e00
3585,000000000000000000000000000000000000000000000000000000000000000000000000000000000000000000000000000000000000000000317741be67d380
3595,0000000000000000000000000000000000000000000000000000000000000000000000000000000000000000000000000000000000000000000fe7771ee23a60
3605,0000000000000000000000000000000000000000000000000000000000000000000000000000000000000000000000000000000000000000001c96509cb78dc0
3615,00000000000000000000000000000000000000000000000000000000000000000000000000000000000000000000000000000000000000000031f7d1048317c0
3625,000000000000000000000000000000000000000000000000000000000000000000000000000000000000000000000000000000000000000000304b775c73d580
3635,00000000000000000000000000000000000000000000000000000000000000000000000000000000000000000000000000000000000000000033efde9d9fdc20
3645,000000000000000000000000000000000000000000000000000000000000000000000000000000000000000000000000000000000000000000435f2375d68e00
3655,0000000000000000000000000000000000000000000000000000000000000000000000000000000000000000000000000000000000000000002d4422df7736c0
3665,000000000000000000000000000000000000000000000000000000000000000000000000000000000000000000000000000000000000000000234b13d06bd4e0
3675,000000000000000000000000000000000000000000000000000000000000000000000000000000000000000000000000000000000000000000272aed79e52aa0
3685,0000000000000000000000000000000000000000000000000000000000000000000000000000000000000000000000000000000000000000002666c21ace52c0
3695,00000000000000000000000000000000000000000000000000000000000000000000000000000000000000000000000000000000000000000023f2dd451d8100
3705,000000000000000000000000000000000000000000000000000000000000000000000000000000000000000000000000000000000000000000231c68711ab9e0
3715,0000000000000000000000000000000000000000000000000000000000000000000000000000000000000000000000000000000000000000001afaa28739f6e0
3725,0000000000000000000000000000000000000000000000000000000000000000000000000000000000000000000000000000000000000000002c02f32656c320
3735,00000000000000000000000000000000000000000000000000000000000000000000000000000000000000000000000000000000000000000017c8e5ef8f0380
3745,0000000000000000000000000000000000000000000000000000000000000000000000000000000000000000000000000000000000000000001eedb42f67c6a0
3755,000000000000000000000000000000000000000000000000000000000000000000000000000000000000000000000000000000000000000000340f04ccc19d00
3765,00000000000000000000000000000000000000000000000000000000000000000000000000000000000000000000000000000000000000000017da85d0d524e0
3775,0000000000000000000000000000000000000000000000000000000000000000000000000000000000000000000000000000000000000000002aa1d0830ea900
3785,000000000000000000000000000000000000000000000000000000000000000000000000000000000000000000000000000000000000000000287d1f28079ee0
3795,00000000000000000000000000000000000000000000000000000000000000000000000000000000000000000000000000000000000000000034e80e96bf3d00
3805,0000000000000000000000000000000000000000000000000000000000000000000000000000000000000000000000000000000000000000002f28b38d956120
3815,0000000000000000000000000000000000000000000000000000000000000000000000000000000000000000000000000000000000000000001cd8292bf8f0e0
3825,0000000000000000000000000000000000000000000000000000000000000000000000000000000000000000000000000000000000000000002cd427fab41a40
3835,0000000000000000000000000000000000000000000000000000000000000000000000000000000000000000000000000000000000000000001a7751414e4520
3845,00000000000000000000000000000000000000000000000000000000000000000000000000000000000000000000000000000000000000000017ceec5b75d9a0
3855,00000000000000000000000000000000000000000000000000000000000000000000000000000000000000000000000000000000000000000027b652e6a7f6e0
3865,000000000000000000000000000000000000000000000000000000000000000000000000000000000000000000000000000000000000000000301d814202d260
3875,00000000000000000000000000000000000000000000000000000000000000000000000000000000000000000000000000000000000000000020202c2499cd80
3885,000000000000000000000000000000000000000000000000000000000000000000000000000000000000000000000000000000000000000000476a6a614f15a0
3895,0000000000000000000000000000000000000000000000000000000000000000000000000000000000000000000000000000000000000000001a1d9bbd812320
3905,0000000000000000000000000000000000000000000000000000000000000000000000000000000000000000000000000000000000000000002f7eb02f2c9100
3915,00000000000000000000000000000000000000000000000000000000000000000000000000000000000000000000000000000000000000000039194b75d05440
3925,00000000000000000000000000000000000000000000000000000000000000000000000000000000000000000000000000000000000000000022c44bed3208a0
3935,000000000000000000000000000000000000000000000000000000000000000000000000000000000000000000000000000000000000000000158bd35b18d560
3945,00000000000000000000000000000000000000000000000000000000000000000000000000000000000000000000000000000000000000000057dcd94f71a680
3955,0000000000000000000000000000000000000000000000000000000000000000000000000000000000000000000000000000000000000000002acb3ac5308ea0
3965,0000000000000000000000000000000000000000000000000000000000000000000000000000000000000000000000000000000000000000001f2e43d2708ec0
3975,000000000000000000000000000000000000000000000000000000000000000000000000000000000000000000000000000000000000000000240a091252b9a0
3985,0000000000000000000000000000000000000000000000000000000000000000000000000000000000000000000000000000000000000000000d92384720b920
3995,00000000000000000000000000000000000000000000000000000000000000000000000000000000000000000000000000000000000000000023074219ea0580
4005,0000000000000000000000000000000000000000000000000000000000000000000000000000000000000000000000000000000000000000006707d9226961c0
4015,00000000000000000000000000000000000000000000000000000000000000000000000000000000000000000000000000000000000000000020838decac62a0
4025,0000000000000000000000000000000000000000000000000000000000000000000000000000000000000000000000000000000000000000001a4494ce9215a0
4035,000000000000000000000000000000000000000000000000000000000000000000000000000000000000000000000000000000000000000000145a0320ef3260
4045,0000000000000000000000000000000000000000000000000000000000000000000000000000000000000000000000000000000000000000001fab69ca01bf40
4055,00000000000000000000000000000000000000000000000000000000000000000000000000000000000000000000000000000000000000000020d599dd4c76c0
4065,00000000000000000000000000000000000000000000000000000000000000000000000000000000000000000000000000000000000000000024f704160c09a0
4075,00000000000000000000000000000000000000000000000000000000000000000000000000000000000000000000000000000000000000000016ae0651638280
4085,0000000000000000000000000000000000000000000000000000000000000000000000000000000000000000000000000000000000000000002c97bae13c9be0
4095,0000000000000000000000000000000000000000000000000000000000000000000000000000000000000000000000000000000000000000003d939ea89233e0
4105,0000000000000000000000000000000000000000000000000000000000000000000000000000000000000000000000000000000000000000001a38ab31d5bae0
4115,0000000000000000000000000000000000000000000000000000000000000000000000000000000000000000000000000000000000000000002094dd306e1a00
4125,0000000000000000000000000000000000000000000000000000000000000000000000000000000000000000000000000000000000000000001bf8196c4d1540
4135,000000000000000000000000000000000000000000000000000000000000000000000000000000000000000000000000000000000000000000486877a8ce3940
4145,0000000000000000000000000000000000000000000000000000000000000000000000000000000000000000000000000000000000000000002dbb42cd97b1e0
4155,00000000000000000000000000000000000000000000000000000000000000000000000000000000000000000000000000000000000000000053bf6c5b599180
4165,0000000000000000000000000000000000000000000000000000000000000000000000000000000000000000000000000000000000000000002395a137b49240
4175,0000000000000000000000000000000000000000000000000000000000000000000000000000000000000000000000000000000000000000005773d8ea3628e0
4185,0000000000000000000000000000000000000000000000000000000000000000000000000000000000000000000000000000000000000000002637720a4d3d00
4195,000000000000000000000000000000000000000000000000000000000000000000000000000000000000000000000000000000000000000000169434fa8353e0
4205,0000000000000000000000000000000000000000000000000000000000000000000000000000000000000000000000000000000000000000002184ba6f095cc0
4215,000000000000000000000000000000000000000000000000000000000000000000000000000000000000000000000000000000000000000000327e4adde988a0
4225,0000000000000000000000000000000000000000000000000000000000000000000000000000000000000000000000000000000000000000002f4e1894e8efc0
4235,0000000000000000000000000000000000000000000000000000000000000000000000000000000000000000000000000000000000000000001d0d28d9a1c9e0
4245,0000000000000000000000000000000000000000000000000000000000000000000000000000000000000000000000000000000000000000001c8893c506fd80
4255,0000000000000000000000000000000000000000000000000000000000000000000000000000000000000000000000000000000000000000000f73bed7e97960
4265,00000000000000000000000000000000000000000000000000000000000000000000000000000000000000000000000000000000000000000035e48254815ba0
4275,000000000000000000000000000000000000000000000000000000000000000000000000000000000000000000000000000000000000000000318e38292a7da0
4285,00000000000000000000000000000000000000000000000000000000000000000000000000000000000000000000000000000000000000000022304081046be0
4295,00000000000000000000000000000000000000000000000000000000000000000000000000000000000000000000000000000000000000000015a437e34caca0
4305,00000000000000000000000000000000000000000000000000000000000000000000000000000000000000000000000000000000000000000027498a9f3789e0
4315,0000000000000000000000000000000000000000000000000000000000000000000000000000000000000000000000000000000000000000001487310a329f20
4325,000000000000000000000000000000000000000000000000000000000000000000000000000000000000000000000000000000000000000000330bf70f715ee0
4335,000000000000000000000000000000000000000000000000000000000000000000000000000000000000000000000000000000000000000000327ef9718f0040
4345,00000000000000000000000000000000000000000000000000000000000000000000000000000000000000000000000000000000000000000039608a04b497e0
4355,0000000000000000000000000000000000000000000000000000000000000000000000000000000000000000000000000000000000000000002a45e21cf1b4e0
4365,0000000000000000000000000000000000000000000000000000000000000000000000000000000000000000000000000000000000000000002a6bd69a62fb40
4375,000000000000000000000000000000000000000000000000000000000000000000000000000000000000000000000000000000000000000000310efe6cd0d360
4385,0000000000000000000000000000000000000000000000000000000000000000000000000000000000000000000000000000000000000000002ad18ab11270e0
4395,0000000000000000000000000000000000000000000000000000000000000000000000000000000000000000000000000000000000000000001e7571b78241c0
4405,00000000000000000000000000000000000000000000000000000000000000000000000000000000000000000000000000000000000000000040cfc735b0c360
4415,000000000000000000000000000000000000000000000000000000000000000000000000000000000000000000000000000000000000000000462c6c14465260
4425,0000000000000000000000000000000000000000000000000000000000000000000000000000000000000000000000000000000000000000002d39ce9b3d15a0
4435,00000000000000000000000000000000000000000000000000000000000000000000000000000000000000000000000000000000000000000013703626d7a5c0
4445,00000000000000000000000000000000000000000000000000000000000000000000000000000000000000000000000000000000000000000024e63b837c5280
4455,0000000000000000000000000000000000000000000000000000000000000000000000000000000000000000000000000000000000000000002a54a4afa45380
4465,0000000000000000000000000000000000000000000000000000000000000000000000000000000000000000000000000000000000000000003309b05484f1c0
4475,000000000000000000000000000000000000000000000000000000000000000000000000000000000000000000000000000000000000000000359de1a8089be0
4485,00000000000000000000000000000000000000000000000000000000000000000000000000000000000000000000000000000000000000000022ab57db2f3fe0
4495,00000000000000000000000000000000000000000000000000000000000000000000000000000000000000000000000000000000000000000014577e0d696ee0
4505,0000000000000000000000000000000000000000000000000000000000000000000000000000000000000000000000000000000000000000002a8aaadd3b7c60
4515,0000000000000000000000000000000000000000000000000000000000000000000000000000000000000000000000000000000000000000003ba4f9fb21e280
4525,0000000000000000000000000000000000000000000000000000000000000000000000000000000000000000000000000000000000000000004fde6f3bcc7d00
4535,00000000000000000000000000000000000000000000000000000000000000000000000000000000000000000000000000000000000000000031991d32472c40
4545,0000000000000000000000000000000000000000000000000000000000000000000000000000000000000000000000000000000000000000001f6323277e0be0
4555,0000000000000000000000000000000000000000000000000000000000000000000000000000000000000000000000000000000000000000004399c49945a840
4565,000000000000000000000000000000000000000000000000000000000000000000000000000000000000000000000000000000000000000000215f0185454dc0
4575,00000000000000000000000000000000000000000000000000000000000000000000000000000000000000000000000000000000000000000028d71e3f8106c0
4585,00000000000000000000000000000000000000000000000000000000000000000000000000000000000000000000000000000000000000000017d0830c9585e0
4595,00000000000000000000000000000000000000000000000000000000000000000000000000000000000000000000000000000000000000000012302181555a20
4605,000000000000000000000000000000000000000000000000000000000000000000000000000000000000000000000000000000000000000000273010b4a03c20
4615,0000000000000000000000000000000000000000000000000000000000000000000000000000000000000000000000000000000000000000002236124f64f500
4625,000000000000000000000000000000000000000000000000000000000000000000000000000000000000000000000000000000000000000000311fb8093a2a20
4635,00000000000000000000000000000000000000000000000000000000000000000000000000000000000000000000000000000000000000000036688ab7ea8f40
4645,0000000000000000000000000000000000000000000000000000000000000000000000000000000000000000000000000000000000000000001b6ea3ba7c92e0
4655,00000000000000000000000000000000000000000000000000000000000000000000000000000000000000000000000000000000000000000030d2fb048d4980
4665,0000000000000000000000000000000000000000000000000000000000000000000000000000000000000000000000000000000000000000001f06db41671fa0
4675,000000000000000000000000000000000000000000000000000000000000000000000000000000000000000000000000000000000000000000223b82d8dfbd40
4685,0000000000000000000000000000000000000000000000000000000000000000000000000000000000000000000000000000000000000000002bd63ada954220
4695,00000000000000000000000000000000000000000000000000000000000000000000000000000000000000000000000000000000000000000018fc2dd101cca0
4705,0000000000000000000000000000000000000000000000000000000000000000000000000000000000000000000000000000000000000000001205bad2f5b1e0
4715,00000000000000000000000000000000000000000000000000000000000000000000000000000000000000000000000000000000000000000023785a61100e80
4725,00000000000000000000000000000000000000000000000000000000000000000000000000000000000000000000000000000000000000000033f8fce1eee0c0
4735,0000000000000000000000000000000000000000000000000000000000000000000000000000000000000000000000000000000000000000002adffffeddf5a0
4745,0000000000000000000000000000000000000000000000000000000000000000000000000000000000000000000000000000000000000000002106ff46472620
4755,000000000000000000000000000000000000000000000000000000000000000000000000000000000000000000000000000000000000000000223f0bec53fbc0
4765,0000000000000000000000000000000000000000000000000000000000000000000000000000000000000000000000000000000000000000003aad5ab333d560
4775,00000000000000000000000000000000000000000000000000000000000000000000000000000000000000000000000000000000000000000038a121af243920
4785,0000000000000000000000000000000000000000000000000000000000000000000000000000000000000000000000000000000000000000002ecaa2a79d4020
4795,0000000000000000000000000000000000000000000000000000000000000000000000000000000000000000000000000000000000000000001f4ce61f250b40
4805,000000000000000000000000000000000000000000000000000000000000000000000000000000000000000000000000000000000000000000233015d23d7260
4815,00000000000000000000000000000000000000000000000000000000000000000000000000000000000000000000000000000000000000000022969af04635e0
4825,0000000000000000000000000000000000000000000000000000000000000000000000000000000000000000000000000000000000000000002eaf37d0d8a960
4835,000000000000000000000000000000000000000000000000000000000000000000000000000000000000000000000000000000000000000000220736b50368c0
4845,000000000000000000000000000000000000000000000000000000000000000000000000000000000000000000000000000000000000000000186d4b6e53c980
4855,0000000000000000000000000000000000000000000000000000000000000000000000000000000000000000000000000000000000000000002a9da7d21b5340
4865,00000000000000000000000000000000000000000000000000000000000000000000000000000000000000000000000000000000000000000025b5768936d280
4875,00000000000000000000000000000000000000000000000000000000000000000000000000000000000000000000000000000000000000000014ae871b3d4d60
4885,0000000000000000000000000000000000000000000000000000000000000000000000000000000000000000000000000000000000000000002b3aa43daeb2c0
4895,0000000000000000000000000000000000000000000000000000000000000000000000000000000000000000000000000000000000000000003f936ead77e360
4905,000000000000000000000000000000000000000000000000000000000000000000000000000000000000000000000000000000000000000000151d448015cec0
4915,0000000000000000000000000000000000000000000000000000000000000000000000000000000000000000000000000000000000000000003057f83439b0c0
4925,00000000000000000000000000000000000000000000000000000000000000000000000000000000000000000000000000000000000000000023f48a58b1d280
4935,0000000000000000000000000000000000000000000000000000000000000000000000000000000000000000000000000000000000000000002a65621ad254e0
4945,0000000000000000000000000000000000000000000000000000000000000000000000000000000000000000000000000000000000000000001ab62e95af64c0
4955,00000000000000000000000000000000000000000000000000000000000000000000000000000000000000000000000000000000000000000021246a61d58700
4965,0000000000000000000000000000000000000000000000000000000000000000000000000000000000000000000000000000000000000000001345528c31a380
4975,0000000000000000000000000000000000000000000000000000000000000000000000000000000000000000000000000000000000000000002628e0816fee00
4985,00000000000000000000000000000000000000000000000000000000000000000000000000000000000000000000000000000000000000000044136169b16080
4995,0000000000000000000000000000000000000000000000000000000000000000000000000000000000000000000000000000000000000000001d192213e6efe0
5005,00000000000000000000000000000000000000000000000000000000000000000000000000000000000000000000000000000000000000000022d7dcebe08360
5015,0000000000000000000000000000000000000000000000000000000000000000000000000000000000000000000000000000000000000000001bc4d9efc11ca0
5025,0000000000000000000000000000000000000000000000000000000000000000000000000000000000000000000000000000000000000000003190aeedec4ba0
5035,00000000000000000000000000000000000000000000000000000000000000000000000000000000000000000000000000000000000000000025b5291ced4520
5045,0000000000000000000000000000000000000000000000000000000000000000000000000000000000000000000000000000000000000000002169810e68d340
5055,00000000000000000000000000000000000000000000000000000000000000000000000000000000000000000000000000000000000000000012b4516e948140
5065,000000000000000000000000000000000000000000000000000000000000000000000000000000000000000000000000000000000000000000323767803a33a0
5075,00000000000000000000000000000000000000000000000000000000000000000000000000000000000000000000000000000000000000000013ddfa6e3717c0
5085,00000000000000000000000000000000000000000000000000000000000000000000000000000000000000000000000000000000000000000027985c72856fe0
5095,0000000000000000000000000000000000000000000000000000000000000000000000000000000000000000000000000000000000000000003d39105fe75e60
5105,0000000000000000000000000000000000000000000000000000000000000000000000000000000000000000000000000000000000000000003110b059025b20
5115,000000000000000000000000000000000000000000000000000000000000000000000000000000000000000000000000000000000000000000306fee502633e0
5125,000000000000000000000000000000000000000000000000000000000000000000000000000000000000000000000000000000000000000000259e45c5da8d00
5135,0000000000000000000000000000000000000000000000000000000000000000000000000000000000000000000000000000000000000000001adcb258035280
5145,000000000000000000000000000000000000000000000000000000000000000000000000000000000000000000000000000000000000000000191220b1fd5640
5155,0000000000000000000000000000000000000000000000000000000000000000000000000000000000000000000000000000000000000000006c61960b09afa0
5165,0000000000000000000000000000000000000000000000000000000000000000000000000000000000000000000000000000000000000000001faca2b63b6e40
5175,000000000000000000000000000000000000000000000000000000000000000000000000000000000000000000000000000000000000000000258f1df81b0f60
5185,0000000000000000000000000000000000000000000000000000000000000000000000000000000000000000000000000000000000000000000ce48e52d46da0
5195,0000000000000000000000000000000000000000000000000000000000000000000000000000000000000000000000000000000000000000001449225d2608e0
5205,00000000000000000000000000000000000000000000000000000000000000000000000000000000000000000000000000000000000000000026839c67a18940
5215,00000000000000000000000000000000000000000000000000000000000000000000000000000000000000000000000000000000000000000013876b1b6eb6a0
5225,00000000000000000000000000000000000000000000000000000000000000000000000000000000000000000000000000000000000000000012e09e3084a3c0
5235,00000000000000000000000000000000000000000000000000000000000000000000000000000000000000000000000000000000000000000034eca502bedf20
5245,0000000000000000000000000000000000000000000000000000000000000000000000000000000000000000000000000000000000000000004fc2fad1575060
5255,0000000000000000000000000000000000000000000000000000000000000000000000000000000000000000000000000000000000000000002f3229b454a120
5265,0000000000000000000000000000000000000000000000000000000000000000000000000000000000000000000000000000000000000000003035cb67c24960
5275,000000000000000000000000000000000000000000000000000000000000000000000000000000000000000000000000000000000000000000337831b9617e20
5285,0000000000000000000000000000000000000000000000000000000000000000000000000000000000000000000000000000000000000000003226b8a8bc71e0
5295,0000000000000000000000000000000000000000000000000000000000000000000000000000000000000000000000000000000000000000001dccdcb905af20
5305,00000000000000000000000000000000000000000000000000000000000000000000000000000000000000000000000000000000000000000011e572c1715220
5315,00000000000000000000000000000000000000000000000000000000000000000000000000000000000000000000000000000000000000000033094da3508480
5325,00000000000000000000000000000000000000000000000000000000000000000000000000000000000000000000000000000000000000000021a0dcf6fca680
5335,00000000000000000000000000000000000000000000000000000000000000000000000000000000000000000000000000000000000000000020af55fd6a6260
5345,00000000000000000000000000000000000000000000000000000000000000000000000000000000000000000000000000000000000000000014e0f097d7b180
5355,0000000000000000000000000000000000000000000000000000000000000000000000000000000000000000000000000000000000000000002ccc1ad3dc8700
5365,000000000000000000000000000000000000000000000000000000000000000000000000000000000000000000000000000000000000000000282afd100692c0
5375,0000000000000000000000000000000000000000000000000000000000000000000000000000000000000000000000000000000000000000003aae7629481e20
5385,0000000000000000000000000000000000000000000000000000000000000000000000000000000000000000000000000000000000000000002ac1c80abfd880
5395,000000000000000000000000000000000000000000000000000000000000000000000000000000000000000000000000000000000000000000303fbb5d3e4080
5405,0000000000000000000000000000000000000000000000000000000000000000000000000000000000000000000000000000000000000000002422caf31dd080
5415,00000000000000000000000000000000000000000000000000000000000000000000000000000000000000000000000000000000000000000029d782694df700
5425,0000000000000000000000000000000000000000000000000000000000000000000000000000000000000000000000000000000000000000002e3f033ade5c60
5435,00000000000000000000000000000000000000000000000000000000000000000000000000000000000000000000000000000000000000000020a783568ede00
5445,000000000000000000000000000000000000000000000000000000000000000000000000000000000000000000000000000000000000000000243c8afb3a3d60
5455,00000000000000000000000000000000000000000000000000000000000000000000000000000000000000000000000000000000000000000044105ed63411e0
5465,000000000000000000000000000000000000000000000000000000000000000000000000000000000000000000000000000000000000000000c0bb722ac024c0
5475,0000000000000000000000000000000000000000000000000000000000000000000000000000000000000000000000000000000000000000003d7ca2d1812260
5485,00000000000000000000000000000000000000000000000000000000000000000000000000000000000000000000000000000000000000000068c5483f795440
5495,00000000000000000000000000000000000000000000000000000000000000000000000000000000000000000000000000000000000000000023b4c498119740
5505,0000000000000000000000000000000000000000000000000000000000000000000000000000000000000000000000000000000000000000001b0ce25e9cb360
5515,0000000000000000000000000000000000000000000000000000000000000000000000000000000000000000000000000000000000000000001668d3b8835300
5525,0000000000000000000000000000000000000000000000000000000000000000000000000000000000000000000000000000000000000000003c8c693075f1e0
5535,0000000000000000000000000000000000000000000000000000000000000000000000000000000000000000000000000000000000000000002500e4b2eb7fa0
5545,000000000000000000000000000000000000000000000000000000000000000000000000000000000000000000000000000000000000000000100b7bc3d76040
5555,00000000000000000000000000000000000000000000000000000000000000000000000000000000000000000000000000000000000000000027c6b0f93edb20
5565,00000000000000000000000000000000000000000000000000000000000000000000000000000000000000000000000000000000000000000035a3aae2b87de0
5575,00000000000000000000000000000000000000000000000000000000000000000000000000000000000000000000000000000000000000000029370bfdf69000
5585,0000000000000000000000000000000000000000000000000000000000000000000000000000000000000000000000000000000000000000005b2a332053f2e0
5595,0000000000000000000000000000000000000000000000000000000000000000000000000000000000000000000000000000000000000000004ec6e144ca31a0
5605,0000000000000000000000000000000000000000000000000000000000000000000000000000000000000000000000000000000000000000002302d1cb71aa80
5615,0000000000000000000000000000000000000000000000000000000000000000000000000000000000000000000000000000000000000000001fc9b13e1ed100
5625,0000000000000000000000000000000000000000000000000000000000000000000000000000000000000000000000000000000000000000001f61fc0a081600
5635,000000000000000000000000000000000000000000000000000000000000000000000000000000000000000000000000000000000000000000176eccc4662260
5645,00000000000000000000000000000000000000000000000000000000000000000000000000000000000000000000000000000000000000000036126102a52de0
5655,0000000000000000000000000000000000000000000000000000000000000000000000000000000000000000000000000000000000000000001b11f32d0a3dc0
5665,000000000000000000000000000000000000000000000000000000000000000000000000000000000000000000000000000000000000000000314586e92420c0
5675,0000000000000000000000000000000000000000000000000000000000000000000000000000000000000000000000000000000000000000000ce2a0dcce4b60
5685,0000000000000000000000000000000000000000000000000000000000000000000000000000000000000000000000000000000000000000002c47ab356696e0
5695,000000000000000000000000000000000000000000000000000000000000000000000000000000000000000000000000000000000000000000391c10ff792240
5705,00000000000000000000000000000000000000000000000000000000000000000000000000000000000000000000000000000000000000000020798d14bb6760
5715,00000000000000000000000000000000000000000000000000000000000000000000000000000000000000000000000000000000000000000022ab2eb3cf8fa0
5725,000000000000000000000000000000000000000000000000000000000000000000000000000000000000000000000000000000000000000000289022f5848980
5735,0000000000000000000000000000000000000000000000000000000000000000000000000000000000000000000000000000000000000000002d7f3ea067e680
5745,0000000000000000000000000000000000000000000000000000000000000000000000000000000000000000000000000000000000000000001a6c8c247e34c0
5755,000000000000000000000000000000000000000000000000000000000000000000000000000000000000000000000000000000000000000000245a3b3e266b80
5765,0000000000000000000000000000000000000000000000000000000000000000000000000000000000000000000000000000000000000000002c2dbf6860ce40
5775,00000000000000000000000000000000000000000000000000000000000000000000000000000000000000000000000000000000000000000016ffeca47c46e0
5785,000000000000000000000000000000000000000000000000000000000000000000000000000000000000000000000000000000000000000000181c7e7d9e36a0
5795,00000000000000000000000000000000000000000000000000000000000000000000000000000000000000000000000000000000000000000027bc9683c5c120
5805,0000000000000000000000000000000000000000000000000000000000000000000000000000000000000000000000000000000000000000002c867b89c896c0
5815,0000000000000000000000000000000000000000000000000000000000000000000000000000000000000000000000000000000000000000002ed764ce23a120
5825,00000000000000000000000000000000000000000000000000000000000000000000000000000000000000000000000000000000000000000023f5cfa760d340
5835,000000000000000000000000000000000000000000000000000000000000000000000000000000000000000000000000000000000000000000243c98c9fe3b80
5845,00000000000000000000000000000000000000000000000000000000000000000000000000000000000000000000000000000000000000000031a541003aaee0
5855,00000000000000000000000000000000000000000000000000000000000000000000000000000000000000000000000000000000000000000017d7dc29a09d40
5865,0000000000000000000000000000000000000000000000000000000000000000000000000000000000000000000000000000000000000000002832c95e44fac0
5875,000000000000000000000000000000000000000000000000000000000000000000000000000000000000000000000000000000000000000000149e05e1465160
5885,0000000000000000000000000000000000000000000000000000000000000000000000000000000000000000000000000000000000000000000d159900c188e0
5895,00000000000000000000000000000000000000000000000000000000000000000000000000000000000000000000000000000000000000000005e1bb2462ba80
5905,00000000000000000000000000000000000000000000000000000000000000000000000000000000000000000000000000000000000000000020ccba7b6f5cc0
5915,0000000000000000000000000000000000000000000000000000000000000000000000000000000000000000000000000000000000000000003c3e5570cc7820
5925,00000000000000000000000000000000000000000000000000000000000000000000000000000000000000000000000000000000000000000033696f12fda5c0
5935,0000000000000000000000000000000000000000000000000000000000000000000000000000000000000000000000000000000000000000001c173db8f8cf40
5945,0000000000000000000000000000000000000000000000000000000000000000000000000000000000000000000000000000000000000000002b70dceb427480
5955,00000000000000000000000000000000000000000000000000000000000000000000000000000000000000000000000000000000000000000021bb9d92b90480
5965,0000000000000000000000000000000000000000000000000000000000000000000000000000000000000000000000000000000000000000001c2c285ef275a0
5975,000000000000000000000000000000000000000000000000000000000000000000000000000000000000000000000000000000000000000000287565b2657ba0
5985,000000000000000000000000000000000000000000000000000000000000000000000000000000000000000000000000000000000000000000242b345edb7ae0
5995,0000000000000000000000000000000000000000000000000000000000000000000000000000000000000000000000000000000000000000002f891ae98c9120
6005,000000000000000000000000000000000000000000000000000000000000000000000000000000000000000000000000000000000000000000302feae827aa00
6015,00000000000000000000000000000000000000000000000000000000000000000000000000000000000000000000000000000000000000000016da10b0e1f6c0
6025,0000000000000000000000000000000000000000000000000000000000000000000000000000000000000000000000000000000000000000001f4c6615550e60
6035,0000000000000000000000000000000000000000000000000000000000000000000000000000000000000000000000000000000000000000000e8d6e53bd2c40
6045,0000000000000000000000000000000000000000000000000000000000000000000000000000000000000000000000000000000000000000001572555cd092e0
6055,000000000000000000000000000000000000000000000000000000000000000000000000000000000000000000000000000000000000000000184a0a532a1420
6065,00000000000000000000000000000000000000000000000000000000000000000000000000000000000000000000000000000000000000000037b3263f2d6b80
6075,0000000000000000000000000000000000000000000000000000000000000000000000000000000000000000000000000000000000000000002fddcad0267b60
6085,0000000000000000000000000000000000000000000000000000000000000000000000000000000000000000000000000000000000000000005e59adb825d8c0
6095,00000000000000000000000000000000000000000000000000000000000000000000000000000000000000000000000000000000000000000021d849734096e0
6105,00000000000000000000000000000000000000000000000000000000000000000000000000000000000000000000000000000000000000000032e2e774abd3a0
6115,0000000000000000000000000000000000000000000000000000000000000000000000000000000000000000000000000000000000000000001e4a719cde2b20
6125,00000000000000000000000000000000000000000000000000000000000000000000000000000000000000000000000000000000000000000020326a4ac19380
6135,0000000000000000000000000000000000000000000000000000000000000000000000000000000000000000000000000000000000000000001a04f952db5000
6145,00000000000000000000000000000000000000000000000000000000000000000000000000000000000000000000000000000000000000000024e0ab702b0cc0
6155,0000000000000000000000000000000000000000000000000000000000000000000000000000000000000000000000000000000000000000002aaa49f8a3dc40
6165,0000000000000000000000000000000000000000000000000000000000000000000000000000000000000000000000000000000000000000002ae55d1232ab20
6175,0000000000000000000000000000000000000000000000000000000000000000000000000000000000000000000000000000000000000000001dcb76a56c94e0
6185,000000000000000000000000000000000000000000000000000000000000000000000000000000000000000000000000000000000000000000182553cbcac360
6195,0000000000000000000000000000000000000000000000000000000000000000000000000000000000000000000000000000000000000000004cefb6470000c0
6205,000000000000000000000000000000000000000000000000000000000000000000000000000000000000000000000000000000000000000000154b549a851160
6215,0000000000000000000000000000000000000000000000000000000000000000000000000000000000000000000000000000000000000000001e7343a3f6a180
6225,00000000000000000000000000000000000000000000000000000000000000000000000000000000000000000000000000000000000000000018a78591c9d480
6235,0000000000000000000000000000000000000000000000000000000000000000000000000000000000000000000000000000000000000000001e5a31d6e22860
6245,0000000000000000000000000000000000000000000000000000000000000000000000000000000000000000000000000000000000000000001cb2c7c22efc80
6255,0000000000000000000000000000000000000000000000000000000000000000000000000000000000000000000000000000000000000000001aab68f8df5d00
6265,0000000000000000000000000000000000000000000000000000000000000000000000000000000000000000000000000000000000000000001decfdde3de960
6275,0000000000000000000000000000000000000000000000000000000000000000000000000000000000000000000000000000000000000000004008f1c316a640
6285,0000000000000000000000000000000000000000000000000000000000000000000000000000000000000000000000000000000000000000004162d898169bc0
6295,0000000000000000000000000000000000000000000000000000000000000000000000000000000000000000000000000000000000000000001c38adde1a76c0
6305,00000000000000000000000000000000000000000000000000000000000000000000000000000000000000000000000000000000000000000022c54845be9180
6315,0000000000000000000000000000000000000000000000000000000000000000000000000000000000000000000000000000000000000000001bbd93703e9cc0
6325,000000000000000000000000000000000000000000000000000000000000000000000000000000000000000000000000000000000000000000157d070d532d60
6335,00000000000000000000000000000000000000000000000000000000000000000000000000000000000000000000000000000000000000000026f3969b299e00
6345,0000000000000000000000000000000000000000000000000000000000000000000000000000000000000000000000000000000000000000001ad8f175cdea60
6355,0000000000000000000000000000000000000000000000000000000000000000000000000000000000000000000000000000000000000000003f01d1725b6d80
6365,0000000000000000000000000000000000000000000000000000000000000000000000000000000000000000000000000000000000000000001a28f9955a9a20
6375,00000000000000000000000000000000000000000000000000000000000000000000000000000000000000000000000000000000000000000029d3862e7f04c0
6385,0000000000000000000000000000000000000000000000000000000000000000000000000000000000000000000000000000000000000000002ca56d7dda2b60
6395,00000000000000000000000000000000000000000000000000000000000000000000000000000000000000000000000000000000000000000026828d4a29f560
6405,00000000000000000000000000000000000000000000000000000000000000000000000000000000000000000000000000000000000000000012be3cc686ef60
6415,000000000000000000000000000000000000000000000000000000000000000000000000000000000000000000000000000000000000000000184d31ab913740
6425,000000000000000000000000000000000000000000000000000000000000000000000000000000000000000000000000000000000000000000293ac1f3ddefa0
6435,00000000000000000000000000000000000000000000000000000000000000000000000000000000000000000000000000000000000000000033268748bad820
6445,0000000000000000000000000000000000000000000000000000000000000000000000000000000000000000000000000000000000000000002fac2922438ce0
6455,0000000000000000000000000000000000000000000000000000000000000000000000000000000000000000000000000000000000000000002661701b2a1940
6465,0000000000000000000000000000000000000000000000000000000000000000000000000000000000000000000000000000000000000000001922a31356b480
6475,00000000000000000000000000000000000000000000000000000000000000000000000000000000000000000000000000000000000000000026cbcab18956c0
6485,0000000000000000000000000000000000000000000000000000000000000000000000000000000000000000000000000000000000000000001c9605a6953860
6495,0000000000000000000000000000000000000000000000000000000000000000000000000000000000000000000000000000000000000000002b15c3ca037040
6505,0000000000000000000000000000000000000000000000000000000000000000000000000000000000000000000000000000000000000000001f7a27eadd4860
6515,0000000000000000000000000000000000000000000000000000000000000000000000000000000000000000000000000000000000000000002fce030271c5c0
6525,00000000000000000000000000000000000000000000000000000000000000000000000000000000000000000000000000000000000000000017b2e30e948de0
6535,0000000000000000000000000000000000000000000000000000000000000000000000000000000000000000000000000000000000000000001d1615f691a840
6545,0000000000000000000000000000000000000000000000000000000000000000000000000000000000000000000000000000000000000000000e31890b297380
6555,0000000000000000000000000000000000000000000000000000000000000000000000000000000000000000000000000000000000000000001c071f7efb2780
6565,0000000000000000000000000000000000000000000000000000000000000000000000000000000000000000000000000000000000000000002f3eb91fcabc00
6575,0000000000000000000000000000000000000000000000000000000000000000000000000000000000000000000000000000000000000000002884719db0b2e0
6585,0000000000000000000000000000000000000000000000000000000000000000000000000000000000000000000000000000000000000000001baeed40003be0
6595,00000000000000000000000000000000000000000000000000000000000000000000000000000000000000000000000000000000000000000042633b90a88ce0
6605,000000000000000000000000000000000000000000000000000000000000000000000000000000000000000000000000000000000000000000103c19d441f480
6615,00000000000000000000000000000000000000000000000000000000000000000000000000000000000000000000000000000000000000000030d065bfcd89a0
6625,000000000000000000000000000000000000000000000000000000000000000000000000000000000000000000000000000000000000000000399c09594fcd00
6635,00000000000000000000000000000000000000000000000000000000000000000000000000000000000000000000000000000000000000000020f93002490ec0
6645,0000000000000000000000000000000000000000000000000000000000000000000000000000000000000000000000000000000000000000002aad5b0c2030c0
6655,0000000000000000000000000000000000000000000000000000000000000000000000000000000000000000000000000000000000000000001fa8854a33a4e0
6665,00000000000000000000000000000000000000000000000000000000000000000000000000000000000000000000000000000000000000000032d55a131f7320
6675,00000000000000000000000000000000000000000000000000000000000000000000000000000000000000000000000000000000000000000011be43e19f1380
6685,0000000000000000000000000000000000000000000000000000000000000000000000000000000000000000000000000000000000000000002f31dc3459da00
6695,0000000000000000000000000000000000000000000000000000000000000000000000000000000000000000000000000000000000000000002884c2cee64e00
6705,0000000000000000000000000000000000000000000000000000000000000000000000000000000000000000000000000000000000000000001795c1e92893a0
6715,0000000000000000000000000000000000000000000000000000000000000000000000000000000000000000000000000000000000000000003427a1cb1908c0
6725,0000000000000000000000000000000000000000000000000000000000000000000000000000000000000000000000000000000000000000002ef4864c2d1f40
6735,00000000000000000000000000000000000000000000000000000000000000000000000000000000000000000000000000000000000000000025218361f3e1e0
6745,00000000000000000000000000000000000000000000000000000000000000000000000000000000000000000000000000000000000000000023e5e2f7387280
6755,0000000000000000000000000000000000000000000000000000000000000000000000000000000000000000000000000000000000000000002348cb957f81a0
6765,000000000000000000000000000000000000000000000000000000000000000000000000000000000000000000000000000000000000000000243c9d5daf27a0
6775,000000000000000000000000000000000000000000000000000000000000000000000000000000000000000000000000000000000000000000505d6650c82ee0
6785,000000000000000000000000000000000000000000000000000000000000000000000000000000000000000000000000000000000000000000290d6c0a9d34e0
6795,0000000000000000000000000000000000000000000000000000000000000000000000000000000000000000000000000000000000000000000e53a9a6669980
6805,000000000000000000000000000000000000000000000000000000000000000000000000000000000000000000000000000000000000000000212d56b0008700
6815,00000000000000000000000000000000000000000000000000000000000000000000000000000000000000000000000000000000000000000017f4becf10cda0
6825,00000000000000000000000000000000000000000000000000000000000000000000000000000000000000000000000000000000000000000023b9f3c8f33ce0
6835,0000000000000000000000000000000000000000000000000000000000000000000000000000000000000000000000000000000000000000002474bb814995a0
6845,000000000000000000000000000000000000000000000000000000000000000000000000000000000000000000000000000000000000000000173b8ca077bee0
6855,000000000000000000000000000000000000000000000000000000000000000000000000000000000000000000000000000000000000000000146a286e9d9b20
6865,000000000000000000000000000000000000000000000000000000000000000000000000000000000000000000000000000000000000000000139f48a3aba6a0
6875,000000000000000000000000000000000000000000000000000000000000000000000000000000000000000000000000000000000000000000256b5cb5978680
6885,000000000000000000000000000000000000000000000000000000000000000000000000000000000000000000000000000000000000000000384414e6a469c0
6895,0000000000000000000000000000000000000000000000000000000000000000000000000000000000000000000000000000000000000000002823694b9cf900
6905,0000000000000000000000000000000000000000000000000000000000000000000000000000000000000000000000000000000000000000002ace1562892c20
6915,00000000000000000000000000000000000000000000000000000000000000000000000000000000000000000000000000000000000000000068687045bae240
6925,00000000000000000000000000000000000000000000000000000000000000000000000000000000000000000000000000000000000000000037a5e153c38b80
6935,0000000000000000000000000000000000000000000000000000000000000000000000000000000000000000000000000000000000000000000ffe8e6c18d4a0
6945,0000000000000000000000000000000000000000000000000000000000000000000000000000000000000000000000000000000000000000003534304cb1a860
6955,00000000000000000000000000000000000000000000000000000000000000000000000000000000000000000000000000000000000000000014b7ecf338ba60
6965,0000000000000000000000000000000000000000000000000000000000000000000000000000000000000000000000000000000000000000001bee38bbbc6580
6975,00000000000000000000000000000000000000000000000000000000000000000000000000000000000000000000000000000000000000000043023685f22320
6985,0000000000000000000000000000000000000000000000000000000000000000000000000000000000000000000000000000000000000000003143e669403160
6995,000000000000000000000000000000000000000000000000000000000000000000000000000000000000000000000000000000000000000000229debe5ef63c0
7005,000000000000000000000000000000000000000000000000000000000000000000000000000000000000000000000000000000000000000000518318159b7ce0
7015,000000000000000000000000000000000000000000000000000000000000000000000000000000000000000000000000000000000000000000304804fa392340
7025,0000000000000000000000000000000000000000000000000000000000000000000000000000000000000000000000000000000000000000001bb6ee846274c0
7035,0000000000000000000000000000000000000000000000000000000000000000000000000000000000000000000000000000000000000000002c00f53051bd80
7045,0000000000000000000000000000000000000000000000000000000000000000000000000000000000000000000000000000000000000000002a7dad8f56a1a0
7055,0000000000000000000000000000000000000000000000000000000000000000000000000000000000000000000000000000000000000000003a274c8b013680
7065,0000000000000000000000000000000000000000000000000000000000000000000000000000000000000000000000000000000000000000002682e04a245da0
7075,00000000000000000000000000000000000000000000000000000000000000000000000000000000000000000000000000000000000000000023fb05897d1920
7085,0000000000000000000000000000000000000000000000000000000000000000000000000000000000000000000000000000000000000000003465abd0c37920
7095,0000000000000000000000000000000000000000000000000000000000000000000000000000000000000000000000000000000000000000000d86426578e340
7105,0000000000000000000000000000000000000000000000000000000000000000000000000000000000000000000000000000000000000000001e21bf15c39560
7115,0000000000000000000000000000000000000000000000000000000000000000000000000000000000000000000000000000000000000000003884971386b7a0
7125,0000000000000000000000000000000000000000000000000000000000000000000000000000000000000000000000000000000000000000002865ed33705a40
7135,0000000000000000000000000000000000000000000000000000000000000000000000000000000000000000000000000000000000000000001df5b949f60d40
7145,0000000000000000000000000000000000000000000000000000000000000000000000000000000000000000000000000000000000000000002e4f2157522d80
7155,00000000000000000000000000000000000000000000000000000000000000000000000000000000000000000000000000000000000000000017757bc3f2d7a0
7165,00000000000000000000000000000000000000000000000000000000000000000000000000000000000000000000000000000000000000000020778832681440
7175,00000000000000000000000000000000000000000000000000000000000000000000000000000000000000000000000000000000000000000017975c690cea80
7185,00000000000000000000000000000000000000000000000000000000000000000000000000000000000000000000000000000000000000000022d9051d07a1c0
7195,0000000000000000000000000000000000000000000000000000000000000000000000000000000000000000000000000000000000000000002248a257fd5de0
7205,0000000000000000000000000000000000000000000000000000000000000000000000000000000000000000000000000000000000000000001341a41649c280
7215,0000000000000000000000000000000000000000000000000000000000000000000000000000000000000000000000000000000000000000001c7b7e45e8b060
7225,0000000000000000000000000000000000000000000000000000000000000000000000000000000000000000000000000000000000000000003118211d6e50a0
7235,0000000000000000000000000000000000000000000000000000000000000000000000000000000000000000000000000000000000000000001d17d893fd23c0
7245,0000000000000000000000000000000000000000000000000000000000000000000000000000000000000000000000000000000000000000001e08e4f00dd260
7255,00000000000000000000000000000000000000000000000000000000000000000000000000000000000000000000000000000000000000000023760274e9b640
7265,0000000000000000000000000000000000000000000000000000000000000000000000000000000000000000000000000000000000000000002b31f9a0ba5940
7275,000000000000000000000000000000000000000000000000000000000000000000000000000000000000000000000000000000000000000000510a48f65cfc20
7285,0000000000000000000000000000000000000000000000000000000000000000000000000000000000000000000000000000000000000000004f294416c69260
7295,000000000000000000000000000000000000000000000000000000000000000000000000000000000000000000000000000000000000000000266febade180a0
7305,0000000000000000000000000000000000000000000000000000000000000000000000000000000000000000000000000000000000000000003a5bb2563e46a0
7315,000000000000000000000000000000000000000000000000000000000000000000000000000000000000000000000000000000000000000000254de24b454160
7325,000000000000000000000000000000000000000000000000000000000000000000000000000000000000000000000000000000000000000000229c4e0d6dbcc0
7335,00000000000000000000000000000000000000000000000000000000000000000000000000000000000000000000000000000000000000000032ceecf60474c0
7345,000000000000000000000000000000000000000000000000000000000000000000000000000000000000000000000000000000000000000000265cc142dd5780
7355,000000000000000000000000000000000000000000000000000000000000000000000000000000000000000000000000000000000000000000260da8e5bb94c0
7365,00000000000000000000000000000000000000000000000000000000000000000000000000000000000000000000000000000000000000000022bbbd46632f40
7375,0000000000000000000000000000000000000000000000000000000000000000000000000000000000000000000000000000000000000000001858b934a2f2c0
7385,000000000000000000000000000000000000000000000000000000000000000000000000000000000000000000000000000000000000000000185cfe3e31e960
7395,0000000000000000000000000000000000000000000000000000000000000000000000000000000000000000000000000000000000000000000e2325024913a0
7405,0000000000000000000000000000000000000000000000000000000000000000000000000000000000000000000000000000000000000000005688f252a7bd80
7415,000000000000000000000000000000000000000000000000000000000000000000000000000000000000000000000000000000000000000000321d11da9e0300
7425,0000000000000000000000000000000000000000000000000000000000000000000000000000000000000000000000000000000000000000001b65abe279bc60
7435,00000000000000000000000000000000000000000000000000000000000000000000000000000000000000000000000000000000000000000020116391e79660
7445,00000000000000000000000000000000000000000000000000000000000000000000000000000000000000000000000000000000000000000051d0fca40d1100
7455,0000000000000000000000000000000000000000000000000000000000000000000000000000000000000000000000000000000000000000001f7d9ae0c92bc0
7465,00000000000000000000000000000000000000000000000000000000000000000000000000000000000000000000000000000000000000000015c3dbeb037c80
7475,0000000000000000000000000000000000000000000000000000000000000000000000000000000000000000000000000000000000000000001f36282a85f5a0
7485,00000000000000000000000000000000000000000000000000000000000000000000000000000000000000000000000000000000000000000027a833ddc2f0c0
7495,000000000000000000000000000000000000000000000000000000000000000000000000000000000000000000000000000000000000000000272170d3265ac0
7505,0000000000000000000000000000000000000000000000000000000000000000000000000000000000000000000000000000000000000000002212092a701cc0
7515,0000000000000000000000000000000000000000000000000000000000000000000000000000000000000000000000000000000000000000002edac5305f89e0
7525,000000000000000000000000000000000000000000000000000000000000000000000000000000000000000000000000000000000000000000314f8efc285080
7535,00000000000000000000000000000000000000000000000000000000000000000000000000000000000000000000000000000000000000000030dd73664ed440
7545,0000000000000000000000000000000000000000000000000000000000000000000000000000000000000000000000000000000000000000001f6c328957e9e0
7555,0000000000000000000000000000000000000000000000000000000000000000000000000000000000000000000000000000000000000000007126f58781e740
7565,0000000000000000000000000000000000000000000000000000000000000000000000000000000000000000000000000000000000000000003f68faeb67e1a0
7575,0000000000000000000000000000000000000000000000000000000000000000000000000000000000000000000000000000000000000000000f2d112b7199e0
7585,000000000000000000000000000000000000000000000000000000000000000000000000000000000000000000000000000000000000000000201ee307262220
7595,00000000000000000000000000000000000000000000000000000000000000000000000000000000000000000000000000000000000000000023467d29588580
7605,0000000000000000000000000000000000000000000000000000000000000000000000000000000000000000000000000000000000000000001ade0961c4d2a0
7615,00000000000000000000000000000000000000000000000000000000000000000000000000000000000000000000000000000000000000000031c3d9af65f8a0
7625,0000000000000000000000000000000000000000000000000000000000000000000000000000000000000000000000000000000000000000001c63eea01ca840
7635,0000000000000000000000000000000000000000000000000000000000000000000000000000000000000000000000000000000000000000000fec91d99dde80
7645,0000000000000000000000000000000000000000000000000000000000000000000000000000000000000000000000000000000000000000001e967a2b6fd240
7655,0000000000000000000000000000000000000000000000000000000000000000000000000000000000000000000000000000000000000000003bc5776f18d0c0
7665,0000000000000000000000000000000000000000000000000000000000000000000000000000000000000000000000000000000000000000002fe8ef6cf01c60
7675,0000000000000000000000000000000000000000000000000000000000000000000000000000000000000000000000000000000000000000005be710ec3789e0
7685,000000000000000000000000000000000000000000000000000000000000000000000000000000000000000000000000000000000000000000202f59e88046c0
7695,000000000000000000000000000000000000000000000000000000000000000000000000000000000000000000000000000000000000000000255777c0c751a0
7705,0000000000000000000000000000000000000000000000000000000000000000000000000000000000000000000000000000000000000000001779787ec1c140
7715,0000000000000000000000000000000000000000000000000000000000000000000000000000000000000000000000000000000000000000001f28023552a200
7725,00000000000000000000000000000000000000000000000000000000000000000000000000000000000000000000000000000000000000000036bd286d4a9fa0
7735,0000000000000000000000000000000000000000000000000000000000000000000000000000000000000000000000000000000000000000003a0fa22a234a40
7745,0000000000000000000000000000000000000000000000000000000000000000000000000000000000000000000000000000000000000000003298df65f7a3e0
7755,000000000000000000000000000000000000000000000000000000000000000000000000000000000000000000000000000000000000000000302ee60f9bb3c0
7765,00000000000000000000000000000000000000000000000000000000000000000000000000000000000000000000000000000000000000000018d17753e298c0
7775,00000000000000000000000000000000000000000000000000000000000000000000000000000000000000000000000000000000000000000010736a46af2b00
7785,0000000000000000000000000000000000000000000000000000000000000000000000000000000000000000000000000000000000000000001dbbfe618b20c0
7795,0000000000000000000000000000000000000000000000000000000000000000000000000000000000000000000000000000000000000000002ac536c59853a0
7805,00000000000000000000000000000000000000000000000000000000000000000000000000000000000000000000000000000000000000000027626f9d8a1ba0
7815,0000000000000000000000000000000000000000000000000000000000000000000000000000000000000000000000000000000000000000002a978f34faa340
7825,0000000000000000000000000000000000000000000000000000000000000000000000000000000000000000000000000000000000000000000f309483d28a00
7835,000000000000000000000000000000000000000000000000000000000000000000000000000000000000000000000000000000000000000000239e74ad43b500
7845,0000000000000000000000000000000000000000000000000000000000000000000000000000000000000000000000000000000000000000001db49626f73580
7855,0000000000000000000000000000000000000000000000000000000000000000000000000000000000000000000000000000000000000000002b24568df45b40
7865,00000000000000000000000000000000000000000000000000000000000000000000000000000000000000000000000000000000000000000026dd3ce19778a0
7875,0000000000000000000000000000000000000000000000000000000000000000000000000000000000000000000000000000000000000000001edc8a892d5f00
7885,000000000000000000000000000000000000000000000000000000000000000000000000000000000000000000000000000000000000000000330a90f1ffa7c0
7895,00000000000000000000000000000000000000000000000000000000000000000000000000000000000000000000000000000000000000000013ac2e8f1bed60
7905,0000000000000000000000000000000000000000000000000000000000000000000000000000000000000000000000000000000000000000001389767dc199a0
7915,0000000000000000000000000000000000000000000000000000000000000000000000000000000000000000000000000000000000000000003a7933acded940
7925,000000000000000000000000000000000000000000000000000000000000000000000000000000000000000000000000000000000000000000190a7a6d94fba0
7935,000000000000000000000000000000000000000000000000000000000000000000000000000000000000000000000000000000000000000000226a809aa17280
7945,0000000000000000000000000000000000000000000000000000000000000000000000000000000000000000000000000000000000000000001ad7193ada0b20
7955,0000000000000000000000000000000000000000000000000000000000000000000000000000000000000000000000000000000000000000001e73001a229100
7965,00000000000000000000000000000000000000000000000000000000000000000000000000000000000000000000000000000000000000000015c0767516b040
7975,0000000000000000000000000000000000000000000000000000000000000000000000000000000000000000000000000000000000000000002cd711f0a938e0
7985,00000000000000000000000000000000000000000000000000000000000000000000000000000000000000000000000000000000000000000022d0d9c4f703a0
7995,0000000000000000000000000000000000000000000000000000000000000000000000000000000000000000000000000000000000000000000d4ca155a9c2c0
8005,000000000000000000000000000000000000000000000000000000000000000000000000000000000000000000000000000000000000000000221a990279f540
8015,0000000000000000000000000000000000000000000000000000000000000000000000000000000000000000000000000000000000000000002907338b088380
8025,00000000000000000000000000000000000000000000000000000000000000000000000000000000000000000000000000000000000000000046ab4a78089a80
8035,0000000000000000000000000000000000000000000000000000000000000000000000000000000000000000000000000000000000000000003d3e6f733bf160
8045,00000000000000000000000000000000000000000000000000000000000000000000000000000000000000000000000000000000000000000035db42a3e5d2a0
8055,0000000000000000000000000000000000000000000000000000000000000000000000000000000000000000000000000000000000000000005288e1d2bc9000
8065,0000000000000000000000000000000000000000000000000000000000000000000000000000000000000000000000000000000000000000001df59cb646bf20
8075,0000000000000000000000000000000000000000000000000000000000000000000000000000000000000000000000000000000000000000001a1251ef7ef000
8085,0000000000000000000000000000000000000000000000000000000000000000000000000000000000000000000000000000000000000000001c696db36f1340
8095,00000000000000000000000000000000000000000000000000000000000000000000000000000000000000000000000000000000000000000015697d225573a0
8105,00000000000000000000000000000000000000000000000000000000000000000000000000000000000000000000000000000000000000000019fec8bf94dae0
8115,0000000000000000000000000000000000000000000000000000000000000000000000000000000000000000000000000000000000000000002e0a85c8406e20
8125,0000000000000000000000000000000000000000000000000000000000000000000000000000000000000000000000000000000000000000002fd96450726380
8135,0000000000000000000000000000000000000000000000000000000000000000000000000000000000000000000000000000000000000000002dcd2d2ed8ce20
8145,00000000000000000000000000000000000000000000000000000000000000000000000000000000000000000000000000000000000000000036ce4309ad6d20
8155,00000000000000000000000000000000000000000000000000000000000000000000000000000000000000000000000000000000000000000034cef398704ec0
8165,0000000000000000000000000000000000000000000000000000000000000000000000000000000000000000000000000000000000000000003e0ec1966d7b40
8175,0000000000000000000000000000000000000000000000000000000000000000000000000000000000000000000000000000000000000000002dfefae6916280
8185,0000000000000000000000000000000000000000000000000000000000000000000000000000000000000000000000000000000000000000001fde7446914a20
8195,0000000000000000000000000000000000000000000000000000000000000000000000000000000000000000000000000000000000000000004e7a4eb641d700
8205,00000000000000000000000000000000000000000000000000000000000000000000000000000000000000000000000000000000000000000039997b948f8bc0
8215,0000000000000000000000000000000000000000000000000000000000000000000000000000000000000000000000000000000000000000003dec50a2983560
8225,0000000000000000000000000000000000000000000000000000000000000000000000000000000000000000000000000000000000000000003e1fb8640dc620
8235,00000000000000000000000000000000000000000000000000000000000000000000000000000000000000000000000000000000000000000012659d4c7faec0
8245,0000000000000000000000000000000000000000000000000000000000000000000000000000000000000000000000000000000000000000002944dc381bf940
8255,00000000000000000000000000000000000000000000000000000000000000000000000000000000000000000000000000000000000000000018d18d2c7ea9c0
8265,0000000000000000000000000000000000000000000000000000000000000000000000000000000000000000000000000000000000000000003ac158809fe780
8275,0000000000000000000000000000000000000000000000000000000000000000000000000000000000000000000000000000000000000000001f5a1545a41400
8285,0000000000000000000000000000000000000000000000000000000000000000000000000000000000000000000000000000000000000000001a767c4b353c40
8295,00000000000000000000000000000000000000000000000000000000000000000000000000000000000000000000000000000000000000000033c3cc2a70b820
8305,000000000000000000000000000000000000000000000000000000000000000000000000000000000000000000000000000000000000000000255cfce7ca8ee0
8315,000000000000000000000000000000000000000000000000000000000000000000000000000000000000000000000000000000000000000000229a12176ce4a0
8325,000000000000000000000000000000000000000000000000000000000000000000000000000000000000000000000000000000000000000000309a05cd501e80
8335,0000000000000000000000000000000000000000000000000000000000000000000000000000000000000000000000000000000000000000002530cd12273e60
8345,000000000000000000000000000000000000000000000000000000000000000000000000000000000000000000000000000000000000000000284105a23bb9e0
8355,0000000000000000000000000000000000000000000000000000000000000000000000000000000000000000000000000000000000000000001f1d1fbfe70200
8365,000000000000000000000000000000000000000000000000000000000000000000000000000000000000000000000000000000000000000000172bff17ab6ae0
8375,0000000000000000000000000000000000000000000000000000000000000000000000000000000000000000000000000000000000000000001d886e0c6710e0
8385,0000000000000000000000000000000000000000000000000000000000000000000000000000000000000000000000000000000000000000001cece1481d6180
8395,0000000000000000000000000000000000000000000000000000000000000000000000000000000000000000000000000000000000000000003dda01fc718c00
8405,00000000000000000000000000000000000000000000000000000000000000000000000000000000000000000000000000000000000000000025eb205e36aa80
8415,00000000000000000000000000000000000000000000000000000000000000000000000000000000000000000000000000000000000000000011eb9ef241eb80
8425,00000000000000000000000000000000000000000000000000000000000000000000000000000000000000000000000000000000000000000021ad29ec4fd960
8435,0000000000000000000000000000000000000000000000000000000000000000000000000000000000000000000000000000000000000000001e2a7446687380
8445,0000000000000000000000000000000000000000000000000000000000000000000000000000000000000000000000000000000000000000002d604a7142c720
8455,0000000000000000000000000000000000000000000000000000000000000000000000000000000000000000000000000000000000000000003983265afd18c0
8465,000000000000000000000000000000000000000000000000000000000000000000000000000000000000000000000000000000000000000000218dfeb355d1e0
8475,0000000000000000000000000000000000000000000000000000000000000000000000000000000000000000000000000000000000000000002751ab325c9300
8485,0000000000000000000000000000000000000000000000000000000000000000000000000000000000000000000000000000000000000000001dcff060331240
8495,0000000000000000000000000000000000000000000000000000000000000000000000000000000000000000000000000000000000000000002be721cf991480
8505,0000000000000000000000000000000000000000000000000000000000000000000000000000000000000000000000000000000000000000001f161a4a38bdc0
8515,0000000000000000000000000000000000000000000000000000000000000000000000000000000000000000000000000000000000000000001b7cd2fe743240
8525,0000000000000000000000000000000000000000000000000000000000000000000000000000000000000000000000000000000000000000001eab418c7f8a40
8535,0000000000000000000000000000000000000000000000000000000000000000000000000000000000000000000000000000000000000000002c21b641cdf600
8545,0000000000000000000000000000000000000000000000000000000000000000000000000000000000000000000000000000000000000000002b50ee0af325e0
8555,0000000000000000000000000000000000000000000000000000000000000000000000000000000000000000000000000000000000000000003d6d7934fcd7a0
8565,00000000000000000000000000000000000000000000000000000000000000000000000000000000000000000000000000000000000000000038734101008960
8575,00000000000000000000000000000000000000000000000000000000000000000000000000000000000000000000000000000000000000000037ae8c04691ec0
8585,0000000000000000000000000000000000000000000000000000000000000000000000000000000000000000000000000000000000000000002db52e57d93060
8595,00000000000000000000000000000000000000000000000000000000000000000000000000000000000000000000000000000000000000000014f1bf16b5c760
8605,0000000000000000000000000000000000000000000000000000000000000000000000000000000000000000000000000000000000000000001a7456c181a640
8615,0000000000000000000000000000000000000000000000000000000000000000000000000000000000000000000000000000000000000000002d7f178cb94d80
8625,0000000000000000000000000000000000000000000000000000000000000000000000000000000000000000000000000000000000000000001bc2cfd25a7280
8635,00000000000000000000000000000000000000000000000000000000000000000000000000000000000000000000000000000000000000000035228a619351a0
8645,00000000000000000000000000000000000000000000000000000000000000000000000000000000000000000000000000000000000000000077c6c69f15a640
8655,0000000000000000000000000000000000000000000000000000000000000000000000000000000000000000000000000000000000000000002b7ead39191780
8665,000000000000000000000000000000000000000000000000000000000000000000000000000000000000000000000000000000000000000000494f7a71dad200
8675,000000000000000000000000000000000000000000000000000000000000000000000000000000000000000000000000000000000000000000131270fbee1ba0
8685,0000000000000000000000000000000000000000000000000000000000000000000000000000000000000000000000000000000000000000003e81d3e74a08a0
8695,0000000000000000000000000000000000000000000000000000000000000000000000000000000000000000000000000000000000000000003b024523a26b60
8705,00000000000000000000000000000000000000000000000000000000000000000000000000000000000000000000000000000000000000000028036ccdc4bca0
8715,0000000000000000000000000000000000000000000000000000000000000000000000000000000000000000000000000000000000000000002530d2f49d0040
8725,00000000000000000000000000000000000000000000000000000000000000000000000000000000000000000000000000000000000000000038b9f354da8ec0
8735,0000000000000000000000000000000000000000000000000000000000000000000000000000000000000000000000000000000000000000003f049c37179280
8745,0000000000000000000000000000000000000000000000000000000000000000000000000000000000000000000000000000000000000000002d65ced359c2e0
8755,00000000000000000000000000000000000000000000000000000000000000000000000000000000000000000000000000000000000000000013d9b7dacf5920
8765,0000000000000000000000000000000000000000000000000000000000000000000000000000000000000000000000000000000000000000002b9743cb222d20
8775,00000000000000000000000000000000000000000000000000000000000000000000000000000000000000000000000000000000000000000051ebf68e8a7ec0
8785,0000000000000000000000000000000000000000000000000000000000000000000000000000000000000000000000000000000000000000002d5868d440e260
8795,0000000000000000000000000000000000000000000000000000000000000000000000000000000000000000000000000000000000000000002a45ff131723c0
8805,0000000000000000000000000000000000000000000000000000000000000000000000000000000000000000000000000000000000000000001e0b0221246e80
8815,0000000000000000000000000000000000000000000000000000000000000000000000000000000000000000000000000000000000000000002566123fcb6880
8825,0000000000000000000000000000000000000000000000000000000000000000000000000000000000000000000000000000000000000000002e9d7a16f70100
8835,000000000000000000000000000000000000000000000000000000000000000000000000000000000000000000000000000000000000000000311a846c0a0be0
8845,00000000000000000000000000000000000000000000000000000000000000000000000000000000000000000000000000000000000000000033fddf7f247440
8855,0000000000000000000000000000000000000000000000000000000000000000000000000000000000000000000000000000000000000000002ef201a4f61960
8865,00000000000000000000000000000000000000000000000000000000000000000000000000000000000000000000000000000000000000000011a9c6e3007fc0
8875,0000000000000000000000000000000000000000000000000000000000000000000000000000000000000000000000000000000000000000002d9697814b50a0
8885,0000000000000000000000000000000000000000000000000000000000000000000000000000000000000000000000000000000000000000001aae48eed52820
8895,00000000000000000000000000000000000000000000000000000000000000000000000000000000000000000000000000000000000000000017de285a6f0ea0
8905,00000000000000000000000000000000000000000000000000000000000000000000000000000000000000000000000000000000000000000032e92c257ac660
8915,000000000000000000000000000000000000000000000000000000000000000000000000000000000000000000000000000000000000000000220e50c83a2200
8925,0000000000000000000000000000000000000000000000000000000000000000000000000000000000000000000000000000000000000000003a5c71cc58c260
8935,0000000000000000000000000000000000000000000000000000000000000000000000000000000000000000000000000000000000000000002f8acb2e5bbf40
8945,00000000000000000000000000000000000000000000000000000000000000000000000000000000000000000000000000000000000000000024a074083003e0
8955,00000000000000000000000000000000000000000000000000000000000000000000000000000000000000000000000000000000000000000018791a6d8816c0
8965,0000000000000000000000000000000000000000000000000000000000000000000000000000000000000000000000000000000000000000001b9941103b0280
8975,0000000000000000000000000000000000000000000000000000000000000000000000000000000000000000000000000000000000000000001a0377bf441020
8985,0000000000000000000000000000000000000000000000000000000000000000000000000000000000000000000000000000000000000000002b3858db601fc0
8995,0000000000000000000000000000000000000000000000000000000000000000000000000000000000000000000000000000000000000000001b22d9b5bf5280
9005,0000000000000000000000000000000000000000000000000000000000000000000000000000000000000000000000000000000000000000001a38bc0a722220
9015,0000000000000000000000000000000000000000000000000000000000000000000000000000000000000000000000000000000000000000002851dc6fde2cc0
9025,0000000000000000000000000000000000000000000000000000000000000000000000000000000000000000000000000000000000000000002a85dae7671d40
9035,0000000000000000000000000000000000000000000000000000000000000000000000000000000000000000000000000000000000000000002b36372a49d140
9045,00000000000000000000000000000000000000000000000000000000000000000000000000000000000000000000000000000000000000000032019cfa017be0
9055,0000000000000000000000000000000000000000000000000000000000000000000000000000000000000000000000000000000000000000002774eb9c4b40a0
9065,0000000000000000000000000000000000000000000000000000000000000000000000000000000000000000000000000000000000000000001a39af3b9cd2c0
9075,00000000000000000000000000000000000000000000000000000000000000000000000000000000000000000000000000000000000000000015709c358bd6a0
9085,00000000000000000000000000000000000000000000000000000000000000000000000000000000000000000000000000000000000000000035f40f35eb44c0
9095,00000000000000000000000000000000000000000000000000000000000000000000000000000000000000000000000000000000000000000014e3bd83f62780
9105,000000000000000000000000000000000000000000000000000000000000000000000000000000000000000000000000000000000000000000235e0594115920
9115,000000000000000000000000000000000000000000000000000000000000000000000000000000000000000000000000000000000000000000128309c0ab8240
9125,0000000000000000000000000000000000000000000000000000000000000000000000000000000000000000000000000000000000000000001c8bdbc4ce6380
9135,0000000000000000000000000000000000000000000000000000000000000000000000000000000000000000000000000000000000000000002db017d830f480
9145,000000000000000000000000000000000000000000000000000000000000000000000000000000000000000000000000000000000000000000411da07f36cb20
9155,0000000000000000000000000000000000000000000000000000000000000000000000000000000000000000000000000000000000000000001841cc362e6b00
9165,0000000000000000000000000000000000000000000000000000000000000000000000000000000000000000000000000000000000000000002c1b4024b392e0
9175,00000000000000000000000000000000000000000000000000000000000000000000000000000000000000000000000000000000000000000025f4e7f13f32e0
9185,000000000000000000000000000000000000000000000000000000000000000000000000000000000000000000000000000000000000000000267a7b197a1b80
9195,00000000000000000000000000000000000000000000000000000000000000000000000000000000000000000000000000000000000000000020d8e921ffae20
9205,000000000000000000000000000000000000000000000000000000000000000000000000000000000000000000000000000000000000000000283cc55d98bfc0
9215,000000000000000000000000000000000000000000000000000000000000000000000000000000000000000000000000000000000000000000102bb4c1ab8900
9225,0000000000000000000000000000000000000000000000000000000000000000000000000000000000000000000000000000000000000000000a13950d41da60
9235,00000000000000000000000000000000000000000000000000000000000000000000000000000000000000000000000000000000000000000032ca79278c5620
9245,000000000000000000000000000000000000000000000000000000000000000000000000000000000000000000000000000000000000000000150be16d9080c0
9255,000000000000000000000000000000000000000000000000000000000000000000000000000000000000000000000000000000000000000000356218fad4ce20
9265,00000000000000000000000000000000000000000000000000000000000000000000000000000000000000000000000000000000000000000011854a82ffba00
9275,0000000000000000000000000000000000000000000000000000000000000000000000000000000000000000000000000000000000000000000d18438a6c28a0
9285,000000000000000000000000000000000000000000000000000000000000000000000000000000000000000000000000000000000000000000194816fd1f69c0
9295,00000000000000000000000000000000000000000000000000000000000000000000000000000000000000000000000000000000000000000014d567400128e0
9305,0000000000000000000000000000000000000000000000000000000000000000000000000000000000000000000000000000000000000000002e755a05f9ef40
9315,0000000000000000000000000000000000000000000000000000000000000000000000000000000000000000000000000000000000000000001bae942c550160
9325,00000000000000000000000000000000000000000000000000000000000000000000000000000000000000000000000000000000000000000022a037c83dee20
9335,0000000000000000000000000000000000000000000000000000000000000000000000000000000000000000000000000000000000000000001bb94352ff2a20
9345,0000000000000000000000000000000000000000000000000000000000000000000000000000000000000000000000000000000000000000001c575b971cf320
9355,0000000000000000000000000000000000000000000000000000000000000000000000000000000000000000000000000000000000000000001e304c3c2b08a0
9365,0000000000000000000000000000000000000000000000000000000000000000000000000000000000000000000000000000000000000000003a5564af488c00
9375,00000000000000000000000000000000000000000000000000000000000000000000000000000000000000000000000000000000000000000031e9aa4a6382a0
9385,0000000000000000000000000000000000000000000000000000000000000000000000000000000000000000000000000000000000000000002be07a32820740
9395,00000000000000000000000000000000000000000000000000000000000000000000000000000000000000000000000000000000000000000035f6fe047d99a0
9405,0000000000000000000000000000000000000000000000000000000000000000000000000000000000000000000000000000000000000000002649fe4df99820
9415,0000000000000000000000000000000000000000000000000000000000000000000000000000000000000000000000000000000000000000003b8c35cb920720
9425,000000000000000000000000000000000000000000000000000000000000000000000000000000000000000000000000000000000000000000184e7da1a23b60
9435,0000000000000000000000000000000000000000000000000000000000000000000000000000000000000000000000000000000000000000003078d93bdb2460
9445,0000000000000000000000000000000000000000000000000000000000000000000000000000000000000000000000000000000000000000002d0eab5938e740
9455,00000000000000000000000000000000000000000000000000000000000000000000000000000000000000000000000000000000000000000049faa1702b0e20
9465,00000000000000000000000000000000000000000000000000000000000000000000000000000000000000000000000000000000000000000035b2fc756179c0
9475,000000000000000000000000000000000000000000000000000000000000000000000000000000000000000000000000000000000000000000207513d01c4480
9485,0000000000000000000000000000000000000000000000000000000000000000000000000000000000000000000000000000000000000000002eb70f018c7d00
9495,0000000000000000000000000000000000000000000000000000000000000000000000000000000000000000000000000000000000000000003345aa9f3f4040
9505,0000000000000000000000000000000000000000000000000000000000000000000000000000000000000000000000000000000000000000001cc62b197e14a0
9515,00000000000000000000000000000000000000000000000000000000000000000000000000000000000000000000000000000000000000000016bc1e0b841a60
9525,00000000000000000000000000000000000000000000000000000000000000000000000000000000000000000000000000000000000000000033c19f795b2760
9535,000000000000000000000000000000000000000000000000000000000000000000000000000000000000000000000000000000000000000000296a37045c8720
9545,0000000000000000000000000000000000000000000000000000000000000000000000000000000000000000000000000000000000000000001a7d71198229a0
9555,0000000000000000000000000000000000000000000000000000000000000000000000000000000000000000000000000000000000000000001d7ee46f81be20
9565,00000000000000000000000000000000000000000000000000000000000000000000000000000000000000000000000000000000000000000027542d2858b3a0
9575,00000000000000000000000000000000000000000000000000000000000000000000000000000000000000000000000000000000000000000014e978bea6fb00
9585,0000000000000000000000000000000000000000000000000000000000000000000000000000000000000000000000000000000000000000002be00c8b26f4a0
9595,0000000000000000000000000000000000000000000000000000000000000000000000000000000000000000000000000000000000000000002776fab9b19480
9605,0000000000000000000000000000000000000000000000000000000000000000000000000000000000000000000000000000000000000000003f1220ac55c800
9615,0000000000000000000000000000000000000000000000000000000000000000000000000000000000000000000000000000000000000000005db92f1b93eb60
9625,00000000000000000000000000000000000000000000000000000000000000000000000000000000000000000000000000000000000000000035636698482be0
9635,00000000000000000000000000000000000000000000000000000000000000000000000000000000000000000000000000000000000000000028dcbdbf200760
9645,00000000000000000000000000000000000000000000000000000000000000000000000000000000000000000000000000000000000000000018105bfe6f89c0
9655,0000000000000000000000000000000000000000000000000000000000000000000000000000000000000000000000000000000000000000002c4f1fd26fd3e0
9665,0000000000000000000000000000000000000000000000000000000000000000000000000000000000000000000000000000000000000000002057f9b4886e60
9675,0000000000000000000000000000000000000000000000000000000000000000000000000000000000000000000000000000000000000000001d9b689ed0e980
9685,0000000000000000000000000000000000000000000000000000000000000000000000000000000000000000000000000000000000000000002e201ada7d5da0
9695,00000000000000000000000000000000000000000000000000000000000000000000000000000000000000000000000000000000000000000035866433766da0
9705,000000000000000000000000000000000000000000000000000000000000000000000000000000000000000000000000000000000000000000218de6c708a9a0
9715,000000000000000000000000000000000000000000000000000000000000000000000000000000000000000000000000000000000000000000203ffaa2752360
9725,0000000000000000000000000000000000000000000000000000000000000000000000000000000000000000000000000000000000000000002486a2bb287220
9735,00000000000000000000000000000000000000000000000000000000000000000000000000000000000000000000000000000000000000000017680744daf140
9745,0000000000000000000000000000000000000000000000000000000000000000000000000000000000000000000000000000000000000000001f074e729a7040
9755,0000000000000000000000000000000000000000000000000000000000000000000000000000000000000000000000000000000000000000002c3e4b987e6fa0
9765,0000000000000000000000000000000000000000000000000000000000000000000000000000000000000000000000000000000000000000001f763539e64f20
9775,0000000000000000000000000000000000000000000000000000000000000000000000000000000000000000000000000000000000000000001555bba3aa3d80
9785,00000000000000000000000000000000000000000000000000000000000000000000000000000000000000000000000000000000000000000023b141f0ebaee0
9795,0000000000000000000000000000000000000000000000000000000000000000000000000000000000000000000000000000000000000000002d355511b1a8a0
9805,000000000000000000000000000000000000000000000000000000000000000000000000000000000000000000000000000000000000000000326a8ad5659bc0
9815,000000000000000000000000000000000000000000000000000000000000000000000000000000000000000000000000000000000000000000100af208ccf6e0
9825,00000000000000000000000000000000000000000000000000000000000000000000000000000000000000000000000000000000000000000043afd93f2b3a20
9835,0000000000000000000000000000000000000000000000000000000000000000000000000000000000000000000000000000000000000000001e20cb1faca340
9845,00000000000000000000000000000000000000000000000000000000000000000000000000000000000000000000000000000000000000000039dab3f2a0a680
9855,0000000000000000000000000000000000000000000000000000000000000000000000000000000000000000000000000000000000000000001aebebd6fcb2a0
9865,00000000000000000000000000000000000000000000000000000000000000000000000000000000000000000000000000000000000000000026bb7fa8c9c7a0
9875,0000000000000000000000000000000000000000000000000000000000000000000000000000000000000000000000000000000000000000001f1ca43616b780
9885,00000000000000000000000000000000000000000000000000000000000000000000000000000000000000000000000000000000000000000022d11c9d900c60
9895,00000000000000000000000000000000000000000000000000000000000000000000000000000000000000000000000000000000000000000028ee17f9086420
9905,00000000000000000000000000000000000000000000000000000000000000000000000000000000000000000000000000000000000000000025b64e1300ea00
9915,0000000000000000000000000000000000000000000000000000000000000000000000000000000000000000000000000000000000000000002616e9eef49060
9925,00000000000000000000000000000000000000000000000000000000000000000000000000000000000000000000000000000000000000000010443d84f0a080
9935,000000000000000000000000000000000000000000000000000000000000000000000000000000000000000000000000000000000000000000209e3bf4b8c600
9945,00000000000000000000000000000000000000000000000000000000000000000000000000000000000000000000000000000000000000000031858678856320
9955,00000000000000000000000000000000000000000000000000000000000000000000000000000000000000000000000000000000000000000032d6f561c8a860
9965,00000000000000000000000000000000000000000000000000000000000000000000000000000000000000000000000000000000000000000017444402578ae0
9975,00000000000000000000000000000000000000000000000000000000000000000000000000000000000000000000000000000000000000000022c0a32884d920
9985,0000000000000000000000000000000000000000000000000000000000000000000000000000000000000000000000000000000000000000003dbc6a0848a6e0
9995,0000000000000000000000000000000000000000000000000000000000000000000000000000000000000000000000000000000000000000001e68514c15ec20
10005,00000000000000000000000000000000000000000000000000000000000000000000000000000000000000000000000000000000000000000016232c50e61620
10015,00000000000000000000000000000000000000000000000000000000000000000000000000000000000000000000000000000000000000000010912c7fc185c0
10025,000000000000000000000000000000000000000000000000000000000000000000000000000000000000000000000000000000000000000000356cd82b567fc0
10035,0000000000000000000000000000000000000000000000000000000000000000000000000000000000000000000000000000000000000000002750e3c61b3e20
10045,00000000000000000000000000000000000000000000000000000000000000000000000000000000000000000000000000000000000000000020fa2ae4ae4e60
10055,00000000000000000000000000000000000000000000000000000000000000000000000000000000000000000000000000000000000000000028dbbcb558bbc0
10065,0000000000000000000000000000000000000000000000000000000000000000000000000000000000000000000000000000000000000000002139d260644500
10075,0000000000000000000000000000000000000000000000000000000000000000000000000000000000000000000000000000000000000000002a6476fd585400
10085,0000000000000000000000000000000000000000000000000000000000000000000000000000000000000000000000000000000000000000002f6f4b75226960
10095,00000000000000000000000000000000000000000000000000000000000000000000000000000000000000000000000000000000000000000037d894ede2c9c0
10105,0000000000000000000000000000000000000000000000000000000000000000000000000000000000000000000000000000000000000000002874c2e3ab87c0
10115,00000000000000000000000000000000000000000000000000000000000000000000000000000000000000000000000000000000000000000022499c892795c0
10125,000000000000000000000000000000000000000000000000000000000000000000000000000000000000000000000000000000000000000000113f4f9b681d80
10135,0000000000000000000000000000000000000000000000000000000000000000000000000000000000000000000000000000000000000000002057de2ab1abe0
10145,0000000000000000000000000000000000000000000000000000000000000000000000000000000000000000000000000000000000000000001b9dc72d76d1a0
10155,00000000000000000000000000000000000000000000000000000000000000000000000000000000000000000000000000000000000000000015ba6230933f20
10165,0000000000000000000000000000000000000000000000000000000000000000000000000000000000000000000000000000000000000000003770b91c44d040
10175,00000000000000000000000000000000000000000000000000000000000000000000000000000000000000000000000000000000000000000025878720006fa0
10185,0000000000000000000000000000000000000000000000000000000000000000000000000000000000000000000000000000000000000000002e7c8b2307b8a0
10195,00000000000000000000000000000000000000000000000000000000000000000000000000000000000000000000000000000000000000000021461ab82deee0
10205,00000000000000000000000000000000000000000000000000000000000000000000000000000000000000000000000000000000000000000030fcf1a91be0e0
10215,00000000000000000000000000000000000000000000000000000000000000000000000000000000000000000000000000000000000000000029a0e06cfc6180
10225,00000000000000000000000000000000000000000000000000000000000000000000000000000000000000000000000000000000000000000029faf384747060
10235,000000000000000000000000000000000000000000000000000000000000000000000000000000000000000000000000000000000000000000380ec4254fcc40
10245,000000000000000000000000000000000000000000000000000000000000000000000000000000000000000000000000000000000000000000168358b6b9dcc0
10255,00000000000000000000000000000000000000000000000000000000000000000000000000000000000000000000000000000000000000000031984fed68b260
10265,0000000000000000000000000000000000000000000000000000000000000000000000000000000000000000000000000000000000000000002fe45700f09cc0
10275,0000000000000000000000000000000000000000000000000000000000000000000000000000000000000000000000000000000000000000001cfc046e7ab940
10285,00000000000000000000000000000000000000000000000000000000000000000000000000000000000000000000000000000000000000000037415c01ebfde0
10295,0000000000000000000000000000000000000000000000000000000000000000000000000000000000000000000000000000000000000000002e0f7ec7eaa6e0
10305,000000000000000000000000000000000000000000000000000000000000000000000000000000000000000000000000000000000000000000169602f08b9580
10315,0000000000000000000000000000000000000000000000000000000000000000000000000000000000000000000000000000000000000000001c7dcd9485c4a0
10325,00000000000000000000000000000000000000000000000000000000000000000000000000000000000000000000000000000000000000000024d6d3bf99c1c0
10335,0000000000000000000000000000000000000000000000000000000000000000000000000000000000000000000000000000000000000000002c4c99f9fdcee0
10345,00000000000000000000000000000000000000000000000000000000000000000000000000000000000000000000000000000000000000000020c27be86ed920
10355,0000000000000000000000000000000000000000000000000000000000000000000000000000000000000000000000000000000000000000001a7b6319a59b20
10365,00000000000000000000000000000000000000000000000000000000000000000000000000000000000000000000000000000000000000000012adbab3f27820
10375,0000000000000000000000000000000000000000000000000000000000000000000000000000000000000000000000000000000000000000003752338aa21560
10385,0000000000000000000000000000000000000000000000000000000000000000000000000000000000000000000000000000000000000000002f38b5bdbc4f00
10395,0000000000000000000000000000000000000000000000000000000000000000000000000000000000000000000000000000000000000000001955c619bd35a0
10405,000000000000000000000000000000000000000000000000000000000000000000000000000000000000000000000000000000000000000000434f78281fecc0
10415,00000000000000000000000000000000000000000000000000000000000000000000000000000000000000000000000000000000000000000017f8e3f62bc2e0
10425,00000000000000000000000000000000000000000000000000000000000000000000000000000000000000000000000000000000000000000031cbaa077cb880
10435,0000000000000000000000000000000000000000000000000000000000000000000000000000000000000000000000000000000000000000002b257497b9b2a0
10445,0000000000000000000000000000000000000000000000000000000000000000000000000000000000000000000000000000000000000000003247e3d7bb5c80
10455,00000000000000000000000000000000000000000000000000000000000000000000000000000000000000000000000000000000000000000036329527dc2060
10465,00000000000000000000000000000000000000000000000000000000000000000000000000000000000000000000000000000000000000000022b22a1fa5e380
10475,00000000000000000000000000000000000000000000000000000000000000000000000000000000000000000000000000000000000000000024c2365e873540
10485,0000000000000000000000000000000000000000000000000000000000000000000000000000000000000000000000000000000000000000002c4a00f0520140
10495,0000000000000000000000000000000000000000000000000000000000000000000000000000000000000000000000000000000000000000002405f788c04aa0
10505,0000000000000000000000000000000000000000000000000000000000000000000000000000000000000000000000000000000000000000001a10278d2e23c0
10515,000000000000000000000000000000000000000000000000000000000000000000000000000000000000000000000000000000000000000000360c26dbae22e0
10525,00000000000000000000000000000000000000000000000000000000000000000000000000000000000000000000000000000000000000000020bf6f4140fd40
10535,0000000000000000000000000000000000000000000000000000000000000000000000000000000000000000000000000000000000000000001c27031a5ee9c0
10545,00000000000000000000000000000000000000000000000000000000000000000000000000000000000000000000000000000000000000000025f8cc22372640
10555,0000000000000000000000000000000000000000000000000000000000000000000000000000000000000000000000000000000000000000002a084e838e0ea0
10565,000000000000000000000000000000000000000000000000000000000000000000000000000000000000000000000000000000000000000000198255030b5920
10575,00000000000000000000000000000000000000000000000000000000000000000000000000000000000000000000000000000000000000000022aca7d13fff00
10585,00000000000000000000000000000000000000000000000000000000000000000000000000000000000000000000000000000000000000000046b75e8ae97b40
10595,0000000000000000000000000000000000000000000000000000000000000000000000000000000000000000000000000000000000000000003c8e35ba2f8720
10605,0000000000000000000000000000000000000000000000000000000000000000000000000000000000000000000000000000000000000000001ee00db0533ec0
10615,0000000000000000000000000000000000000000000000000000000000000000000000000000000000000000000000000000000000000000002850d9488d2d00
10625,00000000000000000000000000000000000000000000000000000000000000000000000000000000000000000000000000000000000000000025a88fbb5073a0
10635,0000000000000000000000000000000000000000000000000000000000000000000000000000000000000000000000000000000000000000005e826e66a1f080
10645,00000000000000000000000000000000000000000000000000000000000000000000000000000000000000000000000000000000000000000039d717d55512e0
10655,00000000000000000000000000000000000000000000000000000000000000000000000000000000000000000000000000000000000000000026c4979e544cc0
10665,000000000000000000000000000000000000000000000000000000000000000000000000000000000000000000000000000000000000000000232f5ea10eb6c0
10675,00000000000000000000000000000000000000000000000000000000000000000000000000000000000000000000000000000000000000000035aef77f7f6ce0
10685,000000000000000000000000000000000000000000000000000000000000000000000000000000000000000000000000000000000000000000156eb15d0f5fe0
10695,0000000000000000000000000000000000000000000000000000000000000000000000000000000000000000000000000000000000000000002c00c3f5415d80
10705,0000000000000000000000000000000000000000000000000000000000000000000000000000000000000000000000000000000000000000001340e80c7dd0a0
10715,000000000000000000000000000000000000000000000000000000000000000000000000000000000000000000000000000000000000000000171024b715baa0
10725,0000000000000000000000000000000000000000000000000000000000000000000000000000000000000000000000000000000000000000004716d6abdd18c0
10735,000000000000000000000000000000000000000000000000000000000000000000000000000000000000000000000000000000000000000000277f1060889520
10745,000000000000000000000000000000000000000000000000000000000000000000000000000000000000000000000000000000000000000000212d8f1272e1c0
10755,0000000000000000000000000000000000000000000000000000000000000000000000000000000000000000000000000000000000000000003a2f35cf650d60
10765,0000000000000000000000000000000000000000000000000000000000000000000000000000000000000000000000000000000000000000001e2d543c5e3ea0
10775,0000000000000000000000000000000000000000000000000000000000000000000000000000000000000000000000000000000000000000002d9ca1a84597a0
10785,000000000000000000000000000000000000000000000000000000000000000000000000000000000000000000000000000000000000000000222f80324c74e0
10795,0000000000000000000000000000000000000000000000000000000000000000000000000000000000000000000000000000000000000000004f092467b5a160
10805,00000000000000000000000000000000000000000000000000000000000000000000000000000000000000000000000000000000000000000039623cc9839ae0
10815,0000000000000000000000000000000000000000000000000000000000000000000000000000000000000000000000000000000000000000002a62725ff14b00
10825,0000000000000000000000000000000000000000000000000000000000000000000000000000000000000000000000000000000000000000002551a019c9a380
10835,000000000000000000000000000000000000000000000000000000000000000000000000000000000000000000000000000000000000000000199e761eaff680
10845,0000000000000000000000000000000000000000000000000000000000000000000000000000000000000000000000000000000000000000001888a7c5195a60
10855,0000000000000000000000000000000000000000000000000000000000000000000000000000000000000000000000000000000000000000002c5932ef4be2c0
10865,00000000000000000000000000000000000000000000000000000000000000000000000000000000000000000000000000000000000000000031ac29a725f7c0
10875,0000000000000000000000000000000000000000000000000000000000000000000000000000000000000000000000000000000000000000004e1340d0e4c240
10885,000000000000000000000000000000000000000000000000000000000000000000000000000000000000000000000000000000000000000000365bc82eee0d80
10895,0000000000000000000000000000000000000000000000000000000000000000000000000000000000000000000000000000000000000000003cd9ff978a5400
10905,0000000000000000000000000000000000000000000000000000000000000000000000000000000000000000000000000000000000000000003f6508e1d35340
10915,0000000000000000000000000000000000000000000000000000000000000000000000000000000000000000000000000000000000000000003ba201d3f2a500
10925,0000000000000000000000000000000000000000000000000000000000000000000000000000000000000000000000000000000000000000001d4ba6e91d0620
10935,00000000000000000000000000000000000000000000000000000000000000000000000000000000000000000000000000000000000000000022d7c9447f6040
10945,0000000000000000000000000000000000000000000000000000000000000000000000000000000000000000000000000000000000000000002675b819cc3f40
10955,0000000000000000000000000000000000000000000000000000000000000000000000000000000000000000000000000000000000000000001a3c4ff6832f60
10965,0000000000000000000000000000000000000000000000000000000000000000000000000000000000000000000000000000000000000000001eee98d6bad480
10975,000000000000000000000000000000000000000000000000000000000000000000000000000000000000000000000000000000000000000000116a7349bb0980
10985,0000000000000000000000000000000000000000000000000000000000000000000000000000000000000000000000000000000000000000001e2356b331f6a0
10995,00000000000000000000000000000000000000000000000000000000000000000000000000000000000000000000000000000000000000000017063968fbe960
11005,0000000000000000000000000000000000000000000000000000000000000000000000000000000000000000000000000000000000000000003303f5413691c0
11015,000000000000000000000000000000000000000000000000000000000000000000000000000000000000000000000000000000000000000000519538f6d8ed00
11025,00000000000000000000000000000000000000000000000000000000000000000000000000000000000000000000000000000000000000000027f2eb6c6b4d20
11035,0000000000000000000000000000000000000000000000000000000000000000000000000000000000000000000000000000000000000000002b87805fe35340
11045,0000000000000000000000000000000000000000000000000000000000000000000000000000000000000000000000000000000000000000001c7883ed7e8500
11055,0000000000000000000000000000000000000000000000000000000000000000000000000000000000000000000000000000000000000000001fbc5bb52c3700
11065,0000000000000000000000000000000000000000000000000000000000000000000000000000000000000000000000000000000000000000000fa4b78fb06800
11075,0000000000000000000000000000000000000000000000000000000000000000000000000000000000000000000000000000000000000000002c886f2730c500
11085,000000000000000000000000000000000000000000000000000000000000000000000000000000000000000000000000000000000000000000177691d79155e0
11095,00000000000000000000000000000000000000000000000000000000000000000000000000000000000000000000000000000000000000000023d1308c4eb360
11105,000000000000000000000000000000000000000000000000000000000000000000000000000000000000000000000000000000000000000000218fc7f82350c0
11115,00000000000000000000000000000000000000000000000000000000000000000000000000000000000000000000000000000000000000000016ed36e0d2b7a0
11125,0000000000000000000000000000000000000000000000000000000000000000000000000000000000000000000000000000000000000000003c29a2de804580
11135,0000000000000000000000000000000000000000000000000000000000000000000000000000000000000000000000000000000000000000001f4d8ed054c100
11145,000000000000000000000000000000000000000000000000000000000000000000000000000000000000000000000000000000000000000000246e9315650a00
11155,0000000000000000000000000000000000000000000000000000000000000000000000000000000000000000000000000000000000000000002691130e1bc0a0
11165,0000000000000000000000000000000000000000000000000000000000000000000000000000000000000000000000000000000000000000001661b5919ba500
11175,0000000000000000000000000000000000000000000000000000000000000000000000000000000000000000000000000000000000000000001a7187f2ed2960
11185,000000000000000000000000000000000000000000000000000000000000000000000000000000000000000000000000000000000000000000171ead361b0800
11195,0000000000000000000000000000000000000000000000000000000000000000000000000000000000000000000000000000000000000000000e659e87a700a0
11205,00000000000000000000000000000000000000000000000000000000000000000000000000000000000000000000000000000000000000000029aa2a44f9b180
11215,0000000000000000000000000000000000000000000000000000000000000000000000000000000000000000000000000000000000000000001e0ff996f62440
11225,00000000000000000000000000000000000000000000000000000000000000000000000000000000000000000000000000000000000000000021243fc44e8d80
11235,00000000000000000000000000000000000000000000000000000000000000000000000000000000000000000000000000000000000000000039cb54875b0fa0
11245,00000000000000000000000000000000000000000000000000000000000000000000000000000000000000000000000000000000000000000023cdd8a0399b20
11255,0000000000000000000000000000000000000000000000000000000000000000000000000000000000000000000000000000000000000000001d6c97981fe1e0
11265,0000000000000000000000000000000000000000000000000000000000000000000000000000000000000000000000000000000000000000002bd2438c14bfe0
11275,0000000000000000000000000000000000000000000000000000000000000000000000000000000000000000000000000000000000000000001850ad70416f00
11285,000000000000000000000000000000000000000000000000000000000000000000000000000000000000000000000000000000000000000000120d3a83af6ae0
11295,00000000000000000000000000000000000000000000000000000000000000000000000000000000000000000000000000000000000000000027351abe21ec80
11305,0000000000000000000000000000000000000000000000000000000000000000000000000000000000000000000000000000000000000000001b0541905b5d00
11315,000000000000000000000000000000000000000000000000000000000000000000000000000000000000000000000000000000000000000000141bd1cc827bc0
11325,00000000000000000000000000000000000000000000000000000000000000000000000000000000000000000000000000000000000000000033d78232f55180
11335,000000000000000000000000000000000000000000000000000000000000000000000000000000000000000000000000000000000000000000203ecf98b0ac40
11345,00000000000000000000000000000000000000000000000000000000000000000000000000000000000000000000000000000000000000000013e1299f3b3d60
11355,00000000000000000000000000000000000000000000000000000000000000000000000000000000000000000000000000000000000000000019a00c3245d4c0
11365,00000000000000000000000000000000000000000000000000000000000000000000000000000000000000000000000000000000000000000019fe7bdd23e1c0
11375,0000000000000000000000000000000000000000000000000000000000000000000000000000000000000000000000000000000000000000002004fbcdd145a0
11385,0000000000000000000000000000000000000000000000000000000000000000000000000000000000000000000000000000000000000000003236300a27cde0
11395,000000000000000000000000000000000000000000000000000000000000000000000000000000000000000000000000000000000000000000237e9ec31a1a40
11405,00000000000000000000000000000000000000000000000000000000000000000000000000000000000000000000000000000000000000000031b77f75275be0
11415,0000000000000000000000000000000000000000000000000000000000000000000000000000000000000000000000000000000000000000002782507dda5bc0
11425,0000000000000000000000000000000000000000000000000000000000000000000000000000000000000000000000000000000000000000002ca4c5e05b9e20
11435,0000000000000000000000000000000000000000000000000000000000000000000000000000000000000000000000000000000000000000002df0350ef2ad80
11445,00000000000000000000000000000000000000000000000000000000000000000000000000000000000000000000000000000000000000000028dad1a1b757c0
11455,0000000000000000000000000000000000000000000000000000000000000000000000000000000000000000000000000000000000000000001aaf8482711f80
11465,0000000000000000000000000000000000000000000000000000000000000000000000000000000000000000000000000000000000000000001c93d4d7f61600
11475,0000000000000000000000000000000000000000000000000000000000000000000000000000000000000000000000000000000000000000002d037932979240
11485,000000000000000000000000000000000000000000000000000000000000000000000000000000000000000000000000000000000000000000177fdc25b60060
11495,000000000000000000000000000000000000000000000000000000000000000000000000000000000000000000000000000000000000000000155366c15c4e60
11505,0000000000000000000000000000000000000000000000000000000000000000000000000000000000000000000000000000000000000000003d1a6c6bd08840
11515,00000000000000000000000000000000000000000000000000000000000000000000000000000000000000000000000000000000000000000034676295923720
11525,00000000000000000000000000000000000000000000000000000000000000000000000000000000000000000000000000000000000000000010541d97900240
11535,0000000000000000000000000000000000000000000000000000000000000000000000000000000000000000000000000000000000000000002d6468bfc0a8a0
11545,00000000000000000000000000000000000000000000000000000000000000000000000000000000000000000000000000000000000000000013bd028df9a460
11555,0000000000000000000000000000000000000000000000000000000000000000000000000000000000000000000000000000000000000000002884f74ee2c460
11565,0000000000000000000000000000000000000000000000000000000000000000000000000000000000000000000000000000000000000000001c131556ca6080
11575,000000000000000000000000000000000000000000000000000000000000000000000000000000000000000000000000000000000000000000202f32caf910e0
11585,00000000000000000000000000000000000000000000000000000000000000000000000000000000000000000000000000000000000000000026ac82b3a4f0c0
11595,0000000000000000000000000000000000000000000000000000000000000000000000000000000000000000000000000000000000000000001ce3936647b9a0
11605,0000000000000000000000000000000000000000000000000000000000000000000000000000000000000000000000000000000000000000004a34a57ff382e0
11615,0000000000000000000000000000000000000000000000000000000000000000000000000000000000000000000000000000000000000000001623dd5ab2c5c0
11625,0000000000000000000000000000000000000000000000000000000000000000000000000000000000000000000000000000000000000000001ec64bc5c0cb00
11635,000000000000000000000000000000000000000000000000000000000000000000000000000000000000000000000000000000000000000000297373dc5ab760
11645,0000000000000000000000000000000000000000000000000000000000000000000000000000000000000000000000000000000000000000001bf60db15cae60
11655,000000000000000000000000000000000000000000000000000000000000000000000000000000000000000000000000000000000000000000331c1e53470840
11665,0000000000000000000000000000000000000000000000000000000000000000000000000000000000000000000000000000000000000000003237236c8d8ee0
11675,000000000000000000000000000000000000000000000000000000000000000000000000000000000000000000000000000000000000000000117e3f972a7180
11685,000000000000000000000000000000000000000000000000000000000000000000000000000000000000000000000000000000000000000000265eba9b58d420
11695,0000000000000000000000000000000000000000000000000000000000000000000000000000000000000000000000000000000000000000001bc9a3031fcb20
11705,0000000000000000000000000000000000000000000000000000000000000000000000000000000000000000000000000000000000000000001a350d3becbd40
11715,00000000000000000000000000000000000000000000000000000000000000000000000000000000000000000000000000000000000000000014483e49842c20
11725,00000000000000000000000000000000000000000000000000000000000000000000000000000000000000000000000000000000000000000065af8de0feeba0
11735,0000000000000000000000000000000000000000000000000000000000000000000000000000000000000000000000000000000000000000001b82c1fe0dd780
11745,0000000000000000000000000000000000000000000000000000000000000000000000000000000000000000000000000000000000000000002b66a375cb7140
11755,00000000000000000000000000000000000000000000000000000000000000000000000000000000000000000000000000000000000000000025d28bb87c38a0
11765,0000000000000000000000000000000000000000000000000000000000000000000000000000000000000000000000000000000000000000001f10424a9d8bc0
11775,0000000000000000000000000000000000000000000000000000000000000000000000000000000000000000000000000000000000000000001f54f93c239a20
11785,000000000000000000000000000000000000000000000000000000000000000000000000000000000000000000000000000000000000000000317ea18cad8b20
11795,000000000000000000000000000000000000000000000000000000000000000000000000000000000000000000000000000000000000000000183153f25e36e0
11805,0000000000000000000000000000000000000000000000000000000000000000000000000000000000000000000000000000000000000000003d1a7a1d0aafc0
11815,0000000000000000000000000000000000000000000000000000000000000000000000000000000000000000000000000000000000000000000afe6da4d13740
11825,0000000000000000000000000000000000000000000000000000000000000000000000000000000000000000000000000000000000000000001f1e6b35f80ec0
11835,0000000000000000000000000000000000000000000000000000000000000000000000000000000000000000000000000000000000000000002868e5ee50c8e0
11845,00000000000000000000000000000000000000000000000000000000000000000000000000000000000000000000000000000000000000000024202e55c10580
11855,0000000000000000000000000000000000000000000000000000000000000000000000000000000000000000000000000000000000000000002e1ccb5ab67900
11865,0000000000000000000000000000000000000000000000000000000000000000000000000000000000000000000000000000000000000000002b1b193fced080
11875,000000000000000000000000000000000000000000000000000000000000000000000000000000000000000000000000000000000000000000124eb444324520
11885,0000000000000000000000000000000000000000000000000000000000000000000000000000000000000000000000000000000000000000001f60ad93f73d00
11895,0000000000000000000000000000000000000000000000000000000000000000000000000000000000000000000000000000000000000000000e3fed8a312de0
11905,00000000000000000000000000000000000000000000000000000000000000000000000000000000000000000000000000000000000000000046f46ca4562060
11915,0000000000000000000000000000000000000000000000000000000000000000000000000000000000000000000000000000000000000000001bbe8d702dc440
11925,0000000000000000000000000000000000000000000000000000000000000000000000000000000000000000000000000000000000000000001ce74f211b0480
11935,000000000000000000000000000000000000000000000000000000000000000000000000000000000000000000000000000000000000000000232979979bc820
11945,0000000000000000000000000000000000000000000000000000000000000000000000000000000000000000000000000000000000000000002ea1e86f481b60
11955,0000000000000000000000000000000000000000000000000000000000000000000000000000000000000000000000000000000000000000003424d123e721e0
11965,0000000000000000000000000000000000000000000000000000000000000000000000000000000000000000000000000000000000000000001f893ee9d8fba0
11975,000000000000000000000000000000000000000000000000000000000000000000000000000000000000000000000000000000000000000000346030bd70c920
11985,00000000000000000000000000000000000000000000000000000000000000000000000000000000000000000000000000000000000000000023c0c852560820
11995,0000000000000000000000000000000000000000000000000000000000000000000000000000000000000000000000000000000000000000003300ea1a089c00
12005,00000000000000000000000000000000000000000000000000000000000000000000000000000000000000000000000000000000000000000028884909bd33c0
12015,000000000000000000000000000000000000000000000000000000000000000000000000000000000000000000000000000000000000000000163e8ef6702680
12025,0000000000000000000000000000000000000000000000000000000000000000000000000000000000000000000000000000000000000000002e94a20db6f220
12035,0000000000000000000000000000000000000000000000000000000000000000000000000000000000000000000000000000000000000000002c0731e1213a40
12045,00000000000000000000000000000000000000000000000000000000000000000000000000000000000000000000000000000000000000000011577723a01100
12055,00000000000000000000000000000000000000000000000000000000000000000000000000000000000000000000000000000000000000000025325456f92fc0
12065,0000000000000000000000000000000000000000000000000000000000000000000000000000000000000000000000000000000000000000001d6fffdcd16a00
12075,0000000000000000000000000000000000000000000000000000000000000000000000000000000000000000000000000000000000000000003df6405d007f40
12085,00000000000000000000000000000000000000000000000000000000000000000000000000000000000000000000000000000000000000000056a4a002055d00
12095,00000000000000000000000000000000000000000000000000000000000000000000000000000000000000000000000000000000000000000023d28cbd7250c0
12105,000000000000000000000000000000000000000000000000000000000000000000000000000000000000000000000000000000000000000000200b161c2cec20
12115,000000000000000000000000000000000000000000000000000000000000000000000000000000000000000000000000000000000000000000268b220e823de0
12125,000000000000000000000000000000000000000000000000000000000000000000000000000000000000000000000000000000000000000000236fbea690dba0
12135,00000000000000000000000000000000000000000000000000000000000000000000000000000000000000000000000000000000000000000023f8c575f2af60
12145,000000000000000000000000000000000000000000000000000000000000000000000000000000000000000000000000000000000000000000286a7001e77620
12155,0000000000000000000000000000000000000000000000000000000000000000000000000000000000000000000000000000000000000000003117c444d70860
12165,000000000000000000000000000000000000000000000000000000000000000000000000000000000000000000000000000000000000000000143bc5e7e52160
12175,00000000000000000000000000000000000000000000000000000000000000000000000000000000000000000000000000000000000000000017bb3afa536620
12185,0000000000000000000000000000000000000000000000000000000000000000000000000000000000000000000000000000000000000000002b7341e1408960
12195,0000000000000000000000000000000000000000000000000000000000000000000000000000000000000000000000000000000000000000001d769b8d9a8000
12205,0000000000000000000000000000000000000000000000000000000000000000000000000000000000000000000000000000000000000000002c9ac04d574340
12215,00000000000000000000000000000000000000000000000000000000000000000000000000000000000000000000000000000000000000000017794474eca560
12225,00000000000000000000000000000000000000000000000000000000000000000000000000000000000000000000000000000000000000000022118534519ea0
12235,0000000000000000000000000000000000000000000000000000000000000000000000000000000000000000000000000000000000000000001a2ae532c35260
12245,0000000000000000000000000000000000000000000000000000000000000000000000000000000000000000000000000000000000000000002865259fcc91e0
12255,0000000000000000000000000000000000000000000000000000000000000000000000000000000000000000000000000000000000000000004a4e1d43287fa0
12265,0000000000000000000000000000000000000000000000000000000000000000000000000000000000000000000000000000000000000000001a6fc241d0a7e0
12275,0000000000000000000000000000000000000000000000000000000000000000000000000000000000000000000000000000000000000000002899439c498c60
12285,0000000000000000000000000000000000000000000000000000000000000000000000000000000000000000000000000000000000000000001c679e9fdd0c40
12295,000000000000000000000000000000000000000000000000000000000000000000000000000000000000000000000000000000000000000000204f2f48d14d40
12305,00000000000000000000000000000000000000000000000000000000000000000000000000000000000000000000000000000000000000000019a1363c0a5d20
12315,000000000000000000000000000000000000000000000000000000000000000000000000000000000000000000000000000000000000000000306643daa58de0
12325,0000000000000000000000000000000000000000000000000000000000000000000000000000000000000000000000000000000000000000001999a8952a3280
12335,0000000000000000000000000000000000000000000000000000000000000000000000000000000000000000000000000000000000000000001ffe64d81b8f40
12345,000000000000000000000000000000000000000000000000000000000000000000000000000000000000000000000000000000000000000000282cffdea8cea0
12355,000000000000000000000000000000000000000000000000000000000000000000000000000000000000000000000000000000000000000000129de421527280
12365,0000000000000000000000000000000000000000000000000000000000000000000000000000000000000000000000000000000000000000003208cc34993e60
12375,00000000000000000000000000000000000000000000000000000000000000000000000000000000000000000000000000000000000000000028c9968f2f57c0
12385,0000000000000000000000000000000000000000000000000000000000000000000000000000000000000000000000000000000000000000002e184796180b40
12395,0000000000000000000000000000000000000000000000000000000000000000000000000000000000000000000000000000000000000000002679a4fbfeb060
12405,00000000000000000000000000000000000000000000000000000000000000000000000000000000000000000000000000000000000000000032a598d16aea40
12415,00000000000000000000000000000000000000000000000000000000000000000000000000000000000000000000000000000000000000000019f1df22e9c020
12425,00000000000000000000000000000000000000000000000000000000000000000000000000000000000000000000000000000000000000000037177ba2483520
12435,00000000000000000000000000000000000000000000000000000000000000000000000000000000000000000000000000000000000000000011a49da845d5c0
12445,000000000000000000000000000000000000000000000000000000000000000000000000000000000000000000000000000000000000000000308d1d09427f00
12455,00000000000000000000000000000000000000000000000000000000000000000000000000000000000000000000000000000000000000000023f1df8a1ae8a0
12465,0000000000000000000000000000000000000000000000000000000000000000000000000000000000000000000000000000000000000000005394434a90db00
12475,0000000000000000000000000000000000000000000000000000000000000000000000000000000000000000000000000000000000000000003037807b5610e0
12485,0000000000000000000000000000000000000000000000000000000000000000000000000000000000000000000000000000000000000000002ea9b4f89a30a0
12495,0000000000000000000000000000000000000000000000000000000000000000000000000000000000000000000000000000000000000000002ca5b39b5f4a80
12505,0000000000000000000000000000000000000000000000000000000000000000000000000000000000000000000000000000000000000000001e1eca6e941b80
12515,0000000000000000000000000000000000000000000000000000000000000000000000000000000000000000000000000000000000000000006e0d17b3277fe0
12525,0000000000000000000000000000000000000000000000000000000000000000000000000000000000000000000000000000000000000000002e4aa608da9040
12535,0000000000000000000000000000000000000000000000000000000000000000000000000000000000000000000000000000000000000000001a7679550e0ce0
12545,000000000000000000000000000000000000000000000000000000000000000000000000000000000000000000000000000000000000000000219fdb6d356380
12555,0000000000000000000000000000000000000000000000000000000000000000000000000000000000000000000000000000000000000000008b39ae80d28360
12565,00000000000000000000000000000000000000000000000000000000000000000000000000000000000000000000000000000000000000000016b7856470ed80
12575,0000000000000000000000000000000000000000000000000000000000000000000000000000000000000000000000000000000000000000001b4dd96414ab80
12585,00000000000000000000000000000000000000000000000000000000000000000000000000000000000000000000000000000000000000000021904d6e41b500
12595,0000000000000000000000000000000000000000000000000000000000000000000000000000000000000000000000000000000000000000004165187a65f520
12605,0000000000000000000000000000000000000000000000000000000000000000000000000000000000000000000000000000000000000000002026437cce44a0
12615,0000000000000000000000000000000000000000000000000000000000000000000000000000000000000000000000000000000000000000001f6f1ace121200
12625,0000000000000000000000000000000000000000000000000000000000000000000000000000000000000000000000000000000000000000003051ed0366de20
12635,0000000000000000000000000000000000000000000000000000000000000000000000000000000000000000000000000000000000000000001861716f203a00
12645,0000000000000000000000000000000000000000000000000000000000000000000000000000000000000000000000000000000000000000003583b5bd7d4ca0
12655,00000000000000000000000000000000000000000000000000000000000000000000000000000000000000000000000000000000000000000029a7ea316f47c0
12665,00000000000000000000000000000000000000000000000000000000000000000000000000000000000000000000000000000000000000000018f35c654b2440
12675,00000000000000000000000000000000000000000000000000000000000000000000000000000000000000000000000000000000000000000039ad641d10be00
12685,0000000000000000000000000000000000000000000000000000000000000000000000000000000000000000000000000000000000000000001faf8c2257f8a0
12695,0000000000000000000000000000000000000000000000000000000000000000000000000000000000000000000000000000000000000000001273fd907400e0
12705,0000000000000000000000000000000000000000000000000000000000000000000000000000000000000000000000000000000000000000004cb82a85d1dd00
12715,0000000000000000000000000000000000000000000000000000000000000000000000000000000000000000000000000000000000000000003184b064e294e0
12725,0000000000000000000000000000000000000000000000000000000000000000000000000000000000000000000000000000000000000000002d9987d9b62880
12735,0000000000000000000000000000000000000000000000000000000000000000000000000000000000000000000000000000000000000000001bce798ca4f3e0
12745,0000000000000000000000000000000000000000000000000000000000000000000000000000000000000000000000000000000000000000002353cded5f2300
12755,000000000000000000000000000000000000000000000000000000000000000000000000000000000000000000000000000000000000000000207b69b2252260
12765,0000000000000000000000000000000000000000000000000000000000000000000000000000000000000000000000000000000000000000003024a523fdcec0
12775,000000000000000000000000000000000000000000000000000000000000000000000000000000000000000000000000000000000000000000259167957d7220
12785,0000000000000000000000000000000000000000000000000000000000000000000000000000000000000000000000000000000000000000002b6f7dff0b5500
12795,000000000000000000000000000000000000000000000000000000000000000000000000000000000000000000000000000000000000000000375d72800779c0
12805,0000000000000000000000000000000000000000000000000000000000000000000000000000000000000000000000000000000000000000002e04052b26c020
12815,0000000000000000000000000000000000000000000000000000000000000000000000000000000000000000000000000000000000000000001bc04534fc7100
12825,0000000000000000000000000000000000000000000000000000000000000000000000000000000000000000000000000000000000000000001cc652997b6b40
12835,000000000000000000000000000000000000000000000000000000000000000000000000000000000000000000000000000000000000000000390baaece2c800
12845,0000000000000000000000000000000000000000000000000000000000000000000000000000000000000000000000000000000000000000002c689815a4c800
12855,0000000000000000000000000000000000000000000000000000000000000000000000000000000000000000000000000000000000000000002b43c66e4c38a0
12865,00000000000000000000000000000000000000000000000000000000000000000000000000000000000000000000000000000000000000000062e68afd5925a0
12875,0000000000000000000000000000000000000000000000000000000000000000000000000000000000000000000000000000000000000000001c2d9d5ed95360
12885,0000000000000000000000000000000000000000000000000000000000000000000000000000000000000000000000000000000000000000002f385d2a110be0
12895,0000000000000000000000000000000000000000000000000000000000000000000000000000000000000000000000000000000000000000001cc2922394c0c0
12905,000000000000000000000000000000000000000000000000000000000000000000000000000000000000000000000000000000000000000000433fb7ee1bef80
12915,0000000000000000000000000000000000000000000000000000000000000000000000000000000000000000000000000000000000000000001aaea4e4f65840
12925,0000000000000000000000000000000000000000000000000000000000000000000000000000000000000000000000000000000000000000001e7e254a9d6320
12935,0000000000000000000000000000000000000000000000000000000000000000000000000000000000000000000000000000000000000000001783e307e6b100
12945,000000000000000000000000000000000000000000000000000000000000000000000000000000000000000000000000000000000000000000263d4a09e86f00
12955,0000000000000000000000000000000000000000000000000000000000000000000000000000000000000000000000000000000000000000002f185d49c2e280
12965,0000000000000000000000000000000000000000000000000000000000000000000000000000000000000000000000000000000000000000001db029f6086c20
12975,0000000000000000000000000000000000000000000000000000000000000000000000000000000000000000000000000000000000000000002376dfa615e260
12985,00000000000000000000000000000000000000000000000000000000000000000000000000000000000000000000000000000000000000000021bd767ee7eb80
12995,00000000000000000000000000000000000000000000000000000000000000000000000000000000000000000000000000000000000000000032fabcc1d5a060
13005,0000000000000000000000000000000000000000000000000000000000000000000000000000000000000000000000000000000000000000001719b0f184b8e0
13015,00000000000000000000000000000000000000000000000000000000000000000000000000000000000000000000000000000000000000000025ac2b7ffe8360
13025,0000000000000000000000000000000000000000000000000000000000000000000000000000000000000000000000000000000000000000001153d8102d4e00
13035,00000000000000000000000000000000000000000000000000000000000000000000000000000000000000000000000000000000000000000047d67c6db818e0
13045,00000000000000000000000000000000000000000000000000000000000000000000000000000000000000000000000000000000000000000021c7041bccf940
13055,00000000000000000000000000000000000000000000000000000000000000000000000000000000000000000000000000000000000000000013ca9083373600
13065,00000000000000000000000000000000000000000000000000000000000000000000000000000000000000000000000000000000000000000023ccdf02c09460
13075,00000000000000000000000000000000000000000000000000000000000000000000000000000000000000000000000000000000000000000013ce58be09a940
13085,00000000000000000000000000000000000000000000000000000000000000000000000000000000000000000000000000000000000000000019ef47858c9ee0
13095,0000000000000000000000000000000000000000000000000000000000000000000000000000000000000000000000000000000000000000001ffc3dffa32380
13105,000000000000000000000000000000000000000000000000000000000000000000000000000000000000000000000000000000000000000000218f0ac6f4fca0
13115,00000000000000000000000000000000000000000000000000000000000000000000000000000000000000000000000000000000000000000019c7626ab2f680
13125,0000000000000000000000000000000000000000000000000000000000000000000000000000000000000000000000000000000000000000002030824ae27580
13135,000000000000000000000000000000000000000000000000000000000000000000000000000000000000000000000000000000000000000000235fc262b84c80
13145,0000000000000000000000000000000000000000000000000000000000000000000000000000000000000000000000000000000000000000001a41b5e274d620
13155,0000000000000000000000000000000000000000000000000000000000000000000000000000000000000000000000000000000000000000001fb0b4e7304820
13165,0000000000000000000000000000000000000000000000000000000000000000000000000000000000000000000000000000000000000000001b2ae80dd1e4e0
13175,0000000000000000000000000000000000000000000000000000000000000000000000000000000000000000000000000000000000000000002811396a608ba0
13185,00000000000000000000000000000000000000000000000000000000000000000000000000000000000000000000000000000000000000000034ccd1361ef880
13195,0000000000000000000000000000000000000000000000000000000000000000000000000000000000000000000000000000000000000000002209055c46b220
13205,0000000000000000000000000000000000000000000000000000000000000000000000000000000000000000000000000000000000000000002a01518ddf37c0
13215,0000000000000000000000000000000000000000000000000000000000000000000000000000000000000000000000000000000000000000002952aa410674a0
13225,000000000000000000000000000000000000000000000000000000000000000000000000000000000000000000000000000000000000000000178b20cc561640
13235,0000000000000000000000000000000000000000000000000000000000000000000000000000000000000000000000000000000000000000000f5a5c8ada6ce0
13245,0000000000000000000000000000000000000000000000000000000000000000000000000000000000000000000000000000000000000000001f197bc9fe6be0
13255,0000000000000000000000000000000000000000000000000000000000000000000000000000000000000000000000000000000000000000002dd35df35a53a0
13265,0000000000000000000000000000000000000000000000000000000000000000000000000000000000000000000000000000000000000000002e26e87791db60
13275,0000000000000000000000000000000000000000000000000000000000000000000000000000000000000000000000000000000000000000003902bd012e0b40
13285,00000000000000000000000000000000000000000000000000000000000000000000000000000000000000000000000000000000000000000028218d1a81fba0
13295,00000000000000000000000000000000000000000000000000000000000000000000000000000000000000000000000000000000000000000029c381cd1d2900
13305,000000000000000000000000000000000000000000000000000000000000000000000000000000000000000000000000000000000000000000170bb4689d5fa0
13315,00000000000000000000000000000000000000000000000000000000000000000000000000000000000000000000000000000000000000000045d259691d0120
13325,0000000000000000000000000000000000000000000000000000000000000000000000000000000000000000000000000000000000000000001cd4a70eab9cc0
13335,0000000000000000000000000000000000000000000000000000000000000000000000000000000000000000000000000000000000000000002b46fa01c63a00
13345,0000000000000000000000000000000000000000000000000000000000000000000000000000000000000000000000000000000000000000001828a1cb91c1e0
13355,0000000000000000000000000000000000000000000000000000000000000000000000000000000000000000000000000000000000000000002e823afb432920
13365,0000000000000000000000000000000000000000000000000000000000000000000000000000000000000000000000000000000000000000002603725c932400
13375,0000000000000000000000000000000000000000000000000000000000000000000000000000000000000000000000000000000000000000004c76d858fd9320
13385,000000000000000000000000000000000000000000000000000000000000000000000000000000000000000000000000000000000000000000110aca778fa040
13395,0000000000000000000000000000000000000000000000000000000000000000000000000000000000000000000000000000000000000000002f8e6e1a6bc9c0
13405,0000000000000000000000000000000000000000000000000000000000000000000000000000000000000000000000000000000000000000000c8beb9db9b380
13415,000000000000000000000000000000000000000000000000000000000000000000000000000000000000000000000000000000000000000000236cd29ceaa5c0
13425,00000000000000000000000000000000000000000000000000000000000000000000000000000000000000000000000000000000000000000035329c4ccce160
13435,000000000000000000000000000000000000000000000000000000000000000000000000000000000000000000000000000000000000000000234a5d469f8420
13445,0000000000000000000000000000000000000000000000000000000000000000000000000000000000000000000000000000000000000000001de4d4decaaca0
13455,00000000000000000000000000000000000000000000000000000000000000000000000000000000000000000000000000000000000000000034e03b8394fb00
13465,0000000000000000000000000000000000000000000000000000000000000000000000000000000000000000000000000000000000000000001aaa22167f3c60
13475,0000000000000000000000000000000000000000000000000000000000000000000000000000000000000000000000000000000000000000001fa22e5e523b60
13485,000000000000000000000000000000000000000000000000000000000000000000000000000000000000000000000000000000000000000000366c89c17e3d60
13495,00000000000000000000000000000000000000000000000000000000000000000000000000000000000000000000000000000000000000000035bad4888b6580
13505,0000000000000000000000000000000000000000000000000000000000000000000000000000000000000000000000000000000000000000002461a0b3ce37c0
13515,0000000000000000000000000000000000000000000000000000000000000000000000000000000000000000000000000000000000000000003305e67c28c1c0
13525,0000000000000000000000000000000000000000000000000000000000000000000000000000000000000000000000000000000000000000001313a5ad146260
13535,0000000000000000000000000000000000000000000000000000000000000000000000000000000000000000000000000000000000000000001ce28e5c80b300
13545,0000000000000000000000000000000000000000000000000000000000000000000000000000000000000000000000000000000000000000002b525545eea260
13555,00000000000000000000000000000000000000000000000000000000000000000000000000000000000000000000000000000000000000000027f0c593f2d020
13565,0000000000000000000000000000000000000000000000000000000000000000000000000000000000000000000000000000000000000000003d56a7acadd8a0
13575,00000000000000000000000000000000000000000000000000000000000000000000000000000000000000000000000000000000000000000011366360ee5740
13585,00000000000000000000000000000000000000000000000000000000000000000000000000000000000000000000000000000000000000000029a739b17b2c60
13595,0000000000000000000000000000000000000000000000000000000000000000000000000000000000000000000000000000000000000000001ba32ead199840
13605,00000000000000000000000000000000000000000000000000000000000000000000000000000000000000000000000000000000000000000020871b80205380
13615,000000000000000000000000000000000000000000000000000000000000000000000000000000000000000000000000000000000000000000317f2f3ddf12a0
13625,0000000000000000000000000000000000000000000000000000000000000000000000000000000000000000000000000000000000000000001b01cc9a6f9c20
13635,00000000000000000000000000000000000000000000000000000000000000000000000000000000000000000000000000000000000000000026bb4e8b433e40
13645,0000000000000000000000000000000000000000000000000000000000000000000000000000000000000000000000000000000000000000001870efbcd9e380
13655,00000000000000000000000000000000000000000000000000000000000000000000000000000000000000000000000000000000000000000021ed022ceed580
13665,00000000000000000000000000000000000000000000000000000000000000000000000000000000000000000000000000000000000000000018bdba2dd4a180
13675,000000000000000000000000000000000000000000000000000000000000000000000000000000000000000000000000000000000000000000224ad4d7d776c0
13685,000000000000000000000000000000000000000000000000000000000000000000000000000000000000000000000000000000000000000000633bca28d5b740
13695,00000000000000000000000000000000000000000000000000000000000000000000000000000000000000000000000000000000000000000011be306b7900c0
13705,0000000000000000000000000000000000000000000000000000000000000000000000000000000000000000000000000000000000000000004baccc17d5fb20
13715,0000000000000000000000000000000000000000000000000000000000000000000000000000000000000000000000000000000000000000002ab19c01fe32a0
13725,00000000000000000000000000000000000000000000000000000000000000000000000000000000000000000000000000000000000000000021b94726929260
13735,000000000000000000000000000000000000000000000000000000000000000000000000000000000000000000000000000000000000000000250708e3bca300
13745,0000000000000000000000000000000000000000000000000000000000000000000000000000000000000000000000000000000000000000002135acd6d32f00
13755,0000000000000000000000000000000000000000000000000000000000000000000000000000000000000000000000000000000000000000001ea7cc82e28fa0
13765,0000000000000000000000000000000000000000000000000000000000000000000000000000000000000000000000000000000000000000001cd1aed3cb2580
13775,00000000000000000000000000000000000000000000000000000000000000000000000000000000000000000000000000000000000000000011303b7ee25fe0
13785,0000000000000000000000000000000000000000000000000000000000000000000000000000000000000000000000000000000000000000000f431f8c6b4920
13795,0000000000000000000000000000000000000000000000000000000000000000000000000000000000000000000000000000000000000000002e28bf3c5e7160
13805,00000000000000000000000000000000000000000000000000000000000000000000000000000000000000000000000000000000000000000021a7733b775520
13815,0000000000000000000000000000000000000000000000000000000000000000000000000000000000000000000000000000000000000000002aa546bde6a2c0
13825,0000000000000000000000000000000000000000000000000000000000000000000000000000000000000000000000000000000000000000002b577500a9f040
13835,00000000000000000000000000000000000000000000000000000000000000000000000000000000000000000000000000000000000000000020bd01d51c17e0
13845,0000000000000000000000000000000000000000000000000000000000000000000000000000000000000000000000000000000000000000002c8507ec57c880
13855,00000000000000000000000000000000000000000000000000000000000000000000000000000000000000000000000000000000000000000023988d4b336500
13865,00000000000000000000000000000000000000000000000000000000000000000000000000000000000000000000000000000000000000000025cd6baefc03c0
13875,0000000000000000000000000000000000000000000000000000000000000000000000000000000000000000000000000000000000000000003579ff8ce9bfc0
13885,0000000000000000000000000000000000000000000000000000000000000000000000000000000000000000000000000000000000000000002b0ae1de706480
13895,0000000000000000000000000000000000000000000000000000000000000000000000000000000000000000000000000000000000000000003ed1c73a846cc0
13905,0000000000000000000000000000000000000000000000000000000000000000000000000000000000000000000000000000000000000000000dd83c87553e40
13915,0000000000000000000000000000000000000000000000000000000000000000000000000000000000000000000000000000000000000000002fca23517984c0
13925,0000000000000000000000000000000000000000000000000000000000000000000000000000000000000000000000000000000000000000001e892e227c9460
13935,00000000000000000000000000000000000000000000000000000000000000000000000000000000000000000000000000000000000000000019a376634600a0
13945,0000000000000000000000000000000000000000000000000000000000000000000000000000000000000000000000000000000000000000003876df0a9ac0c0
13955,0000000000000000000000000000000000000000000000000000000000000000000000000000000000000000000000000000000000000000002191cd780071e0
13965,0000000000000000000000000000000000000000000000000000000000000000000000000000000000000000000000000000000000000000002d0e740a77b500
13975,00000000000000000000000000000000000000000000000000000000000000000000000000000000000000000000000000000000000000000025054695160e80
13985,00000000000000000000000000000000000000000000000000000000000000000000000000000000000000000000000000000000000000000033dfd2cfefbb80
13995,000000000000000000000000000000000000000000000000000000000000000000000000000000000000000000000000000000000000000000332d54170a7780
14005,0000000000000000000000000000000000000000000000000000000000000000000000000000000000000000000000000000000000000000001d06f9816ef0c0
14015,0000000000000000000000000000000000000000000000000000000000000000000000000000000000000000000000000000000000000000001746a095e00900
14025,0000000000000000000000000000000000000000000000000000000000000000000000000000000000000000000000000000000000000000002016cb918a5460
14035,0000000000000000000000000000000000000000000000000000000000000000000000000000000000000000000000000000000000000000001a6c15a48630e0
14045,0000000000000000000000000000000000000000000000000000000000000000000000000000000000000000000000000000000000000000002dc4b811e0d9c0
14055,00000000000000000000000000000000000000000000000000000000000000000000000000000000000000000000000000000000000000000038519c8344df00
14065,0000000000000000000000000000000000000000000000000000000000000000000000000000000000000000000000000000000000000000000deac7b75070e0
14075,000000000000000000000000000000000000000000000000000000000000000000000000000000000000000000000000000000000000000000211a87ec58a700
14085,00000000000000000000000000000000000000000000000000000000000000000000000000000000000000000000000000000000000000000024dbb98e0a31e0
14095,0000000000000000000000000000000000000000000000000000000000000000000000000000000000000000000000000000000000000000003232d41e12faa0
14105,00000000000000000000000000000000000000000000000000000000000000000000000000000000000000000000000000000000000000000015d2cbea01d080
14115,0000000000000000000000000000000000000000000000000000000000000000000000000000000000000000000000000000000000000000001f44bcb36310e0
14125,0000000000000000000000000000000000000000000000000000000000000000000000000000000000000000000000000000000000000000001858ea1715cee0
14135,0000000000000000000000000000000000000000000000000000000000000000000000000000000000000000000000000000000000000000002ac52c0a855b80
14145,0000000000000000000000000000000000000000000000000000000000000000000000000000000000000000000000000000000000000000002eaaaf474e3f20
14155,0000000000000000000000000000000000000000000000000000000000000000000000000000000000000000000000000000000000000000002d0d2bcf7a21c0
14165,00000000000000000000000000000000000000000000000000000000000000000000000000000000000000000000000000000000000000000054d9546fbd2300
14175,0000000000000000000000000000000000000000000000000000000000000000000000000000000000000000000000000000000000000000001046fe187261a0
14185,00000000000000000000000000000000000000000000000000000000000000000000000000000000000000000000000000000000000000000031792d20bcde80
14195,00000000000000000000000000000000000000000000000000000000000000000000000000000000000000000000000000000000000000000021e23668bcc1c0
14205,00000000000000000000000000000000000000000000000000000000000000000000000000000000000000000000000000000000000000000033796fb94c10a0
14215,0000000000000000000000000000000000000000000000000000000000000000000000000000000000000000000000000000000000000000001c0bb8612201a0
14225,0000000000000000000000000000000000000000000000000000000000000000000000000000000000000000000000000000000000000000003863cbf8328ec0
14235,0000000000000000000000000000000000000000000000000000000000000000000000000000000000000000000000000000000000000000001ac8c7b1f86c20
14245,00000000000000000000000000000000000000000000000000000000000000000000000000000000000000000000000000000000000000000028967626528220
14255,00000000000000000000000000000000000000000000000000000000000000000000000000000000000000000000000000000000000000000028122911b2dbc0
14265,0000000000000000000000000000000000000000000000000000000000000000000000000000000000000000000000000000000000000000001c63d9201e1b20
14275,00000000000000000000000000000000000000000000000000000000000000000000000000000000000000000000000000000000000000000028bb4ba3d71f40
14285,0000000000000000000000000000000000000000000000000000000000000000000000000000000000000000000000000000000000000000000e16f34807bc40
14295,00000000000000000000000000000000000000000000000000000000000000000000000000000000000000000000000000000000000000000025e96c40ca34e0
14305,0000000000000000000000000000000000000000000000000000000000000000000000000000000000000000000000000000000000000000001dfbcbf0efc1a0
14315,0000000000000000000000000000000000000000000000000000000000000000000000000000000000000000000000000000000000000000001f4042db12bce0
14325,000000000000000000000000000000000000000000000000000000000000000000000000000000000000000000000000000000000000000000105b3017160320
14335,00000000000000000000000000000000000000000000000000000000000000000000000000000000000000000000000000000000000000000054444766170980
14345,0000000000000000000000000000000000000000000000000000000000000000000000000000000000000000000000000000000000000000000ff2b1a7f92620
14355,0000000000000000000000000000000000000000000000000000000000000000000000000000000000000000000000000000000000000000002a98adb4e75520
14365,00000000000000000000000000000000000000000000000000000000000000000000000000000000000000000000000000000000000000000038677333073b40
14375,0000000000000000000000000000000000000000000000000000000000000000000000000000000000000000000000000000000000000000001ff424e2a4fc20
14385,0000000000000000000000000000000000000000000000000000000000000000000000000000000000000000000000000000000000000000002dfdc68e089fa0
14395,00000000000000000000000000000000000000000000000000000000000000000000000000000000000000000000000000000000000000000014dbdce6f43180
14405,000000000000000000000000000000000000000000000000000000000000000000000000000000000000000000000000000000000000000000228dc03fa3dea0
14415,0000000000000000000000000000000000000000000000000000000000000000000000000000000000000000000000000000000000000000003c6699bcdaca20
14425,000000000000000000000000000000000000000000000000000000000000000000000000000000000000000000000000000000000000000000157b1d4887df20
14435,00000000000000000000000000000000000000000000000000000000000000000000000000000000000000000000000000000000000000000020417d360c5200
14445,0000000000000000000000000000000000000000000000000000000000000000000000000000000000000000000000000000000000000000003f87b5fd0701a0
14455,00000000000000000000000000000000000000000000000000000000000000000000000000000000000000000000000000000000000000000013332679b9e0c0
14465,00000000000000000000000000000000000000000000000000000000000000000000000000000000000000000000000000000000000000000023f8aca72f6f00
14475,00000000000000000000000000000000000000000000000000000000000000000000000000000000000000000000000000000000000000000023a7ef18eefa20
14485,00000000000000000000000000000000000000000000000000000000000000000000000000000000000000000000000000000000000000000027e543d9a59cc0
14495,0000000000000000000000000000000000000000000000000000000000000000000000000000000000000000000000000000000000000000001db0b2b112e6c0
14505,0000000000000000000000000000000000000000000000000000000000000000000000000000000000000000000000000000000000000000004debab8ea34260
14515,0000000000000000000000000000000000000000000000000000000000000000000000000000000000000000000000000000000000000000003a986620ec1540
14525,0000000000000000000000000000000000000000000000000000000000000000000000000000000000000000000000000000000000000000002d3311d6c4ff20
14535,0000000000000000000000000000000000000000000000000000000000000000000000000000000000000000000000000000000000000000001c612c8c9b0100
14545,00000000000000000000000000000000000000000000000000000000000000000000000000000000000000000000000000000000000000000029f32b6770d3c0
14555,00000000000000000000000000000000000000000000000000000000000000000000000000000000000000000000000000000000000000000024f35733d54880
14565,00000000000000000000000000000000000000000000000000000000000000000000000000000000000000000000000000000000000000000016e634577305e0
14575,00000000000000000000000000000000000000000000000000000000000000000000000000000000000000000000000000000000000000000026851c5daf0c60
14585,0000000000000000000000000000000000000000000000000000000000000000000000000000000000000000000000000000000000000000003f3617d14bd6c0
14595,000000000000000000000000000000000000000000000000000000000000000000000000000000000000000000000000000000000000000000679a812c38c980
14605,000000000000000000000000000000000000000000000000000000000000000000000000000000000000000000000000000000000000000000109c12f52ce0c0
14615,0000000000000000000000000000000000000000000000000000000000000000000000000000000000000000000000000000000000000000002d146913e98fa0
14625,0000000000000000000000000000000000000000000000000000000000000000000000000000000000000000000000000000000000000000001a16ea79084640
14635,00000000000000000000000000000000000000000000000000000000000000000000000000000000000000000000000000000000000000000028039f30377ee0
14645,0000000000000000000000000000000000000000000000000000000000000000000000000000000000000000000000000000000000000000005b6d36d6e3a3c0
14655,0000000000000000000000000000000000000000000000000000000000000000000000000000000000000000000000000000000000000000002ee3a7399eec40
14665,00000000000000000000000000000000000000000000000000000000000000000000000000000000000000000000000000000000000000000036aa3d29a4ab40
14675,0000000000000000000000000000000000000000000000000000000000000000000000000000000000000000000000000000000000000000001ec4ea45d89ce0
14685,00000000000000000000000000000000000000000000000000000000000000000000000000000000000000000000000000000000000000000026aa9ef8b1d7e0
14695,000000000000000000000000000000000000000000000000000000000000000000000000000000000000000000000000000000000000000000218d983d3556e0
14705,000000000000000000000000000000000000000000000000000000000000000000000000000000000000000000000000000000000000000000230dd5683d84c0
14715,00000000000000000000000000000000000000000000000000000000000000000000000000000000000000000000000000000000000000000010744829165ee0
14725,00000000000000000000000000000000000000000000000000000000000000000000000000000000000000000000000000000000000000000024db7304365520
14735,000000000000000000000000000000000000000000000000000000000000000000000000000000000000000000000000000000000000000000195ca7fbbca480
14745,0000000000000000000000000000000000000000000000000000000000000000000000000000000000000000000000000000000000000000001e50eefee45fa0
14755,0000000000000000000000000000000000000000000000000000000000000000000000000000000000000000000000000000000000000000003acd509382ab40
14765,0000000000000000000000000000000000000000000000000000000000000000000000000000000000000000000000000000000000000000004a6bf5f260b960
14775,0000000000000000000000000000000000000000000000000000000000000000000000000000000000000000000000000000000000000000004093f7087d7700
14785,0000000000000000000000000000000000000000000000000000000000000000000000000000000000000000000000000000000000000000002094db890bc060
14795,00000000000000000000000000000000000000000000000000000000000000000000000000000000000000000000000000000000000000000050734d76b0d1a0
14805,000000000000000000000000000000000000000000000000000000000000000000000000000000000000000000000000000000000000000000201fc52e795b20
14815,00000000000000000000000000000000000000000000000000000000000000000000000000000000000000000000000000000000000000000018ab6dfdd53020
14825,000000000000000000000000000000000000000000000000000000000000000000000000000000000000000000000000000000000000000000160d3c8d742f60
14835,00000000000000000000000000000000000000000000000000000000000000000000000000000000000000000000000000000000000000000029285aba07b320
14845,00000000000000000000000000000000000000000000000000000000000000000000000000000000000000000000000000000000000000000025dcdda418f860
14855,00000000000000000000000000000000000000000000000000000000000000000000000000000000000000000000000000000000000000000017fa1309c891e0
14865,00000000000000000000000000000000000000000000000000000000000000000000000000000000000000000000000000000000000000000017efcff6c85be0
14875,00000000000000000000000000000000000000000000000000000000000000000000000000000000000000000000000000000000000000000015d57811362d00
14885,0000000000000000000000000000000000000000000000000000000000000000000000000000000000000000000000000000000000000000002890cda6b41cc0
14895,0000000000000000000000000000000000000000000000000000000000000000000000000000000000000000000000000000000000000000001f63eaf6358180
14905,0000000000000000000000000000000000000000000000000000000000000000000000000000000000000000000000000000000000000000002524d757e1dc00
14915,00000000000000000000000000000000000000000000000000000000000000000000000000000000000000000000000000000000000000000076878d5bfab9a0
14925,0000000000000000000000000000000000000000000000000000000000000000000000000000000000000000000000000000000000000000001ea8e9a0593200
14935,000000000000000000000000000000000000000000000000000000000000000000000000000000000000000000000000000000000000000000222b3e815ace60
14945,000000000000000000000000000000000000000000000000000000000000000000000000000000000000000000000000000000000000000000188b10d8a100e0
14955,0000000000000000000000000000000000000000000000000000000000000000000000000000000000000000000000000000000000000000002794ca4187f600
14965,000000000000000000000000000000000000000000000000000000000000000000000000000000000000000000000000000000000000000000317693efae9d60
14975,00000000000000000000000000000000000000000000000000000000000000000000000000000000000000000000000000000000000000000027bef8039caf40
14985,0000000000000000000000000000000000000000000000000000000000000000000000000000000000000000000000000000000000000000002622299f6d9960
14995,000000000000000000000000000000000000000000000000000000000000000000000000000000000000000000000000000000000000000000209c55b9c5d840
15005,0000000000000000000000000000000000000000000000000000000000000000000000000000000000000000000000000000000000000000001941a9113f8d00
15015,0000000000000000000000000000000000000000000000000000000000000000000000000000000000000000000000000000000000000000001a80110f7c44c0
15025,00000000000000000000000000000000000000000000000000000000000000000000000000000000000000000000000000000000000000000034fd061f2e2c80
15035,00000000000000000000000000000000000000000000000000000000000000000000000000000000000000000000000000000000000000000043012f411791c0
15045,00000000000000000000000000000000000000000000000000000000000000000000000000000000000000000000000000000000000000000030cf141881d400
15055,0000000000000000000000000000000000000000000000000000000000000000000000000000000000000000000000000000000000000000001bcf38e5359900
15065,000000000000000000000000000000000000000000000000000000000000000000000000000000000000000000000000000000000000000000256680fad7a3a0
15075,0000000000000000000000000000000000000000000000000000000000000000000000000000000000000000000000000000000000000000002792d5690c2bc0
15085,0000000000000000000000000000000000000000000000000000000000000000000000000000000000000000000000000000000000000000001a9900f0444220
15095,0000000000000000000000000000000000000000000000000000000000000000000000000000000000000000000000000000000000000000001c8b4d6c3a7120
15105,0000000000000000000000000000000000000000000000000000000000000000000000000000000000000000000000000000000000000000001f173d404c8520
15115,000000000000000000000000000000000000000000000000000000000000000000000000000000000000000000000000000000000000000000308855c4a89da0
15125,00000000000000000000000000000000000000000000000000000000000000000000000000000000000000000000000000000000000000000060513629e91fe0
15135,000000000000000000000000000000000000000000000000000000000000000000000000000000000000000000000000000000000000000000341cadcbd5f9c0
15145,000000000000000000000000000000000000000000000000000000000000000000000000000000000000000000000000000000000000000000407636d94396a0
15155,0000000000000000000000000000000000000000000000000000000000000000000000000000000000000000000000000000000000000000002f12dd4a21c280
15165,0000000000000000000000000000000000000000000000000000000000000000000000000000000000000000000000000000000000000000002bd94fa9250780
15175,00000000000000000000000000000000000000000000000000000000000000000000000000000000000000000000000000000000000000000021ba9030550400
15185,0000000000000000000000000000000000000000000000000000000000000000000000000000000000000000000000000000000000000000003710348f148420
15195,0000000000000000000000000000000000000000000000000000000000000000000000000000000000000000000000000000000000000000003912116c745fe0
15205,00000000000000000000000000000000000000000000000000000000000000000000000000000000000000000000000000000000000000000027d37c299d3dc0
15215,00000000000000000000000000000000000000000000000000000000000000000000000000000000000000000000000000000000000000000026918221c57fa0
15225,0000000000000000000000000000000000000000000000000000000000000000000000000000000000000000000000000000000000000000002c7a5f28235900
15235,0000000000000000000000000000000000000000000000000000000000000000000000000000000000000000000000000000000000000000002c15a89162ce80
15245,00000000000000000000000000000000000000000000000000000000000000000000000000000000000000000000000000000000000000000032529fc350f7c0
15255,000000000000000000000000000000000000000000000000000000000000000000000000000000000000000000000000000000000000000000296aaaa1de9560
15265,0000000000000000000000000000000000000000000000000000000000000000000000000000000000000000000000000000000000000000002336a751cc2480
15275,00000000000000000000000000000000000000000000000000000000000000000000000000000000000000000000000000000000000000000037e074c5f87e40
15285,0000000000000000000000000000000000000000000000000000000000000000000000000000000000000000000000000000000000000000002d11e314151720
15295,0000000000000000000000000000000000000000000000000000000000000000000000000000000000000000000000000000000000000000003258a46a4b9da0
15305,0000000000000000000000000000000000000000000000000000000000000000000000000000000000000000000000000000000000000000002785d8aed88220
15315,00000000000000000000000000000000000000000000000000000000000000000000000000000000000000000000000000000000000000000022cbb6bb770280
15325,00000000000000000000000000000000000000000000000000000000000000000000000000000000000000000000000000000000000000000016e982cd615ee0
15335,0000000000000000000000000000000000000000000000000000000000000000000000000000000000000000000000000000000000000000002907539eb79540
15345,000000000000000000000000000000000000000000000000000000000000000000000000000000000000000000000000000000000000000000244edb664d1700
15355,0000000000000000000000000000000000000000000000000000000000000000000000000000000000000000000000000000000000000000002411effe192f20
15365,00000000000000000000000000000000000000000000000000000000000000000000000000000000000000000000000000000000000000000032a67696484780
15375,000000000000000000000000000000000000000000000000000000000000000000000000000000000000000000000000000000000000000000218190be04d840
15385,000000000000000000000000000000000000000000000000000000000000000000000000000000000000000000000000000000000000000000152d4bb03c6660
15395,000000000000000000000000000000000000000000000000000000000000000000000000000000000000000000000000000000000000000000355b808ef7ce80
15405,0000000000000000000000000000000000000000000000000000000000000000000000000000000000000000000000000000000000000000002cdd3bd2b50dc0
15415,0000000000000000000000000000000000000000000000000000000000000000000000000000000000000000000000000000000000000000001c8d1b44b8dc20
15425,0000000000000000000000000000000000000000000000000000000000000000000000000000000000000000000000000000000000000000002758f94f686820
15435,0000000000000000000000000000000000000000000000000000000000000000000000000000000000000000000000000000000000000000002a62d4b8883460
15445,000000000000000000000000000000000000000000000000000000000000000000000000000000000000000000000000000000000000000000483946535ec2a0
15455,0000000000000000000000000000000000000000000000000000000000000000000000000000000000000000000000000000000000000000003936346a050420
15465,0000000000000000000000000000000000000000000000000000000000000000000000000000000000000000000000000000000000000000001934b4570b5960
15475,0000000000000000000000000000000000000000000000000000000000000000000000000000000000000000000000000000000000000000001c4a56a1d62640
15485,00000000000000000000000000000000000000000000000000000000000000000000000000000000000000000000000000000000000000000017b406facfa720
15495,00000000000000000000000000000000000000000000000000000000000000000000000000000000000000000000000000000000000000000031da5841932c40
15505,00000000000000000000000000000000000000000000000000000000000000000000000000000000000000000000000000000000000000000029824033f8fc40
15515,0000000000000000000000000000000000000000000000000000000000000000000000000000000000000000000000000000000000000000002492714e0e01c0
15525,00000000000000000000000000000000000000000000000000000000000000000000000000000000000000000000000000000000000000000043c004b43baee0
15535,00000000000000000000000000000000000000000000000000000000000000000000000000000000000000000000000000000000000000000026ed8a56a5a2e0
15545,0000000000000000000000000000000000000000000000000000000000000000000000000000000000000000000000000000000000000000004b1ee2a165f700
15555,00000000000000000000000000000000000000000000000000000000000000000000000000000000000000000000000000000000000000000013cfef02da97e0
15565,000000000000000000000000000000000000000000000000000000000000000000000000000000000000000000000000000000000000000000262b8959df9740
15575,0000000000000000000000000000000000000000000000000000000000000000000000000000000000000000000000000000000000000000001866d6789bc8a0
15585,000000000000000000000000000000000000000000000000000000000000000000000000000000000000000000000000000000000000000000234207bd56aa20
15595,00000000000000000000000000000000000000000000000000000000000000000000000000000000000000000000000000000000000000000039359efdc050c0
15605,000000000000000000000000000000000000000000000000000000000000000000000000000000000000000000000000000000000000000000134be81f714a60
15615,00000000000000000000000000000000000000000000000000000000000000000000000000000000000000000000000000000000000000000019c11012827920
15625,0000000000000000000000000000000000000000000000000000000000000000000000000000000000000000000000000000000000000000001fb87cb56efdc0
15635,00000000000000000000000000000000000000000000000000000000000000000000000000000000000000000000000000000000000000000024cdab22ade5c0
15645,0000000000000000000000000000000000000000000000000000000000000000000000000000000000000000000000000000000000000000002a38e9766f0000
15655,000000000000000000000000000000000000000000000000000000000000000000000000000000000000000000000000000000000000000000357a695ba78ae0
15665,00000000000000000000000000000000000000000000000000000000000000000000000000000000000000000000000000000000000000000010790d7788ffa0
15675,00000000000000000000000000000000000000000000000000000000000000000000000000000000000000000000000000000000000000000013358dc8555700
15685,0000000000000000000000000000000000000000000000000000000000000000000000000000000000000000000000000000000000000000002de008a3bae6e0
15695,0000000000000000000000000000000000000000000000000000000000000000000000000000000000000000000000000000000000000000003b1d11044a55c0
15705,0000000000000000000000000000000000000000000000000000000000000000000000000000000000000000000000000000000000000000002123386bc2c260
15715,000000000000000000000000000000000000000000000000000000000000000000000000000000000000000000000000000000000000000000156297367dace0
15725,00000000000000000000000000000000000000000000000000000000000000000000000000000000000000000000000000000000000000000031f63a3fb231c0
15735,0000000000000000000000000000000000000000000000000000000000000000000000000000000000000000000000000000000000000000003b41ae9583f2a0
15745,000000000000000000000000000000000000000000000000000000000000000000000000000000000000000000000000000000000000000000391a67d8335200
15755,000000000000000000000000000000000000000000000000000000000000000000000000000000000000000000000000000000000000000000245fb5ef02fac0
15765,0000000000000000000000000000000000000000000000000000000000000000000000000000000000000000000000000000000000000000001e001ea1e042e0
15775,0000000000000000000000000000000000000000000000000000000000000000000000000000000000000000000000000000000000000000001a48dd4e483300
15785,0000000000000000000000000000000000000000000000000000000000000000000000000000000000000000000000000000000000000000001b2a805c9dcde0
15795,00000000000000000000000000000000000000000000000000000000000000000000000000000000000000000000000000000000000000000039a1bf1dd99c40
15805,00000000000000000000000000000000000000000000000000000000000000000000000000000000000000000000000000000000000000000023ca0bb42c6520
15815,0000000000000000000000000000000000000000000000000000000000000000000000000000000000000000000000000000000000000000002c6f5e5a1c3aa0
15825,000000000000000000000000000000000000000000000000000000000000000000000000000000000000000000000000000000000000000000217814efe383a0
15835,000000000000000000000000000000000000000000000000000000000000000000000000000000000000000000000000000000000000000000175119d03f0f00
15845,00000000000000000000000000000000000000000000000000000000000000000000000000000000000000000000000000000000000000000028dde5fa1fc2a0
15855,0000000000000000000000000000000000000000000000000000000000000000000000000000000000000000000000000000000000000000004198da147301e0
15865,0000000000000000000000000000000000000000000000000000000000000000000000000000000000000000000000000000000000000000002645a61d0975c0
15875,000000000000000000000000000000000000000000000000000000000000000000000000000000000000000000000000000000000000000000324e57eafd4540
15885,000000000000000000000000000000000000000000000000000000000000000000000000000000000000000000000000000000000000000000151b4758d5a780
15895,000000000000000000000000000000000000000000000000000000000000000000000000000000000000000000000000000000000000000000208d829d3bb960
15905,0000000000000000000000000000000000000000000000000000000000000000000000000000000000000000000000000000000000000000000f8c0f9159ba00
15915,0000000000000000000000000000000000000000000000000000000000000000000000000000000000000000000000000000000000000000002610bfef5ee4e0
15925,000000000000000000000000000000000000000000000000000000000000000000000000000000000000000000000000000000000000000000397b5d790d3aa0
15935,0000000000000000000000000000000000000000000000000000000000000000000000000000000000000000000000000000000000000000002ac7966cd1d7c0
15945,0000000000000000000000000000000000000000000000000000000000000000000000000000000000000000000000000000000000000000001d42cbb87ab780
15955,00000000000000000000000000000000000000000000000000000000000000000000000000000000000000000000000000000000000000000019283a92f63f20
15965,000000000000000000000000000000000000000000000000000000000000000000000000000000000000000000000000000000000000000000241e6d5fb7e3a0
15975,00000000000000000000000000000000000000000000000000000000000000000000000000000000000000000000000000000000000000000018261d245abc00
15985,0000000000000000000000000000000000000000000000000000000000000000000000000000000000000000000000000000000000000000001c6ad87842f040
15995,0000000000000000000000000000000000000000000000000000000000000000000000000000000000000000000000000000000000000000001dad89c4faa3c0
16005,00000000000000000000000000000000000000000000000000000000000000000000000000000000000000000000000000000000000000000025a9a16c791620
16015,000000000000000000000000000000000000000000000000000000000000000000000000000000000000000000000000000000000000000000349ebe1bafe9a0
16025,000000000000000000000000000000000000000000000000000000000000000000000000000000000000000000000000000000000000000000380fa7ea2cc200
16035,000000000000000000000000000000000000000000000000000000000000000000000000000000000000000000000000000000000000000000419885cf8c60c0
16045,00000000000000000000000000000000000000000000000000000000000000000000000000000000000000000000000000000000000000000027f62a9395c1e0
16055,00000000000000000000000000000000000000000000000000000000000000000000000000000000000000000000000000000000000000000034be25236ad5c0
16065,0000000000000000000000000000000000000000000000000000000000000000000000000000000000000000000000000000000000000000002509d1e38c97c0
16075,0000000000000000000000000000000000000000000000000000000000000000000000000000000000000000000000000000000000000000002e0b1fbe5d70c0
16085,0000000000000000000000000000000000000000000000000000000000000000000000000000000000000000000000000000000000000000002c253cb7b88900
16095,0000000000000000000000000000000000000000000000000000000000000000000000000000000000000000000000000000000000000000001dfa2404bd8d60
16105,0000000000000000000000000000000000000000000000000000000000000000000000000000000000000000000000000000000000000000002459f38cf02c80
16115,00000000000000000000000000000000000000000000000000000000000000000000000000000000000000000000000000000000000000000038b4cbcb5adb40
16125,000000000000000000000000000000000000000000000000000000000000000000000000000000000000000000000000000000000000000000333259343db7e0
16135,0000000000000000000000000000000000000000000000000000000000000000000000000000000000000000000000000000000000000000001b8ececc02e6e0
16145,0000000000000000000000000000000000000000000000000000000000000000000000000000000000000000000000000000000000000000002b5beec5490a80
16155,0000000000000000000000000000000000000000000000000000000000000000000000000000000000000000000000000000000000000000003504aa7747e360
16165,000000000000000000000000000000000000000000000000000000000000000000000000000000000000000000000000000000000000000000218ae05aee1380
16175,00000000000000000000000000000000000000000000000000000000000000000000000000000000000000000000000000000000000000000022007649291b20
16185,000000000000000000000000000000000000000000000000000000000000000000000000000000000000000000000000000000000000000000161f040c417e00
16195,000000000000000000000000000000000000000000000000000000000000000000000000000000000000000000000000000000000000000000276bf9a6be2c00
16205,00000000000000000000000000000000000000000000000000000000000000000000000000000000000000000000000000000000000000000015be699c9c8400
16215,00000000000000000000000000000000000000000000000000000000000000000000000000000000000000000000000000000000000000000018204bdfd2c720
16225,00000000000000000000000000000000000000000000000000000000000000000000000000000000000000000000000000000000000000000015c6ec88587680
16235,0000000000000000000000000000000000000000000000000000000000000000000000000000000000000000000000000000000000000000002e286b3c641a60
16245,0000000000000000000000000000000000000000000000000000000000000000000000000000000000000000000000000000000000000000001757d532411600
16255,00000000000000000000000000000000000000000000000000000000000000000000000000000000000000000000000000000000000000000023ffa94e195ee0
16265,000000000000000000000000000000000000000000000000000000000000000000000000000000000000000000000000000000000000000000114024af0afd00
16275,0000000000000000000000000000000000000000000000000000000000000000000000000000000000000000000000000000000000000000000b36c4dc1907c0
16285,0000000000000000000000000000000000000000000000000000000000000000000000000000000000000000000000000000000000000000002322ecb5969f00
16295,000000000000000000000000000000000000000000000000000000000000000000000000000000000000000000000000000000000000000000205524486a8b00
16305,0000000000000000000000000000000000000000000000000000000000000000000000000000000000000000000000000000000000000000004b5a5058788360
16315,0000000000000000000000000000000000000000000000000000000000000000000000000000000000000000000000000000000000000000002e16ea29e0d1e0
16325,0000000000000000000000000000000000000000000000000000000000000000000000000000000000000000000000000000000000000000001b249a846600e0
16335,0000000000000000000000000000000000000000000000000000000000000000000000000000000000000000000000000000000000000000003dc8f0a4fa6d60
16345,0000000000000000000000000000000000000000000000000000000000000000000000000000000000000000000000000000000000000000001ee634e1242e60
16355,00000000000000000000000000000000000000000000000000000000000000000000000000000000000000000000000000000000000000000026c1d480fa19e0
16365,00000000000000000000000000000000000000000000000000000000000000000000000000000000000000000000000000000000000000000021f555dd9a4580
16375,0000000000000000000000000000000000000000000000000000000000000000000000000000000000000000000000000000000000000000001668a2aeae0360
16385,0000000000000000000000000000000000000000000000000000000000000000000000000000000000000000000000000000000000000000001bcf83aa1cde00
16395,0000000000000000000000000000000000000000000000000000000000000000000000000000000000000000000000000000000000000000002175b1a147c860
16405,0000000000000000000000000000000000000000000000000000000000000000000000000000000000000000000000000000000000000000001e671424c8d4e0
16415,00000000000000000000000000000000000000000000000000000000000000000000000000000000000000000000000000000000000000000022ce902794a0e0
16425,00000000000000000000000000000000000000000000000000000000000000000000000000000000000000000000000000000000000000000035c9984c790340
16435,0000000000000000000000000000000000000000000000000000000000000000000000000000000000000000000000000000000000000000003f09b3a30e8360
16445,000000000000000000000000000000000000000000000000000000000000000000000000000000000000000000000000000000000000000000273fff9fdc27a0
16455,0000000000000000000000000000000000000000000000000000000000000000000000000000000000000000000000000000000000000000001dcc9b11a7a580
16465,000000000000000000000000000000000000000000000000000000000000000000000000000000000000000000000000000000000000000000257aed65c61a40
16475,00000000000000000000000000000000000000000000000000000000000000000000000000000000000000000000000000000000000000000025ab6b9d954a00
16485,0000000000000000000000000000000000000000000000000000000000000000000000000000000000000000000000000000000000000000002e1e223d1585a0
16495,00000000000000000000000000000000000000000000000000000000000000000000000000000000000000000000000000000000000000000032c43b3ba93d60
16505,0000000000000000000000000000000000000000000000000000000000000000000000000000000000000000000000000000000000000000001e90b4d335d4a0
16515,0000000000000000000000000000000000000000000000000000000000000000000000000000000000000000000000000000000000000000001d78a9488ac460
16525,000000000000000000000000000000000000000000000000000000000000000000000000000000000000000000000000000000000000000000247bfc9e564b00
16535,00000000000000000000000000000000000000000000000000000000000000000000000000000000000000000000000000000000000000000025d55bae7317c0
16545,000000000000000000000000000000000000000000000000000000000000000000000000000000000000000000000000000000000000000000421f2050531480
16555,000000000000000000000000000000000000000000000000000000000000000000000000000000000000000000000000000000000000000000107028295d86e0
16565,0000000000000000000000000000000000000000000000000000000000000000000000000000000000000000000000000000000000000000002b816991877060
16575,00000000000000000000000000000000000000000000000000000000000000000000000000000000000000000000000000000000000000000032caf689fa0aa0
16585,000000000000000000000000000000000000000000000000000000000000000000000000000000000000000000000000000000000000000000301207af178880
16595,00000000000000000000000000000000000000000000000000000000000000000000000000000000000000000000000000000000000000000037fe5bd7a5e740
16605,0000000000000000000000000000000000000000000000000000000000000000000000000000000000000000000000000000000000000000001fe110a8da67e0
16615,0000000000000000000000000000000000000000000000000000000000000000000000000000000000000000000000000000000000000000002c557516eee3c0
16625,0000000000000000000000000000000000000000000000000000000000000000000000000000000000000000000000000000000000000000001a29146df654e0
16635,0000000000000000000000000000000000000000000000000000000000000000000000000000000000000000000000000000000000000000003e2998284fc0e0
16645,0000000000000000000000000000000000000000000000000000000000000000000000000000000000000000000000000000000000000000002b84bb69ebb660
16655,0000000000000000000000000000000000000000000000000000000000000000000000000000000000000000000000000000000000000000002b3b4029f2f600
16665,0000000000000000000000000000000000000000000000000000000000000000000000000000000000000000000000000000000000000000003271e80ffa44c0
16675,000000000000000000000000000000000000000000000000000000000000000000000000000000000000000000000000000000000000000000305a5202d60fe0
16685,0000000000000000000000000000000000000000000000000000000000000000000000000000000000000000000000000000000000000000000df8adb660b160
16695,00000000000000000000000000000000000000000000000000000000000000000000000000000000000000000000000000000000000000000016ab85653fed80
16705,0000000000000000000000000000000000000000000000000000000000000000000000000000000000000000000000000000000000000000002d593536a94420
16715,00000000000000000000000000000000000000000000000000000000000000000000000000000000000000000000000000000000000000000027b96ed2c11a20
16725,00000000000000000000000000000000000000000000000000000000000000000000000000000000000000000000000000000000000000000035f7cd7a970160
16735,0000000000000000000000000000000000000000000000000000000000000000000000000000000000000000000000000000000000000000003c80f3d89e1040
16745,00000000000000000000000000000000000000000000000000000000000000000000000000000000000000000000000000000000000000000035e4704aa9f540
16755,0000000000000000000000000000000000000000000000000000000000000000000000000000000000000000000000000000000000000000002ca7f14c73b600
16765,0000000000000000000000000000000000000000000000000000000000000000000000000000000000000000000000000000000000000000002c833e3b3b8c00
16775,0000000000000000000000000000000000000000000000000000000000000000000000000000000000000000000000000000000000000000001c1269f45fc580
16785,0000000000000000000000000000000000000000000000000000000000000000000000000000000000000000000000000000000000000000001e13002a732de0
16795,00000000000000000000000000000000000000000000000000000000000000000000000000000000000000000000000000000000000000000052e1ddf4200880
16805,000000000000000000000000000000000000000000000000000000000000000000000000000000000000000000000000000000000000000000428734d3284fc0
16815,00000000000000000000000000000000000000000000000000000000000000000000000000000000000000000000000000000000000000000048f3f7a9407620
16825,0000000000000000000000000000000000000000000000000000000000000000000000000000000000000000000000000000000000000000002a5bd2a54fdd20
16835,0000000000000000000000000000000000000000000000000000000000000000000000000000000000000000000000000000000000000000004f765c5680fe80
16845,0000000000000000000000000000000000000000000000000000000000000000000000000000000000000000000000000000000000000000002c11cb3907eee0
16855,0000000000000000000000000000000000000000000000000000000000000000000000000000000000000000000000000000000000000000001da1cf0ab147a0
16865,0000000000000000000000000000000000000000000000000000000000000000000000000000000000000000000000000000000000000000005026675e557a80
16875,0000000000000000000000000000000000000000000000000000000000000000000000000000000000000000000000000000000000000000002df20e8ed2c5a0
16885,0000000000000000000000000000000000000000000000000000000000000000000000000000000000000000000000000000000000000000002300859a5e3920
16895,000000000000000000000000000000000000000000000000000000000000000000000000000000000000000000000000000000000000000000129152bfb51700
16905,0000000000000000000000000000000000000000000000000000000000000000000000000000000000000000000000000000000000000000003377d4f47b6fa0
16915,00000000000000000000000000000000000000000000000000000000000000000000000000000000000000000000000000000000000000000021a5971434f4a0
16925,000000000000000000000000000000000000000000000000000000000000000000000000000000000000000000000000000000000000000000147db428602200
16935,0000000000000000000000000000000000000000000000000000000000000000000000000000000000000000000000000000000000000000003c9f0474214a40
16945,00000000000000000000000000000000000000000000000000000000000000000000000000000000000000000000000000000000000000000030e2519735ef20
16955,00000000000000000000000000000000000000000000000000000000000000000000000000000000000000000000000000000000000000000029eadc8589fd20
16965,00000000000000000000000000000000000000000000000000000000000000000000000000000000000000000000000000000000000000000019f5678522f6e0
16975,000000000000000000000000000000000000000000000000000000000000000000000000000000000000000000000000000000000000000000318ffd506e6ae0
16985,0000000000000000000000000000000000000000000000000000000000000000000000000000000000000000000000000000000000000000001ae7ebc39078e0
16995,0000000000000000000000000000000000000000000000000000000000000000000000000000000000000000000000000000000000000000002842bb70e32600
17005,00000000000000000000000000000000000000000000000000000000000000000000000000000000000000000000000000000000000000000029eb58ca6dec40
17015,0000000000000000000000000000000000000000000000000000000000000000000000000000000000000000000000000000000000000000002cb324558b2320
17025,000000000000000000000000000000000000000000000000000000000000000000000000000000000000000000000000000000000000000000375daed8a0f2a0
17035,0000000000000000000000000000000000000000000000000000000000000000000000000000000000000000000000000000000000000000001f58d96d1bd280
17045,00000000000000000000000000000000000000000000000000000000000000000000000000000000000000000000000000000000000000000025a305144d9540
17055,00000000000000000000000000000000000000000000000000000000000000000000000000000000000000000000000000000000000000000030a6dee023b900
17065,0000000000000000000000000000000000000000000000000000000000000000000000000000000000000000000000000000000000000000001ccf7718ddb5a0
17075,0000000000000000000000000000000000000000000000000000000000000000000000000000000000000000000000000000000000000000001d9152b3301ec0
17085,000000000000000000000000000000000000000000000000000000000000000000000000000000000000000000000000000000000000000000252c355762c680
17095,0000000000000000000000000000000000000000000000000000000000000000000000000000000000000000000000000000000000000000002d26b2579a6e80
17105,000000000000000000000000000000000000000000000000000000000000000000000000000000000000000000000000000000000000000000120ed8b4ce95c0
17115,0000000000000000000000000000000000000000000000000000000000000000000000000000000000000000000000000000000000000000001781d156cf4e80
17125,0000000000000000000000000000000000000000000000000000000000000000000000000000000000000000000000000000000000000000002cbf1f85f789c0
17135,0000000000000000000000000000000000000000000000000000000000000000000000000000000000000000000000000000000000000000001b379b65945900
17145,00000000000000000000000000000000000000000000000000000000000000000000000000000000000000000000000000000000000000000028396305359660
17155,000000000000000000000000000000000000000000000000000000000000000000000000000000000000000000000000000000000000000000284f1c0d977c00
17165,00000000000000000000000000000000000000000000000000000000000000000000000000000000000000000000000000000000000000000035d583fce67540
17175,0000000000000000000000000000000000000000000000000000000000000000000000000000000000000000000000000000000000000000001981c0f93cb540
17185,0000000000000000000000000000000000000000000000000000000000000000000000000000000000000000000000000000000000000000002d7b5f96d21060
17195,00000000000000000000000000000000000000000000000000000000000000000000000000000000000000000000000000000000000000000029cdabe9f7ab20
17205,0000000000000000000000000000000000000000000000000000000000000000000000000000000000000000000000000000000000000000004ff5f1754aa7c0
17215,0000000000000000000000000000000000000000000000000000000000000000000000000000000000000000000000000000000000000000001d6ad3fab477a0
17225,0000000000000000000000000000000000000000000000000000000000000000000000000000000000000000000000000000000000000000002b1ac284c0f760
17235,00000000000000000000000000000000000000000000000000000000000000000000000000000000000000000000000000000000000000000032d4e54e3b02a0
17245,00000000000000000000000000000000000000000000000000000000000000000000000000000000000000000000000000000000000000000026d53f7fab2420
17255,00000000000000000000000000000000000000000000000000000000000000000000000000000000000000000000000000000000000000000020a802ea378060
17265,0000000000000000000000000000000000000000000000000000000000000000000000000000000000000000000000000000000000000000003c5a914782f9a0
17275,0000000000000000000000000000000000000000000000000000000000000000000000000000000000000000000000000000000000000000001d7c1c5227e180
17285,00000000000000000000000000000000000000000000000000000000000000000000000000000000000000000000000000000000000000000017a3df40d2a340
17295,000000000000000000000000000000000000000000000000000000000000000000000000000000000000000000000000000000000000000000149849441f6e60
17305,0000000000000000000000000000000000000000000000000000000000000000000000000000000000000000000000000000000000000000001de1ad86638980
17315,00000000000000000000000000000000000000000000000000000000000000000000000000000000000000000000000000000000000000000024a504af43bac0
17325,0000000000000000000000000000000000000000000000000000000000000000000000000000000000000000000000000000000000000000004cb8af2352c600
17335,0000000000000000000000000000000000000000000000000000000000000000000000000000000000000000000000000000000000000000002882a727a834e0
17345,0000000000000000000000000000000000000000000000000000000000000000000000000000000000000000000000000000000000000000001e33f294899d00
17355,00000000000000000000000000000000000000000000000000000000000000000000000000000000000000000000000000000000000000000025a252d945e680
17365,0000000000000000000000000000000000000000000000000000000000000000000000000000000000000000000000000000000000000000002cab3e874e7300
17375,00000000000000000000000000000000000000000000000000000000000000000000000000000000000000000000000000000000000000000031dee67c584800
17385,0000000000000000000000000000000000000000000000000000000000000000000000000000000000000000000000000000000000000000001ed2b2bb123d60
17395,00000000000000000000000000000000000000000000000000000000000000000000000000000000000000000000000000000000000000000026b07e0bfdcae0
17405,0000000000000000000000000000000000000000000000000000000000000000000000000000000000000000000000000000000000000000001eb505da9bfc40
17415,0000000000000000000000000000000000000000000000000000000000000000000000000000000000000000000000000000000000000000003771caa60aff40
17425,00000000000000000000000000000000000000000000000000000000000000000000000000000000000000000000000000000000000000000021c5a5e0d0e180
17435,0000000000000000000000000000000000000000000000000000000000000000000000000000000000000000000000000000000000000000002b55e53bd89180
17445,0000000000000000000000000000000000000000000000000000000000000000000000000000000000000000000000000000000000000000003f2efed1c64600
17455,000000000000000000000000000000000000000000000000000000000000000000000000000000000000000000000000000000000000000000327edefb696640
17465,00000000000000000000000000000000000000000000000000000000000000000000000000000000000000000000000000000000000000000022c8dbe30ab7c0
17475,00000000000000000000000000000000000000000000000000000000000000000000000000000000000000000000000000000000000000000015c492e11e8ae0
17485,000000000000000000000000000000000000000000000000000000000000000000000000000000000000000000000000000000000000000000252ff0cd49c740
17495,00000000000000000000000000000000000000000000000000000000000000000000000000000000000000000000000000000000000000000042523b87f53000
17505,0000000000000000000000000000000000000000000000000000000000000000000000000000000000000000000000000000000000000000002f54a88a9f1ee0
17515,000000000000000000000000000000000000000000000000000000000000000000000000000000000000000000000000000000000000000000271dd38e7864e0
17525,00000000000000000000000000000000000000000000000000000000000000000000000000000000000000000000000000000000000000000018432167528120
17535,000000000000000000000000000000000000000000000000000000000000000000000000000000000000000000000000000000000000000000326ea48659f440
17545,00000000000000000000000000000000000000000000000000000000000000000000000000000000000000000000000000000000000000000011052c9f52f940
17555,0000000000000000000000000000000000000000000000000000000000000000000000000000000000000000000000000000000000000000001cdf88b5525e60
17565,0000000000000000000000000000000000000000000000000000000000000000000000000000000000000000000000000000000000000000001fdfa5bca41760
17575,0000000000000000000000000000000000000000000000000000000000000000000000000000000000000000000000000000000000000000001be686812d76c0
17585,00000000000000000000000000000000000000000000000000000000000000000000000000000000000000000000000000000000000000000039ec43e79915a0
17595,000000000000000000000000000000000000000000000000000000000000000000000000000000000000000000000000000000000000000000303ed72c128d20
17605,0000000000000000000000000000000000000000000000000000000000000000000000000000000000000000000000000000000000000000002d0d706cff5ac0
17615,0000000000000000000000000000000000000000000000000000000000000000000000000000000000000000000000000000000000000000002db825617ea880
17625,000000000000000000000000000000000000000000000000000000000000000000000000000000000000000000000000000000000000000000283ef9188674a0
17635,000000000000000000000000000000000000000000000000000000000000000000000000000000000000000000000000000000000000000000267cdea3298400
17645,00000000000000000000000000000000000000000000000000000000000000000000000000000000000000000000000000000000000000000028ddc2e670e4a0
17655,0000000000000000000000000000000000000000000000000000000000000000000000000000000000000000000000000000000000000000002e46e3ba567bc0
17665,00000000000000000000000000000000000000000000000000000000000000000000000000000000000000000000000000000000000000000028569cc829c0a0
17675,000000000000000000000000000000000000000000000000000000000000000000000000000000000000000000000000000000000000000000265bd26a4fe5c0
17685,000000000000000000000000000000000000000000000000000000000000000000000000000000000000000000000000000000000000000000526d63fbf94100
17695,0000000000000000000000000000000000000000000000000000000000000000000000000000000000000000000000000000000000000000001ea6925b9544a0
17705,00000000000000000000000000000000000000000000000000000000000000000000000000000000000000000000000000000000000000000039f621dd164340
17715,0000000000000000000000000000000000000000000000000000000000000000000000000000000000000000000000000000000000000000001687254a298ee0
17725,0000000000000000000000000000000000000000000000000000000000000000000000000000000000000000000000000000000000000000001b39615b9d24a0
17735,0000000000000000000000000000000000000000000000000000000000000000000000000000000000000000000000000000000000000000002a075aab00f320
17745,0000000000000000000000000000000000000000000000000000000000000000000000000000000000000000000000000000000000000000002b31bdef834b40
17755,00000000000000000000000000000000000000000000000000000000000000000000000000000000000000000000000000000000000000000026e46643921620
17765,0000000000000000000000000000000000000000000000000000000000000000000000000000000000000000000000000000000000000000001df6862285c980
17775,00000000000000000000000000000000000000000000000000000000000000000000000000000000000000000000000000000000000000000013f4d43b71d6e0
17785,0000000000000000000000000000000000000000000000000000000000000000000000000000000000000000000000000000000000000000001d8b390c36e320
17795,0000000000000000000000000000000000000000000000000000000000000000000000000000000000000000000000000000000000000000002a9d01349cb4c0
17805,0000000000000000000000000000000000000000000000000000000000000000000000000000000000000000000000000000000000000000002157e6d484c680
17815,0000000000000000000000000000000000000000000000000000000000000000000000000000000000000000000000000000000000000000002bfba79cfbfca0
17825,00000000000000000000000000000000000000000000000000000000000000000000000000000000000000000000000000000000000000000015f4c767b79e20
17835,000000000000000000000000000000000000000000000000000000000000000000000000000000000000000000000000000000000000000000688e882f788a80
17845,000000000000000000000000000000000000000000000000000000000000000000000000000000000000000000000000000000000000000000337cd9391134c0
17855,0000000000000000000000000000000000000000000000000000000000000000000000000000000000000000000000000000000000000000003183ec64efc9e0
17865,000000000000000000000000000000000000000000000000000000000000000000000000000000000000000000000000000000000000000000335cf4bb375a60
17875,00000000000000000000000000000000000000000000000000000000000000000000000000000000000000000000000000000000000000000020888089e0e220
17885,00000000000000000000000000000000000000000000000000000000000000000000000000000000000000000000000000000000000000000047e032595f5ba0
17895,0000000000000000000000000000000000000000000000000000000000000000000000000000000000000000000000000000000000000000001e91c8845e54a0
17905,00000000000000000000000000000000000000000000000000000000000000000000000000000000000000000000000000000000000000000020e15d979537a0
17915,0000000000000000000000000000000000000000000000000000000000000000000000000000000000000000000000000000000000000000002c6eb5f7b16be0
17925,0000000000000000000000000000000000000000000000000000000000000000000000000000000000000000000000000000000000000000003844a8dcc1d3e0
17935,00000000000000000000000000000000000000000000000000000000000000000000000000000000000000000000000000000000000000000025c402eab20440
17945,0000000000000000000000000000000000000000000000000000000000000000000000000000000000000000000000000000000000000000002ed09a93851060
17955,00000000000000000000000000000000000000000000000000000000000000000000000000000000000000000000000000000000000000000028b39d41e57800
17965,00000000000000000000000000000000000000000000000000000000000000000000000000000000000000000000000000000000000000000030247a72c59b80
17975,0000000000000000000000000000000000000000000000000000000000000000000000000000000000000000000000000000000000000000001a423de26bac20
17985,0000000000000000000000000000000000000000000000000000000000000000000000000000000000000000000000000000000000000000001a11f320c06720
17995,00000000000000000000000000000000000000000000000000000000000000000000000000000000000000000000000000000000000000000037000b9a03e440
18005,0000000000000000000000000000000000000000000000000000000000000000000000000000000000000000000000000000000000000000002db6fec408aa00
18015,0000000000000000000000000000000000000000000000000000000000000000000000000000000000000000000000000000000000000000001dc74a92035220
18025,000000000000000000000000000000000000000000000000000000000000000000000000000000000000000000000000000000000000000000282d56060576a0
18035,00000000000000000000000000000000000000000000000000000000000000000000000000000000000000000000000000000000000000000057365e783346e0
18045,00000000000000000000000000000000000000000000000000000000000000000000000000000000000000000000000000000000000000000037134e49f2b980
18055,00000000000000000000000000000000000000000000000000000000000000000000000000000000000000000000000000000000000000000021c557a5c275c0
18065,0000000000000000000000000000000000000000000000000000000000000000000000000000000000000000000000000000000000000000002493804dfbbf00
18075,0000000000000000000000000000000000000000000000000000000000000000000000000000000000000000000000000000000000000000001866f11623d620
18085,0000000000000000000000000000000000000000000000000000000000000000000000000000000000000000000000000000000000000000002fa15ec08788a0
18095,00000000000000000000000000000000000000000000000000000000000000000000000000000000000000000000000000000000000000000023c36397156080
18105,0000000000000000000000000000000000000000000000000000000000000000000000000000000000000000000000000000000000000000003088a8f5de1640
18115,000000000000000000000000000000000000000000000000000000000000000000000000000000000000000000000000000000000000000000351ada7fa1c440
18125,0000000000000000000000000000000000000000000000000000000000000000000000000000000000000000000000000000000000000000003669fd37d19820
18135,0000000000000000000000000000000000000000000000000000000000000000000000000000000000000000000000000000000000000000001fe5ea1eae2320
18145,000000000000000000000000000000000000000000000000000000000000000000000000000000000000000000000000000000000000000000267e6ae7fb1f20
18155,00000000000000000000000000000000000000000000000000000000000000000000000000000000000000000000000000000000000000000020a2b9081c9380
18165,00000000000000000000000000000000000000000000000000000000000000000000000000000000000000000000000000000000000000000017e6da14ecc600
18175,0000000000000000000000000000000000000000000000000000000000000000000000000000000000000000000000000000000000000000004b77a607b990e0
18185,0000000000000000000000000000000000000000000000000000000000000000000000000000000000000000000000000000000000000000000b2f0a17b20ec0
18195,000000000000000000000000000000000000000000000000000000000000000000000000000000000000000000000000000000000000000000268c9bdd2db500
18205,00000000000000000000000000000000000000000000000000000000000000000000000000000000000000000000000000000000000000000019bcb2d7ba1020
18215,000000000000000000000000000000000000000000000000000000000000000000000000000000000000000000000000000000000000000000250b72cfbf44c0
18225,0000000000000000000000000000000000000000000000000000000000000000000000000000000000000000000000000000000000000000001a6f5855890620
18235,00000000000000000000000000000000000000000000000000000000000000000000000000000000000000000000000000000000000000000029926bc69347a0
18245,000000000000000000000000000000000000000000000000000000000000000000000000000000000000000000000000000000000000000000122096474dcaa0
18255,00000000000000000000000000000000000000000000000000000000000000000000000000000000000000000000000000000000000000000046562842b177c0
18265,00000000000000000000000000000000000000000000000000000000000000000000000000000000000000000000000000000000000000000015e3c4552bd820
18275,0000000000000000000000000000000000000000000000000000000000000000000000000000000000000000000000000000000000000000001d32919c08c960
18285,000000000000000000000000000000000000000000000000000000000000000000000000000000000000000000000000000000000000000000341998e994faa0
18295,00000000000000000000000000000000000000000000000000000000000000000000000000000000000000000000000000000000000000000017872525385520
18305,0000000000000000000000000000000000000000000000000000000000000000000000000000000000000000000000000000000000000000001a6dba4bcc4ec0
18315,000000000000000000000000000000000000000000000000000000000000000000000000000000000000000000000000000000000000000000345658344202e0
18325,00000000000000000000000000000000000000000000000000000000000000000000000000000000000000000000000000000000000000000021aa444ef7f9a0
18335,0000000000000000000000000000000000000000000000000000000000000000000000000000000000000000000000000000000000000000003a2ca1bbe04ca0
18345,00000000000000000000000000000000000000000000000000000000000000000000000000000000000000000000000000000000000000000021cd2e118a07e0
18355,000000000000000000000000000000000000000000000000000000000000000000000000000000000000000000000000000000000000000000237acf88481fc0
18365,0000000000000000000000000000000000000000000000000000000000000000000000000000000000000000000000000000000000000000002792e8b7cfcb00
18375,0000000000000000000000000000000000000000000000000000000000000000000000000000000000000000000000000000000000000000003b33c1db607500
18385,0000000000000000000000000000000000000000000000000000000000000000000000000000000000000000000000000000000000000000001de806fc1d64c0
18395,0000000000000000000000000000000000000000000000000000000000000000000000000000000000000000000000000000000000000000002aef8573f999e0
18405,0000000000000000000000000000000000000000000000000000000000000000000000000000000000000000000000000000000000000000001eea97e0d882a0
18415,00000000000000000000000000000000000000000000000000000000000000000000000000000000000000000000000000000000000000000045b26443e1cfe0
18425,000000000000000000000000000000000000000000000000000000000000000000000000000000000000000000000000000000000000000000461b593ccf4da0
18435,000000000000000000000000000000000000000000000000000000000000000000000000000000000000000000000000000000000000000000163236460a0cc0
18445,0000000000000000000000000000000000000000000000000000000000000000000000000000000000000000000000000000000000000000003bf3bed84945a0
18455,00000000000000000000000000000000000000000000000000000000000000000000000000000000000000000000000000000000000000000047ea8e314a3520
18465,0000000000000000000000000000000000000000000000000000000000000000000000000000000000000000000000000000000000000000002e858cac44fba0
18475,00000000000000000000000000000000000000000000000000000000000000000000000000000000000000000000000000000000000000000013251f53496600
18485,0000000000000000000000000000000000000000000000000000000000000000000000000000000000000000000000000000000000000000002c808227b97d40
18495,000000000000000000000000000000000000000000000000000000000000000000000000000000000000000000000000000000000000000000136adda733dc60
18505,0000000000000000000000000000000000000000000000000000000000000000000000000000000000000000000000000000000000000000002256ca084444e0
18515,00000000000000000000000000000000000000000000000000000000000000000000000000000000000000000000000000000000000000000021b0d36c10ad80
18525,00000000000000000000000000000000000000000000000000000000000000000000000000000000000000000000000000000000000000000021ced973e362e0
18535,000000000000000000000000000000000000000000000000000000000000000000000000000000000000000000000000000000000000000000337cc1f4267760
18545,0000000000000000000000000000000000000000000000000000000000000000000000000000000000000000000000000000000000000000002493b57f333d20
18555,00000000000000000000000000000000000000000000000000000000000000000000000000000000000000000000000000000000000000000029171b278000c0
18565,000000000000000000000000000000000000000000000000000000000000000000000000000000000000000000000000000000000000000000202ed2f261fc60
18575,00000000000000000000000000000000000000000000000000000000000000000000000000000000000000000000000000000000000000000034a87ff3a523a0
18585,0000000000000000000000000000000000000000000000000000000000000000000000000000000000000000000000000000000000000000003357e431b61a20
18595,0000000000000000000000000000000000000000000000000000000000000000000000000000000000000000000000000000000000000000002e274db29eba60
18605,0000000000000000000000000000000000000000000000000000000000000000000000000000000000000000000000000000000000000000001c4a867097d9e0
18615,000000000000000000000000000000000000000000000000000000000000000000000000000000000000000000000000000000000000000000171594c0908b80
18625,0000000000000000000000000000000000000000000000000000000000000000000000000000000000000000000000000000000000000000002669defd0ec7e0
18635,00000000000000000000000000000000000000000000000000000000000000000000000000000000000000000000000000000000000000000036e42a6aa9bd20
18645,00000000000000000000000000000000000000000000000000000000000000000000000000000000000000000000000000000000000000000028e4ebdc1cc480
18655,00000000000000000000000000000000000000000000000000000000000000000000000000000000000000000000000000000000000000000030c5cd5e0e26e0
18665,0000000000000000000000000000000000000000000000000000000000000000000000000000000000000000000000000000000000000000001e0ee93e6af460
18675,000000000000000000000000000000000000000000000000000000000000000000000000000000000000000000000000000000000000000000123e6be2d4fe60
18685,00000000000000000000000000000000000000000000000000000000000000000000000000000000000000000000000000000000000000000029949d3c94d4e0
18695,0000000000000000000000000000000000000000000000000000000000000000000000000000000000000000000000000000000000000000001cffd43cfde4e0
18705,0000000000000000000000000000000000000000000000000000000000000000000000000000000000000000000000000000000000000000001b3d0c6f0f18a0
18715,00000000000000000000000000000000000000000000000000000000000000000000000000000000000000000000000000000000000000000012e740e14d4100
18725,000000000000000000000000000000000000000000000000000000000000000000000000000000000000000000000000000000000000000000416db9a1338f60
18735,00000000000000000000000000000000000000000000000000000000000000000000000000000000000000000000000000000000000000000027350065862920
18745,000000000000000000000000000000000000000000000000000000000000000000000000000000000000000000000000000000000000000000158eb67870e040
18755,000000000000000000000000000000000000000000000000000000000000000000000000000000000000000000000000000000000000000000290441d0279c20
18765,000000000000000000000000000000000000000000000000000000000000000000000000000000000000000000000000000000000000000000189c4e1c63eec0
18775,0000000000000000000000000000000000000000000000000000000000000000000000000000000000000000000000000000000000000000002ce7cfef886b60
18785,00000000000000000000000000000000000000000000000000000000000000000000000000000000000000000000000000000000000000000028abe1112fd2a0
18795,00000000000000000000000000000000000000000000000000000000000000000000000000000000000000000000000000000000000000000025697d5d1a4960
18805,00000000000000000000000000000000000000000000000000000000000000000000000000000000000000000000000000000000000000000021754dbed85c00
18815,0000000000000000000000000000000000000000000000000000000000000000000000000000000000000000000000000000000000000000004de71f8ef1b160
18825,00000000000000000000000000000000000000000000000000000000000000000000000000000000000000000000000000000000000000000037d939153a3040
18835,00000000000000000000000000000000000000000000000000000000000000000000000000000000000000000000000000000000000000000034e9ff02ec8ea0
18845,000000000000000000000000000000000000000000000000000000000000000000000000000000000000000000000000000000000000000000231d1f5d5d2b60
18855,0000000000000000000000000000000000000000000000000000000000000000000000000000000000000000000000000000000000000000002dffc4dcab2920
18865,000000000000000000000000000000000000000000000000000000000000000000000000000000000000000000000000000000000000000000159ded0b1bade0
18875,00000000000000000000000000000000000000000000000000000000000000000000000000000000000000000000000000000000000000000022fa079ace36a0
18885,0000000000000000000000000000000000000000000000000000000000000000000000000000000000000000000000000000000000000000001c725d6de89d20
18895,000000000000000000000000000000000000000000000000000000000000000000000000000000000000000000000000000000000000000000296f5c48f01300
18905,0000000000000000000000000000000000000000000000000000000000000000000000000000000000000000000000000000000000000000002ffb12c454c480
18915,0000000000000000000000000000000000000000000000000000000000000000000000000000000000000000000000000000000000000000000d951e3d161cc0
18925,0000000000000000000000000000000000000000000000000000000000000000000000000000000000000000000000000000000000000000001cd224f14d08a0
18935,00000000000000000000000000000000000000000000000000000000000000000000000000000000000000000000000000000000000000000021d22b1133fba0
18945,0000000000000000000000000000000000000000000000000000000000000000000000000000000000000000000000000000000000000000001d82e45b8b8460
18955,000000000000000000000000000000000000000000000000000000000000000000000000000000000000000000000000000000000000000000142e251032ae20
18965,00000000000000000000000000000000000000000000000000000000000000000000000000000000000000000000000000000000000000000038faf681b42b60
18975,00000000000000000000000000000000000000000000000000000000000000000000000000000000000000000000000000000000000000000019f79484fd6ea0
18985,0000000000000000000000000000000000000000000000000000000000000000000000000000000000000000000000000000000000000000004b95de2d12be60
18995,000000000000000000000000000000000000000000000000000000000000000000000000000000000000000000000000000000000000000000396603531b17a0
19005,000000000000000000000000000000000000000000000000000000000000000000000000000000000000000000000000000000000000000000328a9ce6ed9f00
19015,00000000000000000000000000000000000000000000000000000000000000000000000000000000000000000000000000000000000000000027908e69337480
19025,000000000000000000000000000000000000000000000000000000000000000000000000000000000000000000000000000000000000000000290639e3b6dfe0
19035,00000000000000000000000000000000000000000000000000000000000000000000000000000000000000000000000000000000000000000031b14b30a612c0
19045,000000000000000000000000000000000000000000000000000000000000000000000000000000000000000000000000000000000000000000482286a3ac19a0
19055,0000000000000000000000000000000000000000000000000000000000000000000000000000000000000000000000000000000000000000000e20bc3d865420
19065,000000000000000000000000000000000000000000000000000000000000000000000000000000000000000000000000000000000000000000198b2c3d8689a0
19075,0000000000000000000000000000000000000000000000000000000000000000000000000000000000000000000000000000000000000000000e89beca2422c0
19085,00000000000000000000000000000000000000000000000000000000000000000000000000000000000000000000000000000000000000000021791cf9aa5680
19095,00000000000000000000000000000000000000000000000000000000000000000000000000000000000000000000000000000000000000000043130b18810b40
19105,000000000000000000000000000000000000000000000000000000000000000000000000000000000000000000000000000000000000000000229c51f9bc3e00
19115,00000000000000000000000000000000000000000000000000000000000000000000000000000000000000000000000000000000000000000027a8e1402d6940
19125,00000000000000000000000000000000000000000000000000000000000000000000000000000000000000000000000000000000000000000023602f279d4700
19135,000000000000000000000000000000000000000000000000000000000000000000000000000000000000000000000000000000000000000000342d1f721cc760
19145,00000000000000000000000000000000000000000000000000000000000000000000000000000000000000000000000000000000000000000028c0d9ad4feaa0
19155,000000000000000000000000000000000000000000000000000000000000000000000000000000000000000000000000000000000000000000173f37e524c340
19165,0000000000000000000000000000000000000000000000000000000000000000000000000000000000000000000000000000000000000000003f14a649b41fc0
19175,0000000000000000000000000000000000000000000000000000000000000000000000000000000000000000000000000000000000000000003218088c2ff740
19185,00000000000000000000000000000000000000000000000000000000000000000000000000000000000000000000000000000000000000000016ba1646bad1a0
19195,000000000000000000000000000000000000000000000000000000000000000000000000000000000000000000000000000000000000000000229b3feff617a0
19205,0000000000000000000000000000000000000000000000000000000000000000000000000000000000000000000000000000000000000000001ea274ef8d7b40
19215,000000000000000000000000000000000000000000000000000000000000000000000000000000000000000000000000000000000000000000422a0676f98880
19225,0000000000000000000000000000000000000000000000000000000000000000000000000000000000000000000000000000000000000000002adc06c40ecfa0
19235,0000000000000000000000000000000000000000000000000000000000000000000000000000000000000000000000000000000000000000002464cb64d2ab00
19245,00000000000000000000000000000000000000000000000000000000000000000000000000000000000000000000000000000000000000000028bd531002e420
19255,00000000000000000000000000000000000000000000000000000000000000000000000000000000000000000000000000000000000000000030978ecd7aa340
19265,00000000000000000000000000000000000000000000000000000000000000000000000000000000000000000000000000000000000000000022befe77661e60
19275,000000000000000000000000000000000000000000000000000000000000000000000000000000000000000000000000000000000000000000243a79ac98fba0
19285,00000000000000000000000000000000000000000000000000000000000000000000000000000000000000000000000000000000000000000026add09fdd3580
19295,00000000000000000000000000000000000000000000000000000000000000000000000000000000000000000000000000000000000000000014727e77e66c80
19305,00000000000000000000000000000000000000000000000000000000000000000000000000000000000000000000000000000000000000000029e6ff997ddb20
19315,00000000000000000000000000000000000000000000000000000000000000000000000000000000000000000000000000000000000000000017aec0363e5d20
19325,0000000000000000000000000000000000000000000000000000000000000000000000000000000000000000000000000000000000000000002babe5d396df80
19335,00000000000000000000000000000000000000000000000000000000000000000000000000000000000000000000000000000000000000000019ad8d4ee6ba20
19345,0000000000000000000000000000000000000000000000000000000000000000000000000000000000000000000000000000000000000000002008489c5d4500
19355,000000000000000000000000000000000000000000000000000000000000000000000000000000000000000000000000000000000000000000108f6b9d699da0
19365,0000000000000000000000000000000000000000000000000000000000000000000000000000000000000000000000000000000000000000002a9a47efdf61e0
19375,0000000000000000000000000000000000000000000000000000000000000000000000000000000000000000000000000000000000000000002225ff01b555c0
19385,00000000000000000000000000000000000000000000000000000000000000000000000000000000000000000000000000000000000000000027b6d8e69eef60
19395,0000000000000000000000000000000000000000000000000000000000000000000000000000000000000000000000000000000000000000001e887d2c611e80
19405,0000000000000000000000000000000000000000000000000000000000000000000000000000000000000000000000000000000000000000004980296e930740
19415,0000000000000000000000000000000000000000000000000000000000000000000000000000000000000000000000000000000000000000001ba155de7487e0
19425,00000000000000000000000000000000000000000000000000000000000000000000000000000000000000000000000000000000000000000017be8003f39cc0
19435,00000000000000000000000000000000000000000000000000000000000000000000000000000000000000000000000000000000000000000021560419919c60
19445,0000000000000000000000000000000000000000000000000000000000000000000000000000000000000000000000000000000000000000001fa943fb61df20
19455,00000000000000000000000000000000000000000000000000000000000000000000000000000000000000000000000000000000000000000029fadc0e4ea2a0
19465,00000000000000000000000000000000000000000000000000000000000000000000000000000000000000000000000000000000000000000020f73a0c437f20
19475,0000000000000000000000000000000000000000000000000000000000000000000000000000000000000000000000000000000000000000002534d560a69b60
19485,000000000000000000000000000000000000000000000000000000000000000000000000000000000000000000000000000000000000000000272888f035d360
19495,0000000000000000000000000000000000000000000000000000000000000000000000000000000000000000000000000000000000000000001fca6f0cd6f320
19505,00000000000000000000000000000000000000000000000000000000000000000000000000000000000000000000000000000000000000000021b559ce38c6c0
19515,0000000000000000000000000000000000000000000000000000000000000000000000000000000000000000000000000000000000000000001a5cab4319f4a0
19525,0000000000000000000000000000000000000000000000000000000000000000000000000000000000000000000000000000000000000000001fbcb266617340
19535,0000000000000000000000000000000000000000000000000000000000000000000000000000000000000000000000000000000000000000003631d976adb260
19545,0000000000000000000000000000000000000000000000000000000000000000000000000000000000000000000000000000000000000000002cbdf0caf83ea0
19555,000000000000000000000000000000000000000000000000000000000000000000000000000000000000000000000000000000000000000000274dd7502872a0
19565,000000000000000000000000000000000000000000000000000000000000000000000000000000000000000000000000000000000000000000438b70df291b60
19575,0000000000000000000000000000000000000000000000000000000000000000000000000000000000000000000000000000000000000000000e0afb52aecf20
19585,0000000000000000000000000000000000000000000000000000000000000000000000000000000000000000000000000000000000000000002a38b38a23dd40
19595,0000000000000000000000000000000000000000000000000000000000000000000000000000000000000000000000000000000000000000003370726b2235e0
19605,00000000000000000000000000000000000000000000000000000000000000000000000000000000000000000000000000000000000000000017a88467e4f880
19615,0000000000000000000000000000000000000000000000000000000000000000000000000000000000000000000000000000000000000000002d33ad6a6bbe80
19625,0000000000000000000000000000000000000000000000000000000000000000000000000000000000000000000000000000000000000000000dc304f51201e0
19635,00000000000000000000000000000000000000000000000000000000000000000000000000000000000000000000000000000000000000000017d9d6dab98c80
19645,0000000000000000000000000000000000000000000000000000000000000000000000000000000000000000000000000000000000000000000e2f0e952cd180
19655,00000000000000000000000000000000000000000000000000000000000000000000000000000000000000000000000000000000000000000021b88c4e019fa0
19665,000000000000000000000000000000000000000000000000000000000000000000000000000000000000000000000000000000000000000000573da2953fc880
19675,0000000000000000000000000000000000000000000000000000000000000000000000000000000000000000000000000000000000000000002ad6b3d81be120
19685,0000000000000000000000000000000000000000000000000000000000000000000000000000000000000000000000000000000000000000001efdab06f1ee60
19695,00000000000000000000000000000000000000000000000000000000000000000000000000000000000000000000000000000000000000000035fca3706af900
19705,00000000000000000000000000000000000000000000000000000000000000000000000000000000000000000000000000000000000000000024de62218d9100
19715,000000000000000000000000000000000000000000000000000000000000000000000000000000000000000000000000000000000000000000190ebbf7242ea0
19725,00000000000000000000000000000000000000000000000000000000000000000000000000000000000000000000000000000000000000000034973d2fe294a0
19735,00000000000000000000000000000000000000000000000000000000000000000000000000000000000000000000000000000000000000000028931b57c77440
19745,00000000000000000000000000000000000000000000000000000000000000000000000000000000000000000000000000000000000000000016321a325ab600
19755,00000000000000000000000000000000000000000000000000000000000000000000000000000000000000000000000000000000000000000038f1a8eea36a80
19765,0000000000000000000000000000000000000000000000000000000000000000000000000000000000000000000000000000000000000000002c47377a5ab200
19775,0000000000000000000000000000000000000000000000000000000000000000000000000000000000000000000000000000000000000000002eedcb6a2b0fa0
19785,0000000000000000000000000000000000000000000000000000000000000000000000000000000000000000000000000000000000000000002221fa95abdd20
19795,000000000000000000000000000000000000000000000000000000000000000000000000000000000000000000000000000000000000000000250e9b14751ce0
19805,0000000000000000000000000000000000000000000000000000000000000000000000000000000000000000000000000000000000000000001dbb571caa1760
19815,0000000000000000000000000000000000000000000000000000000000000000000000000000000000000000000000000000000000000000006015f35f227400
19825,0000000000000000000000000000000000000000000000000000000000000000000000000000000000000000000000000000000000000000001de87eb72904a0
19835,00000000000000000000000000000000000000000000000000000000000000000000000000000000000000000000000000000000000000000010f3b147e2ff20
19845,00000000000000000000000000000000000000000000000000000000000000000000000000000000000000000000000000000000000000000018af9760038da0
19855,000000000000000000000000000000000000000000000000000000000000000000000000000000000000000000000000000000000000000000580a2f69ed71a0
19865,000000000000000000000000000000000000000000000000000000000000000000000000000000000000000000000000000000000000000000211461c5604300
19875,00000000000000000000000000000000000000000000000000000000000000000000000000000000000000000000000000000000000000000035215775593b20
19885,00000000000000000000000000000000000000000000000000000000000000000000000000000000000000000000000000000000000000000018af85427aed80
19895,000000000000000000000000000000000000000000000000000000000000000000000000000000000000000000000000000000000000000000194b0acbb16860
19905,0000000000000000000000000000000000000000000000000000000000000000000000000000000000000000000000000000000000000000002e38aaec86e360
19915,00000000000000000000000000000000000000000000000000000000000000000000000000000000000000000000000000000000000000000018e0d2e68ae820
19925,0000000000000000000000000000000000000000000000000000000000000000000000000000000000000000000000000000000000000000003953107bc46ae0
19935,0000000000000000000000000000000000000000000000000000000000000000000000000000000000000000000000000000000000000000002a15f05b4070a0
19945,00000000000000000000000000000000000000000000000000000000000000000000000000000000000000000000000000000000000000000026feb541cc4360
19955,0000000000000000000000000000000000000000000000000000000000000000000000000000000000000000000000000000000000000000002adc30cde49800
19965,0000000000000000000000000000000000000000000000000000000000000000000000000000000000000000000000000000000000000000001957f28fbf1920
19975,00000000000000000000000000000000000000000000000000000000000000000000000000000000000000000000000000000000000000000024d2690eaade80
19985,0000000000000000000000000000000000000000000000000000000000000000000000000000000000000000000000000000000000000000003781b1a4f8ae80
19995,0000000000000000000000000000000000000000000000000000000000000000000000000000000000000000000000000000000000000000003e06806f996900
20005,000000000000000000000000000000000000000000000000000000000000000000000000000000000000000000000000000000000000000000259c7e324804a0
20015,0000000000000000000000000000000000000000000000000000000000000000000000000000000000000000000000000000000000000000001d314b7e94ea40
20025,00000000000000000000000000000000000000000000000000000000000000000000000000000000000000000000000000000000000000000031f76b983b2860
20035,0000000000000000000000000000000000000000000000000000000000000000000000000000000000000000000000000000000000000000003a843dbfd1a680
20045,00000000000000000000000000000000000000000000000000000000000000000000000000000000000000000000000000000000000000000028d268186fd6c0
20055,0000000000000000000000000000000000000000000000000000000000000000000000000000000000000000000000000000000000000000002204ee17a0f4c0
20065,0000000000000000000000000000000000000000000000000000000000000000000000000000000000000000000000000000000000000000001efc6c5fa4f100
20075,0000000000000000000000000000000000000000000000000000000000000000000000000000000000000000000000000000000000000000001ffb266c04bf20
20085,00000000000000000000000000000000000000000000000000000000000000000000000000000000000000000000000000000000000000000030fa5c3cf9ad80
20095,00000000000000000000000000000000000000000000000000000000000000000000000000000000000000000000000000000000000000000032167a8c4ac8c0
20105,0000000000000000000000000000000000000000000000000000000000000000000000000000000000000000000000000000000000000000001fb43f0e55af20
20115,00000000000000000000000000000000000000000000000000000000000000000000000000000000000000000000000000000000000000000042cd074e73e0a0
20125,0000000000000000000000000000000000000000000000000000000000000000000000000000000000000000000000000000000000000000002a9ed203424f20
20135,0000000000000000000000000000000000000000000000000000000000000000000000000000000000000000000000000000000000000000001f2ec66ff19a40
20145,0000000000000000000000000000000000000000000000000000000000000000000000000000000000000000000000000000000000000000005bbdc6e5272980
20155,00000000000000000000000000000000000000000000000000000000000000000000000000000000000000000000000000000000000000000010c1303798f6a0
20165,0000000000000000000000000000000000000000000000000000000000000000000000000000000000000000000000000000000000000000003758831de673c0
20175,0000000000000000000000000000000000000000000000000000000000000000000000000000000000000000000000000000000000000000001e399f9427b4c0
20185,0000000000000000000000000000000000000000000000000000000000000000000000000000000000000000000000000000000000000000003a9ef8207abec0
20195,00000000000000000000000000000000000000000000000000000000000000000000000000000000000000000000000000000000000000000039f99c708b7be0
20205,0000000000000000000000000000000000000000000000000000000000000000000000000000000000000000000000000000000000000000003a2c803be28e80
20215,00000000000000000000000000000000000000000000000000000000000000000000000000000000000000000000000000000000000000000024e9d72aa08ba0
20225,000000000000000000000000000000000000000000000000000000000000000000000000000000000000000000000000000000000000000000278d0e2e5c2740
20235,00000000000000000000000000000000000000000000000000000000000000000000000000000000000000000000000000000000000000000033818ba50ef3e0
20245,0000000000000000000000000000000000000000000000000000000000000000000000000000000000000000000000000000000000000000002406fe9c5fcba0
20255,0000000000000000000000000000000000000000000000000000000000000000000000000000000000000000000000000000000000000000001bc99d83202a00
20265,0000000000000000000000000000000000000000000000000000000000000000000000000000000000000000000000000000000000000000001d538da3a86b40
20275,000000000000000000000000000000000000000000000000000000000000000000000000000000000000000000000000000000000000000000171ea77b07b9a0
20285,0000000000000000000000000000000000000000000000000000000000000000000000000000000000000000000000000000000000000000001007870907eca0
20295,0000000000000000000000000000000000000000000000000000000000000000000000000000000000000000000000000000000000000000002825ac9a3adc40
20305,00000000000000000000000000000000000000000000000000000000000000000000000000000000000000000000000000000000000000000022627673c9ab80
20315,0000000000000000000000000000000000000000000000000000000000000000000000000000000000000000000000000000000000000000002530ef57113e00
20325,0000000000000000000000000000000000000000000000000000000000000000000000000000000000000000000000000000000000000000002c7c1cf6ca3b20
20335,0000000000000000000000000000000000000000000000000000000000000000000000000000000000000000000000000000000000000000000c3fad7b7a6d80
20345,00000000000000000000000000000000000000000000000000000000000000000000000000000000000000000000000000000000000000000027d1a1f8821de0
20355,0000000000000000000000000000000000000000000000000000000000000000000000000000000000000000000000000000000000000000002328e5f0434500
20365,0000000000000000000000000000000000000000000000000000000000000000000000000000000000000000000000000000000000000000002b277b5c830ca0
20375,000000000000000000000000000000000000000000000000000000000000000000000000000000000000000000000000000000000000000000139be5fc839640
20385,000000000000000000000000000000000000000000000000000000000000000000000000000000000000000000000000000000000000000000285f48516ccf20
20395,0000000000000000000000000000000000000000000000000000000000000000000000000000000000000000000000000000000000000000001509688b44fea0
20405,00000000000000000000000000000000000000000000000000000000000000000000000000000000000000000000000000000000000000000028e15179e4c440
20415,0000000000000000000000000000000000000000000000000000000000000000000000000000000000000000000000000000000000000000002138ae7e01c8a0
20425,0000000000000000000000000000000000000000000000000000000000000000000000000000000000000000000000000000000000000000002f4ce20b253f00
20435,0000000000000000000000000000000000000000000000000000000000000000000000000000000000000000000000000000000000000000005a23e4282828c0
20445,0000000000000000000000000000000000000000000000000000000000000000000000000000000000000000000000000000000000000000001e56ee122e2aa0
20455,00000000000000000000000000000000000000000000000000000000000000000000000000000000000000000000000000000000000000000023074119ea16c0
20465,0000000000000000000000000000000000000000000000000000000000000000000000000000000000000000000000000000000000000000002bfc834e2842a0
20475,00000000000000000000000000000000000000000000000000000000000000000000000000000000000000000000000000000000000000000024d53a35dcbcc0
20485,000000000000000000000000000000000000000000000000000000000000000000000000000000000000000000000000000000000000000000262311ee22de60
20495,000000000000000000000000000000000000000000000000000000000000000000000000000000000000000000000000000000000000000000210c6ba85fbfe0
20505,0000000000000000000000000000000000000000000000000000000000000000000000000000000000000000000000000000000000000000001a64bdfda262c0
20515,00000000000000000000000000000000000000000000000000000000000000000000000000000000000000000000000000000000000000000012cc481e323580
20525,00000000000000000000000000000000000000000000000000000000000000000000000000000000000000000000000000000000000000000034c00f36fb0b00
20535,0000000000000000000000000000000000000000000000000000000000000000000000000000000000000000000000000000000000000000002c56e851e99140
20545,00000000000000000000000000000000000000000000000000000000000000000000000000000000000000000000000000000000000000000016e1a4b05f3dc0
20555,0000000000000000000000000000000000000000000000000000000000000000000000000000000000000000000000000000000000000000001f846f42c98380
20565,000000000000000000000000000000000000000000000000000000000000000000000000000000000000000000000000000000000000000000250b2ae3755880
20575,0000000000000000000000000000000000000000000000000000000000000000000000000000000000000000000000000000000000000000001f3b215192a1e0
20585,0000000000000000000000000000000000000000000000000000000000000000000000000000000000000000000000000000000000000000001f42f829a8f1a0
20595,0000000000000000000000000000000000000000000000000000000000000000000000000000000000000000000000000000000000000000001e858d4a1da120
20605,0000000000000000000000000000000000000000000000000000000000000000000000000000000000000000000000000000000000000000001892caebccf220
20615,0000000000000000000000000000000000000000000000000000000000000000000000000000000000000000000000000000000000000000002ceb0551c739e0
20625,0000000000000000000000000000000000000000000000000000000000000000000000000000000000000000000000000000000000000000000e4d6eebbe5d60
20635,0000000000000000000000000000000000000000000000000000000000000000000000000000000000000000000000000000000000000000002e96ab3ecee740
20645,000000000000000000000000000000000000000000000000000000000000000000000000000000000000000000000000000000000000000000172d5f0dbb1600
20655,00000000000000000000000000000000000000000000000000000000000000000000000000000000000000000000000000000000000000000058ce6d21a096e0
20665,0000000000000000000000000000000000000000000000000000000000000000000000000000000000000000000000000000000000000000002642a46229a260
20675,000000000000000000000000000000000000000000000000000000000000000000000000000000000000000000000000000000000000000000477ca1914ff140
20685,00000000000000000000000000000000000000000000000000000000000000000000000000000000000000000000000000000000000000000024f6c1825f4b00
20695,00000000000000000000000000000000000000000000000000000000000000000000000000000000000000000000000000000000000000000037fdb89c9d35c0
20705,00000000000000000000000000000000000000000000000000000000000000000000000000000000000000000000000000000000000000000026d1c8ceabcfe0
20715,0000000000000000000000000000000000000000000000000000000000000000000000000000000000000000000000000000000000000000002e0c08be4dbd80
20725,00000000000000000000000000000000000000000000000000000000000000000000000000000000000000000000000000000000000000000015f7147b4127a0
20735,00000000000000000000000000000000000000000000000000000000000000000000000000000000000000000000000000000000000000000028a05ba5a7cb40
20745,0000000000000000000000000000000000000000000000000000000000000000000000000000000000000000000000000000000000000000001e54d5afdc27e0
20755,0000000000000000000000000000000000000000000000000000000000000000000000000000000000000000000000000000000000000000002002a1ba489c60
20765,0000000000000000000000000000000000000000000000000000000000000000000000000000000000000000000000000000000000000000001515f876bb10e0
20775,0000000000000000000000000000000000000000000000000000000000000000000000000000000000000000000000000000000000000000002ff161277223c0
20785,0000000000000000000000000000000000000000000000000000000000000000000000000000000000000000000000000000000000000000002a54d7748d3680
20795,0000000000000000000000000000000000000000000000000000000000000000000000000000000000000000000000000000000000000000001e952f70726a20
20805,0000000000000000000000000000000000000000000000000000000000000000000000000000000000000000000000000000000000000000003683ba3fee38c0
20815,00000000000000000000000000000000000000000000000000000000000000000000000000000000000000000000000000000000000000000023c3cec8493b20
20825,00000000000000000000000000000000000000000000000000000000000000000000000000000000000000000000000000000000000000000034e6787950c1e0
20835,0000000000000000000000000000000000000000000000000000000000000000000000000000000000000000000000000000000000000000001a6174740279c0
20845,000000000000000000000000000000000000000000000000000000000000000000000000000000000000000000000000000000000000000000281e9e421709e0
20855,00000000000000000000000000000000000000000000000000000000000000000000000000000000000000000000000000000000000000000019b51cc48bb1e0
20865,00000000000000000000000000000000000000000000000000000000000000000000000000000000000000000000000000000000000000000034805df6596e20
20875,00000000000000000000000000000000000000000000000000000000000000000000000000000000000000000000000000000000000000000030b249244b1ea0
20885,0000000000000000000000000000000000000000000000000000000000000000000000000000000000000000000000000000000000000000002c7cea630b2880
20895,00000000000000000000000000000000000000000000000000000000000000000000000000000000000000000000000000000000000000000021b6ff7f577040
20905,0000000000000000000000000000000000000000000000000000000000000000000000000000000000000000000000000000000000000000002b952d7c8141a0
20915,0000000000000000000000000000000000000000000000000000000000000000000000000000000000000000000000000000000000000000001e2cf8463d0e80
20925,000000000000000000000000000000000000000000000000000000000000000000000000000000000000000000000000000000000000000000277041c3fe28a0
20935,00000000000000000000000000000000000000000000000000000000000000000000000000000000000000000000000000000000000000000031cf4ec2519020
20945,00000000000000000000000000000000000000000000000000000000000000000000000000000000000000000000000000000000000000000022c4909e687b60
20955,00000000000000000000000000000000000000000000000000000000000000000000000000000000000000000000000000000000000000000038d505dce02c80
20965,00000000000000000000000000000000000000000000000000000000000000000000000000000000000000000000000000000000000000000021514a0631eb20
20975,00000000000000000000000000000000000000000000000000000000000000000000000000000000000000000000000000000000000000000043ea9e0021c6a0
20985,000000000000000000000000000000000000000000000000000000000000000000000000000000000000000000000000000000000000000000230332b7b9e780
20995,0000000000000000000000000000000000000000000000000000000000000000000000000000000000000000000000000000000000000000001cf68fa9ec88c0
21005,00000000000000000000000000000000000000000000000000000000000000000000000000000000000000000000000000000000000000000024b55241dbbba0
21015,0000000000000000000000000000000000000000000000000000000000000000000000000000000000000000000000000000000000000000002f6572270761a0
21025,00000000000000000000000000000000000000000000000000000000000000000000000000000000000000000000000000000000000000000023fedcd7ffc360
21035,00000000000000000000000000000000000000000000000000000000000000000000000000000000000000000000000000000000000000000018ba74e920bda0
21045,000000000000000000000000000000000000000000000000000000000000000000000000000000000000000000000000000000000000000000432a80a0c4fd40
21055,0000000000000000000000000000000000000000000000000000000000000000000000000000000000000000000000000000000000000000001b55387746be80
21065,0000000000000000000000000000000000000000000000000000000000000000000000000000000000000000000000000000000000000000001ccc261916eae0
21075,00000000000000000000000000000000000000000000000000000000000000000000000000000000000000000000000000000000000000000026f1bcb8d36520
21085,00000000000000000000000000000000000000000000000000000000000000000000000000000000000000000000000000000000000000000022b72f9576a7c0
21095,0000000000000000000000000000000000000000000000000000000000000000000000000000000000000000000000000000000000000000002d754f6fd830e0
21105,00000000000000000000000000000000000000000000000000000000000000000000000000000000000000000000000000000000000000000020d4445d6379a0
21115,0000000000000000000000000000000000000000000000000000000000000000000000000000000000000000000000000000000000000000002bafd3abf0a280
21125,00000000000000000000000000000000000000000000000000000000000000000000000000000000000000000000000000000000000000000016cfae940b3aa0
21135,00000000000000000000000000000000000000000000000000000000000000000000000000000000000000000000000000000000000000000018f256db842640
21145,0000000000000000000000000000000000000000000000000000000000000000000000000000000000000000000000000000000000000000002c5ad6c7cd2240
21155,0000000000000000000000000000000000000000000000000000000000000000000000000000000000000000000000000000000000000000001c5cdaef5ba840
21165,000000000000000000000000000000000000000000000000000000000000000000000000000000000000000000000000000000000000000000357c31ef3a0200
21175,000000000000000000000000000000000000000000000000000000000000000000000000000000000000000000000000000000000000000000208214d9149020
21185,0000000000000000000000000000000000000000000000000000000000000000000000000000000000000000000000000000000000000000001f6cff094a2240
21195,0000000000000000000000000000000000000000000000000000000000000000000000000000000000000000000000000000000000000000000fa95c36c2c5e0
21205,0000000000000000000000000000000000000000000000000000000000000000000000000000000000000000000000000000000000000000003490b8e18e12a0
21215,0000000000000000000000000000000000000000000000000000000000000000000000000000000000000000000000000000000000000000001f5f2862d662e0
21225,0000000000000000000000000000000000000000000000000000000000000000000000000000000000000000000000000000000000000000004b9dc9403b6260
21235,0000000000000000000000000000000000000000000000000000000000000000000000000000000000000000000000000000000000000000002c6ed1b2c33ec0
21245,00000000000000000000000000000000000000000000000000000000000000000000000000000000000000000000000000000000000000000032bdce2866dbe0
21255,00000000000000000000000000000000000000000000000000000000000000000000000000000000000000000000000000000000000000000023c84f030f4860
21265,0000000000000000000000000000000000000000000000000000000000000000000000000000000000000000000000000000000000000000002b0f29858906a0
21275,000000000000000000000000000000000000000000000000000000000000000000000000000000000000000000000000000000000000000000167fbefbe44760
21285,000000000000000000000000000000000000000000000000000000000000000000000000000000000000000000000000000000000000000000287422d9ddb2e0
21295,00000000000000000000000000000000000000000000000000000000000000000000000000000000000000000000000000000000000000000022f46db8b8adc0
21305,000000000000000000000000000000000000000000000000000000000000000000000000000000000000000000000000000000000000000000242faf723f6ae0
21315,00000000000000000000000000000000000000000000000000000000000000000000000000000000000000000000000000000000000000000020f8ee29aff4c0
21325,0000000000000000000000000000000000000000000000000000000000000000000000000000000000000000000000000000000000000000001e79e899ab6660
21335,00000000000000000000000000000000000000000000000000000000000000000000000000000000000000000000000000000000000000000039f17ec9b50540
21345,000000000000000000000000000000000000000000000000000000000000000000000000000000000000000000000000000000000000000000296276c9ce89e0
21355,000000000000000000000000000000000000000000000000000000000000000000000000000000000000000000000000000000000000000000210a42e398b060
21365,0000000000000000000000000000000000000000000000000000000000000000000000000000000000000000000000000000000000000000002e972403b312c0
21375,0000000000000000000000000000000000000000000000000000000000000000000000000000000000000000000000000000000000000000001c9947ba0e3fa0
21385,00000000000000000000000000000000000000000000000000000000000000000000000000000000000000000000000000000000000000000018be1aa3f58400
21395,000000000000000000000000000000000000000000000000000000000000000000000000000000000000000000000000000000000000000000261bd564c71520
21405,0000000000000000000000000000000000000000000000000000000000000000000000000000000000000000000000000000000000000000002ed3fcd8370000
21415,0000000000000000000000000000000000000000000000000000000000000000000000000000000000000000000000000000000000000000003519a8ec052060
21425,00000000000000000000000000000000000000000000000000000000000000000000000000000000000000000000000000000000000000000029ee7aca37e1c0
21435,0000000000000000000000000000000000000000000000000000000000000000000000000000000000000000000000000000000000000000001d9c35c6258cc0
21445,0000000000000000000000000000000000000000000000000000000000000000000000000000000000000000000000000000000000000000001f34b02a9f4ba0
21455,0000000000000000000000000000000000000000000000000000000000000000000000000000000000000000000000000000000000000000003de62a4a64c100
21465,000000000000000000000000000000000000000000000000000000000000000000000000000000000000000000000000000000000000000000327021c153f540
21475,000000000000000000000000000000000000000000000000000000000000000000000000000000000000000000000000000000000000000000293fe769ac8be0
21485,00000000000000000000000000000000000000000000000000000000000000000000000000000000000000000000000000000000000000000034b8ddc14fbdc0
21495,00000000000000000000000000000000000000000000000000000000000000000000000000000000000000000000000000000000000000000014a5feaf81b9c0
21505,000000000000000000000000000000000000000000000000000000000000000000000000000000000000000000000000000000000000000000358cdb46b822a0
21515,000000000000000000000000000000000000000000000000000000000000000000000000000000000000000000000000000000000000000000368e57fa4ac920
21525,00000000000000000000000000000000000000000000000000000000000000000000000000000000000000000000000000000000000000000024a2d36a7d3de0
21535,0000000000000000000000000000000000000000000000000000000000000000000000000000000000000000000000000000000000000000001b2373e6f00260
21545,000000000000000000000000000000000000000000000000000000000000000000000000000000000000000000000000000000000000000000115859d4cbde40
21555,0000000000000000000000000000000000000000000000000000000000000000000000000000000000000000000000000000000000000000000e4f371cdab3c0
21565,00000000000000000000000000000000000000000000000000000000000000000000000000000000000000000000000000000000000000000011384bd6f4cfc0
21575,00000000000000000000000000000000000000000000000000000000000000000000000000000000000000000000000000000000000000000022e87d25d568a0
21585,0000000000000000000000000000000000000000000000000000000000000000000000000000000000000000000000000000000000000000004c06dec2ff4c60
21595,00000000000000000000000000000000000000000000000000000000000000000000000000000000000000000000000000000000000000000040383f360e1080
21605,000000000000000000000000000000000000000000000000000000000000000000000000000000000000000000000000000000000000000000291aafec2e8940
21615,000000000000000000000000000000000000000000000000000000000000000000000000000000000000000000000000000000000000000000365081afb08da0
21625,0000000000000000000000000000000000000000000000000000000000000000000000000000000000000000000000000000000000000000001de35eb7816ca0
21635,0000000000000000000000000000000000000000000000000000000000000000000000000000000000000000000000000000000000000000002920e79cfe5c40
21645,0000000000000000000000000000000000000000000000000000000000000000000000000000000000000000000000000000000000000000001efb44e9917740
21655,000000000000000000000000000000000000000000000000000000000000000000000000000000000000000000000000000000000000000000335f2c3b111d00
21665,000000000000000000000000000000000000000000000000000000000000000000000000000000000000000000000000000000000000000000251b7f1396bfe0
21675,0000000000000000000000000000000000000000000000000000000000000000000000000000000000000000000000000000000000000000002f61816c37a900
21685,000000000000000000000000000000000000000000000000000000000000000000000000000000000000000000000000000000000000000000337a9aea72fb40
21695,00000000000000000000000000000000000000000000000000000000000000000000000000000000000000000000000000000000000000000033b4493554e8c0
21705,000000000000000000000000000000000000000000000000000000000000000000000000000000000000000000000000000000000000000000223f67f62665a0
21715,00000000000000000000000000000000000000000000000000000000000000000000000000000000000000000000000000000000000000000066fea3a3083ca0
21725,00000000000000000000000000000000000000000000000000000000000000000000000000000000000000000000000000000000000000000019832679249e60
21735,000000000000000000000000000000000000000000000000000000000000000000000000000000000000000000000000000000000000000000177cd19c11d8a0
21745,0000000000000000000000000000000000000000000000000000000000000000000000000000000000000000000000000000000000000000002d03c10b3044c0
21755,00000000000000000000000000000000000000000000000000000000000000000000000000000000000000000000000000000000000000000014d734987f9c80
21765,00000000000000000000000000000000000000000000000000000000000000000000000000000000000000000000000000000000000000000050cf4ec91b4440
21775,000000000000000000000000000000000000000000000000000000000000000000000000000000000000000000000000000000000000000000255746de547580
21785,00000000000000000000000000000000000000000000000000000000000000000000000000000000000000000000000000000000000000000025c169b9a3c320
21795,0000000000000000000000000000000000000000000000000000000000000000000000000000000000000000000000000000000000000000001e2099d0eb0980
21805,00000000000000000000000000000000000000000000000000000000000000000000000000000000000000000000000000000000000000000026504f39db6920
21815,00000000000000000000000000000000000000000000000000000000000000000000000000000000000000000000000000000000000000000012d73eceb029c0
21825,00000000000000000000000000000000000000000000000000000000000000000000000000000000000000000000000000000000000000000023ad51ac4350c0
21835,0000000000000000000000000000000000000000000000000000000000000000000000000000000000000000000000000000000000000000001cd2a0fb1d4a80
21845,000000000000000000000000000000000000000000000000000000000000000000000000000000000000000000000000000000000000000000280052e1ab76e0
21855,000000000000000000000000000000000000000000000000000000000000000000000000000000000000000000000000000000000000000000327b95c08e6440
21865,0000000000000000000000000000000000000000000000000000000000000000000000000000000000000000000000000000000000000000002a7f43de002d20
21875,0000000000000000000000000000000000000000000000000000000000000000000000000000000000000000000000000000000000000000003496d2574c3de0
21885,000000000000000000000000000000000000000000000000000000000000000000000000000000000000000000000000000000000000000000400a673924de80
21895,000000000000000000000000000000000000000000000000000000000000000000000000000000000000000000000000000000000000000000130dd3688c7ec0
21905,0000000000000000000000000000000000000000000000000000000000000000000000000000000000000000000000000000000000000000004ab35459e06180
21915,0000000000000000000000000000000000000000000000000000000000000000000000000000000000000000000000000000000000000000001cd8fd18396e20
21925,000000000000000000000000000000000000000000000000000000000000000000000000000000000000000000000000000000000000000000365f32912949c0
21935,0000000000000000000000000000000000000000000000000000000000000000000000000000000000000000000000000000000000000000002bf69c9d52fa60
21945,000000000000000000000000000000000000000000000000000000000000000000000000000000000000000000000000000000000000000000256898fab385a0
21955,0000000000000000000000000000000000000000000000000000000000000000000000000000000000000000000000000000000000000000001f4e1b15379c20
21965,0000000000000000000000000000000000000000000000000000000000000000000000000000000000000000000000000000000000000000001cbf80063fe0a0
21975,000000000000000000000000000000000000000000000000000000000000000000000000000000000000000000000000000000000000000000335c09bb473020
21985,0000000000000000000000000000000000000000000000000000000000000000000000000000000000000000000000000000000000000000003cc92edd98b360
21995,000000000000000000000000000000000000000000000000000000000000000000000000000000000000000000000000000000000000000000351f106ba7e700
22005,00000000000000000000000000000000000000000000000000000000000000000000000000000000000000000000000000000000000000000012c0f7b2a69be0
22015,00000000000000000000000000000000000000000000000000000000000000000000000000000000000000000000000000000000000000000034ad254bf28940
22025,0000000000000000000000000000000000000000000000000000000000000000000000000000000000000000000000000000000000000000001d26046ba63940
22035,00000000000000000000000000000000000000000000000000000000000000000000000000000000000000000000000000000000000000000031f37904ce05c0
22045,00000000000000000000000000000000000000000000000000000000000000000000000000000000000000000000000000000000000000000056655599fa5be0
22055,000000000000000000000000000000000000000000000000000000000000000000000000000000000000000000000000000000000000000000252d71f4d74980
22065,0000000000000000000000000000000000000000000000000000000000000000000000000000000000000000000000000000000000000000000bad2971a898c0
22075,000000000000000000000000000000000000000000000000000000000000000000000000000000000000000000000000000000000000000000445664e52d6420
22085,0000000000000000000000000000000000000000000000000000000000000000000000000000000000000000000000000000000000000000003a1f2df7dc0ae0
22095,0000000000000000000000000000000000000000000000000000000000000000000000000000000000000000000000000000000000000000006e4e9ae9d11960
22105,00000000000000000000000000000000000000000000000000000000000000000000000000000000000000000000000000000000000000000048ab1c73158aa0
22115,0000000000000000000000000000000000000000000000000000000000000000000000000000000000000000000000000000000000000000001b61366c9f4420
22125,00000000000000000000000000000000000000000000000000000000000000000000000000000000000000000000000000000000000000000027b5b8708afce0
22135,000000000000000000000000000000000000000000000000000000000000000000000000000000000000000000000000000000000000000000161799d1adb540
22145,00000000000000000000000000000000000000000000000000000000000000000000000000000000000000000000000000000000000000000027bf96e60821e0
22155,00000000000000000000000000000000000000000000000000000000000000000000000000000000000000000000000000000000000000000014b55838518ec0
22165,0000000000000000000000000000000000000000000000000000000000000000000000000000000000000000000000000000000000000000001dc5cf084447a0
22175,0000000000000000000000000000000000000000000000000000000000000000000000000000000000000000000000000000000000000000002cac9d8736cc40
22185,0000000000000000000000000000000000000000000000000000000000000000000000000000000000000000000000000000000000000000004cde63d2036cc0
22195,00000000000000000000000000000000000000000000000000000000000000000000000000000000000000000000000000000000000000000026ede8a5643460
22205,0000000000000000000000000000000000000000000000000000000000000000000000000000000000000000000000000000000000000000002160d8e79bb1c0
22215,000000000000000000000000000000000000000000000000000000000000000000000000000000000000000000000000000000000000000000276621e236a740
22225,00000000000000000000000000000000000000000000000000000000000000000000000000000000000000000000000000000000000000000013a10db73e5a20
22235,00000000000000000000000000000000000000000000000000000000000000000000000000000000000000000000000000000000000000000035ec88f180c220
22245,000000000000000000000000000000000000000000000000000000000000000000000000000000000000000000000000000000000000000000203ca28524fac0
22255,0000000000000000000000000000000000000000000000000000000000000000000000000000000000000000000000000000000000000000001af6f44c65c320
22265,0000000000000000000000000000000000000000000000000000000000000000000000000000000000000000000000000000000000000000002a3789c54b9f00
22275,000000000000000000000000000000000000000000000000000000000000000000000000000000000000000000000000000000000000000000222cb701416fc0
22285,00000000000000000000000000000000000000000000000000000000000000000000000000000000000000000000000000000000000000000044034812298be0
22295,00000000000000000000000000000000000000000000000000000000000000000000000000000000000000000000000000000000000000000023cbc56549b5a0
22305,00000000000000000000000000000000000000000000000000000000000000000000000000000000000000000000000000000000000000000034d11d8499c080
22315,00000000000000000000000000000000000000000000000000000000000000000000000000000000000000000000000000000000000000000018866fa7b5c9c0
22325,0000000000000000000000000000000000000000000000000000000000000000000000000000000000000000000000000000000000000000002ade3fcdc11540
22335,0000000000000000000000000000000000000000000000000000000000000000000000000000000000000000000000000000000000000000001c1d171b0a10c0
22345,00000000000000000000000000000000000000000000000000000000000000000000000000000000000000000000000000000000000000000012a72c16d9bba0
22355,00000000000000000000000000000000000000000000000000000000000000000000000000000000000000000000000000000000000000000019277657efc6e0
22365,0000000000000000000000000000000000000000000000000000000000000000000000000000000000000000000000000000000000000000001bde2d956eafc0
22375,000000000000000000000000000000000000000000000000000000000000000000000000000000000000000000000000000000000000000000190504641a9240
22385,0000000000000000000000000000000000000000000000000000000000000000000000000000000000000000000000000000000000000000005628834575fe80
22395,0000000000000000000000000000000000000000000000000000000000000000000000000000000000000000000000000000000000000000001b78a4aff764c0
22405,000000000000000000000000000000000000000000000000000000000000000000000000000000000000000000000000000000000000000000225cb96a540ae0
22415,000000000000000000000000000000000000000000000000000000000000000000000000000000000000000000000000000000000000000000228588051df760
22425,00000000000000000000000000000000000000000000000000000000000000000000000000000000000000000000000000000000000000000018b88490a4a5c0
22435,00000000000000000000000000000000000000000000000000000000000000000000000000000000000000000000000000000000000000000029c8a7e0759340
22445,000000000000000000000000000000000000000000000000000000000000000000000000000000000000000000000000000000000000000000110f709ea1e440
22455,000000000000000000000000000000000000000000000000000000000000000000000000000000000000000000000000000000000000000000291d7bf5d6e720
22465,00000000000000000000000000000000000000000000000000000000000000000000000000000000000000000000000000000000000000000011268d61ff82c0
22475,00000000000000000000000000000000000000000000000000000000000000000000000000000000000000000000000000000000000000000027a67e7191a560
22485,0000000000000000000000000000000000000000000000000000000000000000000000000000000000000000000000000000000000000000003330e26f6aa9e0
22495,00000000000000000000000000000000000000000000000000000000000000000000000000000000000000000000000000000000000000000031f3ff98762f60
22505,00000000000000000000000000000000000000000000000000000000000000000000000000000000000000000000000000000000000000000031eb22a2e7b080
22515,00000000000000000000000000000000000000000000000000000000000000000000000000000000000000000000000000000000000000000030ec3602da0fc0
22525,00000000000000000000000000000000000000000000000000000000000000000000000000000000000000000000000000000000000000000028546ddc00a520
22535,00000000000000000000000000000000000000000000000000000000000000000000000000000000000000000000000000000000000000000038189c10f4c480
22545,00000000000000000000000000000000000000000000000000000000000000000000000000000000000000000000000000000000000000000069d972ca674dc0
22555,0000000000000000000000000000000000000000000000000000000000000000000000000000000000000000000000000000000000000000002e6c31907086c0
22565,0000000000000000000000000000000000000000000000000000000000000000000000000000000000000000000000000000000000000000008cf686768a2f20
22575,0000000000000000000000000000000000000000000000000000000000000000000000000000000000000000000000000000000000000000003a9330663242e0
22585,0000000000000000000000000000000000000000000000000000000000000000000000000000000000000000000000000000000000000000002fc601f9233a20
22595,0000000000000000000000000000000000000000000000000000000000000000000000000000000000000000000000000000000000000000001870840ba61180
22605,000000000000000000000000000000000000000000000000000000000000000000000000000000000000000000000000000000000000000000201dae24c4cb00
22615,00000000000000000000000000000000000000000000000000000000000000000000000000000000000000000000000000000000000000000057e1799de6c580
22625,0000000000000000000000000000000000000000000000000000000000000000000000000000000000000000000000000000000000000000004c1544d5b826a0
22635,0000000000000000000000000000000000000000000000000000000000000000000000000000000000000000000000000000000000000000001f9cd519c23080
22645,0000000000000000000000000000000000000000000000000000000000000000000000000000000000000000000000000000000000000000001daa514f0acf40
22655,0000000000000000000000000000000000000000000000000000000000000000000000000000000000000000000000000000000000000000002727b4d2ba45c0
22665,00000000000000000000000000000000000000000000000000000000000000000000000000000000000000000000000000000000000000000021d167562d7ac0
22675,00000000000000000000000000000000000000000000000000000000000000000000000000000000000000000000000000000000000000000042e5ac1b8fb200
22685,000000000000000000000000000000000000000000000000000000000000000000000000000000000000000000000000000000000000000000544bcf16d03880
22695,0000000000000000000000000000000000000000000000000000000000000000000000000000000000000000000000000000000000000000002bfd9a1301c8a0
22705,0000000000000000000000000000000000000000000000000000000000000000000000000000000000000000000000000000000000000000001115570a8ae260
22715,00000000000000000000000000000000000000000000000000000000000000000000000000000000000000000000000000000000000000000031cee7111d7920
22725,0000000000000000000000000000000000000000000000000000000000000000000000000000000000000000000000000000000000000000004c3fc90415d200
22735,0000000000000000000000000000000000000000000000000000000000000000000000000000000000000000000000000000000000000000002e7052fc780b20
22745,00000000000000000000000000000000000000000000000000000000000000000000000000000000000000000000000000000000000000000009e39c242e9b60
22755,000000000000000000000000000000000000000000000000000000000000000000000000000000000000000000000000000000000000000000209de939aaa7e0
22765,00000000000000000000000000000000000000000000000000000000000000000000000000000000000000000000000000000000000000000059ae1543c99540
22775,0000000000000000000000000000000000000000000000000000000000000000000000000000000000000000000000000000000000000000002f17e23619f280
22785,0000000000000000000000000000000000000000000000000000000000000000000000000000000000000000000000000000000000000000002bad65537d0820
22795,000000000000000000000000000000000000000000000000000000000000000000000000000000000000000000000000000000000000000000334a2ada054d80
22805,0000000000000000000000000000000000000000000000000000000000000000000000000000000000000000000000000000000000000000001c895c89e5c500
22815,0000000000000000000000000000000000000000000000000000000000000000000000000000000000000000000000000000000000000000001a1223c81f9600
22825,0000000000000000000000000000000000000000000000000000000000000000000000000000000000000000000000000000000000000000003103a459e36a20
22835,00000000000000000000000000000000000000000000000000000000000000000000000000000000000000000000000000000000000000000018c99e0f7dade0
22845,000000000000000000000000000000000000000000000000000000000000000000000000000000000000000000000000000000000000000000240ad757312240
22855,0000000000000000000000000000000000000000000000000000000000000000000000000000000000000000000000000000000000000000001f4ecad03f7600
22865,00000000000000000000000000000000000000000000000000000000000000000000000000000000000000000000000000000000000000000029c3c7cd187180
22875,00000000000000000000000000000000000000000000000000000000000000000000000000000000000000000000000000000000000000000031fc7117e48980
22885,0000000000000000000000000000000000000000000000000000000000000000000000000000000000000000000000000000000000000000001c3107c1148fa0
22895,0000000000000000000000000000000000000000000000000000000000000000000000000000000000000000000000000000000000000000000a9e240dc45480
22905,0000000000000000000000000000000000000000000000000000000000000000000000000000000000000000000000000000000000000000001dcc69e06fe260
22915,00000000000000000000000000000000000000000000000000000000000000000000000000000000000000000000000000000000000000000024c99b191b5ce0
22925,000000000000000000000000000000000000000000000000000000000000000000000000000000000000000000000000000000000000000000377db51b64d540
22935,0000000000000000000000000000000000000000000000000000000000000000000000000000000000000000000000000000000000000000003747656dd2a040
22945,0000000000000000000000000000000000000000000000000000000000000000000000000000000000000000000000000000000000000000002b710fa652baa0
22955,0000000000000000000000000000000000000000000000000000000000000000000000000000000000000000000000000000000000000000004101eced6369c0
22965,000000000000000000000000000000000000000000000000000000000000000000000000000000000000000000000000000000000000000000226e609085fda0
22975,0000000000000000000000000000000000000000000000000000000000000000000000000000000000000000000000000000000000000000002afe6c4b9615a0
22985,00000000000000000000000000000000000000000000000000000000000000000000000000000000000000000000000000000000000000000036e44caf93bcc0
22995,000000000000000000000000000000000000000000000000000000000000000000000000000000000000000000000000000000000000000000262c2663ad9fe0
23005,0000000000000000000000000000000000000000000000000000000000000000000000000000000000000000000000000000000000000000004cb0bb902ab4a0
23015,00000000000000000000000000000000000000000000000000000000000000000000000000000000000000000000000000000000000000000034124b38d7e320
23025,00000000000000000000000000000000000000000000000000000000000000000000000000000000000000000000000000000000000000000034e0092afad5a0
23035,00000000000000000000000000000000000000000000000000000000000000000000000000000000000000000000000000000000000000000026974bc8c41f40
23045,0000000000000000000000000000000000000000000000000000000000000000000000000000000000000000000000000000000000000000002df0d2715e3a00
23055,0000000000000000000000000000000000000000000000000000000000000000000000000000000000000000000000000000000000000000001026b0fd15bb40
23065,0000000000000000000000000000000000000000000000000000000000000000000000000000000000000000000000000000000000000000001e179def0fdb20
23075,0000000000000000000000000000000000000000000000000000000000000000000000000000000000000000000000000000000000000000002141967d6826a0
23085,00000000000000000000000000000000000000000000000000000000000000000000000000000000000000000000000000000000000000000011d0dc38fbd960
23095,0000000000000000000000000000000000000000000000000000000000000000000000000000000000000000000000000000000000000000005031660ed2e4c0
23105,0000000000000000000000000000000000000000000000000000000000000000000000000000000000000000000000000000000000000000002e16db96309240
23115,00000000000000000000000000000000000000000000000000000000000000000000000000000000000000000000000000000000000000000045d6cae8d05b40
23125,00000000000000000000000000000000000000000000000000000000000000000000000000000000000000000000000000000000000000000049f43fd30f4960
23135,0000000000000000000000000000000000000000000000000000000000000000000000000000000000000000000000000000000000000000004271ceb70f98a0
23145,0000000000000000000000000000000000000000000000000000000000000000000000000000000000000000000000000000000000000000002539b742c88a40
23155,0000000000000000000000000000000000000000000000000000000000000000000000000000000000000000000000000000000000000000001de7b68fd40b20
23165,000000000000000000000000000000000000000000000000000000000000000000000000000000000000000000000000000000000000000000396364b5be6f20
23175,00000000000000000000000000000000000000000000000000000000000000000000000000000000000000000000000000000000000000000011b16c31418880
23185,0000000000000000000000000000000000000000000000000000000000000000000000000000000000000000000000000000000000000000002f224549180080
23195,000000000000000000000000000000000000000000000000000000000000000000000000000000000000000000000000000000000000000000339cbc05b018a0
23205,0000000000000000000000000000000000000000000000000000000000000000000000000000000000000000000000000000000000000000002b92bad5490540
23215,00000000000000000000000000000000000000000000000000000000000000000000000000000000000000000000000000000000000000000010645f518b45a0
23225,0000000000000000000000000000000000000000000000000000000000000000000000000000000000000000000000000000000000000000001df56cc0229800
23235,0000000000000000000000000000000000000000000000000000000000000000000000000000000000000000000000000000000000000000002ffb1b13192180
23245,00000000000000000000000000000000000000000000000000000000000000000000000000000000000000000000000000000000000000000015f7ec401eec60
23255,00000000000000000000000000000000000000000000000000000000000000000000000000000000000000000000000000000000000000000057fa7239c1dd80
23265,0000000000000000000000000000000000000000000000000000000000000000000000000000000000000000000000000000000000000000002030ba4adeaf80
23275,0000000000000000000000000000000000000000000000000000000000000000000000000000000000000000000000000000000000000000002ac2e26d22f8c0
23285,0000000000000000000000000000000000000000000000000000000000000000000000000000000000000000000000000000000000000000003a7533f2102360
23295,00000000000000000000000000000000000000000000000000000000000000000000000000000000000000000000000000000000000000000033aaf2fae24700
23305,0000000000000000000000000000000000000000000000000000000000000000000000000000000000000000000000000000000000000000001dedfbfbb6a280
23315,00000000000000000000000000000000000000000000000000000000000000000000000000000000000000000000000000000000000000000016ce87806de1a0
23325,000000000000000000000000000000000000000000000000000000000000000000000000000000000000000000000000000000000000000000198d9a64bf13a0
23335,0000000000000000000000000000000000000000000000000000000000000000000000000000000000000000000000000000000000000000001bcd8fb4172be0
23345,0000000000000000000000000000000000000000000000000000000000000000000000000000000000000000000000000000000000000000002a4082c4b0d7c0
23355,0000000000000000000000000000000000000000000000000000000000000000000000000000000000000000000000000000000000000000001f1409acd283c0
23365,0000000000000000000000000000000000000000000000000000000000000000000000000000000000000000000000000000000000000000002f9d7d5e545120
23375,0000000000000000000000000000000000000000000000000000000000000000000000000000000000000000000000000000000000000000001dae3880028ee0
23385,000000000000000000000000000000000000000000000000000000000000000000000000000000000000000000000000000000000000000000257d2b3e3cf940
23395,00000000000000000000000000000000000000000000000000000000000000000000000000000000000000000000000000000000000000000019107b3bf25a00
23405,000000000000000000000000000000000000000000000000000000000000000000000000000000000000000000000000000000000000000000233c54d16a33a0
23415,0000000000000000000000000000000000000000000000000000000000000000000000000000000000000000000000000000000000000000003bb6a003ca0fe0
23425,0000000000000000000000000000000000000000000000000000000000000000000000000000000000000000000000000000000000000000002003cfba3442e0
23435,0000000000000000000000000000000000000000000000000000000000000000000000000000000000000000000000000000000000000000002b752f7ea91f20
23445,0000000000000000000000000000000000000000000000000000000000000000000000000000000000000000000000000000000000000000002d3ce9d61b3120
23455,000000000000000000000000000000000000000000000000000000000000000000000000000000000000000000000000000000000000000000129e58e636e300
23465,0000000000000000000000000000000000000000000000000000000000000000000000000000000000000000000000000000000000000000005d73c6f8deb9e0
23475,0000000000000000000000000000000000000000000000000000000000000000000000000000000000000000000000000000000000000000002a552ec34c40c0
23485,0000000000000000000000000000000000000000000000000000000000000000000000000000000000000000000000000000000000000000001f94a5869e2a20
23495,00000000000000000000000000000000000000000000000000000000000000000000000000000000000000000000000000000000000000000028ad0224cd9320
23505,000000000000000000000000000000000000000000000000000000000000000000000000000000000000000000000000000000000000000000118e3033a15380
23515,00000000000000000000000000000000000000000000000000000000000000000000000000000000000000000000000000000000000000000015a23059971120
23525,0000000000000000000000000000000000000000000000000000000000000000000000000000000000000000000000000000000000000000002af5bbf38e6dc0
23535,00000000000000000000000000000000000000000000000000000000000000000000000000000000000000000000000000000000000000000029aeb193707fc0
23545,000000000000000000000000000000000000000000000000000000000000000000000000000000000000000000000000000000000000000000343dd435e8e7e0
23555,00000000000000000000000000000000000000000000000000000000000000000000000000000000000000000000000000000000000000000034cf9a49a02700
23565,000000000000000000000000000000000000000000000000000000000000000000000000000000000000000000000000000000000000000000811daf9b844100
23575,0000000000000000000000000000000000000000000000000000000000000000000000000000000000000000000000000000000000000000002ed88c9cd49ec0
23585,0000000000000000000000000000000000000000000000000000000000000000000000000000000000000000000000000000000000000000003320040e177ea0
23595,0000000000000000000000000000000000000000000000000000000000000000000000000000000000000000000000000000000000000000001842bcbff6d340
23605,000000000000000000000000000000000000000000000000000000000000000000000000000000000000000000000000000000000000000000132d5348e34820
23615,0000000000000000000000000000000000000000000000000000000000000000000000000000000000000000000000000000000000000000001e584ac351bf60
23625,000000000000000000000000000000000000000000000000000000000000000000000000000000000000000000000000000000000000000000257c66dbd40d80
23635,0000000000000000000000000000000000000000000000000000000000000000000000000000000000000000000000000000000000000000001fd8be02078380
23645,000000000000000000000000000000000000000000000000000000000000000000000000000000000000000000000000000000000000000000338fd372dd8980
23655,0000000000000000000000000000000000000000000000000000000000000000000000000000000000000000000000000000000000000000002d35f742e1ce80
23665,0000000000000000000000000000000000000000000000000000000000000000000000000000000000000000000000000000000000000000002e001a7a2f3ce0
23675,00000000000000000000000000000000000000000000000000000000000000000000000000000000000000000000000000000000000000000021902dee43d460
23685,0000000000000000000000000000000000000000000000000000000000000000000000000000000000000000000000000000000000000000001d207a1d40dec0
23695,0000000000000000000000000000000000000000000000000000000000000000000000000000000000000000000000000000000000000000001e154c02e91b60
23705,0000000000000000000000000000000000000000000000000000000000000000000000000000000000000000000000000000000000000000002371a9d7aad640
23715,0000000000000000000000000000000000000000000000000000000000000000000000000000000000000000000000000000000000000000002cde9483d8e780
23725,0000000000000000000000000000000000000000000000000000000000000000000000000000000000000000000000000000000000000000001aa53d480ebb00
23735,000000000000000000000000000000000000000000000000000000000000000000000000000000000000000000000000000000000000000000214bbe06919a20
23745,0000000000000000000000000000000000000000000000000000000000000000000000000000000000000000000000000000000000000000003433781911c440
23755,0000000000000000000000000000000000000000000000000000000000000000000000000000000000000000000000000000000000000000003432670f4b8ca0
23765,000000000000000000000000000000000000000000000000000000000000000000000000000000000000000000000000000000000000000000489b22ccc6a700
23775,00000000000000000000000000000000000000000000000000000000000000000000000000000000000000000000000000000000000000000026404f273e2f60
23785,0000000000000000000000000000000000000000000000000000000000000000000000000000000000000000000000000000000000000000003ba6d42c3d0260
23795,0000000000000000000000000000000000000000000000000000000000000000000000000000000000000000000000000000000000000000003e0acabe145380
23805,00000000000000000000000000000000000000000000000000000000000000000000000000000000000000000000000000000000000000000034b3a3a4200fa0
23815,00000000000000000000000000000000000000000000000000000000000000000000000000000000000000000000000000000000000000000081f432dbd4d440
23825,0000000000000000000000000000000000000000000000000000000000000000000000000000000000000000000000000000000000000000002aff81cb8362c0
23835,000000000000000000000000000000000000000000000000000000000000000000000000000000000000000000000000000000000000000000300d627453f980
23845,000000000000000000000000000000000000000000000000000000000000000000000000000000000000000000000000000000000000000000200b574d639b40
23855,00000000000000000000000000000000000000000000000000000000000000000000000000000000000000000000000000000000000000000011a5eaed1bafa0
23865,000000000000000000000000000000000000000000000000000000000000000000000000000000000000000000000000000000000000000000248f76132dbe40
23875,00000000000000000000000000000000000000000000000000000000000000000000000000000000000000000000000000000000000000000042182de47c2560
23885,0000000000000000000000000000000000000000000000000000000000000000000000000000000000000000000000000000000000000000003d7aaf3df19100
23895,0000000000000000000000000000000000000000000000000000000000000000000000000000000000000000000000000000000000000000001c0999b00b7f60
23905,000000000000000000000000000000000000000000000000000000000000000000000000000000000000000000000000000000000000000000392c6a12105cc0
23915,00000000000000000000000000000000000000000000000000000000000000000000000000000000000000000000000000000000000000000019a514bbc79f00
23925,0000000000000000000000000000000000000000000000000000000000000000000000000000000000000000000000000000000000000000004e12cda98a0e80
23935,000000000000000000000000000000000000000000000000000000000000000000000000000000000000000000000000000000000000000000314f6ff251ca60
23945,0000000000000000000000000000000000000000000000000000000000000000000000000000000000000000000000000000000000000000001c3da38efffc40
23955,0000000000000000000000000000000000000000000000000000000000000000000000000000000000000000000000000000000000000000002eeb78ccc94820
23965,0000000000000000000000000000000000000000000000000000000000000000000000000000000000000000000000000000000000000000002970a852b250e0
23975,000000000000000000000000000000000000000000000000000000000000000000000000000000000000000000000000000000000000000000305945f90f8200
23985,000000000000000000000000000000000000000000000000000000000000000000000000000000000000000000000000000000000000000000210a5e288328c0
23995,00000000000000000000000000000000000000000000000000000000000000000000000000000000000000000000000000000000000000000033b6b92179a300
24005,0000000000000000000000000000000000000000000000000000000000000000000000000000000000000000000000000000000000000000000fd2fa47a61a20
24015,0000000000000000000000000000000000000000000000000000000000000000000000000000000000000000000000000000000000000000004be506c5471a60
24025,00000000000000000000000000000000000000000000000000000000000000000000000000000000000000000000000000000000000000000019702135806a80
24035,0000000000000000000000000000000000000000000000000000000000000000000000000000000000000000000000000000000000000000001f4a06bce07140
24045,000000000000000000000000000000000000000000000000000000000000000000000000000000000000000000000000000000000000000000384cbab4d429e0
24055,0000000000000000000000000000000000000000000000000000000000000000000000000000000000000000000000000000000000000000002dac8562473080
24065,000000000000000000000000000000000000000000000000000000000000000000000000000000000000000000000000000000000000000000301063ccbdac20
24075,0000000000000000000000000000000000000000000000000000000000000000000000000000000000000000000000000000000000000000002daf62bab35020
24085,0000000000000000000000000000000000000000000000000000000000000000000000000000000000000000000000000000000000000000003848c8c8c97220
24095,0000000000000000000000000000000000000000000000000000000000000000000000000000000000000000000000000000000000000000002a875549c3c580
24105,0000000000000000000000000000000000000000000000000000000000000000000000000000000000000000000000000000000000000000003a4c3ecd703220
24115,0000000000000000000000000000000000000000000000000000000000000000000000000000000000000000000000000000000000000000001c78be812bcda0
24125,00000000000000000000000000000000000000000000000000000000000000000000000000000000000000000000000000000000000000000030412a5d2585c0
24135,00000000000000000000000000000000000000000000000000000000000000000000000000000000000000000000000000000000000000000012e0e09cceeee0
24145,0000000000000000000000000000000000000000000000000000000000000000000000000000000000000000000000000000000000000000002a946b217f9680
24155,00000000000000000000000000000000000000000000000000000000000000000000000000000000000000000000000000000000000000000028feb90b9ac4a0
24165,00000000000000000000000000000000000000000000000000000000000000000000000000000000000000000000000000000000000000000018533683c6ed80
24175,000000000000000000000000000000000000000000000000000000000000000000000000000000000000000000000000000000000000000000419570ed4b61a0
24185,0000000000000000000000000000000000000000000000000000000000000000000000000000000000000000000000000000000000000000003abdea6d29d740
24195,0000000000000000000000000000000000000000000000000000000000000000000000000000000000000000000000000000000000000000001e4b2ef56ef2c0
24205,00000000000000000000000000000000000000000000000000000000000000000000000000000000000000000000000000000000000000000037f16ed884df80
24215,00000000000000000000000000000000000000000000000000000000000000000000000000000000000000000000000000000000000000000024e7ce52261a60
24225,00000000000000000000000000000000000000000000000000000000000000000000000000000000000000000000000000000000000000000030d3215d283de0
24235,0000000000000000000000000000000000000000000000000000000000000000000000000000000000000000000000000000000000000000003b3d54021dd200
24245,00000000000000000000000000000000000000000000000000000000000000000000000000000000000000000000000000000000000000000024d2307afd7360
24255,0000000000000000000000000000000000000000000000000000000000000000000000000000000000000000000000000000000000000000001e3c0b3b6069e0
24265,000000000000000000000000000000000000000000000000000000000000000000000000000000000000000000000000000000000000000000319c52e34ae1c0
24275,00000000000000000000000000000000000000000000000000000000000000000000000000000000000000000000000000000000000000000019fdf1b5cabac0
24285,000000000000000000000000000000000000000000000000000000000000000000000000000000000000000000000000000000000000000000450624bbcbdd80
24295,00000000000000000000000000000000000000000000000000000000000000000000000000000000000000000000000000000000000000000058c536672bd5c0
24305,0000000000000000000000000000000000000000000000000000000000000000000000000000000000000000000000000000000000000000001a8447a2e4d260
24315,00000000000000000000000000000000000000000000000000000000000000000000000000000000000000000000000000000000000000000037d727155de6c0
24325,00000000000000000000000000000000000000000000000000000000000000000000000000000000000000000000000000000000000000000057233da0dfb3a0
24335,0000000000000000000000000000000000000000000000000000000000000000000000000000000000000000000000000000000000000000001a5b4ee0bb46e0
24345,0000000000000000000000000000000000000000000000000000000000000000000000000000000000000000000000000000000000000000001ee03c30501ca0
24355,0000000000000000000000000000000000000000000000000000000000000000000000000000000000000000000000000000000000000000001aec426aa81840
24365,000000000000000000000000000000000000000000000000000000000000000000000000000000000000000000000000000000000000000000342f187bd35d00
24375,0000000000000000000000000000000000000000000000000000000000000000000000000000000000000000000000000000000000000000001237bacf9731e0
24385,0000000000000000000000000000000000000000000000000000000000000000000000000000000000000000000000000000000000000000001a0b08e623fe60
24395,0000000000000000000000000000000000000000000000000000000000000000000000000000000000000000000000000000000000000000001aa55f480c7080
24405,0000000000000000000000000000000000000000000000000000000000000000000000000000000000000000000000000000000000000000002f042b900b8b20
24415,0000000000000000000000000000000000000000000000000000000000000000000000000000000000000000000000000000000000000000001c6578476497e0
24425,00000000000000000000000000000000000000000000000000000000000000000000000000000000000000000000000000000000000000000034fc796423f6e0
24435,0000000000000000000000000000000000000000000000000000000000000000000000000000000000000000000000000000000000000000003da3290023ab40
24445,00000000000000000000000000000000000000000000000000000000000000000000000000000000000000000000000000000000000000000019789d5277e620
24455,0000000000000000000000000000000000000000000000000000000000000000000000000000000000000000000000000000000000000000002256e2c3564b80
24465,000000000000000000000000000000000000000000000000000000000000000000000000000000000000000000000000000000000000000000134ba9d0b090e0
24475,00000000000000000000000000000000000000000000000000000000000000000000000000000000000000000000000000000000000000000026ade002525380
24485,000000000000000000000000000000000000000000000000000000000000000000000000000000000000000000000000000000000000000000273c0ebda9fb80
24495,00000000000000000000000000000000000000000000000000000000000000000000000000000000000000000000000000000000000000000027aff622296860
24505,0000000000000000000000000000000000000000000000000000000000000000000000000000000000000000000000000000000000000000002ee22674cc8ac0
24515,00000000000000000000000000000000000000000000000000000000000000000000000000000000000000000000000000000000000000000013c3055c56e040
24525,00000000000000000000000000000000000000000000000000000000000000000000000000000000000000000000000000000000000000000031d9c2419d47c0
24535,00000000000000000000000000000000000000000000000000000000000000000000000000000000000000000000000000000000000000000020d0008ee81f00
24545,0000000000000000000000000000000000000000000000000000000000000000000000000000000000000000000000000000000000000000000fa34354b5cbc0
24555,00000000000000000000000000000000000000000000000000000000000000000000000000000000000000000000000000000000000000000035092b59705b80
24565,00000000000000000000000000000000000000000000000000000000000000000000000000000000000000000000000000000000000000000034dfd35260eca0
24575,0000000000000000000000000000000000000000000000000000000000000000000000000000000000000000000000000000000000000000001c59453e5e6ac0
24585,0000000000000000000000000000000000000000000000000000000000000000000000000000000000000000000000000000000000000000002b81aab8e582a0
24595,00000000000000000000000000000000000000000000000000000000000000000000000000000000000000000000000000000000000000000039d7b75f22f060
24605,0000000000000000000000000000000000000000000000000000000000000000000000000000000000000000000000000000000000000000001e012d2ba6a5a0
24615,0000000000000000000000000000000000000000000000000000000000000000000000000000000000000000000000000000000000000000003abc250ad23cc0
24625,000000000000000000000000000000000000000000000000000000000000000000000000000000000000000000000000000000000000000000267b33b6f78380
24635,00000000000000000000000000000000000000000000000000000000000000000000000000000000000000000000000000000000000000000020f4c829f78440
24645,0000000000000000000000000000000000000000000000000000000000000000000000000000000000000000000000000000000000000000002b6827ff89e080
24655,00000000000000000000000000000000000000000000000000000000000000000000000000000000000000000000000000000000000000000046a22629e16080
24665,0000000000000000000000000000000000000000000000000000000000000000000000000000000000000000000000000000000000000000002f4a13f7a466c0
24675,00000000000000000000000000000000000000000000000000000000000000000000000000000000000000000000000000000000000000000019f3e922c693a0
24685,0000000000000000000000000000000000000000000000000000000000000000000000000000000000000000000000000000000000000000000f2fd1f02e6b60
24695,0000000000000000000000000000000000000000000000000000000000000000000000000000000000000000000000000000000000000000002b7f574cbedcc0
24705,0000000000000000000000000000000000000000000000000000000000000000000000000000000000000000000000000000000000000000000d6ad4dd796740
24715,000000000000000000000000000000000000000000000000000000000000000000000000000000000000000000000000000000000000000000237c8ae0c7c9e0
24725,0000000000000000000000000000000000000000000000000000000000000000000000000000000000000000000000000000000000000000003b46445a2129e0
24735,0000000000000000000000000000000000000000000000000000000000000000000000000000000000000000000000000000000000000000002b9f6871f82b00
24745,0000000000000000000000000000000000000000000000000000000000000000000000000000000000000000000000000000000000000000001d769bf9e93da0
24755,000000000000000000000000000000000000000000000000000000000000000000000000000000000000000000000000000000000000000000207b9cd9842620
24765,00000000000000000000000000000000000000000000000000000000000000000000000000000000000000000000000000000000000000000021cb7d9b7fc960
24775,00000000000000000000000000000000000000000000000000000000000000000000000000000000000000000000000000000000000000000012c3dc6d886380
24785,0000000000000000000000000000000000000000000000000000000000000000000000000000000000000000000000000000000000000000002980dcb410f0a0
24795,000000000000000000000000000000000000000000000000000000000000000000000000000000000000000000000000000000000000000000385e2c161d6d60
24805,000000000000000000000000000000000000000000000000000000000000000000000000000000000000000000000000000000000000000000310ad876f0ffc0
24815,000000000000000000000000000000000000000000000000000000000000000000000000000000000000000000000000000000000000000000143466686450c0
24825,0000000000000000000000000000000000000000000000000000000000000000000000000000000000000000000000000000000000000000000d2f8357a00840
24835,0000000000000000000000000000000000000000000000000000000000000000000000000000000000000000000000000000000000000000001cd1af53cb1ce0
24845,0000000000000000000000000000000000000000000000000000000000000000000000000000000000000000000000000000000000000000006a59e537e6f9c0
24855,0000000000000000000000000000000000000000000000000000000000000000000000000000000000000000000000000000000000000000001d8bee1fdbeaa0
24865,0000000000000000000000000000000000000000000000000000000000000000000000000000000000000000000000000000000000000000002a7015c17c3000
24875,0000000000000000000000000000000000000000000000000000000000000000000000000000000000000000000000000000000000000000001422ab87200120
24885,00000000000000000000000000000000000000000000000000000000000000000000000000000000000000000000000000000000000000000008fd0947693ce0
24895,00000000000000000000000000000000000000000000000000000000000000000000000000000000000000000000000000000000000000000021b52561ed8a20
24905,00000000000000000000000000000000000000000000000000000000000000000000000000000000000000000000000000000000000000000054d2f63eefe820
24915,0000000000000000000000000000000000000000000000000000000000000000000000000000000000000000000000000000000000000000000faf00366178e0
24925,000000000000000000000000000000000000000000000000000000000000000000000000000000000000000000000000000000000000000000126c6e1acf0920
24935,0000000000000000000000000000000000000000000000000000000000000000000000000000000000000000000000000000000000000000002c5d4302b70880
24945,00000000000000000000000000000000000000000000000000000000000000000000000000000000000000000000000000000000000000000023300ed23deb20
24955,000000000000000000000000000000000000000000000000000000000000000000000000000000000000000000000000000000000000000000200d391c081060
24965,00000000000000000000000000000000000000000000000000000000000000000000000000000000000000000000000000000000000000000020dd950dfddd60
24975,0000000000000000000000000000000000000000000000000000000000000000000000000000000000000000000000000000000000000000000feb7f4fd7c0c0
24985,0000000000000000000000000000000000000000000000000000000000000000000000000000000000000000000000000000000000000000001fbfa583b86a20
24995,0000000000000000000000000000000000000000000000000000000000000000000000000000000000000000000000000000000000000000001bb775a1e332a0
25005,000000000000000000000000000000000000000000000000000000000000000000000000000000000000000000000000000000000000000000233f80f895f020
25015,000000000000000000000000000000000000000000000000000000000000000000000000000000000000000000000000000000000000000000205470d24f4040
25025,000000000000000000000000000000000000000000000000000000000000000000000000000000000000000000000000000000000000000000264ee775075860
25035,0000000000000000000000000000000000000000000000000000000000000000000000000000000000000000000000000000000000000000001c476a8e575380
25045,0000000000000000000000000000000000000000000000000000000000000000000000000000000000000000000000000000000000000000003ec3c976897780
25055,0000000000000000000000000000000000000000000000000000000000000000000000000000000000000000000000000000000000000000002197045a1ca680
25065,0000000000000000000000000000000000000000000000000000000000000000000000000000000000000000000000000000000000000000001f4c0401aa6f20
25075,00000000000000000000000000000000000000000000000000000000000000000000000000000000000000000000000000000000000000000024279541901b00
25085,0000000000000000000000000000000000000000000000000000000000000000000000000000000000000000000000000000000000000000002dcededff6a8a0
25095,0000000000000000000000000000000000000000000000000000000000000000000000000000000000000000000000000000000000000000001c8cf31d591aa0
25105,00000000000000000000000000000000000000000000000000000000000000000000000000000000000000000000000000000000000000000026b4fc01d7b080
25115,00000000000000000000000000000000000000000000000000000000000000000000000000000000000000000000000000000000000000000014b3587387bc00
25125,0000000000000000000000000000000000000000000000000000000000000000000000000000000000000000000000000000000000000000002e111647cf3180
25135,000000000000000000000000000000000000000000000000000000000000000000000000000000000000000000000000000000000000000000189fab438c5e00
25145,0000000000000000000000000000000000000000000000000000000000000000000000000000000000000000000000000000000000000000002eb05315b1e1c0
25155,0000000000000000000000000000000000000000000000000000000000000000000000000000000000000000000000000000000000000000003dad2e894f6940
25165,000000000000000000000000000000000000000000000000000000000000000000000000000000000000000000000000000000000000000000274d47b2a84760
25175,0000000000000000000000000000000000000000000000000000000000000000000000000000000000000000000000000000000000000000002a6af84bad09c0
25185,00000000000000000000000000000000000000000000000000000000000000000000000000000000000000000000000000000000000000000024f12c0c983ac0
25195,0000000000000000000000000000000000000000000000000000000000000000000000000000000000000000000000000000000000000000002971fc03d680e0
25205,00000000000000000000000000000000000000000000000000000000000000000000000000000000000000000000000000000000000000000041b59a128311e0
25215,00000000000000000000000000000000000000000000000000000000000000000000000000000000000000000000000000000000000000000022c0be4fe57ae0
25225,00000000000000000000000000000000000000000000000000000000000000000000000000000000000000000000000000000000000000000020ad0791436640
25235,00000000000000000000000000000000000000000000000000000000000000000000000000000000000000000000000000000000000000000027a8d8a2a42540
25245,00000000000000000000000000000000000000000000000000000000000000000000000000000000000000000000000000000000000000000036b9c463ac7fc0
25255,00000000000000000000000000000000000000000000000000000000000000000000000000000000000000000000000000000000000000000023ed206ce2f0c0
25265,0000000000000000000000000000000000000000000000000000000000000000000000000000000000000000000000000000000000000000004d6e9b835f5ca0
25275,00000000000000000000000000000000000000000000000000000000000000000000000000000000000000000000000000000000000000000055d139066b70e0
25285,0000000000000000000000000000000000000000000000000000000000000000000000000000000000000000000000000000000000000000001788c756573b00
25295,0000000000000000000000000000000000000000000000000000000000000000000000000000000000000000000000000000000000000000001d322dfe85a720
25305,000000000000000000000000000000000000000000000000000000000000000000000000000000000000000000000000000000000000000000132101a2555280
25315,00000000000000000000000000000000000000000000000000000000000000000000000000000000000000000000000000000000000000000029abe13b037fe0
25325,00000000000000000000000000000000000000000000000000000000000000000000000000000000000000000000000000000000000000000029ab63626e70e0
25335,000000000000000000000000000000000000000000000000000000000000000000000000000000000000000000000000000000000000000000164c7c6ba748c0
25345,000000000000000000000000000000000000000000000000000000000000000000000000000000000000000000000000000000000000000000291bf8e23fc120
25355,0000000000000000000000000000000000000000000000000000000000000000000000000000000000000000000000000000000000000000004aa8d21f81f6c0
25365,0000000000000000000000000000000000000000000000000000000000000000000000000000000000000000000000000000000000000000002ccc9ed3d3a200
25375,00000000000000000000000000000000000000000000000000000000000000000000000000000000000000000000000000000000000000000015001778347a20
25385,00000000000000000000000000000000000000000000000000000000000000000000000000000000000000000000000000000000000000000032153f6ed62be0
25395,0000000000000000000000000000000000000000000000000000000000000000000000000000000000000000000000000000000000000000003099d1a5f12c00
25405,0000000000000000000000000000000000000000000000000000000000000000000000000000000000000000000000000000000000000000003968d23f396b20
25415,0000000000000000000000000000000000000000000000000000000000000000000000000000000000000000000000000000000000000000002674c9d4effea0
25425,00000000000000000000000000000000000000000000000000000000000000000000000000000000000000000000000000000000000000000018b4c510e54d20
25435,0000000000000000000000000000000000000000000000000000000000000000000000000000000000000000000000000000000000000000004045300dcc5fc0
25445,0000000000000000000000000000000000000000000000000000000000000000000000000000000000000000000000000000000000000000004dfbd534eeea00
25455,000000000000000000000000000000000000000000000000000000000000000000000000000000000000000000000000000000000000000000392eacf45f8260
25465,0000000000000000000000000000000000000000000000000000000000000000000000000000000000000000000000000000000000000000002ca73e87937300
25475,00000000000000000000000000000000000000000000000000000000000000000000000000000000000000000000000000000000000000000010189856a66e60
25485,00000000000000000000000000000000000000000000000000000000000000000000000000000000000000000000000000000000000000000019a3783be36aa0
25495,0000000000000000000000000000000000000000000000000000000000000000000000000000000000000000000000000000000000000000001fd8243d259140
25505,0000000000000000000000000000000000000000000000000000000000000000000000000000000000000000000000000000000000000000001d75bed295ae60
25515,000000000000000000000000000000000000000000000000000000000000000000000000000000000000000000000000000000000000000000390cc2eccfea00
25525,00000000000000000000000000000000000000000000000000000000000000000000000000000000000000000000000000000000000000000022b5fc9f63f460
25535,00000000000000000000000000000000000000000000000000000000000000000000000000000000000000000000000000000000000000000023ba508400ae80
25545,00000000000000000000000000000000000000000000000000000000000000000000000000000000000000000000000000000000000000000015ccdc11cab000
25555,0000000000000000000000000000000000000000000000000000000000000000000000000000000000000000000000000000000000000000001b63d09dad7400
25565,00000000000000000000000000000000000000000000000000000000000000000000000000000000000000000000000000000000000000000031371bf3f57360
25575,0000000000000000000000000000000000000000000000000000000000000000000000000000000000000000000000000000000000000000002555e440e28200
25585,00000000000000000000000000000000000000000000000000000000000000000000000000000000000000000000000000000000000000000027becb839faee0
25595,000000000000000000000000000000000000000000000000000000000000000000000000000000000000000000000000000000000000000000247b7ca83787e0
25605,0000000000000000000000000000000000000000000000000000000000000000000000000000000000000000000000000000000000000000003542c1c1ddbda0
25615,00000000000000000000000000000000000000000000000000000000000000000000000000000000000000000000000000000000000000000024bcb44b34fe00
25625,00000000000000000000000000000000000000000000000000000000000000000000000000000000000000000000000000000000000000000016036097f6df40
25635,0000000000000000000000000000000000000000000000000000000000000000000000000000000000000000000000000000000000000000003251714d3df6c0
25645,00000000000000000000000000000000000000000000000000000000000000000000000000000000000000000000000000000000000000000021178d1dc72120
25655,0000000000000000000000000000000000000000000000000000000000000000000000000000000000000000000000000000000000000000003dc146c3087880
25665,00000000000000000000000000000000000000000000000000000000000000000000000000000000000000000000000000000000000000000033223249059260
25675,00000000000000000000000000000000000000000000000000000000000000000000000000000000000000000000000000000000000000000024216c7d0e0b80
25685,000000000000000000000000000000000000000000000000000000000000000000000000000000000000000000000000000000000000000000288696bb158b40
25695,00000000000000000000000000000000000000000000000000000000000000000000000000000000000000000000000000000000000000000039d4c51a6974c0
25705,0000000000000000000000000000000000000000000000000000000000000000000000000000000000000000000000000000000000000000000fb1d8a27f2880
25715,0000000000000000000000000000000000000000000000000000000000000000000000000000000000000000000000000000000000000000003e0b96207cc680
25725,00000000000000000000000000000000000000000000000000000000000000000000000000000000000000000000000000000000000000000015f11ce7f6db40
25735,000000000000000000000000000000000000000000000000000000000000000000000000000000000000000000000000000000000000000000153d6607c429c0
25745,00000000000000000000000000000000000000000000000000000000000000000000000000000000000000000000000000000000000000000017cfedef15b980
25755,000000000000000000000000000000000000000000000000000000000000000000000000000000000000000000000000000000000000000000399f0be2f47ec0
25765,0000000000000000000000000000000000000000000000000000000000000000000000000000000000000000000000000000000000000000003d097a31e12980
25775,00000000000000000000000000000000000000000000000000000000000000000000000000000000000000000000000000000000000000000026542239997160
25785,00000000000000000000000000000000000000000000000000000000000000000000000000000000000000000000000000000000000000000048f7209f315600
25795,00000000000000000000000000000000000000000000000000000000000000000000000000000000000000000000000000000000000000000028070674e91840
25805,0000000000000000000000000000000000000000000000000000000000000000000000000000000000000000000000000000000000000000001991e7a9612d80
25815,0000000000000000000000000000000000000000000000000000000000000000000000000000000000000000000000000000000000000000002705dc4b297f80
25825,0000000000000000000000000000000000000000000000000000000000000000000000000000000000000000000000000000000000000000001504e9d07ed780
25835,0000000000000000000000000000000000000000000000000000000000000000000000000000000000000000000000000000000000000000000ed3fbc5238680
25845,0000000000000000000000000000000000000000000000000000000000000000000000000000000000000000000000000000000000000000002930f6e0d5a3a0
25855,0000000000000000000000000000000000000000000000000000000000000000000000000000000000000000000000000000000000000000000ee60c6b4e5d60
25865,000000000000000000000000000000000000000000000000000000000000000000000000000000000000000000000000000000000000000000477ca3563c2180
25875,0000000000000000000000000000000000000000000000000000000000000000000000000000000000000000000000000000000000000000001dec1d40c33360
25885,000000000000000000000000000000000000000000000000000000000000000000000000000000000000000000000000000000000000000000210866ed916040
25895,0000000000000000000000000000000000000000000000000000000000000000000000000000000000000000000000000000000000000000001a460330ef8ce0
25905,00000000000000000000000000000000000000000000000000000000000000000000000000000000000000000000000000000000000000000023f73dffe5ada0
25915,0000000000000000000000000000000000000000000000000000000000000000000000000000000000000000000000000000000000000000002c8b404e62a340
25925,00000000000000000000000000000000000000000000000000000000000000000000000000000000000000000000000000000000000000000030243a7ca28860
25935,00000000000000000000000000000000000000000000000000000000000000000000000000000000000000000000000000000000000000000015a03fb2561240
25945,00000000000000000000000000000000000000000000000000000000000000000000000000000000000000000000000000000000000000000037e6299e339880
25955,00000000000000000000000000000000000000000000000000000000000000000000000000000000000000000000000000000000000000000030a37187c14d60
25965,00000000000000000000000000000000000000000000000000000000000000000000000000000000000000000000000000000000000000000021755e70124fc0
25975,0000000000000000000000000000000000000000000000000000000000000000000000000000000000000000000000000000000000000000000ca324eaee0340
25985,0000000000000000000000000000000000000000000000000000000000000000000000000000000000000000000000000000000000000000002383a5cc9bfe60
25995,0000000000000000000000000000000000000000000000000000000000000000000000000000000000000000000000000000000000000000002bbf0ca1116e60
26005,0000000000000000000000000000000000000000000000000000000000000000000000000000000000000000000000000000000000000000002dc52ee09dc4a0
26015,00000000000000000000000000000000000000000000000000000000000000000000000000000000000000000000000000000000000000000042949db4b725e0
26025,0000000000000000000000000000000000000000000000000000000000000000000000000000000000000000000000000000000000000000001d4c38869d0ee0
26035,0000000000000000000000000000000000000000000000000000000000000000000000000000000000000000000000000000000000000000002882a68045ca00
26045,000000000000000000000000000000000000000000000000000000000000000000000000000000000000000000000000000000000000000000340bd0fe33ee60
26055,0000000000000000000000000000000000000000000000000000000000000000000000000000000000000000000000000000000000000000001442ad400b9480
26065,0000000000000000000000000000000000000000000000000000000000000000000000000000000000000000000000000000000000000000003fac2d3f7e4700
26075,0000000000000000000000000000000000000000000000000000000000000000000000000000000000000000000000000000000000000000001d5f90e7c581a0
26085,0000000000000000000000000000000000000000000000000000000000000000000000000000000000000000000000000000000000000000002354a8bc1550e0
26095,00000000000000000000000000000000000000000000000000000000000000000000000000000000000000000000000000000000000000000043f9497f24b840
26105,000000000000000000000000000000000000000000000000000000000000000000000000000000000000000000000000000000000000000000104713ac222880
26115,000000000000000000000000000000000000000000000000000000000000000000000000000000000000000000000000000000000000000000329ae1484b2ac0
26125,0000000000000000000000000000000000000000000000000000000000000000000000000000000000000000000000000000000000000000003a327c62ddc700
26135,0000000000000000000000000000000000000000000000000000000000000000000000000000000000000000000000000000000000000000003ea12cc7a372c0
26145,0000000000000000000000000000000000000000000000000000000000000000000000000000000000000000000000000000000000000000001c2918d54ea420
26155,0000000000000000000000000000000000000000000000000000000000000000000000000000000000000000000000000000000000000000001c81724f5a9c40
26165,0000000000000000000000000000000000000000000000000000000000000000000000000000000000000000000000000000000000000000003c8948580e5ea0
26175,0000000000000000000000000000000000000000000000000000000000000000000000000000000000000000000000000000000000000000003828a7a39137e0
26185,0000000000000000000000000000000000000000000000000000000000000000000000000000000000000000000000000000000000000000001cda73a1f8cee0
26195,0000000000000000000000000000000000000000000000000000000000000000000000000000000000000000000000000000000000000000001c18677dd10d80
26205,00000000000000000000000000000000000000000000000000000000000000000000000000000000000000000000000000000000000000000023c0d2a11a42a0
26215,0000000000000000000000000000000000000000000000000000000000000000000000000000000000000000000000000000000000000000002297db216bb640
26225,00000000000000000000000000000000000000000000000000000000000000000000000000000000000000000000000000000000000000000028b7042df98d80
26235,00000000000000000000000000000000000000000000000000000000000000000000000000000000000000000000000000000000000000000034b27a4b968f00
26245,0000000000000000000000000000000000000000000000000000000000000000000000000000000000000000000000000000000000000000000e1158037c23e0
26255,0000000000000000000000000000000000000000000000000000000000000000000000000000000000000000000000000000000000000000004607adaa716240
26265,00000000000000000000000000000000000000000000000000000000000000000000000000000000000000000000000000000000000000000024ff416442d460
26275,000000000000000000000000000000000000000000000000000000000000000000000000000000000000000000000000000000000000000000156a188e99bf80
26285,000000000000000000000000000000000000000000000000000000000000000000000000000000000000000000000000000000000000000000370e685df872c0
26295,0000000000000000000000000000000000000000000000000000000000000000000000000000000000000000000000000000000000000000003567d517fbb9c0
26305,0000000000000000000000000000000000000000000000000000000000000000000000000000000000000000000000000000000000000000002966a92223af40
26315,00000000000000000000000000000000000000000000000000000000000000000000000000000000000000000000000000000000000000000021010c9572ace0
26325,0000000000000000000000000000000000000000000000000000000000000000000000000000000000000000000000000000000000000000004f43a732893d40
26335,00000000000000000000000000000000000000000000000000000000000000000000000000000000000000000000000000000000000000000014b2789af94780
26345,0000000000000000000000000000000000000000000000000000000000000000000000000000000000000000000000000000000000000000001350daa8f49020
26355,0000000000000000000000000000000000000000000000000000000000000000000000000000000000000000000000000000000000000000002451eed266cce0
26365,000000000000000000000000000000000000000000000000000000000000000000000000000000000000000000000000000000000000000000131ae34a215420
26375,0000000000000000000000000000000000000000000000000000000000000000000000000000000000000000000000000000000000000000002bba3f8db304e0
26385,00000000000000000000000000000000000000000000000000000000000000000000000000000000000000000000000000000000000000000025feb24933da40
26395,0000000000000000000000000000000000000000000000000000000000000000000000000000000000000000000000000000000000000000002a95cdbef18a00
26405,0000000000000000000000000000000000000000000000000000000000000000000000000000000000000000000000000000000000000000000f486adad4e260
26415,00000000000000000000000000000000000000000000000000000000000000000000000000000000000000000000000000000000000000000029b7a39caece20
26425,000000000000000000000000000000000000000000000000000000000000000000000000000000000000000000000000000000000000000000134d6a46b9bb60
26435,000000000000000000000000000000000000000000000000000000000000000000000000000000000000000000000000000000000000000000285ca60cadef80
26445,000000000000000000000000000000000000000000000000000000000000000000000000000000000000000000000000000000000000000000242fddc1013860
26455,00000000000000000000000000000000000000000000000000000000000000000000000000000000000000000000000000000000000000000012364f6d3986e0
26465,000000000000000000000000000000000000000000000000000000000000000000000000000000000000000000000000000000000000000000395928ddd16da0
26475,00000000000000000000000000000000000000000000000000000000000000000000000000000000000000000000000000000000000000000015f7d96782a7a0
26485,0000000000000000000000000000000000000000000000000000000000000000000000000000000000000000000000000000000000000000002511d7d9299360
26495,00000000000000000000000000000000000000000000000000000000000000000000000000000000000000000000000000000000000000000033d595a93de440
26505,0000000000000000000000000000000000000000000000000000000000000000000000000000000000000000000000000000000000000000002db048ff901ac0
26515,0000000000000000000000000000000000000000000000000000000000000000000000000000000000000000000000000000000000000000002e56f011df30a0
26525,0000000000000000000000000000000000000000000000000000000000000000000000000000000000000000000000000000000000000000001fd4cc5ae915e0
26535,000000000000000000000000000000000000000000000000000000000000000000000000000000000000000000000000000000000000000000506e776d2ba040
26545,0000000000000000000000000000000000000000000000000000000000000000000000000000000000000000000000000000000000000000003c4018045f56c0
26555,0000000000000000000000000000000000000000000000000000000000000000000000000000000000000000000000000000000000000000002c07a9a6057700
26565,0000000000000000000000000000000000000000000000000000000000000000000000000000000000000000000000000000000000000000002b4c255a0a9820
26575,0000000000000000000000000000000000000000000000000000000000000000000000000000000000000000000000000000000000000000002599f09ec2d3c0
26585,000000000000000000000000000000000000000000000000000000000000000000000000000000000000000000000000000000000000000000181d20427f9ee0
26595,00000000000000000000000000000000000000000000000000000000000000000000000000000000000000000000000000000000000000000020b0f6c23a9be0
26605,0000000000000000000000000000000000000000000000000000000000000000000000000000000000000000000000000000000000000000003eca5ee266aae0
26615,000000000000000000000000000000000000000000000000000000000000000000000000000000000000000000000000000000000000000000177dccb98ac580
26625,00000000000000000000000000000000000000000000000000000000000000000000000000000000000000000000000000000000000000000018d7012c2098c0
26635,0000000000000000000000000000000000000000000000000000000000000000000000000000000000000000000000000000000000000000002c644a472a19e0
26645,00000000000000000000000000000000000000000000000000000000000000000000000000000000000000000000000000000000000000000027f42658a4d9a0
26655,00000000000000000000000000000000000000000000000000000000000000000000000000000000000000000000000000000000000000000020b2f690dd0b80
26665,0000000000000000000000000000000000000000000000000000000000000000000000000000000000000000000000000000000000000000001ecf0e279fd940
26675,0000000000000000000000000000000000000000000000000000000000000000000000000000000000000000000000000000000000000000001a9947b52bcc20
26685,000000000000000000000000000000000000000000000000000000000000000000000000000000000000000000000000000000000000000000161c4e0c704180
26695,00000000000000000000000000000000000000000000000000000000000000000000000000000000000000000000000000000000000000000014c2925ecfd9c0
26705,0000000000000000000000000000000000000000000000000000000000000000000000000000000000000000000000000000000000000000001a1ade029cbac0
26715,000000000000000000000000000000000000000000000000000000000000000000000000000000000000000000000000000000000000000000151639808f4c80
26725,0000000000000000000000000000000000000000000000000000000000000000000000000000000000000000000000000000000000000000002c862cceba33a0
26735,00000000000000000000000000000000000000000000000000000000000000000000000000000000000000000000000000000000000000000014dec2fa736bc0
26745,00000000000000000000000000000000000000000000000000000000000000000000000000000000000000000000000000000000000000000033787491fa86e0
26755,00000000000000000000000000000000000000000000000000000000000000000000000000000000000000000000000000000000000000000011fbd97129fa60
26765,00000000000000000000000000000000000000000000000000000000000000000000000000000000000000000000000000000000000000000029199ea754a460
26775,0000000000000000000000000000000000000000000000000000000000000000000000000000000000000000000000000000000000000000003196fbcff5c4c0
26785,00000000000000000000000000000000000000000000000000000000000000000000000000000000000000000000000000000000000000000026a6e1db687d80
26795,0000000000000000000000000000000000000000000000000000000000000000000000000000000000000000000000000000000000000000001b88d7cc69cba0
26805,0000000000000000000000000000000000000000000000000000000000000000000000000000000000000000000000000000000000000000001a4a799318ba20
26815,0000000000000000000000000000000000000000000000000000000000000000000000000000000000000000000000000000000000000000002365913af1a640
26825,00000000000000000000000000000000000000000000000000000000000000000000000000000000000000000000000000000000000000000020581a16fc6720
26835,00000000000000000000000000000000000000000000000000000000000000000000000000000000000000000000000000000000000000000043393129a03580
26845,0000000000000000000000000000000000000000000000000000000000000000000000000000000000000000000000000000000000000000003d8d76bcad9fa0
26855,000000000000000000000000000000000000000000000000000000000000000000000000000000000000000000000000000000000000000000230167b7d8d540
26865,000000000000000000000000000000000000000000000000000000000000000000000000000000000000000000000000000000000000000000206a20021445e0
26875,0000000000000000000000000000000000000000000000000000000000000000000000000000000000000000000000000000000000000000003a44aa3a41ba00
26885,0000000000000000000000000000000000000000000000000000000000000000000000000000000000000000000000000000000000000000002aaca58c2c6ba0
26895,00000000000000000000000000000000000000000000000000000000000000000000000000000000000000000000000000000000000000000020fa01b3760140
26905,000000000000000000000000000000000000000000000000000000000000000000000000000000000000000000000000000000000000000000272a23a1553aa0
26915,0000000000000000000000000000000000000000000000000000000000000000000000000000000000000000000000000000000000000000003ac19d809b4140
26925,00000000000000000000000000000000000000000000000000000000000000000000000000000000000000000000000000000000000000000032fac7b7fc45c0
26935,0000000000000000000000000000000000000000000000000000000000000000000000000000000000000000000000000000000000000000003ab25b8b7b10a0
26945,000000000000000000000000000000000000000000000000000000000000000000000000000000000000000000000000000000000000000000204d9fdc9d7260
26955,00000000000000000000000000000000000000000000000000000000000000000000000000000000000000000000000000000000000000000026d21427444600
26965,0000000000000000000000000000000000000000000000000000000000000000000000000000000000000000000000000000000000000000004e3566ce97b2c0
26975,0000000000000000000000000000000000000000000000000000000000000000000000000000000000000000000000000000000000000000002c3fd5d3779060
26985,0000000000000000000000000000000000000000000000000000000000000000000000000000000000000000000000000000000000000000003405e6cd5ee280
26995,0000000000000000000000000000000000000000000000000000000000000000000000000000000000000000000000000000000000000000003ee91f6a2ccf20
27005,0000000000000000000000000000000000000000000000000000000000000000000000000000000000000000000000000000000000000000003617896e9af980
27015,0000000000000000000000000000000000000000000000000000000000000000000000000000000000000000000000000000000000000000003430c2de2cc940
27025,00000000000000000000000000000000000000000000000000000000000000000000000000000000000000000000000000000000000000000030a1a6391b5420
27035,0000000000000000000000000000000000000000000000000000000000000000000000000000000000000000000000000000000000000000003769922698cde0
27045,00000000000000000000000000000000000000000000000000000000000000000000000000000000000000000000000000000000000000000038c579854ed7a0
27055,000000000000000000000000000000000000000000000000000000000000000000000000000000000000000000000000000000000000000000253b3b4c870220
27065,0000000000000000000000000000000000000000000000000000000000000000000000000000000000000000000000000000000000000000000d5956c11d4e20
27075,00000000000000000000000000000000000000000000000000000000000000000000000000000000000000000000000000000000000000000020f1e62a293ec0
27085,000000000000000000000000000000000000000000000000000000000000000000000000000000000000000000000000000000000000000000301893cc307020
27095,000000000000000000000000000000000000000000000000000000000000000000000000000000000000000000000000000000000000000000274a565064e3e0
27105,00000000000000000000000000000000000000000000000000000000000000000000000000000000000000000000000000000000000000000023e7bd14a258a0
27115,0000000000000000000000000000000000000000000000000000000000000000000000000000000000000000000000000000000000000000001d77f066211240
27125,0000000000000000000000000000000000000000000000000000000000000000000000000000000000000000000000000000000000000000001818161b7417e0
27135,0000000000000000000000000000000000000000000000000000000000000000000000000000000000000000000000000000000000000000001bc292dc372ba0
27145,000000000000000000000000000000000000000000000000000000000000000000000000000000000000000000000000000000000000000000297f6f34299180
27155,00000000000000000000000000000000000000000000000000000000000000000000000000000000000000000000000000000000000000000026ec174ce605c0
27165,0000000000000000000000000000000000000000000000000000000000000000000000000000000000000000000000000000000000000000001a2bddd03c6a60
27175,0000000000000000000000000000000000000000000000000000000000000000000000000000000000000000000000000000000000000000004b9840544c1760
27185,0000000000000000000000000000000000000000000000000000000000000000000000000000000000000000000000000000000000000000001b448bf8665e20
27195,000000000000000000000000000000000000000000000000000000000000000000000000000000000000000000000000000000000000000000537febd5c85d40
27205,00000000000000000000000000000000000000000000000000000000000000000000000000000000000000000000000000000000000000000036d5041cea25a0
27215,00000000000000000000000000000000000000000000000000000000000000000000000000000000000000000000000000000000000000000030ad62c2297d60
27225,00000000000000000000000000000000000000000000000000000000000000000000000000000000000000000000000000000000000000000021b27f7fa51040
27235,00000000000000000000000000000000000000000000000000000000000000000000000000000000000000000000000000000000000000000022b8592913d5a0
27245,0000000000000000000000000000000000000000000000000000000000000000000000000000000000000000000000000000000000000000001df5f985056a80
27255,0000000000000000000000000000000000000000000000000000000000000000000000000000000000000000000000000000000000000000001fd2a316220f00
27265,0000000000000000000000000000000000000000000000000000000000000000000000000000000000000000000000000000000000000000002aa2aa16b13ae0
27275,0000000000000000000000000000000000000000000000000000000000000000000000000000000000000000000000000000000000000000002f435ebd046bc0
27285,000000000000000000000000000000000000000000000000000000000000000000000000000000000000000000000000000000000000000000339d665e422800
27295,000000000000000000000000000000000000000000000000000000000000000000000000000000000000000000000000000000000000000000318978784154a0
27305,0000000000000000000000000000000000000000000000000000000000000000000000000000000000000000000000000000000000000000002fb4ca5cc260e0
27315,0000000000000000000000000000000000000000000000000000000000000000000000000000000000000000000000000000000000000000001b8a55913c60e0
27325,00000000000000000000000000000000000000000000000000000000000000000000000000000000000000000000000000000000000000000023956537b89d40
27335,00000000000000000000000000000000000000000000000000000000000000000000000000000000000000000000000000000000000000000011572f061b1460
27345,000000000000000000000000000000000000000000000000000000000000000000000000000000000000000000000000000000000000000000241bb6425ce1c0
27355,00000000000000000000000000000000000000000000000000000000000000000000000000000000000000000000000000000000000000000011d94924b94760
27365,0000000000000000000000000000000000000000000000000000000000000000000000000000000000000000000000000000000000000000001cc611f21d5060
27375,0000000000000000000000000000000000000000000000000000000000000000000000000000000000000000000000000000000000000000002726a9dca4e060
27385,00000000000000000000000000000000000000000000000000000000000000000000000000000000000000000000000000000000000000000017a93c542758c0
27395,000000000000000000000000000000000000000000000000000000000000000000000000000000000000000000000000000000000000000000166be6cbff8500
27405,0000000000000000000000000000000000000000000000000000000000000000000000000000000000000000000000000000000000000000004b2f2978eabac0
27415,000000000000000000000000000000000000000000000000000000000000000000000000000000000000000000000000000000000000000000353ec04bfb7460
27425,00000000000000000000000000000000000000000000000000000000000000000000000000000000000000000000000000000000000000000011fe23d3789ea0
27435,00000000000000000000000000000000000000000000000000000000000000000000000000000000000000000000000000000000000000000012d844938ad500
27445,000000000000000000000000000000000000000000000000000000000000000000000000000000000000000000000000000000000000000000352841e130b440
27455,00000000000000000000000000000000000000000000000000000000000000000000000000000000000000000000000000000000000000000026a3c6208a6aa0
27465,00000000000000000000000000000000000000000000000000000000000000000000000000000000000000000000000000000000000000000023387b51ac9b80
27475,0000000000000000000000000000000000000000000000000000000000000000000000000000000000000000000000000000000000000000000f42be0c71db00
27485,00000000000000000000000000000000000000000000000000000000000000000000000000000000000000000000000000000000000000000023580bc5b38200
27495,0000000000000000000000000000000000000000000000000000000000000000000000000000000000000000000000000000000000000000003415084c59e0a0
27505,00000000000000000000000000000000000000000000000000000000000000000000000000000000000000000000000000000000000000000014bffadefc8f20
27515,0000000000000000000000000000000000000000000000000000000000000000000000000000000000000000000000000000000000000000001815fb39224040
27525,00000000000000000000000000000000000000000000000000000000000000000000000000000000000000000000000000000000000000000062f7a3caf72600
27535,0000000000000000000000000000000000000000000000000000000000000000000000000000000000000000000000000000000000000000002bc9f420555500
27545,00000000000000000000000000000000000000000000000000000000000000000000000000000000000000000000000000000000000000000015daeecbeb9e20
27555,0000000000000000000000000000000000000000000000000000000000000000000000000000000000000000000000000000000000000000002f1fe670a35ac0
27565,00000000000000000000000000000000000000000000000000000000000000000000000000000000000000000000000000000000000000000027c6d80ced7420
27575,0000000000000000000000000000000000000000000000000000000000000000000000000000000000000000000000000000000000000000001f674575fba860
27585,0000000000000000000000000000000000000000000000000000000000000000000000000000000000000000000000000000000000000000002c5edeb3d65e80
27595,0000000000000000000000000000000000000000000000000000000000000000000000000000000000000000000000000000000000000000001b1b1618bb6840
27605,000000000000000000000000000000000000000000000000000000000000000000000000000000000000000000000000000000000000000000134ddc5a6346a0
27615,00000000000000000000000000000000000000000000000000000000000000000000000000000000000000000000000000000000000000000033337c3e02b900
27625,0000000000000000000000000000000000000000000000000000000000000000000000000000000000000000000000000000000000000000003155932322ff00
27635,0000000000000000000000000000000000000000000000000000000000000000000000000000000000000000000000000000000000000000002fd37c8bebf2c0
27645,0000000000000000000000000000000000000000000000000000000000000000000000000000000000000000000000000000000000000000001a282dd07c0660
27655,0000000000000000000000000000000000000000000000000000000000000000000000000000000000000000000000000000000000000000002a8872a24e1520
27665,00000000000000000000000000000000000000000000000000000000000000000000000000000000000000000000000000000000000000000038646e1f8a17c0
27675,0000000000000000000000000000000000000000000000000000000000000000000000000000000000000000000000000000000000000000001b35d9520171c0
27685,00000000000000000000000000000000000000000000000000000000000000000000000000000000000000000000000000000000000000000023ba2b84032cc0
27695,000000000000000000000000000000000000000000000000000000000000000000000000000000000000000000000000000000000000000000404c43be8d5fc0
27705,00000000000000000000000000000000000000000000000000000000000000000000000000000000000000000000000000000000000000000016ef014d0298c0
27715,0000000000000000000000000000000000000000000000000000000000000000000000000000000000000000000000000000000000000000002cd5b7bf857900
27725,0000000000000000000000000000000000000000000000000000000000000000000000000000000000000000000000000000000000000000002b37c56f1b49e0
27735,0000000000000000000000000000000000000000000000000000000000000000000000000000000000000000000000000000000000000000003d4423068ad2c0
27745,00000000000000000000000000000000000000000000000000000000000000000000000000000000000000000000000000000000000000000045b8718865b9c0
27755,000000000000000000000000000000000000000000000000000000000000000000000000000000000000000000000000000000000000000000242fa15e8f22a0
27765,0000000000000000000000000000000000000000000000000000000000000000000000000000000000000000000000000000000000000000003714b2989fa380
27775,00000000000000000000000000000000000000000000000000000000000000000000000000000000000000000000000000000000000000000020f477029a8600
27785,0000000000000000000000000000000000000000000000000000000000000000000000000000000000000000000000000000000000000000002ca5196055fdc0
27795,0000000000000000000000000000000000000000000000000000000000000000000000000000000000000000000000000000000000000000001d393f87e45620
27805,0000000000000000000000000000000000000000000000000000000000000000000000000000000000000000000000000000000000000000001a2123dace0fc0
27815,0000000000000000000000000000000000000000000000000000000000000000000000000000000000000000000000000000000000000000001c68f6dad98b80
27825,0000000000000000000000000000000000000000000000000000000000000000000000000000000000000000000000000000000000000000001c60022a38f4c0
27835,0000000000000000000000000000000000000000000000000000000000000000000000000000000000000000000000000000000000000000001bfe4c447fb200
27845,00000000000000000000000000000000000000000000000000000000000000000000000000000000000000000000000000000000000000000022e4e19c3b0620
27855,000000000000000000000000000000000000000000000000000000000000000000000000000000000000000000000000000000000000000000511ef5eb1fb700
27865,00000000000000000000000000000000000000000000000000000000000000000000000000000000000000000000000000000000000000000022e2909c62fb60
27875,0000000000000000000000000000000000000000000000000000000000000000000000000000000000000000000000000000000000000000002174b5d293d3c0
27885,0000000000000000000000000000000000000000000000000000000000000000000000000000000000000000000000000000000000000000003edb761c538b60
27895,0000000000000000000000000000000000000000000000000000000000000000000000000000000000000000000000000000000000000000002ac24194904580
27905,000000000000000000000000000000000000000000000000000000000000000000000000000000000000000000000000000000000000000000186756161d07e0
27915,0000000000000000000000000000000000000000000000000000000000000000000000000000000000000000000000000000000000000000002b0b3c721b8520
27925,00000000000000000000000000000000000000000000000000000000000000000000000000000000000000000000000000000000000000000014c7b9ad3be000
27935,000000000000000000000000000000000000000000000000000000000000000000000000000000000000000000000000000000000000000000101a56f4122ee0
27945,0000000000000000000000000000000000000000000000000000000000000000000000000000000000000000000000000000000000000000002806ee12749580
27955,0000000000000000000000000000000000000000000000000000000000000000000000000000000000000000000000000000000000000000003196e0cff79680
27965,000000000000000000000000000000000000000000000000000000000000000000000000000000000000000000000000000000000000000000240aa6d73466e0
27975,0000000000000000000000000000000000000000000000000000000000000000000000000000000000000000000000000000000000000000003669034b93aa60
27985,0000000000000000000000000000000000000000000000000000000000000000000000000000000000000000000000000000000000000000002182d351a056e0
27995,000000000000000000000000000000000000000000000000000000000000000000000000000000000000000000000000000000000000000000273432031de9e0
28005,0000000000000000000000000000000000000000000000000000000000000000000000000000000000000000000000000000000000000000001f9f8c85e21960
28015,00000000000000000000000000000000000000000000000000000000000000000000000000000000000000000000000000000000000000000032344c455c1820
28025,00000000000000000000000000000000000000000000000000000000000000000000000000000000000000000000000000000000000000000035879615d7f880
28035,000000000000000000000000000000000000000000000000000000000000000000000000000000000000000000000000000000000000000000239d0be86fb580
28045,000000000000000000000000000000000000000000000000000000000000000000000000000000000000000000000000000000000000000000494d53ca9d76a0
28055,000000000000000000000000000000000000000000000000000000000000000000000000000000000000000000000000000000000000000000283fa1ac2c53c0
28065,00000000000000000000000000000000000000000000000000000000000000000000000000000000000000000000000000000000000000000026edc007dd1860
28075,00000000000000000000000000000000000000000000000000000000000000000000000000000000000000000000000000000000000000000025aa4ce294eae0
28085,0000000000000000000000000000000000000000000000000000000000000000000000000000000000000000000000000000000000000000001a7eb67be26420
28095,000000000000000000000000000000000000000000000000000000000000000000000000000000000000000000000000000000000000000000253cc82509ce60
28105,000000000000000000000000000000000000000000000000000000000000000000000000000000000000000000000000000000000000000000164aff13237120
28115,0000000000000000000000000000000000000000000000000000000000000000000000000000000000000000000000000000000000000000002511d331c76d80
28125,000000000000000000000000000000000000000000000000000000000000000000000000000000000000000000000000000000000000000000169a45a17d2ac0
28135,000000000000000000000000000000000000000000000000000000000000000000000000000000000000000000000000000000000000000000233b7fbdc75420
28145,00000000000000000000000000000000000000000000000000000000000000000000000000000000000000000000000000000000000000000032d1417fb4e000
28155,0000000000000000000000000000000000000000000000000000000000000000000000000000000000000000000000000000000000000000002dfd1353010220
28165,00000000000000000000000000000000000000000000000000000000000000000000000000000000000000000000000000000000000000000045bccd6a90b020
28175,00000000000000000000000000000000000000000000000000000000000000000000000000000000000000000000000000000000000000000028174187825840
28185,0000000000000000000000000000000000000000000000000000000000000000000000000000000000000000000000000000000000000000002e540625c2aee0
28195,0000000000000000000000000000000000000000000000000000000000000000000000000000000000000000000000000000000000000000003e1149e506b840
28205,0000000000000000000000000000000000000000000000000000000000000000000000000000000000000000000000000000000000000000002282390f2fa700
28215,00000000000000000000000000000000000000000000000000000000000000000000000000000000000000000000000000000000000000000024875000091400
28225,0000000000000000000000000000000000000000000000000000000000000000000000000000000000000000000000000000000000000000003186fdbd586880
28235,0000000000000000000000000000000000000000000000000000000000000000000000000000000000000000000000000000000000000000003628db59bef940
28245,000000000000000000000000000000000000000000000000000000000000000000000000000000000000000000000000000000000000000000340fb5d68e4ca0
28255,0000000000000000000000000000000000000000000000000000000000000000000000000000000000000000000000000000000000000000002fa15454397780
28265,000000000000000000000000000000000000000000000000000000000000000000000000000000000000000000000000000000000000000000261b88e4cc3cc0
28275,00000000000000000000000000000000000000000000000000000000000000000000000000000000000000000000000000000000000000000020a5ba60864620
28285,0000000000000000000000000000000000000000000000000000000000000000000000000000000000000000000000000000000000000000002c6a12a93c80a0
28295,0000000000000000000000000000000000000000000000000000000000000000000000000000000000000000000000000000000000000000005e358526e459a0
28305,000000000000000000000000000000000000000000000000000000000000000000000000000000000000000000000000000000000000000000363b7c760776a0
28315,0000000000000000000000000000000000000000000000000000000000000000000000000000000000000000000000000000000000000000002d913495597620
28325,0000000000000000000000000000000000000000000000000000000000000000000000000000000000000000000000000000000000000000001a1c93b3ba5040
28335,0000000000000000000000000000000000000000000000000000000000000000000000000000000000000000000000000000000000000000002b14174a204fe0
28345,000000000000000000000000000000000000000000000000000000000000000000000000000000000000000000000000000000000000000000232ea7efdff280
28355,00000000000000000000000000000000000000000000000000000000000000000000000000000000000000000000000000000000000000000022863efb3905c0
28365,00000000000000000000000000000000000000000000000000000000000000000000000000000000000000000000000000000000000000000026f27e878b4240
28375,0000000000000000000000000000000000000000000000000000000000000000000000000000000000000000000000000000000000000000001118ea8a4d3200
28385,0000000000000000000000000000000000000000000000000000000000000000000000000000000000000000000000000000000000000000000fd332652c2ac0
28395,00000000000000000000000000000000000000000000000000000000000000000000000000000000000000000000000000000000000000000013a1f4ad562c80
28405,000000000000000000000000000000000000000000000000000000000000000000000000000000000000000000000000000000000000000000445c015af3fba0
28415,00000000000000000000000000000000000000000000000000000000000000000000000000000000000000000000000000000000000000000032295e1eb62e20
28425,00000000000000000000000000000000000000000000000000000000000000000000000000000000000000000000000000000000000000000022891c0eb8db40
28435,0000000000000000000000000000000000000000000000000000000000000000000000000000000000000000000000000000000000000000002d42d0f33f3700
28445,00000000000000000000000000000000000000000000000000000000000000000000000000000000000000000000000000000000000000000028b90b06742140
28455,000000000000000000000000000000000000000000000000000000000000000000000000000000000000000000000000000000000000000000315d487162f3c0
28465,0000000000000000000000000000000000000000000000000000000000000000000000000000000000000000000000000000000000000000000cc7e354c2f360
28475,0000000000000000000000000000000000000000000000000000000000000000000000000000000000000000000000000000000000000000003d3a07073935c0
28485,00000000000000000000000000000000000000000000000000000000000000000000000000000000000000000000000000000000000000000018b18b9af589e0
28495,0000000000000000000000000000000000000000000000000000000000000000000000000000000000000000000000000000000000000000001ed5bab1055680
28505,0000000000000000000000000000000000000000000000000000000000000000000000000000000000000000000000000000000000000000002670b9f2bfe940
28515,00000000000000000000000000000000000000000000000000000000000000000000000000000000000000000000000000000000000000000026a656c7c0a180
28525,00000000000000000000000000000000000000000000000000000000000000000000000000000000000000000000000000000000000000000011ab820a451980
28535,000000000000000000000000000000000000000000000000000000000000000000000000000000000000000000000000000000000000000000194baddf57a660
28545,00000000000000000000000000000000000000000000000000000000000000000000000000000000000000000000000000000000000000000030a18111bb5ee0
28555,0000000000000000000000000000000000000000000000000000000000000000000000000000000000000000000000000000000000000000002337520cd454a0
28565,0000000000000000000000000000000000000000000000000000000000000000000000000000000000000000000000000000000000000000005632f13110db40
28575,00000000000000000000000000000000000000000000000000000000000000000000000000000000000000000000000000000000000000000015f3ba40674ae0
28585,00000000000000000000000000000000000000000000000000000000000000000000000000000000000000000000000000000000000000000034d87f3f2e1be0
28595,0000000000000000000000000000000000000000000000000000000000000000000000000000000000000000000000000000000000000000001eeb6ffe53cb40
28605,00000000000000000000000000000000000000000000000000000000000000000000000000000000000000000000000000000000000000000023d795bd1b7580
28615,00000000000000000000000000000000000000000000000000000000000000000000000000000000000000000000000000000000000000000024543ca103fb00
28625,00000000000000000000000000000000000000000000000000000000000000000000000000000000000000000000000000000000000000000035317f430778c0
28635,00000000000000000000000000000000000000000000000000000000000000000000000000000000000000000000000000000000000000000035a1f727c22900
28645,00000000000000000000000000000000000000000000000000000000000000000000000000000000000000000000000000000000000000000021d441dfd4de80
28655,00000000000000000000000000000000000000000000000000000000000000000000000000000000000000000000000000000000000000000026559b921d8e00
28665,0000000000000000000000000000000000000000000000000000000000000000000000000000000000000000000000000000000000000000001d4012e9e4bf20
28675,000000000000000000000000000000000000000000000000000000000000000000000000000000000000000000000000000000000000000000338e20ae0e8680
28685,000000000000000000000000000000000000000000000000000000000000000000000000000000000000000000000000000000000000000000346eaf63d93680
28695,0000000000000000000000000000000000000000000000000000000000000000000000000000000000000000000000000000000000000000003304005ebfaaa0
28705,0000000000000000000000000000000000000000000000000000000000000000000000000000000000000000000000000000000000000000002c466404418f40
28715,000000000000000000000000000000000000000000000000000000000000000000000000000000000000000000000000000000000000000000154316113aaaa0
28725,00000000000000000000000000000000000000000000000000000000000000000000000000000000000000000000000000000000000000000027201566eefee0
28735,00000000000000000000000000000000000000000000000000000000000000000000000000000000000000000000000000000000000000000031db2dc184c960
28745,00000000000000000000000000000000000000000000000000000000000000000000000000000000000000000000000000000000000000000028beec19bff1c0
28755,0000000000000000000000000000000000000000000000000000000000000000000000000000000000000000000000000000000000000000003094111c7bc7c0
28765,00000000000000000000000000000000000000000000000000000000000000000000000000000000000000000000000000000000000000000055ad1a61780b80
28775,000000000000000000000000000000000000000000000000000000000000000000000000000000000000000000000000000000000000000000286bf4e4436940
28785,0000000000000000000000000000000000000000000000000000000000000000000000000000000000000000000000000000000000000000002133686aab8660
28795,0000000000000000000000000000000000000000000000000000000000000000000000000000000000000000000000000000000000000000003aef9e875a4ce0
28805,0000000000000000000000000000000000000000000000000000000000000000000000000000000000000000000000000000000000000000002752786d627000
28815,00000000000000000000000000000000000000000000000000000000000000000000000000000000000000000000000000000000000000000017a59cca8d3b40
28825,0000000000000000000000000000000000000000000000000000000000000000000000000000000000000000000000000000000000000000001c2c782db20140
28835,00000000000000000000000000000000000000000000000000000000000000000000000000000000000000000000000000000000000000000030b5ee9a339ae0
28845,0000000000000000000000000000000000000000000000000000000000000000000000000000000000000000000000000000000000000000002e3f2058663ec0
28855,00000000000000000000000000000000000000000000000000000000000000000000000000000000000000000000000000000000000000000031ee715dc253a0
28865,0000000000000000000000000000000000000000000000000000000000000000000000000000000000000000000000000000000000000000001fbda535160320
28875,0000000000000000000000000000000000000000000000000000000000000000000000000000000000000000000000000000000000000000001d2c28578b1280
28885,0000000000000000000000000000000000000000000000000000000000000000000000000000000000000000000000000000000000000000002ced968caea1e0
28895,00000000000000000000000000000000000000000000000000000000000000000000000000000000000000000000000000000000000000000026d10858916560
28905,0000000000000000000000000000000000000000000000000000000000000000000000000000000000000000000000000000000000000000002ca8c31151e240
28915,0000000000000000000000000000000000000000000000000000000000000000000000000000000000000000000000000000000000000000001395ed86c331c0
28925,00000000000000000000000000000000000000000000000000000000000000000000000000000000000000000000000000000000000000000031a2e6bb76f540
28935,000000000000000000000000000000000000000000000000000000000000000000000000000000000000000000000000000000000000000000282d25a39291e0
28945,00000000000000000000000000000000000000000000000000000000000000000000000000000000000000000000000000000000000000000020d04a98bbbf60
28955,0000000000000000000000000000000000000000000000000000000000000000000000000000000000000000000000000000000000000000001b95d2b7d8a820
28965,00000000000000000000000000000000000000000000000000000000000000000000000000000000000000000000000000000000000000000017357eb4916a20
28975,000000000000000000000000000000000000000000000000000000000000000000000000000000000000000000000000000000000000000000120f5134c67720
28985,00000000000000000000000000000000000000000000000000000000000000000000000000000000000000000000000000000000000000000013af5498be3ac0
28995,0000000000000000000000000000000000000000000000000000000000000000000000000000000000000000000000000000000000000000003786954c06cda0
29005,0000000000000000000000000000000000000000000000000000000000000000000000000000000000000000000000000000000000000000000d6d43c99e32c0
29015,00000000000000000000000000000000000000000000000000000000000000000000000000000000000000000000000000000000000000000033cef4b388da60
29025,00000000000000000000000000000000000000000000000000000000000000000000000000000000000000000000000000000000000000000021b91257d13500
29035,000000000000000000000000000000000000000000000000000000000000000000000000000000000000000000000000000000000000000000232bb197758220
29045,000000000000000000000000000000000000000000000000000000000000000000000000000000000000000000000000000000000000000000336678ba933560
29055,00000000000000000000000000000000000000000000000000000000000000000000000000000000000000000000000000000000000000000039e5215462ef00
29065,0000000000000000000000000000000000000000000000000000000000000000000000000000000000000000000000000000000000000000001c2ab5b7a8f940
29075,00000000000000000000000000000000000000000000000000000000000000000000000000000000000000000000000000000000000000000019c42743883cc0
29085,000000000000000000000000000000000000000000000000000000000000000000000000000000000000000000000000000000000000000000114c54a4602420
29095,00000000000000000000000000000000000000000000000000000000000000000000000000000000000000000000000000000000000000000033fa79d7fc97a0
29105,0000000000000000000000000000000000000000000000000000000000000000000000000000000000000000000000000000000000000000001b91a8b8207ca0
29115,0000000000000000000000000000000000000000000000000000000000000000000000000000000000000000000000000000000000000000002f5c83452b5300
29125,000000000000000000000000000000000000000000000000000000000000000000000000000000000000000000000000000000000000000000216179fb421240
29135,00000000000000000000000000000000000000000000000000000000000000000000000000000000000000000000000000000000000000000012cc7776cc8ea0
29145,0000000000000000000000000000000000000000000000000000000000000000000000000000000000000000000000000000000000000000002c59a616a69680
29155,0000000000000000000000000000000000000000000000000000000000000000000000000000000000000000000000000000000000000000001233d54601cbe0
29165,0000000000000000000000000000000000000000000000000000000000000000000000000000000000000000000000000000000000000000002b9196df354f20
29175,0000000000000000000000000000000000000000000000000000000000000000000000000000000000000000000000000000000000000000001a2fc814e53000
29185,0000000000000000000000000000000000000000000000000000000000000000000000000000000000000000000000000000000000000000003d01817756fae0
29195,0000000000000000000000000000000000000000000000000000000000000000000000000000000000000000000000000000000000000000001693ca2bc59a00
29205,00000000000000000000000000000000000000000000000000000000000000000000000000000000000000000000000000000000000000000027f9a730e374e0
29215,000000000000000000000000000000000000000000000000000000000000000000000000000000000000000000000000000000000000000000290a5a285c0200
29225,000000000000000000000000000000000000000000000000000000000000000000000000000000000000000000000000000000000000000000276ab46bc06500
29235,00000000000000000000000000000000000000000000000000000000000000000000000000000000000000000000000000000000000000000027a547acba4760
29245,000000000000000000000000000000000000000000000000000000000000000000000000000000000000000000000000000000000000000000315a8af19238a0
29255,000000000000000000000000000000000000000000000000000000000000000000000000000000000000000000000000000000000000000000262378f7f48a80
29265,0000000000000000000000000000000000000000000000000000000000000000000000000000000000000000000000000000000000000000002390dfc1df3900
29275,000000000000000000000000000000000000000000000000000000000000000000000000000000000000000000000000000000000000000000223cc9cef117a0
29285,0000000000000000000000000000000000000000000000000000000000000000000000000000000000000000000000000000000000000000001751405a1513c0
29295,0000000000000000000000000000000000000000000000000000000000000000000000000000000000000000000000000000000000000000001bf44e003fc560
29305,0000000000000000000000000000000000000000000000000000000000000000000000000000000000000000000000000000000000000000002846ca5cebe980
29315,0000000000000000000000000000000000000000000000000000000000000000000000000000000000000000000000000000000000000000001ec8c400a9e240
29325,0000000000000000000000000000000000000000000000000000000000000000000000000000000000000000000000000000000000000000002f804e1b5f71c0
29335,0000000000000000000000000000000000000000000000000000000000000000000000000000000000000000000000000000000000000000002a83e65db03a00
29345,0000000000000000000000000000000000000000000000000000000000000000000000000000000000000000000000000000000000000000001de035867cdf80
29355,00000000000000000000000000000000000000000000000000000000000000000000000000000000000000000000000000000000000000000019c962e0b7d100
29365,000000000000000000000000000000000000000000000000000000000000000000000000000000000000000000000000000000000000000000378094078214c0
29375,0000000000000000000000000000000000000000000000000000000000000000000000000000000000000000000000000000000000000000003bb27266884a20
29385,0000000000000000000000000000000000000000000000000000000000000000000000000000000000000000000000000000000000000000002b087e5e9998e0
29395,0000000000000000000000000000000000000000000000000000000000000000000000000000000000000000000000000000000000000000000ec1710b4fae60
29405,00000000000000000000000000000000000000000000000000000000000000000000000000000000000000000000000000000000000000000045855715afdfc0
29415,0000000000000000000000000000000000000000000000000000000000000000000000000000000000000000000000000000000000000000002168430e7e40c0
29425,00000000000000000000000000000000000000000000000000000000000000000000000000000000000000000000000000000000000000000020dce6b56c1300
29435,000000000000000000000000000000000000000000000000000000000000000000000000000000000000000000000000000000000000000000136dc8448b65e0
29445,0000000000000000000000000000000000000000000000000000000000000000000000000000000000000000000000000000000000000000001ec0a90135b400
29455,0000000000000000000000000000000000000000000000000000000000000000000000000000000000000000000000000000000000000000001d4c8cdf34e9c0
29465,0000000000000000000000000000000000000000000000000000000000000000000000000000000000000000000000000000000000000000001c6a6f8bfb3d40
29475,00000000000000000000000000000000000000000000000000000000000000000000000000000000000000000000000000000000000000000016b33cb37fbfc0
29485,0000000000000000000000000000000000000000000000000000000000000000000000000000000000000000000000000000000000000000001bf7cdc4efb820
29495,00000000000000000000000000000000000000000000000000000000000000000000000000000000000000000000000000000000000000000036a1f002d16800
29505,000000000000000000000000000000000000000000000000000000000000000000000000000000000000000000000000000000000000000000454d8c19724d80
29515,000000000000000000000000000000000000000000000000000000000000000000000000000000000000000000000000000000000000000000311d6758270660
29525,000000000000000000000000000000000000000000000000000000000000000000000000000000000000000000000000000000000000000000137f9774934380
29535,0000000000000000000000000000000000000000000000000000000000000000000000000000000000000000000000000000000000000000002fd1f3dacb5500
29545,000000000000000000000000000000000000000000000000000000000000000000000000000000000000000000000000000000000000000000184f2166838120
29555,000000000000000000000000000000000000000000000000000000000000000000000000000000000000000000000000000000000000000000153609eab94620
29565,0000000000000000000000000000000000000000000000000000000000000000000000000000000000000000000000000000000000000000001fc7e596db53e0
29575,00000000000000000000000000000000000000000000000000000000000000000000000000000000000000000000000000000000000000000019177c94170ca0
29585,0000000000000000000000000000000000000000000000000000000000000000000000000000000000000000000000000000000000000000001fdf3228faa600
29595,000000000000000000000000000000000000000000000000000000000000000000000000000000000000000000000000000000000000000000343805ddaf8580
29605,00000000000000000000000000000000000000000000000000000000000000000000000000000000000000000000000000000000000000000022e015cdc8d580
29615,0000000000000000000000000000000000000000000000000000000000000000000000000000000000000000000000000000000000000000002896c643d6f4c0
29625,000000000000000000000000000000000000000000000000000000000000000000000000000000000000000000000000000000000000000000451230e25e8200
29635,00000000000000000000000000000000000000000000000000000000000000000000000000000000000000000000000000000000000000000029e5972d475f80
29645,0000000000000000000000000000000000000000000000000000000000000000000000000000000000000000000000000000000000000000004b14aa8e650340
29655,0000000000000000000000000000000000000000000000000000000000000000000000000000000000000000000000000000000000000000001a98bbbf0dd800
29665,000000000000000000000000000000000000000000000000000000000000000000000000000000000000000000000000000000000000000000234d92952d18e0
29675,00000000000000000000000000000000000000000000000000000000000000000000000000000000000000000000000000000000000000000017f28062e8bd80
29685,0000000000000000000000000000000000000000000000000000000000000000000000000000000000000000000000000000000000000000007f083ae6d8d6c0
29695,00000000000000000000000000000000000000000000000000000000000000000000000000000000000000000000000000000000000000000023126a36b36a20
29705,0000000000000000000000000000000000000000000000000000000000000000000000000000000000000000000000000000000000000000002c8d83ff76a740
29715,0000000000000000000000000000000000000000000000000000000000000000000000000000000000000000000000000000000000000000001cd0a8ddb569e0
29725,0000000000000000000000000000000000000000000000000000000000000000000000000000000000000000000000000000000000000000002afd66730a30a0
29735,00000000000000000000000000000000000000000000000000000000000000000000000000000000000000000000000000000000000000000032d2a162135160
29745,00000000000000000000000000000000000000000000000000000000000000000000000000000000000000000000000000000000000000000027b919f050ab00
29755,00000000000000000000000000000000000000000000000000000000000000000000000000000000000000000000000000000000000000000008c70723aa6be0
29765,000000000000000000000000000000000000000000000000000000000000000000000000000000000000000000000000000000000000000000574fe44f188be0
29775,0000000000000000000000000000000000000000000000000000000000000000000000000000000000000000000000000000000000000000002ece6abb0d3fe0
29785,00000000000000000000000000000000000000000000000000000000000000000000000000000000000000000000000000000000000000000042d856c3d82860
29795,00000000000000000000000000000000000000000000000000000000000000000000000000000000000000000000000000000000000000000027ec3176b7f280
29805,000000000000000000000000000000000000000000000000000000000000000000000000000000000000000000000000000000000000000000228662f15dfbe0
29815,000000000000000000000000000000000000000000000000000000000000000000000000000000000000000000000000000000000000000000328c18494a3600
29825,0000000000000000000000000000000000000000000000000000000000000000000000000000000000000000000000000000000000000000002b09c4d4aafbe0
29835,00000000000000000000000000000000000000000000000000000000000000000000000000000000000000000000000000000000000000000024c15954bd7ca0
29845,00000000000000000000000000000000000000000000000000000000000000000000000000000000000000000000000000000000000000000027ccf3f8d2d760
29855,00000000000000000000000000000000000000000000000000000000000000000000000000000000000000000000000000000000000000000028deb0f0397800
29865,000000000000000000000000000000000000000000000000000000000000000000000000000000000000000000000000000000000000000000181cbf600ffec0
29875,0000000000000000000000000000000000000000000000000000000000000000000000000000000000000000000000000000000000000000002c65e03d362180
29885,0000000000000000000000000000000000000000000000000000000000000000000000000000000000000000000000000000000000000000001fbfd0213f63a0
29895,0000000000000000000000000000000000000000000000000000000000000000000000000000000000000000000000000000000000000000001c26f606ae9040
29905,0000000000000000000000000000000000000000000000000000000000000000000000000000000000000000000000000000000000000000004cbc85de243f20
29915,000000000000000000000000000000000000000000000000000000000000000000000000000000000000000000000000000000000000000000338d347ce35d20
29925,000000000000000000000000000000000000000000000000000000000000000000000000000000000000000000000000000000000000000000245fa5203f3060
29935,000000000000000000000000000000000000000000000000000000000000000000000000000000000000000000000000000000000000000000361b2e296fd120
29945,00000000000000000000000000000000000000000000000000000000000000000000000000000000000000000000000000000000000000000018f69ec7891280
29955,0000000000000000000000000000000000000000000000000000000000000000000000000000000000000000000000000000000000000000002eb87cc6602640
29965,000000000000000000000000000000000000000000000000000000000000000000000000000000000000000000000000000000000000000000203a2922d98140
29975,0000000000000000000000000000000000000000000000000000000000000000000000000000000000000000000000000000000000000000002d8868ee8eb900
29985,00000000000000000000000000000000000000000000000000000000000000000000000000000000000000000000000000000000000000000040e14e0d1ff720
29995,00000000000000000000000000000000000000000000000000000000000000000000000000000000000000000000000000000000000000000022ea13a5ba0480
30005,00000000000000000000000000000000000000000000000000000000000000000000000000000000000000000000000000000000000000000021c7aaea86a820
30015,000000000000000000000000000000000000000000000000000000000000000000000000000000000000000000000000000000000000000000298d2dda9eeee0
30025,000000000000000000000000000000000000000000000000000000000000000000000000000000000000000000000000000000000000000000137545ba319420
30035,0000000000000000000000000000000000000000000000000000000000000000000000000000000000000000000000000000000000000000001f0a65061665e0
30045,0000000000000000000000000000000000000000000000000000000000000000000000000000000000000000000000000000000000000000003431b10f57d020
30055,00000000000000000000000000000000000000000000000000000000000000000000000000000000000000000000000000000000000000000028900f7f5e76c0
30065,0000000000000000000000000000000000000000000000000000000000000000000000000000000000000000000000000000000000000000002ca9b78768cbc0
30075,0000000000000000000000000000000000000000000000000000000000000000000000000000000000000000000000000000000000000000001e5ef2d6902720
30085,00000000000000000000000000000000000000000000000000000000000000000000000000000000000000000000000000000000000000000015db32fd221980
30095,0000000000000000000000000000000000000000000000000000000000000000000000000000000000000000000000000000000000000000004fda14ed52a680
30105,0000000000000000000000000000000000000000000000000000000000000000000000000000000000000000000000000000000000000000002139997df1f2e0
30115,00000000000000000000000000000000000000000000000000000000000000000000000000000000000000000000000000000000000000000049866c644e66a0
30125,0000000000000000000000000000000000000000000000000000000000000000000000000000000000000000000000000000000000000000003068bfe4534fc0
30135,00000000000000000000000000000000000000000000000000000000000000000000000000000000000000000000000000000000000000000030179773a3e740
30145,0000000000000000000000000000000000000000000000000000000000000000000000000000000000000000000000000000000000000000002658baea853b20
30155,0000000000000000000000000000000000000000000000000000000000000000000000000000000000000000000000000000000000000000002b9f3d2d0ec6a0
30165,00000000000000000000000000000000000000000000000000000000000000000000000000000000000000000000000000000000000000000027a67122cd9ea0
30175,000000000000000000000000000000000000000000000000000000000000000000000000000000000000000000000000000000000000000000232e3d8d70f640
30185,0000000000000000000000000000000000000000000000000000000000000000000000000000000000000000000000000000000000000000002f660c134bc760
30195,000000000000000000000000000000000000000000000000000000000000000000000000000000000000000000000000000000000000000000262e11f73dbb40
30205,0000000000000000000000000000000000000000000000000000000000000000000000000000000000000000000000000000000000000000002da15776b943c0
30215,0000000000000000000000000000000000000000000000000000000000000000000000000000000000000000000000000000000000000000001679007c589d80
30225,0000000000000000000000000000000000000000000000000000000000000000000000000000000000000000000000000000000000000000002340dcc7436cc0
30235,00000000000000000000000000000000000000000000000000000000000000000000000000000000000000000000000000000000000000000025e4cdd4cb1cc0
30245,0000000000000000000000000000000000000000000000000000000000000000000000000000000000000000000000000000000000000000002ebb979ec82100
30255,000000000000000000000000000000000000000000000000000000000000000000000000000000000000000000000000000000000000000000112e5fcdc759e0
30265,000000000000000000000000000000000000000000000000000000000000000000000000000000000000000000000000000000000000000000232cb752779080
30275,000000000000000000000000000000000000000000000000000000000000000000000000000000000000000000000000000000000000000000370f484a382100
30285,000000000000000000000000000000000000000000000000000000000000000000000000000000000000000000000000000000000000000000272f4f5c0fb980
30295,0000000000000000000000000000000000000000000000000000000000000000000000000000000000000000000000000000000000000000002d0c7ced0fc320
30305,000000000000000000000000000000000000000000000000000000000000000000000000000000000000000000000000000000000000000000317f853dd94720
30315,0000000000000000000000000000000000000000000000000000000000000000000000000000000000000000000000000000000000000000003d03bf32440340
30325,000000000000000000000000000000000000000000000000000000000000000000000000000000000000000000000000000000000000000000361cf82950f4a0
30335,00000000000000000000000000000000000000000000000000000000000000000000000000000000000000000000000000000000000000000030ee1d33f44f60
30345,0000000000000000000000000000000000000000000000000000000000000000000000000000000000000000000000000000000000000000001716a2991be680
30355,00000000000000000000000000000000000000000000000000000000000000000000000000000000000000000000000000000000000000000025f832537c9720
30365,0000000000000000000000000000000000000000000000000000000000000000000000000000000000000000000000000000000000000000006a69788f77d5e0
30375,00000000000000000000000000000000000000000000000000000000000000000000000000000000000000000000000000000000000000000016cabcb1ea5fc0
30385,00000000000000000000000000000000000000000000000000000000000000000000000000000000000000000000000000000000000000000017348797183840
30395,00000000000000000000000000000000000000000000000000000000000000000000000000000000000000000000000000000000000000000014579a97402020
30405,00000000000000000000000000000000000000000000000000000000000000000000000000000000000000000000000000000000000000000025111e4f5d7660
30415,0000000000000000000000000000000000000000000000000000000000000000000000000000000000000000000000000000000000000000001830f5412984a0
30425,0000000000000000000000000000000000000000000000000000000000000000000000000000000000000000000000000000000000000000003dbe16c33f7480
30435,00000000000000000000000000000000000000000000000000000000000000000000000000000000000000000000000000000000000000000030c73b406ba6c0
30445,0000000000000000000000000000000000000000000000000000000000000000000000000000000000000000000000000000000000000000001569b0ac2a9820
30455,0000000000000000000000000000000000000000000000000000000000000000000000000000000000000000000000000000000000000000001d9405a928f220
30465,0000000000000000000000000000000000000000000000000000000000000000000000000000000000000000000000000000000000000000002df2457b1dd720
30475,000000000000000000000000000000000000000000000000000000000000000000000000000000000000000000000000000000000000000000088675b1dcd6a0
30485,00000000000000000000000000000000000000000000000000000000000000000000000000000000000000000000000000000000000000000023e853e35d1b80
30495,00000000000000000000000000000000000000000000000000000000000000000000000000000000000000000000000000000000000000000027308faabf1080
30505,0000000000000000000000000000000000000000000000000000000000000000000000000000000000000000000000000000000000000000001e16f80ca4e140
30515,000000000000000000000000000000000000000000000000000000000000000000000000000000000000000000000000000000000000000000108006949a8f00
30525,000000000000000000000000000000000000000000000000000000000000000000000000000000000000000000000000000000000000000000293030f49434e0
30535,0000000000000000000000000000000000000000000000000000000000000000000000000000000000000000000000000000000000000000001e3b17cf220c00
30545,00000000000000000000000000000000000000000000000000000000000000000000000000000000000000000000000000000000000000000015dbcf2e52a6e0
30555,000000000000000000000000000000000000000000000000000000000000000000000000000000000000000000000000000000000000000000130ad323d3f4a0
30565,0000000000000000000000000000000000000000000000000000000000000000000000000000000000000000000000000000000000000000001f72bf88e6e9a0
30575,0000000000000000000000000000000000000000000000000000000000000000000000000000000000000000000000000000000000000000002e343876ac3760
30585,00000000000000000000000000000000000000000000000000000000000000000000000000000000000000000000000000000000000000000015343dc375d1a0
30595,0000000000000000000000000000000000000000000000000000000000000000000000000000000000000000000000000000000000000000002997f88b1fda20
30605,00000000000000000000000000000000000000000000000000000000000000000000000000000000000000000000000000000000000000000017441ff8815b00
30615,0000000000000000000000000000000000000000000000000000000000000000000000000000000000000000000000000000000000000000002028e472c84e80
30625,0000000000000000000000000000000000000000000000000000000000000000000000000000000000000000000000000000000000000000002d961a9edd9380
30635,0000000000000000000000000000000000000000000000000000000000000000000000000000000000000000000000000000000000000000001833134add9c00
30645,0000000000000000000000000000000000000000000000000000000000000000000000000000000000000000000000000000000000000000003fd27d29382940
30655,0000000000000000000000000000000000000000000000000000000000000000000000000000000000000000000000000000000000000000003a8f56f04d47a0
30665,0000000000000000000000000000000000000000000000000000000000000000000000000000000000000000000000000000000000000000001406177f345d40
30675,000000000000000000000000000000000000000000000000000000000000000000000000000000000000000000000000000000000000000000379c37c0b8fda0
30685,0000000000000000000000000000000000000000000000000000000000000000000000000000000000000000000000000000000000000000005801654cfb3780
30695,00000000000000000000000000000000000000000000000000000000000000000000000000000000000000000000000000000000000000000046d1e96b95c6e0
30705,00000000000000000000000000000000000000000000000000000000000000000000000000000000000000000000000000000000000000000026d5459d349340
30715,0000000000000000000000000000000000000000000000000000000000000000000000000000000000000000000000000000000000000000002033a99970fbc0
30725,0000000000000000000000000000000000000000000000000000000000000000000000000000000000000000000000000000000000000000001c5cbcf9364aa0
30735,0000000000000000000000000000000000000000000000000000000000000000000000000000000000000000000000000000000000000000001c1070a5bce5c0
30745,0000000000000000000000000000000000000000000000000000000000000000000000000000000000000000000000000000000000000000002a1430f8e86ea0