Zeit (ns),Daten (Hex)
1345,0000000000000000000000000000000000000000000000000000000000000000000000000000000000000000000000000000000000000000001c56dd799b9a00
1355,0000000000000000000000000000000000000000000000000000000000000000000000000000000000000000000000000000000000000000002271e12dd36ba0
1365,00000000000000000000000000000000000000000000000000000000000000000000000000000000000000000000000000000000000000000021ac168013a380
1375,000000000000000000000000000000000000000000000000000000000000000000000000000000000000000000000000000000000000000000132c6248f38560
1385,000000000000000000000000000000000000000000000000000000000000000000000000000000000000000000000000000000000000000000402c91e81291c0
1395,000000000000000000000000000000000000000000000000000000000000000000000000000000000000000000000000000000000000000000210b3d324cbee0
1405,000000000000000000000000000000000000000000000000000000000000000000000000000000000000000000000000000000000000000000250932d9beb1a0
1415,0000000000000000000000000000000000000000000000000000000000000000000000000000000000000000000000000000000000000000001fb1e55d4326a0
1425,00000000000000000000000000000000000000000000000000000000000000000000000000000000000000000000000000000000000000000017ea6963744a40
1435,0000000000000000000000000000000000000000000000000000000000000000000000000000000000000000000000000000000000000000001479353c5eea80
1445,00000000000000000000000000000000000000000000000000000000000000000000000000000000000000000000000000000000000000000010a3d9fe7f54e0
1455,0000000000000000000000000000000000000000000000000000000000000000000000000000000000000000000000000000000000000000003abf3ec5b07220
1465,0000000000000000000000000000000000000000000000000000000000000000000000000000000000000000000000000000000000000000001fd8b8ee56a000
1475,000000000000000000000000000000000000000000000000000000000000000000000000000000000000000000000000000000000000000000268938538f8c80
1485,000000000000000000000000000000000000000000000000000000000000000000000000000000000000000000000000000000000000000000229f3f83625a00
1495,00000000000000000000000000000000000000000000000000000000000000000000000000000000000000000000000000000000000000000045674904051780
1505,0000000000000000000000000000000000000000000000000000000000000000000000000000000000000000000000000000000000000000001eced8bb54ade0
1515,0000000000000000000000000000000000000000000000000000000000000000000000000000000000000000000000000000000000000000001c1a38aeecc8a0
1525,000000000000000000000000000000000000000000000000000000000000000000000000000000000000000000000000000000000000000000221dd1bd5613e0
1535,0000000000000000000000000000000000000000000000000000000000000000000000000000000000000000000000000000000000000000001a6fba10962180
1545,00000000000000000000000000000000000000000000000000000000000000000000000000000000000000000000000000000000000000000015d4b7b8a59920
1555,00000000000000000000000000000000000000000000000000000000000000000000000000000000000000000000000000000000000000000013ca1852043ba0
1565,00000000000000000000000000000000000000000000000000000000000000000000000000000000000000000000000000000000000000000013dcc246e9aa40
1575,0000000000000000000000000000000000000000000000000000000000000000000000000000000000000000000000000000000000000000001d1ab0801adc00
1585,00000000000000000000000000000000000000000000000000000000000000000000000000000000000000000000000000000000000000000011e0a672ff2a20
1595,00000000000000000000000000000000000000000000000000000000000000000000000000000000000000000000000000000000000000000026210895a875c0
1605,00000000000000000000000000000000000000000000000000000000000000000000000000000000000000000000000000000000000000000015cf97254cd000
1615,00000000000000000000000000000000000000000000000000000000000000000000000000000000000000000000000000000000000000000019318074cc7100
1625,00000000000000000000000000000000000000000000000000000000000000000000000000000000000000000000000000000000000000000012f4f7f411e600
1635,0000000000000000000000000000000000000000000000000000000000000000000000000000000000000000000000000000000000000000001642af09da3840
1645,0000000000000000000000000000000000000000000000000000000000000000000000000000000000000000000000000000000000000000000e4c7b30bb1880
1655,000000000000000000000000000000000000000000000000000000000000000000000000000000000000000000000000000000000000000000166f44d59e0c60
1665,00000000000000000000000000000000000000000000000000000000000000000000000000000000000000000000000000000000000000000018e7b5beb1a8e0
1675,00000000000000000000000000000000000000000000000000000000000000000000000000000000000000000000000000000000000000000010a389c3710ba0
1685,000000000000000000000000000000000000000000000000000000000000000000000000000000000000000000000000000000000000000000104e7d5cdd5d00
1695,0000000000000000000000000000000000000000000000000000000000000000000000000000000000000000000000000000000000000000001c22a4696f3780
1705,0000000000000000000000000000000000000000000000000000000000000000000000000000000000000000000000000000000000000000002077b432651d40
1715,00000000000000000000000000000000000000000000000000000000000000000000000000000000000000000000000000000000000000000012266978246340
1725,0000000000000000000000000000000000000000000000000000000000000000000000000000000000000000000000000000000000000000002ebe456d5ed720
1735,00000000000000000000000000000000000000000000000000000000000000000000000000000000000000000000000000000000000000000017074b1a248be0
1745,00000000000000000000000000000000000000000000000000000000000000000000000000000000000000000000000000000000000000000082b594ec56d060
1755,0000000000000000000000000000000000000000000000000000000000000000000000000000000000000000000000000000000000000000001b55a5b2531380
1765,00000000000000000000000000000000000000000000000000000000000000000000000000000000000000000000000000000000000000000016ab238ca8fb80
1775,0000000000000000000000000000000000000000000000000000000000000000000000000000000000000000000000000000000000000000002e87f28e91c580
1785,00000000000000000000000000000000000000000000000000000000000000000000000000000000000000000000000000000000000000000017d7358c21fec0
1795,000000000000000000000000000000000000000000000000000000000000000000000000000000000000000000000000000000000000000000175ec91e17eb40
1805,0000000000000000000000000000000000000000000000000000000000000000000000000000000000000000000000000000000000000000001cb96d72f76600
1815,0000000000000000000000000000000000000000000000000000000000000000000000000000000000000000000000000000000000000000001eceffcf0346e0
1825,00000000000000000000000000000000000000000000000000000000000000000000000000000000000000000000000000000000000000000012e7c0a630f3c0
1835,000000000000000000000000000000000000000000000000000000000000000000000000000000000000000000000000000000000000000000194e302418ae00
1845,000000000000000000000000000000000000000000000000000000000000000000000000000000000000000000000000000000000000000000103bf7fba6b280
1855,000000000000000000000000000000000000000000000000000000000000000000000000000000000000000000000000000000000000000000138358e0a13fe0
1865,0000000000000000000000000000000000000000000000000000000000000000000000000000000000000000000000000000000000000000001aa4b5f952ecc0
1875,00000000000000000000000000000000000000000000000000000000000000000000000000000000000000000000000000000000000000000019ba3a756e8560
1885,000000000000000000000000000000000000000000000000000000000000000000000000000000000000000000000000000000000000000000190b6194e7de60
1895,0000000000000000000000000000000000000000000000000000000000000000000000000000000000000000000000000000000000000000001f0e8d54939ae0
1905,00000000000000000000000000000000000000000000000000000000000000000000000000000000000000000000000000000000000000000027849460297020
1915,00000000000000000000000000000000000000000000000000000000000000000000000000000000000000000000000000000000000000000011dbb3fd2d1e20
1925,00000000000000000000000000000000000000000000000000000000000000000000000000000000000000000000000000000000000000000022142879106d00
1935,00000000000000000000000000000000000000000000000000000000000000000000000000000000000000000000000000000000000000000020566bc85479a0
1945,0000000000000000000000000000000000000000000000000000000000000000000000000000000000000000000000000000000000000000001b4cc4a9139fe0
1955,00000000000000000000000000000000000000000000000000000000000000000000000000000000000000000000000000000000000000000014bade692d57a0
1965,0000000000000000000000000000000000000000000000000000000000000000000000000000000000000000000000000000000000000000000ed098b1acb880
1975,00000000000000000000000000000000000000000000000000000000000000000000000000000000000000000000000000000000000000000010892f62c17b60
1985,00000000000000000000000000000000000000000000000000000000000000000000000000000000000000000000000000000000000000000019bb158910fd60
1995,0000000000000000000000000000000000000000000000000000000000000000000000000000000000000000000000000000000000000000002fa9d57b0939c0
2005,0000000000000000000000000000000000000000000000000000000000000000000000000000000000000000000000000000000000000000002bd726e45df800
2015,00000000000000000000000000000000000000000000000000000000000000000000000000000000000000000000000000000000000000000016e8f8fea5bbc0
2025,000000000000000000000000000000000000000000000000000000000000000000000000000000000000000000000000000000000000000000179bf1d50c9de0
2035,000000000000000000000000000000000000000000000000000000000000000000000000000000000000000000000000000000000000000000128c4ee76e0f80
2045,0000000000000000000000000000000000000000000000000000000000000000000000000000000000000000000000000000000000000000001797a8d5568920
2055,000000000000000000000000000000000000000000000000000000000000000000000000000000000000000000000000000000000000000000268f7398105ce0
2065,0000000000000000000000000000000000000000000000000000000000000000000000000000000000000000000000000000000000000000001bda3f15b281e0
2075,0000000000000000000000000000000000000000000000000000000000000000000000000000000000000000000000000000000000000000001045eb2c362320
2085,0000000000000000000000000000000000000000000000000000000000000000000000000000000000000000000000000000000000000000001cab2aa5287a20
2095,00000000000000000000000000000000000000000000000000000000000000000000000000000000000000000000000000000000000000000028f85802303100
2105,00000000000000000000000000000000000000000000000000000000000000000000000000000000000000000000000000000000000000000053258fb47c9cc0
2115,0000000000000000000000000000000000000000000000000000000000000000000000000000000000000000000000000000000000000000003ef9825f398680
2125,0000000000000000000000000000000000000000000000000000000000000000000000000000000000000000000000000000000000000000001c1f127d5e07c0
2135,0000000000000000000000000000000000000000000000000000000000000000000000000000000000000000000000000000000000000000002963b1dd6a89e0
2145,000000000000000000000000000000000000000000000000000000000000000000000000000000000000000000000000000000000000000000129823842bd480
2155,00000000000000000000000000000000000000000000000000000000000000000000000000000000000000000000000000000000000000000015bc52755e1d40
2165,00000000000000000000000000000000000000000000000000000000000000000000000000000000000000000000000000000000000000000034e0c4838bbfc0
2175,00000000000000000000000000000000000000000000000000000000000000000000000000000000000000000000000000000000000000000016bd93b2cd6300
2185,000000000000000000000000000000000000000000000000000000000000000000000000000000000000000000000000000000000000000000372c91a0dc79a0
2195,0000000000000000000000000000000000000000000000000000000000000000000000000000000000000000000000000000000000000000001d08299ee44b60
2205,0000000000000000000000000000000000000000000000000000000000000000000000000000000000000000000000000000000000000000001dcd0a42db3b20
2215,00000000000000000000000000000000000000000000000000000000000000000000000000000000000000000000000000000000000000000027367bdb93f9e0
2225,0000000000000000000000000000000000000000000000000000000000000000000000000000000000000000000000000000000000000000003572e93e9f1440
2235,00000000000000000000000000000000000000000000000000000000000000000000000000000000000000000000000000000000000000000012c3a8a89f91c0
2245,000000000000000000000000000000000000000000000000000000000000000000000000000000000000000000000000000000000000000000110cf59eccae00
2255,0000000000000000000000000000000000000000000000000000000000000000000000000000000000000000000000000000000000000000002bf129ceec0a80
2265,00000000000000000000000000000000000000000000000000000000000000000000000000000000000000000000000000000000000000000015f91118a8baa0
2275,0000000000000000000000000000000000000000000000000000000000000000000000000000000000000000000000000000000000000000001afb4cfd55dce0
2285,0000000000000000000000000000000000000000000000000000000000000000000000000000000000000000000000000000000000000000001752211519a060
2295,0000000000000000000000000000000000000000000000000000000000000000000000000000000000000000000000000000000000000000001994c56e1c0ac0
2305,00000000000000000000000000000000000000000000000000000000000000000000000000000000000000000000000000000000000000000011435a9149c2e0
2315,00000000000000000000000000000000000000000000000000000000000000000000000000000000000000000000000000000000000000000043b3c2e64a31c0
2325,0000000000000000000000000000000000000000000000000000000000000000000000000000000000000000000000000000000000000000001f1d41f11fc7e0
2335,0000000000000000000000000000000000000000000000000000000000000000000000000000000000000000000000000000000000000000001729b6490de680
2345,0000000000000000000000000000000000000000000000000000000000000000000000000000000000000000000000000000000000000000000d936dc70bde40
2355,0000000000000000000000000000000000000000000000000000000000000000000000000000000000000000000000000000000000000000001c1943603863e0
2365,000000000000000000000000000000000000000000000000000000000000000000000000000000000000000000000000000000000000000000423387a790a7a0
2375,0000000000000000000000000000000000000000000000000000000000000000000000000000000000000000000000000000000000000000001f9acb54f90a40
2385,00000000000000000000000000000000000000000000000000000000000000000000000000000000000000000000000000000000000000000012b46ff86b1000
2395,00000000000000000000000000000000000000000000000000000000000000000000000000000000000000000000000000000000000000000013ff56d8466260
2405,00000000000000000000000000000000000000000000000000000000000000000000000000000000000000000000000000000000000000000013d34f96519100
2415,00000000000000000000000000000000000000000000000000000000000000000000000000000000000000000000000000000000000000000018716fd0827d40
2425,0000000000000000000000000000000000000000000000000000000000000000000000000000000000000000000000000000000000000000001968d749af60c0
2435,00000000000000000000000000000000000000000000000000000000000000000000000000000000000000000000000000000000000000000022c0edcfe24780
2445,00000000000000000000000000000000000000000000000000000000000000000000000000000000000000000000000000000000000000000027efb6eca296c0
2455,00000000000000000000000000000000000000000000000000000000000000000000000000000000000000000000000000000000000000000019758ee65dda00
2465,00000000000000000000000000000000000000000000000000000000000000000000000000000000000000000000000000000000000000000023dfe14664fc00
2475,00000000000000000000000000000000000000000000000000000000000000000000000000000000000000000000000000000000000000000024358f193c8f00
2485,00000000000000000000000000000000000000000000000000000000000000000000000000000000000000000000000000000000000000000024ff6a330500c0
2495,000000000000000000000000000000000000000000000000000000000000000000000000000000000000000000000000000000000000000000211fc17fafc0e0
2505,00000000000000000000000000000000000000000000000000000000000000000000000000000000000000000000000000000000000000000010347af24f41e0
2515,000000000000000000000000000000000000000000000000000000000000000000000000000000000000000000000000000000000000000000184d0397e31700
2525,00000000000000000000000000000000000000000000000000000000000000000000000000000000000000000000000000000000000000000018bf48d51c3ae0
2535,00000000000000000000000000000000000000000000000000000000000000000000000000000000000000000000000000000000000000000017406965102d60
2545,0000000000000000000000000000000000000000000000000000000000000000000000000000000000000000000000000000000000000000003cbd9f5e601ec0
2555,00000000000000000000000000000000000000000000000000000000000000000000000000000000000000000000000000000000000000000010ab88d69856a0
2565,0000000000000000000000000000000000000000000000000000000000000000000000000000000000000000000000000000000000000000002fa6e92c76b9c0
2575,00000000000000000000000000000000000000000000000000000000000000000000000000000000000000000000000000000000000000000016963b21c2dfe0
2585,0000000000000000000000000000000000000000000000000000000000000000000000000000000000000000000000000000000000000000001ff1df00560a40
2595,00000000000000000000000000000000000000000000000000000000000000000000000000000000000000000000000000000000000000000014b3c65fcf18c0
2605,000000000000000000000000000000000000000000000000000000000000000000000000000000000000000000000000000000000000000000184b8a21d523c0
2615,0000000000000000000000000000000000000000000000000000000000000000000000000000000000000000000000000000000000000000002648d9ce0d4dc0
2625,00000000000000000000000000000000000000000000000000000000000000000000000000000000000000000000000000000000000000000011c45d6135dba0
2635,00000000000000000000000000000000000000000000000000000000000000000000000000000000000000000000000000000000000000000026ee565697e3e0
2645,00000000000000000000000000000000000000000000000000000000000000000000000000000000000000000000000000000000000000000050d6af2b122d00
2655,000000000000000000000000000000000000000000000000000000000000000000000000000000000000000000000000000000000000000000277b4db966fcc0
2665,0000000000000000000000000000000000000000000000000000000000000000000000000000000000000000000000000000000000000000003299abc86005a0
2675,0000000000000000000000000000000000000000000000000000000000000000000000000000000000000000000000000000000000000000004b50a062f83c40
2685,00000000000000000000000000000000000000000000000000000000000000000000000000000000000000000000000000000000000000000017186ad410d9c0
2695,0000000000000000000000000000000000000000000000000000000000000000000000000000000000000000000000000000000000000000000f82cbd6e5d920
2705,0000000000000000000000000000000000000000000000000000000000000000000000000000000000000000000000000000000000000000002f68cf1cf4c080
2715,000000000000000000000000000000000000000000000000000000000000000000000000000000000000000000000000000000000000000000105d18a0cdb560
2725,00000000000000000000000000000000000000000000000000000000000000000000000000000000000000000000000000000000000000000011bb0e3a73fae0
2735,000000000000000000000000000000000000000000000000000000000000000000000000000000000000000000000000000000000000000000102b60cb89cee0
2745,00000000000000000000000000000000000000000000000000000000000000000000000000000000000000000000000000000000000000000012ae7c965b8f00
2755,00000000000000000000000000000000000000000000000000000000000000000000000000000000000000000000000000000000000000000017a7957ba64d00
2765,0000000000000000000000000000000000000000000000000000000000000000000000000000000000000000000000000000000000000000001bc47e8d511da0
2775,000000000000000000000000000000000000000000000000000000000000000000000000000000000000000000000000000000000000000000096e5c8e8b4c20
2785,0000000000000000000000000000000000000000000000000000000000000000000000000000000000000000000000000000000000000000001559e6684eaa80
2795,00000000000000000000000000000000000000000000000000000000000000000000000000000000000000000000000000000000000000000015a8369e1b73c0
2805,0000000000000000000000000000000000000000000000000000000000000000000000000000000000000000000000000000000000000000003aa7f5160715a0
2815,0000000000000000000000000000000000000000000000000000000000000000000000000000000000000000000000000000000000000000002dbb3dc3bf6b40
2825,0000000000000000000000000000000000000000000000000000000000000000000000000000000000000000000000000000000000000000002177102b08c720
2835,00000000000000000000000000000000000000000000000000000000000000000000000000000000000000000000000000000000000000000035525aad1f74a0
2845,000000000000000000000000000000000000000000000000000000000000000000000000000000000000000000000000000000000000000000237c60b9682ae0
2855,0000000000000000000000000000000000000000000000000000000000000000000000000000000000000000000000000000000000000000002634e8b1db7460
2865,000000000000000000000000000000000000000000000000000000000000000000000000000000000000000000000000000000000000000000186c32ee66b020
2875,0000000000000000000000000000000000000000000000000000000000000000000000000000000000000000000000000000000000000000001b531228a6e700
2885,0000000000000000000000000000000000000000000000000000000000000000000000000000000000000000000000000000000000000000004a9160bea03340
2895,0000000000000000000000000000000000000000000000000000000000000000000000000000000000000000000000000000000000000000000c046da6daf100
2905,00000000000000000000000000000000000000000000000000000000000000000000000000000000000000000000000000000000000000000013144aad094420
2915,0000000000000000000000000000000000000000000000000000000000000000000000000000000000000000000000000000000000000000001fc1480d74d3e0
2925,00000000000000000000000000000000000000000000000000000000000000000000000000000000000000000000000000000000000000000017a2410fb37860
2935,0000000000000000000000000000000000000000000000000000000000000000000000000000000000000000000000000000000000000000003a7ebbac7f6f40
2945,00000000000000000000000000000000000000000000000000000000000000000000000000000000000000000000000000000000000000000028c094ad5490e0
2955,0000000000000000000000000000000000000000000000000000000000000000000000000000000000000000000000000000000000000000001ac5b5cfb73940
2965,00000000000000000000000000000000000000000000000000000000000000000000000000000000000000000000000000000000000000000012b201026da7a0
2975,00000000000000000000000000000000000000000000000000000000000000000000000000000000000000000000000000000000000000000010c0e8c17664e0
2985,000000000000000000000000000000000000000000000000000000000000000000000000000000000000000000000000000000000000000000141d829151a140
2995,00000000000000000000000000000000000000000000000000000000000000000000000000000000000000000000000000000000000000000020afac738bf160
3005,0000000000000000000000000000000000000000000000000000000000000000000000000000000000000000000000000000000000000000001344981fef6e60
3015,00000000000000000000000000000000000000000000000000000000000000000000000000000000000000000000000000000000000000000022da3de1dedd40
3025,0000000000000000000000000000000000000000000000000000000000000000000000000000000000000000000000000000000000000000001068e6f89f97c0
3035,000000000000000000000000000000000000000000000000000000000000000000000000000000000000000000000000000000000000000000275a45592aa600
3045,00000000000000000000000000000000000000000000000000000000000000000000000000000000000000000000000000000000000000000027e3179eb76680
3055,00000000000000000000000000000000000000000000000000000000000000000000000000000000000000000000000000000000000000000020db940447d1c0
3065,00000000000000000000000000000000000000000000000000000000000000000000000000000000000000000000000000000000000000000018f9e3512951c0
3075,000000000000000000000000000000000000000000000000000000000000000000000000000000000000000000000000000000000000000000478ac1e8f9cd20
3085,0000000000000000000000000000000000000000000000000000000000000000000000000000000000000000000000000000000000000000002209de212465a0
3095,0000000000000000000000000000000000000000000000000000000000000000000000000000000000000000000000000000000000000000001109db4664aaa0
3105,0000000000000000000000000000000000000000000000000000000000000000000000000000000000000000000000000000000000000000001684d7a2eed440
3115,00000000000000000000000000000000000000000000000000000000000000000000000000000000000000000000000000000000000000000019bf5b3a025ee0
3125,000000000000000000000000000000000000000000000000000000000000000000000000000000000000000000000000000000000000000000283cc0b63699e0
3135,0000000000000000000000000000000000000000000000000000000000000000000000000000000000000000000000000000000000000000001cfbd550f40d60
3145,00000000000000000000000000000000000000000000000000000000000000000000000000000000000000000000000000000000000000000011218f9d694d80
3155,00000000000000000000000000000000000000000000000000000000000000000000000000000000000000000000000000000000000000000025a05dcf8f0be0
3165,0000000000000000000000000000000000000000000000000000000000000000000000000000000000000000000000000000000000000000001cb305dfb4a5a0
3175,0000000000000000000000000000000000000000000000000000000000000000000000000000000000000000000000000000000000000000001851675c83acc0
3185,0000000000000000000000000000000000000000000000000000000000000000000000000000000000000000000000000000000000000000000e90f535f67ce0
3195,000000000000000000000000000000000000000000000000000000000000000000000000000000000000000000000000000000000000000000345773342ef120
3205,0000000000000000000000000000000000000000000000000000000000000000000000000000000000000000000000000000000000000000001a71e4a421fe20
3215,000000000000000000000000000000000000000000000000000000000000000000000000000000000000000000000000000000000000000000198f894713e240
3225,0000000000000000000000000000000000000000000000000000000000000000000000000000000000000000000000000000000000000000001e1c9be4e120c0
3235,00000000000000000000000000000000000000000000000000000000000000000000000000000000000000000000000000000000000000000027f549f61b0be0
3245,00000000000000000000000000000000000000000000000000000000000000000000000000000000000000000000000000000000000000000051ad8b08e6a040
3255,0000000000000000000000000000000000000000000000000000000000000000000000000000000000000000000000000000000000000000000e64fa2f1489c0
3265,000000000000000000000000000000000000000000000000000000000000000000000000000000000000000000000000000000000000000000131d3d8ee50dc0
3275,0000000000000000000000000000000000000000000000000000000000000000000000000000000000000000000000000000000000000000003de7ad71ad20c0
3285,00000000000000000000000000000000000000000000000000000000000000000000000000000000000000000000000000000000000000000017bb46c91786c0
3295,00000000000000000000000000000000000000000000000000000000000000000000000000000000000000000000000000000000000000000018201a3873a980
3305,0000000000000000000000000000000000000000000000000000000000000000000000000000000000000000000000000000000000000000000b7a117ef293a0
3315,0000000000000000000000000000000000000000000000000000000000000000000000000000000000000000000000000000000000000000001c8b50ffeb6e80
3325,0000000000000000000000000000000000000000000000000000000000000000000000000000000000000000000000000000000000000000001638bd00ad29e0
3335,000000000000000000000000000000000000000000000000000000000000000000000000000000000000000000000000000000000000000000162336c70cc420
3345,00000000000000000000000000000000000000000000000000000000000000000000000000000000000000000000000000000000000000000021ff49f09fce40
3355,0000000000000000000000000000000000000000000000000000000000000000000000000000000000000000000000000000000000000000003a3cc858538b20
3365,000000000000000000000000000000000000000000000000000000000000000000000000000000000000000000000000000000000000000000149cfe26446580
3375,00000000000000000000000000000000000000000000000000000000000000000000000000000000000000000000000000000000000000000013f27145739f80
3385,0000000000000000000000000000000000000000000000000000000000000000000000000000000000000000000000000000000000000000000d9857a92d4320
3395,000000000000000000000000000000000000000000000000000000000000000000000000000000000000000000000000000000000000000000276254276492e0
3405,0000000000000000000000000000000000000000000000000000000000000000000000000000000000000000000000000000000000000000002d2da5fe84f9a0
3415,0000000000000000000000000000000000000000000000000000000000000000000000000000000000000000000000000000000000000000003eb816ed7aa1c0
3425,0000000000000000000000000000000000000000000000000000000000000000000000000000000000000000000000000000000000000000001014a860c2f740
3435,00000000000000000000000000000000000000000000000000000000000000000000000000000000000000000000000000000000000000000010edd45bf95d20
3445,0000000000000000000000000000000000000000000000000000000000000000000000000000000000000000000000000000000000000000001b6cbf7f8982a0
3455,00000000000000000000000000000000000000000000000000000000000000000000000000000000000000000000000000000000000000000023cffee500d5c0
3465,00000000000000000000000000000000000000000000000000000000000000000000000000000000000000000000000000000000000000000015b9cece270620
3475,0000000000000000000000000000000000000000000000000000000000000000000000000000000000000000000000000000000000000000002e54361be6d600
3485,00000000000000000000000000000000000000000000000000000000000000000000000000000000000000000000000000000000000000000028e394660c86c0
3495,0000000000000000000000000000000000000000000000000000000000000000000000000000000000000000000000000000000000000000002f8aff4be214e0
3505,000000000000000000000000000000000000000000000000000000000000000000000000000000000000000000000000000000000000000000142c0b24082860
3515,000000000000000000000000000000000000000000000000000000000000000000000000000000000000000000000000000000000000000000113816c3472840
3525,0000000000000000000000000000000000000000000000000000000000000000000000000000000000000000000000000000000000000000001003e489469fc0
3535,000000000000000000000000000000000000000000000000000000000000000000000000000000000000000000000000000000000000000000158a9c3da3f380
3545,00000000000000000000000000000000000000000000000000000000000000000000000000000000000000000000000000000000000000000016e2a1cdd80820
3555,000000000000000000000000000000000000000000000000000000000000000000000000000000000000000000000000000000000000000000144a873f842400
3565,000000000000000000000000000000000000000000000000000000000000000000000000000000000000000000000000000000000000000000204a4a4925bb80
3575,0000000000000000000000000000000000000000000000000000000000000000000000000000000000000000000000000000000000000000001dbf8230136b60
3585,00000000000000000000000000000000000000000000000000000000000000000000000000000000000000000000000000000000000000000036930103d302c0
3595,00000000000000000000000000000000000000000000000000000000000000000000000000000000000000000000000000000000000000000011ddccdf7f1840
3605,0000000000000000000000000000000000000000000000000000000000000000000000000000000000000000000000000000000000000000000fa2aa54c01b00
3615,00000000000000000000000000000000000000000000000000000000000000000000000000000000000000000000000000000000000000000029366fe0773c60
3625,000000000000000000000000000000000000000000000000000000000000000000000000000000000000000000000000000000000000000000352e51eaa0bd20
3635,00000000000000000000000000000000000000000000000000000000000000000000000000000000000000000000000000000000000000000029a24927f7c420
3645,00000000000000000000000000000000000000000000000000000000000000000000000000000000000000000000000000000000000000000011e50523eedc60
3655,000000000000000000000000000000000000000000000000000000000000000000000000000000000000000000000000000000000000000000122de7152d0500
3665,000000000000000000000000000000000000000000000000000000000000000000000000000000000000000000000000000000000000000000190c426d7641a0
3675,0000000000000000000000000000000000000000000000000000000000000000000000000000000000000000000000000000000000000000001f5a61b1edb2a0
3685,0000000000000000000000000000000000000000000000000000000000000000000000000000000000000000000000000000000000000000001b75d8b027a3c0
3695,0000000000000000000000000000000000000000000000000000000000000000000000000000000000000000000000000000000000000000001b4d20642122c0
3705,0000000000000000000000000000000000000000000000000000000000000000000000000000000000000000000000000000000000000000002ade9243e2e940
3715,00000000000000000000000000000000000000000000000000000000000000000000000000000000000000000000000000000000000000000012711641e12aa0
3725,00000000000000000000000000000000000000000000000000000000000000000000000000000000000000000000000000000000000000000017c65652315840
3735,0000000000000000000000000000000000000000000000000000000000000000000000000000000000000000000000000000000000000000003b52c81e3597a0
3745,00000000000000000000000000000000000000000000000000000000000000000000000000000000000000000000000000000000000000000018d05c8530bae0
3755,0000000000000000000000000000000000000000000000000000000000000000000000000000000000000000000000000000000000000000002bd13533896d80
3765,00000000000000000000000000000000000000000000000000000000000000000000000000000000000000000000000000000000000000000010a98307f64e80
3775,000000000000000000000000000000000000000000000000000000000000000000000000000000000000000000000000000000000000000000164532c4c28920
3785,000000000000000000000000000000000000000000000000000000000000000000000000000000000000000000000000000000000000000000207b7fa84b0a00
3795,00000000000000000000000000000000000000000000000000000000000000000000000000000000000000000000000000000000000000000018f25296982120
3805,0000000000000000000000000000000000000000000000000000000000000000000000000000000000000000000000000000000000000000002064f96ebbe440
3815,0000000000000000000000000000000000000000000000000000000000000000000000000000000000000000000000000000000000000000003659df56717440
3825,0000000000000000000000000000000000000000000000000000000000000000000000000000000000000000000000000000000000000000003170a9bed99180
3835,000000000000000000000000000000000000000000000000000000000000000000000000000000000000000000000000000000000000000000135134f7b366a0
3845,0000000000000000000000000000000000000000000000000000000000000000000000000000000000000000000000000000000000000000001d3284a5e24680
3855,00000000000000000000000000000000000000000000000000000000000000000000000000000000000000000000000000000000000000000012118d5c025fa0
3865,0000000000000000000000000000000000000000000000000000000000000000000000000000000000000000000000000000000000000000007136a52dd5c760
3875,0000000000000000000000000000000000000000000000000000000000000000000000000000000000000000000000000000000000000000001c82210089ea80
3885,00000000000000000000000000000000000000000000000000000000000000000000000000000000000000000000000000000000000000000022a27fdbc7cde0
3895,00000000000000000000000000000000000000000000000000000000000000000000000000000000000000000000000000000000000000000016bb863cc968c0
3905,0000000000000000000000000000000000000000000000000000000000000000000000000000000000000000000000000000000000000000002c47a5707aaba0
3915,0000000000000000000000000000000000000000000000000000000000000000000000000000000000000000000000000000000000000000002a746b0ff65cc0
3925,0000000000000000000000000000000000000000000000000000000000000000000000000000000000000000000000000000000000000000002ae1c974e684e0
3935,0000000000000000000000000000000000000000000000000000000000000000000000000000000000000000000000000000000000000000001e3a6d3b7c4f60
3945,0000000000000000000000000000000000000000000000000000000000000000000000000000000000000000000000000000000000000000002ea269db8e27c0
3955,0000000000000000000000000000000000000000000000000000000000000000000000000000000000000000000000000000000000000000000e59e1d73663e0
3965,0000000000000000000000000000000000000000000000000000000000000000000000000000000000000000000000000000000000000000004c8e5e9c5415c0
3975,0000000000000000000000000000000000000000000000000000000000000000000000000000000000000000000000000000000000000000001a4955a6dda0e0
3985,000000000000000000000000000000000000000000000000000000000000000000000000000000000000000000000000000000000000000000263386ed06fc20
3995,000000000000000000000000000000000000000000000000000000000000000000000000000000000000000000000000000000000000000000262cd8cff05f00
4005,000000000000000000000000000000000000000000000000000000000000000000000000000000000000000000000000000000000000000000120c61e6342ae0
4015,0000000000000000000000000000000000000000000000000000000000000000000000000000000000000000000000000000000000000000001296eeaba31a40
4025,000000000000000000000000000000000000000000000000000000000000000000000000000000000000000000000000000000000000000000105b7fa0e944a0
4035,0000000000000000000000000000000000000000000000000000000000000000000000000000000000000000000000000000000000000000000ef89707985ee0
4045,00000000000000000000000000000000000000000000000000000000000000000000000000000000000000000000000000000000000000000015acf6d8dd3100
4055,0000000000000000000000000000000000000000000000000000000000000000000000000000000000000000000000000000000000000000001302d85598aec0
4065,00000000000000000000000000000000000000000000000000000000000000000000000000000000000000000000000000000000000000000011d2182f0df180
4075,0000000000000000000000000000000000000000000000000000000000000000000000000000000000000000000000000000000000000000001b9b65fc64ca80
4085,00000000000000000000000000000000000000000000000000000000000000000000000000000000000000000000000000000000000000000019573ead5510c0
4095,0000000000000000000000000000000000000000000000000000000000000000000000000000000000000000000000000000000000000000000d29c193170800
4105,0000000000000000000000000000000000000000000000000000000000000000000000000000000000000000000000000000000000000000002f1123ca3f8260
4115,000000000000000000000000000000000000000000000000000000000000000000000000000000000000000000000000000000000000000000102fff68c3f760
4125,000000000000000000000000000000000000000000000000000000000000000000000000000000000000000000000000000000000000000000111bc0e2b9ca60
4135,00000000000000000000000000000000000000000000000000000000000000000000000000000000000000000000000000000000000000000039ccbf5fe02660
4145,0000000000000000000000000000000000000000000000000000000000000000000000000000000000000000000000000000000000000000001e92b5709d22a0
4155,00000000000000000000000000000000000000000000000000000000000000000000000000000000000000000000000000000000000000000018b26a5fd2d5e0
4165,0000000000000000000000000000000000000000000000000000000000000000000000000000000000000000000000000000000000000000001dd97673400480
4175,000000000000000000000000000000000000000000000000000000000000000000000000000000000000000000000000000000000000000000139bb81037e980
4185,00000000000000000000000000000000000000000000000000000000000000000000000000000000000000000000000000000000000000000012b7c864801fa0
4195,00000000000000000000000000000000000000000000000000000000000000000000000000000000000000000000000000000000000000000025d018876b6800
4205,0000000000000000000000000000000000000000000000000000000000000000000000000000000000000000000000000000000000000000001545fb4243ccc0
4215,0000000000000000000000000000000000000000000000000000000000000000000000000000000000000000000000000000000000000000004c7d5aec3e81c0
4225,0000000000000000000000000000000000000000000000000000000000000000000000000000000000000000000000000000000000000000001f294b66778720
4235,00000000000000000000000000000000000000000000000000000000000000000000000000000000000000000000000000000000000000000031b2be930333c0
4245,00000000000000000000000000000000000000000000000000000000000000000000000000000000000000000000000000000000000000000012f0578812f060
4255,0000000000000000000000000000000000000000000000000000000000000000000000000000000000000000000000000000000000000000000dd629b8b41660
4265,0000000000000000000000000000000000000000000000000000000000000000000000000000000000000000000000000000000000000000001f079e23d02540
4275,00000000000000000000000000000000000000000000000000000000000000000000000000000000000000000000000000000000000000000016756b9047a180
4285,0000000000000000000000000000000000000000000000000000000000000000000000000000000000000000000000000000000000000000004616fb29696960
4295,0000000000000000000000000000000000000000000000000000000000000000000000000000000000000000000000000000000000000000002abf6545fcb180
4305,000000000000000000000000000000000000000000000000000000000000000000000000000000000000000000000000000000000000000000215d8971ad6a00
4315,000000000000000000000000000000000000000000000000000000000000000000000000000000000000000000000000000000000000000000172fe683b6d7c0
4325,00000000000000000000000000000000000000000000000000000000000000000000000000000000000000000000000000000000000000000028333d9950d700
4335,000000000000000000000000000000000000000000000000000000000000000000000000000000000000000000000000000000000000000000158552d1b06120
4345,0000000000000000000000000000000000000000000000000000000000000000000000000000000000000000000000000000000000000000001174d23556e900
4355,000000000000000000000000000000000000000000000000000000000000000000000000000000000000000000000000000000000000000000213d4acc772ca0
4365,0000000000000000000000000000000000000000000000000000000000000000000000000000000000000000000000000000000000000000002397194b4c7600
4375,000000000000000000000000000000000000000000000000000000000000000000000000000000000000000000000000000000000000000000275b3e1e063180
4385,00000000000000000000000000000000000000000000000000000000000000000000000000000000000000000000000000000000000000000014a60bc3321340
4395,00000000000000000000000000000000000000000000000000000000000000000000000000000000000000000000000000000000000000000022b15f471604c0
4405,0000000000000000000000000000000000000000000000000000000000000000000000000000000000000000000000000000000000000000002010799bcff7c0
4415,000000000000000000000000000000000000000000000000000000000000000000000000000000000000000000000000000000000000000000183a9ede0caf60
4425,0000000000000000000000000000000000000000000000000000000000000000000000000000000000000000000000000000000000000000001b0a73c13ccee0
4435,0000000000000000000000000000000000000000000000000000000000000000000000000000000000000000000000000000000000000000002b5b35b1a44800
4445,00000000000000000000000000000000000000000000000000000000000000000000000000000000000000000000000000000000000000000011fdc0224442a0
4455,0000000000000000000000000000000000000000000000000000000000000000000000000000000000000000000000000000000000000000001a8b98c9c910a0
4465,00000000000000000000000000000000000000000000000000000000000000000000000000000000000000000000000000000000000000000029aeb1585cd280
4475,0000000000000000000000000000000000000000000000000000000000000000000000000000000000000000000000000000000000000000001b417aa9d65c60
4485,0000000000000000000000000000000000000000000000000000000000000000000000000000000000000000000000000000000000000000001295a3abb96800
4495,0000000000000000000000000000000000000000000000000000000000000000000000000000000000000000000000000000000000000000000f5570e3ccd7c0
4505,000000000000000000000000000000000000000000000000000000000000000000000000000000000000000000000000000000000000000000170ed9237ad740
4515,0000000000000000000000000000000000000000000000000000000000000000000000000000000000000000000000000000000000000000002343c0dac2c980
4525,0000000000000000000000000000000000000000000000000000000000000000000000000000000000000000000000000000000000000000001d37816a788d00
4535,0000000000000000000000000000000000000000000000000000000000000000000000000000000000000000000000000000000000000000000db797e225e060
4545,000000000000000000000000000000000000000000000000000000000000000000000000000000000000000000000000000000000000000000383bb80e972180
4555,00000000000000000000000000000000000000000000000000000000000000000000000000000000000000000000000000000000000000000020fc4c02136bc0
4565,000000000000000000000000000000000000000000000000000000000000000000000000000000000000000000000000000000000000000000107e424fccb9e0
4575,0000000000000000000000000000000000000000000000000000000000000000000000000000000000000000000000000000000000000000002d0755ed68a3e0
4585,0000000000000000000000000000000000000000000000000000000000000000000000000000000000000000000000000000000000000000001bc56ce5de9800
4595,0000000000000000000000000000000000000000000000000000000000000000000000000000000000000000000000000000000000000000002be0b950079f20
4605,0000000000000000000000000000000000000000000000000000000000000000000000000000000000000000000000000000000000000000002a53731c07afa0
4615,00000000000000000000000000000000000000000000000000000000000000000000000000000000000000000000000000000000000000000022ada6b3a4f9a0
4625,00000000000000000000000000000000000000000000000000000000000000000000000000000000000000000000000000000000000000000012a46c797f4c60
4635,000000000000000000000000000000000000000000000000000000000000000000000000000000000000000000000000000000000000000000669b3e82585760
4645,00000000000000000000000000000000000000000000000000000000000000000000000000000000000000000000000000000000000000000011134b45c1dea0
4655,0000000000000000000000000000000000000000000000000000000000000000000000000000000000000000000000000000000000000000001793682e3d6e40
4665,00000000000000000000000000000000000000000000000000000000000000000000000000000000000000000000000000000000000000000033ba1ad27a6180
4675,0000000000000000000000000000000000000000000000000000000000000000000000000000000000000000000000000000000000000000004767933a1d9ee0
4685,0000000000000000000000000000000000000000000000000000000000000000000000000000000000000000000000000000000000000000001c4159989895a0
4695,0000000000000000000000000000000000000000000000000000000000000000000000000000000000000000000000000000000000000000001ed741d84d7140
4705,0000000000000000000000000000000000000000000000000000000000000000000000000000000000000000000000000000000000000000001cdc6ee6c2ef40
4715,0000000000000000000000000000000000000000000000000000000000000000000000000000000000000000000000000000000000000000001b718c6b8578a0
4725,0000000000000000000000000000000000000000000000000000000000000000000000000000000000000000000000000000000000000000001828242e106020
4735,000000000000000000000000000000000000000000000000000000000000000000000000000000000000000000000000000000000000000000157e7e3e74f900
4745,00000000000000000000000000000000000000000000000000000000000000000000000000000000000000000000000000000000000000000023c9b13e0b1b20
4755,00000000000000000000000000000000000000000000000000000000000000000000000000000000000000000000000000000000000000000013e29f81983340
4765,0000000000000000000000000000000000000000000000000000000000000000000000000000000000000000000000000000000000000000001b552759be0d20
4775,0000000000000000000000000000000000000000000000000000000000000000000000000000000000000000000000000000000000000000002aaaa1789df6e0
4785,000000000000000000000000000000000000000000000000000000000000000000000000000000000000000000000000000000000000000000215f1105444260
4795,00000000000000000000000000000000000000000000000000000000000000000000000000000000000000000000000000000000000000000014a283885b5000
4805,00000000000000000000000000000000000000000000000000000000000000000000000000000000000000000000000000000000000000000026ddbf4ddd73c0
4815,0000000000000000000000000000000000000000000000000000000000000000000000000000000000000000000000000000000000000000001624a10be0a9c0
4825,0000000000000000000000000000000000000000000000000000000000000000000000000000000000000000000000000000000000000000001e90f80e44fe20
4835,000000000000000000000000000000000000000000000000000000000000000000000000000000000000000000000000000000000000000000479d337b6ce100
4845,00000000000000000000000000000000000000000000000000000000000000000000000000000000000000000000000000000000000000000013081c9a2a23e0
4855,0000000000000000000000000000000000000000000000000000000000000000000000000000000000000000000000000000000000000000002768ba583143c0
4865,00000000000000000000000000000000000000000000000000000000000000000000000000000000000000000000000000000000000000000013017fc1feaba0
4875,00000000000000000000000000000000000000000000000000000000000000000000000000000000000000000000000000000000000000000018cf120f1f9ce0
4885,0000000000000000000000000000000000000000000000000000000000000000000000000000000000000000000000000000000000000000003072e359cbce80
4895,0000000000000000000000000000000000000000000000000000000000000000000000000000000000000000000000000000000000000000001b2528b5977fc0
4905,0000000000000000000000000000000000000000000000000000000000000000000000000000000000000000000000000000000000000000001a81890f62eec0
4915,0000000000000000000000000000000000000000000000000000000000000000000000000000000000000000000000000000000000000000000b2626849a2960
4925,0000000000000000000000000000000000000000000000000000000000000000000000000000000000000000000000000000000000000000001c14a460881aa0
4935,00000000000000000000000000000000000000000000000000000000000000000000000000000000000000000000000000000000000000000032a172d1b279c0
4945,00000000000000000000000000000000000000000000000000000000000000000000000000000000000000000000000000000000000000000011b88c133cc9e0
4955,000000000000000000000000000000000000000000000000000000000000000000000000000000000000000000000000000000000000000000144c6a044feb00
4965,0000000000000000000000000000000000000000000000000000000000000000000000000000000000000000000000000000000000000000000b94a3f34f97a0
4975,0000000000000000000000000000000000000000000000000000000000000000000000000000000000000000000000000000000000000000001438194a9aaa60
4985,0000000000000000000000000000000000000000000000000000000000000000000000000000000000000000000000000000000000000000001fe4b5462568e0
4995,00000000000000000000000000000000000000000000000000000000000000000000000000000000000000000000000000000000000000000015188f27c97d20
5005,00000000000000000000000000000000000000000000000000000000000000000000000000000000000000000000000000000000000000000015e9bc5e9d7f00
5015,0000000000000000000000000000000000000000000000000000000000000000000000000000000000000000000000000000000000000000002ccb2b4a140d80
5025,00000000000000000000000000000000000000000000000000000000000000000000000000000000000000000000000000000000000000000014233ca4a01280
5035,000000000000000000000000000000000000000000000000000000000000000000000000000000000000000000000000000000000000000000254917f2fa5a00
5045,0000000000000000000000000000000000000000000000000000000000000000000000000000000000000000000000000000000000000000001fc924f93bf5e0
5055,0000000000000000000000000000000000000000000000000000000000000000000000000000000000000000000000000000000000000000001eafc502591100
5065,00000000000000000000000000000000000000000000000000000000000000000000000000000000000000000000000000000000000000000029d71990b77dc0
5075,000000000000000000000000000000000000000000000000000000000000000000000000000000000000000000000000000000000000000000197cfa8367b240
5085,00000000000000000000000000000000000000000000000000000000000000000000000000000000000000000000000000000000000000000022da9a1313baa0
5095,0000000000000000000000000000000000000000000000000000000000000000000000000000000000000000000000000000000000000000001f448f822b08c0
5105,00000000000000000000000000000000000000000000000000000000000000000000000000000000000000000000000000000000000000000013240822212260
5115,00000000000000000000000000000000000000000000000000000000000000000000000000000000000000000000000000000000000000000031cc28c287dfa0
5125,0000000000000000000000000000000000000000000000000000000000000000000000000000000000000000000000000000000000000000001b7dea60d78640
5135,000000000000000000000000000000000000000000000000000000000000000000000000000000000000000000000000000000000000000000132b5cdcb65e00
5145,00000000000000000000000000000000000000000000000000000000000000000000000000000000000000000000000000000000000000000013c8622abf4ba0
5155,0000000000000000000000000000000000000000000000000000000000000000000000000000000000000000000000000000000000000000001f3426f96d7680
5165,00000000000000000000000000000000000000000000000000000000000000000000000000000000000000000000000000000000000000000015526dfc80c2e0
5175,0000000000000000000000000000000000000000000000000000000000000000000000000000000000000000000000000000000000000000001c688364b9f0c0
5185,0000000000000000000000000000000000000000000000000000000000000000000000000000000000000000000000000000000000000000001e8e50849a2aa0
5195,000000000000000000000000000000000000000000000000000000000000000000000000000000000000000000000000000000000000000000377d8fe053a640
5205,0000000000000000000000000000000000000000000000000000000000000000000000000000000000000000000000000000000000000000001775ba7f024ec0
5215,000000000000000000000000000000000000000000000000000000000000000000000000000000000000000000000000000000000000000000188bf413a56260
5225,0000000000000000000000000000000000000000000000000000000000000000000000000000000000000000000000000000000000000000001242c26c62c720
5235,0000000000000000000000000000000000000000000000000000000000000000000000000000000000000000000000000000000000000000004f1a3970679400
5245,0000000000000000000000000000000000000000000000000000000000000000000000000000000000000000000000000000000000000000001634c6598f1280
5255,0000000000000000000000000000000000000000000000000000000000000000000000000000000000000000000000000000000000000000002247a4d80e72c0
5265,0000000000000000000000000000000000000000000000000000000000000000000000000000000000000000000000000000000000000000002d1eac5824d600
5275,00000000000000000000000000000000000000000000000000000000000000000000000000000000000000000000000000000000000000000017dbbc15ac8b80
5285,0000000000000000000000000000000000000000000000000000000000000000000000000000000000000000000000000000000000000000001d05ab0b5e17c0
5295,00000000000000000000000000000000000000000000000000000000000000000000000000000000000000000000000000000000000000000021c3317e8511c0
5305,00000000000000000000000000000000000000000000000000000000000000000000000000000000000000000000000000000000000000000009ccb108301a80
5315,0000000000000000000000000000000000000000000000000000000000000000000000000000000000000000000000000000000000000000000cfec4f872b500
5325,00000000000000000000000000000000000000000000000000000000000000000000000000000000000000000000000000000000000000000038385c22824e40
5335,0000000000000000000000000000000000000000000000000000000000000000000000000000000000000000000000000000000000000000000eabe7b425a5c0
5345,00000000000000000000000000000000000000000000000000000000000000000000000000000000000000000000000000000000000000000037d6d88b8a9400
5355,0000000000000000000000000000000000000000000000000000000000000000000000000000000000000000000000000000000000000000001ffcc0ebe91600
5365,0000000000000000000000000000000000000000000000000000000000000000000000000000000000000000000000000000000000000000001a9130982d8240
5375,000000000000000000000000000000000000000000000000000000000000000000000000000000000000000000000000000000000000000000164b8f4e2d6a60
5385,0000000000000000000000000000000000000000000000000000000000000000000000000000000000000000000000000000000000000000001d4fac2dc3fa00
5395,00000000000000000000000000000000000000000000000000000000000000000000000000000000000000000000000000000000000000000013365ff98240e0
5405,0000000000000000000000000000000000000000000000000000000000000000000000000000000000000000000000000000000000000000001082c3ed08d6a0
5415,0000000000000000000000000000000000000000000000000000000000000000000000000000000000000000000000000000000000000000000ff24e31d87760
5425,0000000000000000000000000000000000000000000000000000000000000000000000000000000000000000000000000000000000000000001b5166c64d8c00
5435,000000000000000000000000000000000000000000000000000000000000000000000000000000000000000000000000000000000000000000496299e6b855c0
5445,000000000000000000000000000000000000000000000000000000000000000000000000000000000000000000000000000000000000000000262df759b5adc0
5455,0000000000000000000000000000000000000000000000000000000000000000000000000000000000000000000000000000000000000000001e2e24e3b2a580
5465,000000000000000000000000000000000000000000000000000000000000000000000000000000000000000000000000000000000000000000191daa76229c80
5475,0000000000000000000000000000000000000000000000000000000000000000000000000000000000000000000000000000000000000000004a32a058b3e5a0
5485,0000000000000000000000000000000000000000000000000000000000000000000000000000000000000000000000000000000000000000003bde1c639715a0
5495,0000000000000000000000000000000000000000000000000000000000000000000000000000000000000000000000000000000000000000001c8f3375cfce80
5505,0000000000000000000000000000000000000000000000000000000000000000000000000000000000000000000000000000000000000000001f6a2e75c97520
5515,000000000000000000000000000000000000000000000000000000000000000000000000000000000000000000000000000000000000000000172b57fa2cd500
5525,0000000000000000000000000000000000000000000000000000000000000000000000000000000000000000000000000000000000000000000da7dd63353180
5535,0000000000000000000000000000000000000000000000000000000000000000000000000000000000000000000000000000000000000000002dbca2f4e26d60
5545,0000000000000000000000000000000000000000000000000000000000000000000000000000000000000000000000000000000000000000001bd2aff8ab0e00
5555,000000000000000000000000000000000000000000000000000000000000000000000000000000000000000000000000000000000000000000116091c08cde80
5565,00000000000000000000000000000000000000000000000000000000000000000000000000000000000000000000000000000000000000000023d3443d65f360
5575,00000000000000000000000000000000000000000000000000000000000000000000000000000000000000000000000000000000000000000010c6b6a3886cc0
5585,0000000000000000000000000000000000000000000000000000000000000000000000000000000000000000000000000000000000000000001a72e55f2462c0
5595,0000000000000000000000000000000000000000000000000000000000000000000000000000000000000000000000000000000000000000001ebabc0b748920
5605,000000000000000000000000000000000000000000000000000000000000000000000000000000000000000000000000000000000000000000130f7e8fd22c80
5615,000000000000000000000000000000000000000000000000000000000000000000000000000000000000000000000000000000000000000000135b2445ccf2e0
5625,000000000000000000000000000000000000000000000000000000000000000000000000000000000000000000000000000000000000000000207b561e753900
5635,00000000000000000000000000000000000000000000000000000000000000000000000000000000000000000000000000000000000000000013aca2a2c55620
5645,0000000000000000000000000000000000000000000000000000000000000000000000000000000000000000000000000000000000000000001ac46fa86abd40
5655,0000000000000000000000000000000000000000000000000000000000000000000000000000000000000000000000000000000000000000001c20705fbc9ba0
5665,000000000000000000000000000000000000000000000000000000000000000000000000000000000000000000000000000000000000000000153eb5b8e89ec0
5675,0000000000000000000000000000000000000000000000000000000000000000000000000000000000000000000000000000000000000000001ae88d0871e9c0
5685,0000000000000000000000000000000000000000000000000000000000000000000000000000000000000000000000000000000000000000000c8f71f61a6fe0
5695,0000000000000000000000000000000000000000000000000000000000000000000000000000000000000000000000000000000000000000001082d745a512c0
5705,0000000000000000000000000000000000000000000000000000000000000000000000000000000000000000000000000000000000000000001e9d72039528c0
5715,0000000000000000000000000000000000000000000000000000000000000000000000000000000000000000000000000000000000000000000c1dadea13ab20
5725,00000000000000000000000000000000000000000000000000000000000000000000000000000000000000000000000000000000000000000010c75305f40a80
5735,0000000000000000000000000000000000000000000000000000000000000000000000000000000000000000000000000000000000000000002226bc1559d340
5745,000000000000000000000000000000000000000000000000000000000000000000000000000000000000000000000000000000000000000000306ff2016107e0
5755,0000000000000000000000000000000000000000000000000000000000000000000000000000000000000000000000000000000000000000002eec4b2558a580
5765,000000000000000000000000000000000000000000000000000000000000000000000000000000000000000000000000000000000000000000160c2f03adbb60
5775,000000000000000000000000000000000000000000000000000000000000000000000000000000000000000000000000000000000000000000284b0d97b61300
5785,0000000000000000000000000000000000000000000000000000000000000000000000000000000000000000000000000000000000000000001c927b445c2420
5795,0000000000000000000000000000000000000000000000000000000000000000000000000000000000000000000000000000000000000000001149c6df9fe2e0
5805,0000000000000000000000000000000000000000000000000000000000000000000000000000000000000000000000000000000000000000001d6e9c0e247760
5815,00000000000000000000000000000000000000000000000000000000000000000000000000000000000000000000000000000000000000000010fe01a9a73be0
5825,000000000000000000000000000000000000000000000000000000000000000000000000000000000000000000000000000000000000000000213c28d6635400
5835,0000000000000000000000000000000000000000000000000000000000000000000000000000000000000000000000000000000000000000001686718f21fa00
5845,0000000000000000000000000000000000000000000000000000000000000000000000000000000000000000000000000000000000000000000d657e67ae1840
5855,0000000000000000000000000000000000000000000000000000000000000000000000000000000000000000000000000000000000000000002a60e87d95ae20
5865,00000000000000000000000000000000000000000000000000000000000000000000000000000000000000000000000000000000000000000010269ddf8d2c60
5875,0000000000000000000000000000000000000000000000000000000000000000000000000000000000000000000000000000000000000000002d0fbab1c42860
5885,0000000000000000000000000000000000000000000000000000000000000000000000000000000000000000000000000000000000000000002bb65f52e22fa0
5895,000000000000000000000000000000000000000000000000000000000000000000000000000000000000000000000000000000000000000000198f4f022b80a0
5905,0000000000000000000000000000000000000000000000000000000000000000000000000000000000000000000000000000000000000000001b23a8f0c50d00
5915,00000000000000000000000000000000000000000000000000000000000000000000000000000000000000000000000000000000000000000023ab86dd9d4ee0
5925,0000000000000000000000000000000000000000000000000000000000000000000000000000000000000000000000000000000000000000001d7d1297039820
5935,00000000000000000000000000000000000000000000000000000000000000000000000000000000000000000000000000000000000000000017ef913bb8e4c0
5945,00000000000000000000000000000000000000000000000000000000000000000000000000000000000000000000000000000000000000000021e8aa236126a0
5955,000000000000000000000000000000000000000000000000000000000000000000000000000000000000000000000000000000000000000000238c0524a91b80
5965,0000000000000000000000000000000000000000000000000000000000000000000000000000000000000000000000000000000000000000003baecb84512180
5975,0000000000000000000000000000000000000000000000000000000000000000000000000000000000000000000000000000000000000000001fe32eb28e7f40
5985,0000000000000000000000000000000000000000000000000000000000000000000000000000000000000000000000000000000000000000003040f7bf9f1640
5995,00000000000000000000000000000000000000000000000000000000000000000000000000000000000000000000000000000000000000000031b99a88b443e0
6005,0000000000000000000000000000000000000000000000000000000000000000000000000000000000000000000000000000000000000000001e6b1cb8347c00
6015,0000000000000000000000000000000000000000000000000000000000000000000000000000000000000000000000000000000000000000002c4bec0dbac220
6025,000000000000000000000000000000000000000000000000000000000000000000000000000000000000000000000000000000000000000000413da1fd0eb140
6035,0000000000000000000000000000000000000000000000000000000000000000000000000000000000000000000000000000000000000000001768a3c4d065a0
6045,000000000000000000000000000000000000000000000000000000000000000000000000000000000000000000000000000000000000000000315497b6e52b20
6055,00000000000000000000000000000000000000000000000000000000000000000000000000000000000000000000000000000000000000000039025f4ff947c0
6065,00000000000000000000000000000000000000000000000000000000000000000000000000000000000000000000000000000000000000000026016204193420
6075,00000000000000000000000000000000000000000000000000000000000000000000000000000000000000000000000000000000000000000015d613e9c93680
6085,0000000000000000000000000000000000000000000000000000000000000000000000000000000000000000000000000000000000000000001b503ae3eb99a0
6095,00000000000000000000000000000000000000000000000000000000000000000000000000000000000000000000000000000000000000000033c0ec5204c3a0
6105,00000000000000000000000000000000000000000000000000000000000000000000000000000000000000000000000000000000000000000017ab010543eb80
6115,00000000000000000000000000000000000000000000000000000000000000000000000000000000000000000000000000000000000000000043cacd15f7d5a0
6125,0000000000000000000000000000000000000000000000000000000000000000000000000000000000000000000000000000000000000000001171970e2c2f40
6135,0000000000000000000000000000000000000000000000000000000000000000000000000000000000000000000000000000000000000000001e6ade55c288c0
6145,0000000000000000000000000000000000000000000000000000000000000000000000000000000000000000000000000000000000000000001ad9713ab19d20
6155,000000000000000000000000000000000000000000000000000000000000000000000000000000000000000000000000000000000000000000299a497746ab20
6165,000000000000000000000000000000000000000000000000000000000000000000000000000000000000000000000000000000000000000000295361cad2b420
6175,000000000000000000000000000000000000000000000000000000000000000000000000000000000000000000000000000000000000000000132080f122eac0
6185,00000000000000000000000000000000000000000000000000000000000000000000000000000000000000000000000000000000000000000016ce751df8f760
6195,0000000000000000000000000000000000000000000000000000000000000000000000000000000000000000000000000000000000000000001629239f441860
6205,0000000000000000000000000000000000000000000000000000000000000000000000000000000000000000000000000000000000000000004abf3e31b06980
6215,0000000000000000000000000000000000000000000000000000000000000000000000000000000000000000000000000000000000000000002646e2c45695a0
6225,0000000000000000000000000000000000000000000000000000000000000000000000000000000000000000000000000000000000000000000f1297f22693e0
6235,0000000000000000000000000000000000000000000000000000000000000000000000000000000000000000000000000000000000000000000884126d19b840
6245,0000000000000000000000000000000000000000000000000000000000000000000000000000000000000000000000000000000000000000000e9e53350fe760
6255,00000000000000000000000000000000000000000000000000000000000000000000000000000000000000000000000000000000000000000010888d8a2ed960
6265,000000000000000000000000000000000000000000000000000000000000000000000000000000000000000000000000000000000000000000485a6fd122b6c0
6275,0000000000000000000000000000000000000000000000000000000000000000000000000000000000000000000000000000000000000000001995809571e480
6285,0000000000000000000000000000000000000000000000000000000000000000000000000000000000000000000000000000000000000000000e915b9865be20
6295,0000000000000000000000000000000000000000000000000000000000000000000000000000000000000000000000000000000000000000001eb56fa959c760
6305,0000000000000000000000000000000000000000000000000000000000000000000000000000000000000000000000000000000000000000001a262de44fc020
6315,00000000000000000000000000000000000000000000000000000000000000000000000000000000000000000000000000000000000000000014cb5940ae9a60
6325,0000000000000000000000000000000000000000000000000000000000000000000000000000000000000000000000000000000000000000001b1555056d6fc0
6335,0000000000000000000000000000000000000000000000000000000000000000000000000000000000000000000000000000000000000000001c91ad09565860
6345,00000000000000000000000000000000000000000000000000000000000000000000000000000000000000000000000000000000000000000011a4cf45cc5680
6355,0000000000000000000000000000000000000000000000000000000000000000000000000000000000000000000000000000000000000000001f922786c927a0
6365,0000000000000000000000000000000000000000000000000000000000000000000000000000000000000000000000000000000000000000001f5f181deb2cc0
6375,0000000000000000000000000000000000000000000000000000000000000000000000000000000000000000000000000000000000000000001c8fa875c7ec40
6385,0000000000000000000000000000000000000000000000000000000000000000000000000000000000000000000000000000000000000000001484fccf44f2e0
6395,0000000000000000000000000000000000000000000000000000000000000000000000000000000000000000000000000000000000000000001040cd7b534fa0
6405,0000000000000000000000000000000000000000000000000000000000000000000000000000000000000000000000000000000000000000001a4e553a38a340
6415,000000000000000000000000000000000000000000000000000000000000000000000000000000000000000000000000000000000000000000243461ad0219a0
6425,00000000000000000000000000000000000000000000000000000000000000000000000000000000000000000000000000000000000000000016552b089b5d40
6435,0000000000000000000000000000000000000000000000000000000000000000000000000000000000000000000000000000000000000000001ffea1f5a149a0
6445,00000000000000000000000000000000000000000000000000000000000000000000000000000000000000000000000000000000000000000048f4b7d095f9a0
6455,0000000000000000000000000000000000000000000000000000000000000000000000000000000000000000000000000000000000000000001a4f434dd9d380
6465,00000000000000000000000000000000000000000000000000000000000000000000000000000000000000000000000000000000000000000017f95ff62367e0
6475,00000000000000000000000000000000000000000000000000000000000000000000000000000000000000000000000000000000000000000019f025f1cc6700
6485,000000000000000000000000000000000000000000000000000000000000000000000000000000000000000000000000000000000000000000221f586e76d420
6495,0000000000000000000000000000000000000000000000000000000000000000000000000000000000000000000000000000000000000000001fd66c5acd0de0
6505,000000000000000000000000000000000000000000000000000000000000000000000000000000000000000000000000000000000000000000139c38cb42ee20
6515,000000000000000000000000000000000000000000000000000000000000000000000000000000000000000000000000000000000000000000225e78d684a9c0
6525,0000000000000000000000000000000000000000000000000000000000000000000000000000000000000000000000000000000000000000000c24c190fc0e40
6535,0000000000000000000000000000000000000000000000000000000000000000000000000000000000000000000000000000000000000000002db7386b673da0
6545,0000000000000000000000000000000000000000000000000000000000000000000000000000000000000000000000000000000000000000002249e6e1c01d20
6555,000000000000000000000000000000000000000000000000000000000000000000000000000000000000000000000000000000000000000000120acf978a5a60
6565,00000000000000000000000000000000000000000000000000000000000000000000000000000000000000000000000000000000000000000028c3958f96e900
6575,0000000000000000000000000000000000000000000000000000000000000000000000000000000000000000000000000000000000000000001cf1c6a0667720
6585,0000000000000000000000000000000000000000000000000000000000000000000000000000000000000000000000000000000000000000001d37ae43131140
6595,00000000000000000000000000000000000000000000000000000000000000000000000000000000000000000000000000000000000000000013d6fa3d74c760
6605,0000000000000000000000000000000000000000000000000000000000000000000000000000000000000000000000000000000000000000001402f57591cae0
6615,0000000000000000000000000000000000000000000000000000000000000000000000000000000000000000000000000000000000000000002b0dd6ca8c2880
6625,00000000000000000000000000000000000000000000000000000000000000000000000000000000000000000000000000000000000000000027898c2e98a9c0
6635,0000000000000000000000000000000000000000000000000000000000000000000000000000000000000000000000000000000000000000002bc43a20b81d80
6645,0000000000000000000000000000000000000000000000000000000000000000000000000000000000000000000000000000000000000000000d8794a075ca00
6655,0000000000000000000000000000000000000000000000000000000000000000000000000000000000000000000000000000000000000000002e79b1ca9b5400
6665,00000000000000000000000000000000000000000000000000000000000000000000000000000000000000000000000000000000000000000017c50ad247aea0
6675,00000000000000000000000000000000000000000000000000000000000000000000000000000000000000000000000000000000000000000014a0bb573ef9a0
6685,000000000000000000000000000000000000000000000000000000000000000000000000000000000000000000000000000000000000000000270d3b40d1bbe0
6695,0000000000000000000000000000000000000000000000000000000000000000000000000000000000000000000000000000000000000000004604cfb47b74a0
6705,00000000000000000000000000000000000000000000000000000000000000000000000000000000000000000000000000000000000000000018ffbe9f893700
6715,00000000000000000000000000000000000000000000000000000000000000000000000000000000000000000000000000000000000000000022bad6e3fc8e00
6725,0000000000000000000000000000000000000000000000000000000000000000000000000000000000000000000000000000000000000000002aef59c2c177e0
6735,00000000000000000000000000000000000000000000000000000000000000000000000000000000000000000000000000000000000000000016f06aaf606640
6745,000000000000000000000000000000000000000000000000000000000000000000000000000000000000000000000000000000000000000000233de9c7764c80
6755,0000000000000000000000000000000000000000000000000000000000000000000000000000000000000000000000000000000000000000001856808d66cde0
6765,00000000000000000000000000000000000000000000000000000000000000000000000000000000000000000000000000000000000000000020bf3a54f5c940
6775,0000000000000000000000000000000000000000000000000000000000000000000000000000000000000000000000000000000000000000002800f2e1a0aee0
6785,00000000000000000000000000000000000000000000000000000000000000000000000000000000000000000000000000000000000000000020dc00f08f3fc0
6795,0000000000000000000000000000000000000000000000000000000000000000000000000000000000000000000000000000000000000000002cb67669031660
6805,0000000000000000000000000000000000000000000000000000000000000000000000000000000000000000000000000000000000000000001cc162e8957e40
6815,00000000000000000000000000000000000000000000000000000000000000000000000000000000000000000000000000000000000000000027d8b329434900
6825,00000000000000000000000000000000000000000000000000000000000000000000000000000000000000000000000000000000000000000012350914b1fa80
6835,0000000000000000000000000000000000000000000000000000000000000000000000000000000000000000000000000000000000000000002166cb710db780
6845,0000000000000000000000000000000000000000000000000000000000000000000000000000000000000000000000000000000000000000002d0ee61e214040
6855,0000000000000000000000000000000000000000000000000000000000000000000000000000000000000000000000000000000000000000002d8e16a9407560
6865,0000000000000000000000000000000000000000000000000000000000000000000000000000000000000000000000000000000000000000001f9a12cb2cdc00
6875,00000000000000000000000000000000000000000000000000000000000000000000000000000000000000000000000000000000000000000012ff44071180c0
6885,0000000000000000000000000000000000000000000000000000000000000000000000000000000000000000000000000000000000000000000e4bcc75b32d60
6895,0000000000000000000000000000000000000000000000000000000000000000000000000000000000000000000000000000000000000000000a58226b197ae0
6905,0000000000000000000000000000000000000000000000000000000000000000000000000000000000000000000000000000000000000000002504db28ce86a0
6915,000000000000000000000000000000000000000000000000000000000000000000000000000000000000000000000000000000000000000000153a8a87f57420
6925,00000000000000000000000000000000000000000000000000000000000000000000000000000000000000000000000000000000000000000024124f87eb5ca0
6935,00000000000000000000000000000000000000000000000000000000000000000000000000000000000000000000000000000000000000000037124c18c90ba0
6945,0000000000000000000000000000000000000000000000000000000000000000000000000000000000000000000000000000000000000000003db4223039f460
6955,0000000000000000000000000000000000000000000000000000000000000000000000000000000000000000000000000000000000000000000e6fc4a481c7c0
6965,0000000000000000000000000000000000000000000000000000000000000000000000000000000000000000000000000000000000000000000d2a697581df60
6975,00000000000000000000000000000000000000000000000000000000000000000000000000000000000000000000000000000000000000000017ac3cfb5603a0
6985,00000000000000000000000000000000000000000000000000000000000000000000000000000000000000000000000000000000000000000010a9926a6b6c80
6995,0000000000000000000000000000000000000000000000000000000000000000000000000000000000000000000000000000000000000000001c26392e1dc000
7005,0000000000000000000000000000000000000000000000000000000000000000000000000000000000000000000000000000000000000000001971742b90f5e0
7015,00000000000000000000000000000000000000000000000000000000000000000000000000000000000000000000000000000000000000000013685ef623d220
7025,0000000000000000000000000000000000000000000000000000000000000000000000000000000000000000000000000000000000000000000f81242f9fef00
7035,0000000000000000000000000000000000000000000000000000000000000000000000000000000000000000000000000000000000000000001e59f125ab70a0
7045,00000000000000000000000000000000000000000000000000000000000000000000000000000000000000000000000000000000000000000022fc2bcbe45a00
7055,0000000000000000000000000000000000000000000000000000000000000000000000000000000000000000000000000000000000000000002a626c388f3f00
7065,00000000000000000000000000000000000000000000000000000000000000000000000000000000000000000000000000000000000000000020c8fbd44d7f60
7075,0000000000000000000000000000000000000000000000000000000000000000000000000000000000000000000000000000000000000000002bfba8445e6780
7085,00000000000000000000000000000000000000000000000000000000000000000000000000000000000000000000000000000000000000000019c6544d3b5160
7095,000000000000000000000000000000000000000000000000000000000000000000000000000000000000000000000000000000000000000000287679287a4e60
7105,0000000000000000000000000000000000000000000000000000000000000000000000000000000000000000000000000000000000000000001aef1b7e2832c0
7115,00000000000000000000000000000000000000000000000000000000000000000000000000000000000000000000000000000000000000000031110cbb7248e0
7125,00000000000000000000000000000000000000000000000000000000000000000000000000000000000000000000000000000000000000000017144e8592d5c0
7135,0000000000000000000000000000000000000000000000000000000000000000000000000000000000000000000000000000000000000000003632ef1424d620
7145,000000000000000000000000000000000000000000000000000000000000000000000000000000000000000000000000000000000000000000130ab319fd7fc0
7155,00000000000000000000000000000000000000000000000000000000000000000000000000000000000000000000000000000000000000000011f1255e3161a0
7165,0000000000000000000000000000000000000000000000000000000000000000000000000000000000000000000000000000000000000000000eb30e96206e60
7175,000000000000000000000000000000000000000000000000000000000000000000000000000000000000000000000000000000000000000000180e1e12477100
7185,0000000000000000000000000000000000000000000000000000000000000000000000000000000000000000000000000000000000000000002009fca61880e0
7195,0000000000000000000000000000000000000000000000000000000000000000000000000000000000000000000000000000000000000000000f29ca66bdcfe0
7205,000000000000000000000000000000000000000000000000000000000000000000000000000000000000000000000000000000000000000000171167683b0fe0
7215,0000000000000000000000000000000000000000000000000000000000000000000000000000000000000000000000000000000000000000002d859d1ffa0860
7225,000000000000000000000000000000000000000000000000000000000000000000000000000000000000000000000000000000000000000000193062a61ac6e0
7235,000000000000000000000000000000000000000000000000000000000000000000000000000000000000000000000000000000000000000000129ba35c8d0100
7245,0000000000000000000000000000000000000000000000000000000000000000000000000000000000000000000000000000000000000000004f8e8fad7d12a0
7255,00000000000000000000000000000000000000000000000000000000000000000000000000000000000000000000000000000000000000000030fe49b2dd4fc0
7265,0000000000000000000000000000000000000000000000000000000000000000000000000000000000000000000000000000000000000000000fcfd165667400
7275,0000000000000000000000000000000000000000000000000000000000000000000000000000000000000000000000000000000000000000001b60cf767ed1c0
7285,0000000000000000000000000000000000000000000000000000000000000000000000000000000000000000000000000000000000000000002b12b918fcd500
7295,00000000000000000000000000000000000000000000000000000000000000000000000000000000000000000000000000000000000000000015dd94d5968b80
7305,00000000000000000000000000000000000000000000000000000000000000000000000000000000000000000000000000000000000000000012e142442ad080
7315,0000000000000000000000000000000000000000000000000000000000000000000000000000000000000000000000000000000000000000005b0567f1939040
7325,0000000000000000000000000000000000000000000000000000000000000000000000000000000000000000000000000000000000000000002a9d0865d74c60
7335,0000000000000000000000000000000000000000000000000000000000000000000000000000000000000000000000000000000000000000005705567b8110e0
7345,00000000000000000000000000000000000000000000000000000000000000000000000000000000000000000000000000000000000000000019d441075ecf00
7355,0000000000000000000000000000000000000000000000000000000000000000000000000000000000000000000000000000000000000000000def0d997ce2c0
7365,0000000000000000000000000000000000000000000000000000000000000000000000000000000000000000000000000000000000000000002384de6a10c660
7375,0000000000000000000000000000000000000000000000000000000000000000000000000000000000000000000000000000000000000000001c90591345de40
7385,00000000000000000000000000000000000000000000000000000000000000000000000000000000000000000000000000000000000000000013317479d71f40
7395,00000000000000000000000000000000000000000000000000000000000000000000000000000000000000000000000000000000000000000027e0611ee632a0
7405,00000000000000000000000000000000000000000000000000000000000000000000000000000000000000000000000000000000000000000022467c447133a0
7415,00000000000000000000000000000000000000000000000000000000000000000000000000000000000000000000000000000000000000000009e2fdf2fe3080
7425,00000000000000000000000000000000000000000000000000000000000000000000000000000000000000000000000000000000000000000015b05d44f14f20
7435,000000000000000000000000000000000000000000000000000000000000000000000000000000000000000000000000000000000000000000296606facc2640
7445,000000000000000000000000000000000000000000000000000000000000000000000000000000000000000000000000000000000000000000176dfb61fe16e0
7455,0000000000000000000000000000000000000000000000000000000000000000000000000000000000000000000000000000000000000000001d0057c6cda560
7465,0000000000000000000000000000000000000000000000000000000000000000000000000000000000000000000000000000000000000000001afc2c385a8360
7475,00000000000000000000000000000000000000000000000000000000000000000000000000000000000000000000000000000000000000000017429b29d6a1a0
7485,00000000000000000000000000000000000000000000000000000000000000000000000000000000000000000000000000000000000000000012f62e73fcf9e0
7495,0000000000000000000000000000000000000000000000000000000000000000000000000000000000000000000000000000000000000000001c5bd67945d2c0
7505,000000000000000000000000000000000000000000000000000000000000000000000000000000000000000000000000000000000000000000279e712d303b80
7515,00000000000000000000000000000000000000000000000000000000000000000000000000000000000000000000000000000000000000000014129ae0d2aa40
7525,00000000000000000000000000000000000000000000000000000000000000000000000000000000000000000000000000000000000000000019ebfc8f9e0980
7535,000000000000000000000000000000000000000000000000000000000000000000000000000000000000000000000000000000000000000000149b747523d900
7545,00000000000000000000000000000000000000000000000000000000000000000000000000000000000000000000000000000000000000000036878c70e762a0
7555,000000000000000000000000000000000000000000000000000000000000000000000000000000000000000000000000000000000000000000266decdf3effc0
7565,0000000000000000000000000000000000000000000000000000000000000000000000000000000000000000000000000000000000000000001840bf36408b40
7575,00000000000000000000000000000000000000000000000000000000000000000000000000000000000000000000000000000000000000000027e56fc5f16c00
7585,0000000000000000000000000000000000000000000000000000000000000000000000000000000000000000000000000000000000000000001385fb87d64040
7595,00000000000000000000000000000000000000000000000000000000000000000000000000000000000000000000000000000000000000000017d53864e1d780
7605,00000000000000000000000000000000000000000000000000000000000000000000000000000000000000000000000000000000000000000014fde9785a13a0
7615,000000000000000000000000000000000000000000000000000000000000000000000000000000000000000000000000000000000000000000166d6086f9c260
7625,00000000000000000000000000000000000000000000000000000000000000000000000000000000000000000000000000000000000000000018a50b081bf8c0
7635,00000000000000000000000000000000000000000000000000000000000000000000000000000000000000000000000000000000000000000012219529b2c540
7645,0000000000000000000000000000000000000000000000000000000000000000000000000000000000000000000000000000000000000000001ed17558b178e0
7655,00000000000000000000000000000000000000000000000000000000000000000000000000000000000000000000000000000000000000000043c9a329bd23e0
7665,000000000000000000000000000000000000000000000000000000000000000000000000000000000000000000000000000000000000000000322ed445ba6e20
7675,00000000000000000000000000000000000000000000000000000000000000000000000000000000000000000000000000000000000000000013a667d46be040
7685,000000000000000000000000000000000000000000000000000000000000000000000000000000000000000000000000000000000000000000200e7feab6f740
7695,0000000000000000000000000000000000000000000000000000000000000000000000000000000000000000000000000000000000000000000e244033711240
7705,000000000000000000000000000000000000000000000000000000000000000000000000000000000000000000000000000000000000000000135233bc8e8aa0
7715,0000000000000000000000000000000000000000000000000000000000000000000000000000000000000000000000000000000000000000002db6d5b05a3380
7725,0000000000000000000000000000000000000000000000000000000000000000000000000000000000000000000000000000000000000000001b7561751bfb40
7735,0000000000000000000000000000000000000000000000000000000000000000000000000000000000000000000000000000000000000000001f6f043a625c60
7745,0000000000000000000000000000000000000000000000000000000000000000000000000000000000000000000000000000000000000000001f9faf4acc1060
7755,0000000000000000000000000000000000000000000000000000000000000000000000000000000000000000000000000000000000000000000f2ede666636e0
7765,0000000000000000000000000000000000000000000000000000000000000000000000000000000000000000000000000000000000000000001038335e5dd980
7775,000000000000000000000000000000000000000000000000000000000000000000000000000000000000000000000000000000000000000000269e8aaabd49e0
7785,000000000000000000000000000000000000000000000000000000000000000000000000000000000000000000000000000000000000000000167925decc4000
7795,0000000000000000000000000000000000000000000000000000000000000000000000000000000000000000000000000000000000000000001b8496c2da9000
7805,000000000000000000000000000000000000000000000000000000000000000000000000000000000000000000000000000000000000000000188c71761316e0
7815,0000000000000000000000000000000000000000000000000000000000000000000000000000000000000000000000000000000000000000001d4c3b7cc43e40
7825,0000000000000000000000000000000000000000000000000000000000000000000000000000000000000000000000000000000000000000002bf36cf6277a40
7835,0000000000000000000000000000000000000000000000000000000000000000000000000000000000000000000000000000000000000000000bcebac8031760
7845,0000000000000000000000000000000000000000000000000000000000000000000000000000000000000000000000000000000000000000002d02758b469b20
7855,000000000000000000000000000000000000000000000000000000000000000000000000000000000000000000000000000000000000000000252af1128c5160
7865,0000000000000000000000000000000000000000000000000000000000000000000000000000000000000000000000000000000000000000002a7b50fbce2380
7875,0000000000000000000000000000000000000000000000000000000000000000000000000000000000000000000000000000000000000000001da92a940afa20
7885,0000000000000000000000000000000000000000000000000000000000000000000000000000000000000000000000000000000000000000001cf057db92df20
7895,00000000000000000000000000000000000000000000000000000000000000000000000000000000000000000000000000000000000000000016d20c451d7e20
7905,000000000000000000000000000000000000000000000000000000000000000000000000000000000000000000000000000000000000000000128a98ddb2f620
7915,0000000000000000000000000000000000000000000000000000000000000000000000000000000000000000000000000000000000000000000dc5b2febc6540
7925,0000000000000000000000000000000000000000000000000000000000000000000000000000000000000000000000000000000000000000001638f3cf6e64c0
7935,000000000000000000000000000000000000000000000000000000000000000000000000000000000000000000000000000000000000000000153b1dea61ad20
7945,0000000000000000000000000000000000000000000000000000000000000000000000000000000000000000000000000000000000000000000eb81c6e66c960
7955,00000000000000000000000000000000000000000000000000000000000000000000000000000000000000000000000000000000000000000032779b2d21cba0
7965,00000000000000000000000000000000000000000000000000000000000000000000000000000000000000000000000000000000000000000020820659158a40
7975,00000000000000000000000000000000000000000000000000000000000000000000000000000000000000000000000000000000000000000011a44da84b39c0
7985,000000000000000000000000000000000000000000000000000000000000000000000000000000000000000000000000000000000000000000258250bde43260
7995,000000000000000000000000000000000000000000000000000000000000000000000000000000000000000000000000000000000000000000275ba4d912f6a0
8005,0000000000000000000000000000000000000000000000000000000000000000000000000000000000000000000000000000000000000000004a41c1ff115740
8015,0000000000000000000000000000000000000000000000000000000000000000000000000000000000000000000000000000000000000000002c3725e7bea620
8025,0000000000000000000000000000000000000000000000000000000000000000000000000000000000000000000000000000000000000000000d987346b53f60
8035,00000000000000000000000000000000000000000000000000000000000000000000000000000000000000000000000000000000000000000014ffc2f83a2bc0
8045,000000000000000000000000000000000000000000000000000000000000000000000000000000000000000000000000000000000000000000212315e1ec78a0
8055,0000000000000000000000000000000000000000000000000000000000000000000000000000000000000000000000000000000000000000001d936ae4471120
8065,00000000000000000000000000000000000000000000000000000000000000000000000000000000000000000000000000000000000000000013d999336ef3c0
8075,000000000000000000000000000000000000000000000000000000000000000000000000000000000000000000000000000000000000000000228fb57a95c9a0
8085,0000000000000000000000000000000000000000000000000000000000000000000000000000000000000000000000000000000000000000002cd8463f595ee0
8095,0000000000000000000000000000000000000000000000000000000000000000000000000000000000000000000000000000000000000000002387bbfd909340
8105,00000000000000000000000000000000000000000000000000000000000000000000000000000000000000000000000000000000000000000017f0928a6c7a80
8115,0000000000000000000000000000000000000000000000000000000000000000000000000000000000000000000000000000000000000000003e11e9b3c0dfe0
8125,000000000000000000000000000000000000000000000000000000000000000000000000000000000000000000000000000000000000000000235032bc624460
8135,0000000000000000000000000000000000000000000000000000000000000000000000000000000000000000000000000000000000000000001ac32914cf83a0
8145,0000000000000000000000000000000000000000000000000000000000000000000000000000000000000000000000000000000000000000001f875673d28320
8155,00000000000000000000000000000000000000000000000000000000000000000000000000000000000000000000000000000000000000000022121551d1c140
8165,0000000000000000000000000000000000000000000000000000000000000000000000000000000000000000000000000000000000000000002983f802a045e0
8175,00000000000000000000000000000000000000000000000000000000000000000000000000000000000000000000000000000000000000000021312e60f95200
8185,0000000000000000000000000000000000000000000000000000000000000000000000000000000000000000000000000000000000000000001d83c7ef2d69c0
8195,00000000000000000000000000000000000000000000000000000000000000000000000000000000000000000000000000000000000000000011e7f399e3ad60
8205,00000000000000000000000000000000000000000000000000000000000000000000000000000000000000000000000000000000000000000014344999a15560
8215,000000000000000000000000000000000000000000000000000000000000000000000000000000000000000000000000000000000000000000226c2a5f7110c0
8225,000000000000000000000000000000000000000000000000000000000000000000000000000000000000000000000000000000000000000000126c3c55e614e0
8235,00000000000000000000000000000000000000000000000000000000000000000000000000000000000000000000000000000000000000000013f5d245395640
8245,000000000000000000000000000000000000000000000000000000000000000000000000000000000000000000000000000000000000000000132a37dcca1c40
8255,0000000000000000000000000000000000000000000000000000000000000000000000000000000000000000000000000000000000000000002696eeb51929c0
8265,00000000000000000000000000000000000000000000000000000000000000000000000000000000000000000000000000000000000000000038ca9aa2803500
8275,000000000000000000000000000000000000000000000000000000000000000000000000000000000000000000000000000000000000000000191788f68c5e60
8285,0000000000000000000000000000000000000000000000000000000000000000000000000000000000000000000000000000000000000000001adf5e9cc185a0
8295,00000000000000000000000000000000000000000000000000000000000000000000000000000000000000000000000000000000000000000035f4e5f0f07de0
8305,0000000000000000000000000000000000000000000000000000000000000000000000000000000000000000000000000000000000000000001ace39319a8640
8315,0000000000000000000000000000000000000000000000000000000000000000000000000000000000000000000000000000000000000000001f2b67d2a1e1c0
8325,00000000000000000000000000000000000000000000000000000000000000000000000000000000000000000000000000000000000000000014239d735e78e0
8335,00000000000000000000000000000000000000000000000000000000000000000000000000000000000000000000000000000000000000000011d392916a99c0
8345,00000000000000000000000000000000000000000000000000000000000000000000000000000000000000000000000000000000000000000013b5dd67126f20
8355,000000000000000000000000000000000000000000000000000000000000000000000000000000000000000000000000000000000000000000642867e7a90160
8365,00000000000000000000000000000000000000000000000000000000000000000000000000000000000000000000000000000000000000000029766a173b5120
8375,00000000000000000000000000000000000000000000000000000000000000000000000000000000000000000000000000000000000000000020568db4a0f560
8385,0000000000000000000000000000000000000000000000000000000000000000000000000000000000000000000000000000000000000000000f8ed9d615e7a0
8395,000000000000000000000000000000000000000000000000000000000000000000000000000000000000000000000000000000000000000000374c6e775461e0
8405,00000000000000000000000000000000000000000000000000000000000000000000000000000000000000000000000000000000000000000018fcbcee820080
8415,00000000000000000000000000000000000000000000000000000000000000000000000000000000000000000000000000000000000000000016b98aee26ab80
8425,0000000000000000000000000000000000000000000000000000000000000000000000000000000000000000000000000000000000000000003e11fb200e7840
8435,00000000000000000000000000000000000000000000000000000000000000000000000000000000000000000000000000000000000000000013b77f8e58b820
8445,00000000000000000000000000000000000000000000000000000000000000000000000000000000000000000000000000000000000000000052e90d7d7cb200
8455,0000000000000000000000000000000000000000000000000000000000000000000000000000000000000000000000000000000000000000000d5b1cf239c700
8465,00000000000000000000000000000000000000000000000000000000000000000000000000000000000000000000000000000000000000000026b8964685da20
8475,0000000000000000000000000000000000000000000000000000000000000000000000000000000000000000000000000000000000000000001e61bf4c8742a0
8485,0000000000000000000000000000000000000000000000000000000000000000000000000000000000000000000000000000000000000000001a181de5425420
8495,0000000000000000000000000000000000000000000000000000000000000000000000000000000000000000000000000000000000000000001e71c87cadb7c0
8505,0000000000000000000000000000000000000000000000000000000000000000000000000000000000000000000000000000000000000000001e22c0a9637540
8515,0000000000000000000000000000000000000000000000000000000000000000000000000000000000000000000000000000000000000000001ceae92ab580e0
8525,00000000000000000000000000000000000000000000000000000000000000000000000000000000000000000000000000000000000000000011ffd00496d800
8535,0000000000000000000000000000000000000000000000000000000000000000000000000000000000000000000000000000000000000000004afd17dec09200
8545,0000000000000000000000000000000000000000000000000000000000000000000000000000000000000000000000000000000000000000003bb748176ff7a0
8555,0000000000000000000000000000000000000000000000000000000000000000000000000000000000000000000000000000000000000000002324a666b3ef80
8565,0000000000000000000000000000000000000000000000000000000000000000000000000000000000000000000000000000000000000000002539767407fbe0
8575,00000000000000000000000000000000000000000000000000000000000000000000000000000000000000000000000000000000000000000019fcd4ac055220
8585,0000000000000000000000000000000000000000000000000000000000000000000000000000000000000000000000000000000000000000001a2f5a7762ba40
8595,0000000000000000000000000000000000000000000000000000000000000000000000000000000000000000000000000000000000000000000fdbf19fa8f940
8605,00000000000000000000000000000000000000000000000000000000000000000000000000000000000000000000000000000000000000000012d86d9d60aea0
8615,0000000000000000000000000000000000000000000000000000000000000000000000000000000000000000000000000000000000000000001c608cb4083c80
8625,0000000000000000000000000000000000000000000000000000000000000000000000000000000000000000000000000000000000000000001b85e142c44ae0
8635,0000000000000000000000000000000000000000000000000000000000000000000000000000000000000000000000000000000000000000001256a9089555a0
8645,0000000000000000000000000000000000000000000000000000000000000000000000000000000000000000000000000000000000000000001769c544bce3c0
8655,000000000000000000000000000000000000000000000000000000000000000000000000000000000000000000000000000000000000000000172d520dbbf640
8665,00000000000000000000000000000000000000000000000000000000000000000000000000000000000000000000000000000000000000000018a5df9bbee0e0
8675,0000000000000000000000000000000000000000000000000000000000000000000000000000000000000000000000000000000000000000001e0068abb3e340
8685,0000000000000000000000000000000000000000000000000000000000000000000000000000000000000000000000000000000000000000001312bcb6fcb280
8695,00000000000000000000000000000000000000000000000000000000000000000000000000000000000000000000000000000000000000000024cc9967aca660
8705,00000000000000000000000000000000000000000000000000000000000000000000000000000000000000000000000000000000000000000020052c30442a60
8715,0000000000000000000000000000000000000000000000000000000000000000000000000000000000000000000000000000000000000000001787f907a03580
8725,00000000000000000000000000000000000000000000000000000000000000000000000000000000000000000000000000000000000000000014c411a3a25520
8735,0000000000000000000000000000000000000000000000000000000000000000000000000000000000000000000000000000000000000000002a8f26abb31100
8745,0000000000000000000000000000000000000000000000000000000000000000000000000000000000000000000000000000000000000000000f0f55dead8ca0
8755,000000000000000000000000000000000000000000000000000000000000000000000000000000000000000000000000000000000000000000105da5aa9cd200
8765,0000000000000000000000000000000000000000000000000000000000000000000000000000000000000000000000000000000000000000000eca7d45c74ca0
8775,0000000000000000000000000000000000000000000000000000000000000000000000000000000000000000000000000000000000000000001e8a53a268cd80
8785,00000000000000000000000000000000000000000000000000000000000000000000000000000000000000000000000000000000000000000011414eb8cf8560
8795,000000000000000000000000000000000000000000000000000000000000000000000000000000000000000000000000000000000000000000168712718d4a20
8805,0000000000000000000000000000000000000000000000000000000000000000000000000000000000000000000000000000000000000000002078ae77408ee0
8815,00000000000000000000000000000000000000000000000000000000000000000000000000000000000000000000000000000000000000000019964c0b8b9140
8825,00000000000000000000000000000000000000000000000000000000000000000000000000000000000000000000000000000000000000000026aae8a9e7f460
8835,00000000000000000000000000000000000000000000000000000000000000000000000000000000000000000000000000000000000000000012f55eaf1eab20
8845,0000000000000000000000000000000000000000000000000000000000000000000000000000000000000000000000000000000000000000001218888cc50640
8855,0000000000000000000000000000000000000000000000000000000000000000000000000000000000000000000000000000000000000000000f4d281596d360
8865,000000000000000000000000000000000000000000000000000000000000000000000000000000000000000000000000000000000000000000161baf2a04cee0
8875,0000000000000000000000000000000000000000000000000000000000000000000000000000000000000000000000000000000000000000002049cca1cbbce0
8885,000000000000000000000000000000000000000000000000000000000000000000000000000000000000000000000000000000000000000000164bfe61d72960
8895,00000000000000000000000000000000000000000000000000000000000000000000000000000000000000000000000000000000000000000018064a7f1d37a0
8905,0000000000000000000000000000000000000000000000000000000000000000000000000000000000000000000000000000000000000000001a4ba9f57a5ee0
8915,000000000000000000000000000000000000000000000000000000000000000000000000000000000000000000000000000000000000000000210a7d1ea87520
8925,0000000000000000000000000000000000000000000000000000000000000000000000000000000000000000000000000000000000000000001eed206a856ce0
8935,00000000000000000000000000000000000000000000000000000000000000000000000000000000000000000000000000000000000000000020c9a4de1ab900
8945,00000000000000000000000000000000000000000000000000000000000000000000000000000000000000000000000000000000000000000016c9b980c0c320
8955,0000000000000000000000000000000000000000000000000000000000000000000000000000000000000000000000000000000000000000002390495f7333c0
8965,0000000000000000000000000000000000000000000000000000000000000000000000000000000000000000000000000000000000000000001ab37c50f19920
8975,0000000000000000000000000000000000000000000000000000000000000000000000000000000000000000000000000000000000000000000ca71e2f95c620
8985,00000000000000000000000000000000000000000000000000000000000000000000000000000000000000000000000000000000000000000016f554d66e1540
8995,0000000000000000000000000000000000000000000000000000000000000000000000000000000000000000000000000000000000000000001636f84f909720
9005,0000000000000000000000000000000000000000000000000000000000000000000000000000000000000000000000000000000000000000003a6dee5edc5880
9015,00000000000000000000000000000000000000000000000000000000000000000000000000000000000000000000000000000000000000000015ad65b17342c0
9025,000000000000000000000000000000000000000000000000000000000000000000000000000000000000000000000000000000000000000000280efb1bc25220
9035,000000000000000000000000000000000000000000000000000000000000000000000000000000000000000000000000000000000000000000161854db79b860
9045,000000000000000000000000000000000000000000000000000000000000000000000000000000000000000000000000000000000000000000234de21527bd80
9055,0000000000000000000000000000000000000000000000000000000000000000000000000000000000000000000000000000000000000000000d3426feb27760
9065,0000000000000000000000000000000000000000000000000000000000000000000000000000000000000000000000000000000000000000001927aa89275640
9075,0000000000000000000000000000000000000000000000000000000000000000000000000000000000000000000000000000000000000000000ed3aa9dc68840
9085,00000000000000000000000000000000000000000000000000000000000000000000000000000000000000000000000000000000000000000017056672e2be00
9095,0000000000000000000000000000000000000000000000000000000000000000000000000000000000000000000000000000000000000000001d758be64a57e0
9105,0000000000000000000000000000000000000000000000000000000000000000000000000000000000000000000000000000000000000000001aea2d2fb85540
9115,00000000000000000000000000000000000000000000000000000000000000000000000000000000000000000000000000000000000000000029421efd378840
9125,0000000000000000000000000000000000000000000000000000000000000000000000000000000000000000000000000000000000000000002ff938896107c0
9135,00000000000000000000000000000000000000000000000000000000000000000000000000000000000000000000000000000000000000000029001b155b8700
9145,000000000000000000000000000000000000000000000000000000000000000000000000000000000000000000000000000000000000000000236d49c4451480
9155,0000000000000000000000000000000000000000000000000000000000000000000000000000000000000000000000000000000000000000001eef3c6a6109e0
9165,00000000000000000000000000000000000000000000000000000000000000000000000000000000000000000000000000000000000000000012d9f9936d62c0
9175,0000000000000000000000000000000000000000000000000000000000000000000000000000000000000000000000000000000000000000003cc390c06fc240
9185,00000000000000000000000000000000000000000000000000000000000000000000000000000000000000000000000000000000000000000012cdfc143c37a0
9195,000000000000000000000000000000000000000000000000000000000000000000000000000000000000000000000000000000000000000000154301aec5e2e0
9205,0000000000000000000000000000000000000000000000000000000000000000000000000000000000000000000000000000000000000000002f1257a2c84de0
9215,00000000000000000000000000000000000000000000000000000000000000000000000000000000000000000000000000000000000000000018b9cf1a66fd80
9225,0000000000000000000000000000000000000000000000000000000000000000000000000000000000000000000000000000000000000000001aa700c7f04ea0
9235,0000000000000000000000000000000000000000000000000000000000000000000000000000000000000000000000000000000000000000001ff0bf1df348e0
9245,000000000000000000000000000000000000000000000000000000000000000000000000000000000000000000000000000000000000000000330426fc46e920
9255,00000000000000000000000000000000000000000000000000000000000000000000000000000000000000000000000000000000000000000015011b295e0e20
9265,0000000000000000000000000000000000000000000000000000000000000000000000000000000000000000000000000000000000000000003a27dbf7465160
9275,0000000000000000000000000000000000000000000000000000000000000000000000000000000000000000000000000000000000000000001d6c4918252c00
9285,000000000000000000000000000000000000000000000000000000000000000000000000000000000000000000000000000000000000000000187c5b45ed8200
9295,0000000000000000000000000000000000000000000000000000000000000000000000000000000000000000000000000000000000000000001b44385ae227e0
9305,00000000000000000000000000000000000000000000000000000000000000000000000000000000000000000000000000000000000000000023a4c0acd71600
9315,0000000000000000000000000000000000000000000000000000000000000000000000000000000000000000000000000000000000000000001fa21d5e5360a0
9325,000000000000000000000000000000000000000000000000000000000000000000000000000000000000000000000000000000000000000000144173715bcd60
9335,0000000000000000000000000000000000000000000000000000000000000000000000000000000000000000000000000000000000000000003409f4c3405420
9345,000000000000000000000000000000000000000000000000000000000000000000000000000000000000000000000000000000000000000000256c3aabaff420
9355,0000000000000000000000000000000000000000000000000000000000000000000000000000000000000000000000000000000000000000001c61d016689980
9365,000000000000000000000000000000000000000000000000000000000000000000000000000000000000000000000000000000000000000000132dbc2b525e40
9375,0000000000000000000000000000000000000000000000000000000000000000000000000000000000000000000000000000000000000000001bbddbe6611d40
9385,00000000000000000000000000000000000000000000000000000000000000000000000000000000000000000000000000000000000000000016778319fc2900
9395,000000000000000000000000000000000000000000000000000000000000000000000000000000000000000000000000000000000000000000224ddec3f1d080
9405,0000000000000000000000000000000000000000000000000000000000000000000000000000000000000000000000000000000000000000001aa51f20ae4d00
9415,0000000000000000000000000000000000000000000000000000000000000000000000000000000000000000000000000000000000000000001216206f64b1a0
9425,00000000000000000000000000000000000000000000000000000000000000000000000000000000000000000000000000000000000000000017f54f317d3a60
9435,00000000000000000000000000000000000000000000000000000000000000000000000000000000000000000000000000000000000000000019550d0ff11000
9445,0000000000000000000000000000000000000000000000000000000000000000000000000000000000000000000000000000000000000000000aaaa65bb17900
9455,0000000000000000000000000000000000000000000000000000000000000000000000000000000000000000000000000000000000000000001a8ccaa251fea0
9465,0000000000000000000000000000000000000000000000000000000000000000000000000000000000000000000000000000000000000000002b80b21193cdc0
9475,000000000000000000000000000000000000000000000000000000000000000000000000000000000000000000000000000000000000000000385e3a51302920
9485,0000000000000000000000000000000000000000000000000000000000000000000000000000000000000000000000000000000000000000002388ab389425c0
9495,0000000000000000000000000000000000000000000000000000000000000000000000000000000000000000000000000000000000000000003288f4bfa7bd80
9505,0000000000000000000000000000000000000000000000000000000000000000000000000000000000000000000000000000000000000000001542bf2eca5e00
9515,0000000000000000000000000000000000000000000000000000000000000000000000000000000000000000000000000000000000000000001041470523bca0
9525,00000000000000000000000000000000000000000000000000000000000000000000000000000000000000000000000000000000000000000026e9767475d280
9535,00000000000000000000000000000000000000000000000000000000000000000000000000000000000000000000000000000000000000000010ff0682333220
9545,00000000000000000000000000000000000000000000000000000000000000000000000000000000000000000000000000000000000000000014b59cf3609e60
9555,000000000000000000000000000000000000000000000000000000000000000000000000000000000000000000000000000000000000000000272def0d628a80
9565,00000000000000000000000000000000000000000000000000000000000000000000000000000000000000000000000000000000000000000018fb5aa9ad90e0
9575,00000000000000000000000000000000000000000000000000000000000000000000000000000000000000000000000000000000000000000027c59e34651020
9585,000000000000000000000000000000000000000000000000000000000000000000000000000000000000000000000000000000000000000000156764f13e8140
9595,00000000000000000000000000000000000000000000000000000000000000000000000000000000000000000000000000000000000000000023b112985155c0
9605,000000000000000000000000000000000000000000000000000000000000000000000000000000000000000000000000000000000000000000208b5389b02a60
9615,0000000000000000000000000000000000000000000000000000000000000000000000000000000000000000000000000000000000000000002f2f47dbe8cf20
9625,0000000000000000000000000000000000000000000000000000000000000000000000000000000000000000000000000000000000000000001416117e20c4c0
9635,00000000000000000000000000000000000000000000000000000000000000000000000000000000000000000000000000000000000000000015b2d37fda88e0
9645,0000000000000000000000000000000000000000000000000000000000000000000000000000000000000000000000000000000000000000001b079790331180
9655,0000000000000000000000000000000000000000000000000000000000000000000000000000000000000000000000000000000000000000001088783b6b5ca0
9665,0000000000000000000000000000000000000000000000000000000000000000000000000000000000000000000000000000000000000000000e565ed772f7a0
9675,00000000000000000000000000000000000000000000000000000000000000000000000000000000000000000000000000000000000000000019ac7c62aa5920
9685,0000000000000000000000000000000000000000000000000000000000000000000000000000000000000000000000000000000000000000001708c5f2a88ea0
9695,0000000000000000000000000000000000000000000000000000000000000000000000000000000000000000000000000000000000000000000e95a8846a5420
9705,000000000000000000000000000000000000000000000000000000000000000000000000000000000000000000000000000000000000000000336f81a6462060
9715,0000000000000000000000000000000000000000000000000000000000000000000000000000000000000000000000000000000000000000001d10db0a9d1bc0
9725,000000000000000000000000000000000000000000000000000000000000000000000000000000000000000000000000000000000000000000252b0c4d9e2ce0
9735,0000000000000000000000000000000000000000000000000000000000000000000000000000000000000000000000000000000000000000000e72f6d585b9a0
9745,00000000000000000000000000000000000000000000000000000000000000000000000000000000000000000000000000000000000000000054ec7a15d54fa0
9755,0000000000000000000000000000000000000000000000000000000000000000000000000000000000000000000000000000000000000000007bb70c64fd8ba0
9765,00000000000000000000000000000000000000000000000000000000000000000000000000000000000000000000000000000000000000000017494a15b21d20
9775,0000000000000000000000000000000000000000000000000000000000000000000000000000000000000000000000000000000000000000000caa50430fe160
9785,00000000000000000000000000000000000000000000000000000000000000000000000000000000000000000000000000000000000000000018b64fc205c860
9795,000000000000000000000000000000000000000000000000000000000000000000000000000000000000000000000000000000000000000000142696a4664200
9805,0000000000000000000000000000000000000000000000000000000000000000000000000000000000000000000000000000000000000000001d1423b1c6eca0
9815,0000000000000000000000000000000000000000000000000000000000000000000000000000000000000000000000000000000000000000002b2916701894a0
9825,0000000000000000000000000000000000000000000000000000000000000000000000000000000000000000000000000000000000000000001c60225b71dd20
9835,00000000000000000000000000000000000000000000000000000000000000000000000000000000000000000000000000000000000000000014fbc5c743e7a0
9845,00000000000000000000000000000000000000000000000000000000000000000000000000000000000000000000000000000000000000000024fd9d8bc194e0
9855,0000000000000000000000000000000000000000000000000000000000000000000000000000000000000000000000000000000000000000001df90467471620
9865,0000000000000000000000000000000000000000000000000000000000000000000000000000000000000000000000000000000000000000004181bf64c67aa0
9875,000000000000000000000000000000000000000000000000000000000000000000000000000000000000000000000000000000000000000000201e777d54c3a0
9885,0000000000000000000000000000000000000000000000000000000000000000000000000000000000000000000000000000000000000000001248b73ac0f480
9895,000000000000000000000000000000000000000000000000000000000000000000000000000000000000000000000000000000000000000000453ff272fa71e0
9905,0000000000000000000000000000000000000000000000000000000000000000000000000000000000000000000000000000000000000000000d1aca455445c0
9915,0000000000000000000000000000000000000000000000000000000000000000000000000000000000000000000000000000000000000000001d00b464514060
9925,00000000000000000000000000000000000000000000000000000000000000000000000000000000000000000000000000000000000000000020dc6249263a60
9935,0000000000000000000000000000000000000000000000000000000000000000000000000000000000000000000000000000000000000000001cec833e4b1a20
9945,00000000000000000000000000000000000000000000000000000000000000000000000000000000000000000000000000000000000000000010ec2b5c160060
9955,0000000000000000000000000000000000000000000000000000000000000000000000000000000000000000000000000000000000000000001962b3d3f1e200
9965,00000000000000000000000000000000000000000000000000000000000000000000000000000000000000000000000000000000000000000022ffee9a6865e0
9975,0000000000000000000000000000000000000000000000000000000000000000000000000000000000000000000000000000000000000000001b7a0e6af2b620
9985,0000000000000000000000000000000000000000000000000000000000000000000000000000000000000000000000000000000000000000001c6d971f760da0
9995,000000000000000000000000000000000000000000000000000000000000000000000000000000000000000000000000000000000000000000174e023cc32aa0
10005,0000000000000000000000000000000000000000000000000000000000000000000000000000000000000000000000000000000000000000001bfff17f770100
10015,000000000000000000000000000000000000000000000000000000000000000000000000000000000000000000000000000000000000000000213fc5389b31c0
10025,0000000000000000000000000000000000000000000000000000000000000000000000000000000000000000000000000000000000000000001de295def16b60
10035,00000000000000000000000000000000000000000000000000000000000000000000000000000000000000000000000000000000000000000040580cc79ab160
10045,0000000000000000000000000000000000000000000000000000000000000000000000000000000000000000000000000000000000000000001c01936ba99cc0
10055,0000000000000000000000000000000000000000000000000000000000000000000000000000000000000000000000000000000000000000002150314b312480
10065,000000000000000000000000000000000000000000000000000000000000000000000000000000000000000000000000000000000000000000161ffe511cefa0
10075,00000000000000000000000000000000000000000000000000000000000000000000000000000000000000000000000000000000000000000015db23fd231c40
10085,000000000000000000000000000000000000000000000000000000000000000000000000000000000000000000000000000000000000000000351b18d83b1aa0
10095,0000000000000000000000000000000000000000000000000000000000000000000000000000000000000000000000000000000000000000000ff6696ca552e0
10105,0000000000000000000000000000000000000000000000000000000000000000000000000000000000000000000000000000000000000000002222a6d0b3f360
10115,0000000000000000000000000000000000000000000000000000000000000000000000000000000000000000000000000000000000000000000f9a1d9a3fe560
10125,000000000000000000000000000000000000000000000000000000000000000000000000000000000000000000000000000000000000000000276bf957f94500
10135,000000000000000000000000000000000000000000000000000000000000000000000000000000000000000000000000000000000000000000314f7ecaee5420
10145,00000000000000000000000000000000000000000000000000000000000000000000000000000000000000000000000000000000000000000024033c57b45400
10155,00000000000000000000000000000000000000000000000000000000000000000000000000000000000000000000000000000000000000000013473d472443a0
10165,00000000000000000000000000000000000000000000000000000000000000000000000000000000000000000000000000000000000000000027b8d30406ad80
10175,00000000000000000000000000000000000000000000000000000000000000000000000000000000000000000000000000000000000000000023a82a7b612120
10185,000000000000000000000000000000000000000000000000000000000000000000000000000000000000000000000000000000000000000000153ef91b5a3bc0
10195,0000000000000000000000000000000000000000000000000000000000000000000000000000000000000000000000000000000000000000001933cec3699680
10205,0000000000000000000000000000000000000000000000000000000000000000000000000000000000000000000000000000000000000000002555db1980a9c0
10215,000000000000000000000000000000000000000000000000000000000000000000000000000000000000000000000000000000000000000000199c2528b088a0
10225,000000000000000000000000000000000000000000000000000000000000000000000000000000000000000000000000000000000000000000291fde1d104020
10235,0000000000000000000000000000000000000000000000000000000000000000000000000000000000000000000000000000000000000000002818d0d62c5c80
10245,00000000000000000000000000000000000000000000000000000000000000000000000000000000000000000000000000000000000000000015a0d6b24be580
10255,00000000000000000000000000000000000000000000000000000000000000000000000000000000000000000000000000000000000000000016b422e4ab50a0
10265,0000000000000000000000000000000000000000000000000000000000000000000000000000000000000000000000000000000000000000003ce1d9c83df3e0
10275,0000000000000000000000000000000000000000000000000000000000000000000000000000000000000000000000000000000000000000003cf3b3bd316680
10285,0000000000000000000000000000000000000000000000000000000000000000000000000000000000000000000000000000000000000000004a74d1b6b43920
10295,000000000000000000000000000000000000000000000000000000000000000000000000000000000000000000000000000000000000000000226dbb692ea860
10305,0000000000000000000000000000000000000000000000000000000000000000000000000000000000000000000000000000000000000000002abfb5f7325540
10315,0000000000000000000000000000000000000000000000000000000000000000000000000000000000000000000000000000000000000000001a9cf58d89df20
10325,00000000000000000000000000000000000000000000000000000000000000000000000000000000000000000000000000000000000000000011aaf2769d8b20
10335,00000000000000000000000000000000000000000000000000000000000000000000000000000000000000000000000000000000000000000024d14a49d1e280
10345,00000000000000000000000000000000000000000000000000000000000000000000000000000000000000000000000000000000000000000026134bbdf7e580
10355,00000000000000000000000000000000000000000000000000000000000000000000000000000000000000000000000000000000000000000016104e0d3f4180
10365,000000000000000000000000000000000000000000000000000000000000000000000000000000000000000000000000000000000000000000270a8d686268e0
10375,0000000000000000000000000000000000000000000000000000000000000000000000000000000000000000000000000000000000000000000dfe56224ddd00
10385,0000000000000000000000000000000000000000000000000000000000000000000000000000000000000000000000000000000000000000001aad68515a7220
10395,0000000000000000000000000000000000000000000000000000000000000000000000000000000000000000000000000000000000000000002816c111639dc0
10405,00000000000000000000000000000000000000000000000000000000000000000000000000000000000000000000000000000000000000000036fd705f1d28c0
10415,00000000000000000000000000000000000000000000000000000000000000000000000000000000000000000000000000000000000000000019d8445fb71f20
10425,000000000000000000000000000000000000000000000000000000000000000000000000000000000000000000000000000000000000000000177f13eaafcd20
10435,00000000000000000000000000000000000000000000000000000000000000000000000000000000000000000000000000000000000000000018b8ce86c70c60
10445,00000000000000000000000000000000000000000000000000000000000000000000000000000000000000000000000000000000000000000035969d6d7243a0
10455,00000000000000000000000000000000000000000000000000000000000000000000000000000000000000000000000000000000000000000020b2351ac2b240
10465,00000000000000000000000000000000000000000000000000000000000000000000000000000000000000000000000000000000000000000024d8018e4a57e0
10475,00000000000000000000000000000000000000000000000000000000000000000000000000000000000000000000000000000000000000000017d77aee937940
10485,00000000000000000000000000000000000000000000000000000000000000000000000000000000000000000000000000000000000000000020352840b9a920
10495,00000000000000000000000000000000000000000000000000000000000000000000000000000000000000000000000000000000000000000024bf93cb036ea0
10505,0000000000000000000000000000000000000000000000000000000000000000000000000000000000000000000000000000000000000000003842cedce1c460
10515,00000000000000000000000000000000000000000000000000000000000000000000000000000000000000000000000000000000000000000016912ef0dede80
10525,000000000000000000000000000000000000000000000000000000000000000000000000000000000000000000000000000000000000000000277ef7e08a3bc0
10535,00000000000000000000000000000000000000000000000000000000000000000000000000000000000000000000000000000000000000000036f45255e1d160
10545,00000000000000000000000000000000000000000000000000000000000000000000000000000000000000000000000000000000000000000012b30b64d1dbe0
10555,0000000000000000000000000000000000000000000000000000000000000000000000000000000000000000000000000000000000000000000a09e3ab72e6e0
10565,0000000000000000000000000000000000000000000000000000000000000000000000000000000000000000000000000000000000000000002c0b15d7058060
10575,00000000000000000000000000000000000000000000000000000000000000000000000000000000000000000000000000000000000000000023d5d9d0ea9a40
10585,0000000000000000000000000000000000000000000000000000000000000000000000000000000000000000000000000000000000000000003cd171b5a7bc20
10595,00000000000000000000000000000000000000000000000000000000000000000000000000000000000000000000000000000000000000000035066eed50c8e0
10605,0000000000000000000000000000000000000000000000000000000000000000000000000000000000000000000000000000000000000000006bbeeadaec0820
10615,0000000000000000000000000000000000000000000000000000000000000000000000000000000000000000000000000000000000000000000d803faacce120