Zeit (ns),Daten (Hex)
1345,0000000000000000000000000000000000000000000000000000000000000000000000000000000000000000000000000000000000000000004d291cfe3585e0
1355,000000000000000000000000000000000000000000000000000000000000000000000000000000000000000000000000000000000000000000d927ee543596e0
1365,000000000000000000000000000000000000000000000000000000000000000000000000000000000000000000000000000000000000000000f7350f75356ea0
1375,00000000000000000000000000000000000000000000000000000000000000000000000000000000000000000000000000000000000000000013d0dd967bbf80
1385,00000000000000000000000000000000000000000000000000000000000000000000000000000000000000000000000000000000000000000067286eeefc35e0
1395,0000000000000000000000000000000000000000000000000000000000000000000000000000000000000000000000000000000000000000001d46812e621fc0
1405,000000000000000000000000000000000000000000000000000000000000000000000000000000000000000000000000000000000000000000250932d9beb1a0
1415,000000000000000000000000000000000000000000000000000000000000000000000000000000000000000000000000000000000000000001362cf1f214d3c0
1425,00000000000000000000000000000000000000000000000000000000000000000000000000000000000000000000000000000000000000000018a7fe56ae0000
1435,0000000000000000000000000000000000000000000000000000000000000000000000000000000000000000000000000000000000000000001479353c5eea80
1445,00000000000000000000000000000000000000000000000000000000000000000000000000000000000000000000000000000000000000000011da096998a180
1455,0000000000000000000000000000000000000000000000000000000000000000000000000000000000000000000000000000000000000000011faaa713e65200
1465,00000000000000000000000000000000000000000000000000000000000000000000000000000000000000000000000000000000000000000118e47ef50f52e0
1475,0000000000000000000000000000000000000000000000000000000000000000000000000000000000000000000000000000000000000000011546cb3d4850c0
1485,0000000000000000000000000000000000000000000000000000000000000000000000000000000000000000000000000000000000000000005ac4da9376efc0
1495,000000000000000000000000000000000000000000000000000000000000000000000000000000000000000000000000000000000000000000d3c1069db37f20
1505,0000000000000000000000000000000000000000000000000000000000000000000000000000000000000000000000000000000000000000001f9135c1ed2360
1515,000000000000000000000000000000000000000000000000000000000000000000000000000000000000000000000000000000000000000000f6529749645760
1525,000000000000000000000000000000000000000000000000000000000000000000000000000000000000000000000000000000000000000000297d8496c0c800
1535,0000000000000000000000000000000000000000000000000000000000000000000000000000000000000000000000000000000000000000001a6fba10962180
1545,00000000000000000000000000000000000000000000000000000000000000000000000000000000000000000000000000000000000000000015d4b7b8a59920
1555,00000000000000000000000000000000000000000000000000000000000000000000000000000000000000000000000000000000000000000013ca1852043ba0
1565,0000000000000000000000000000000000000000000000000000000000000000000000000000000000000000000000000000000000000000012c93cedc92cae0
1575,00000000000000000000000000000000000000000000000000000000000000000000000000000000000000000000000000000000000000000105efc28ad20760
1585,00000000000000000000000000000000000000000000000000000000000000000000000000000000000000000000000000000000000000000011e0a672ff2a20
1595,00000000000000000000000000000000000000000000000000000000000000000000000000000000000000000000000000000000000000000026210895a875c0
1605,00000000000000000000000000000000000000000000000000000000000000000000000000000000000000000000000000000000000000000015cf97254cd000
1615,000000000000000000000000000000000000000000000000000000000000000000000000000000000000000000000000000000000000000001334b663778bc80
1625,00000000000000000000000000000000000000000000000000000000000000000000000000000000000000000000000000000000000000000012f4f7f411e600
1635,0000000000000000000000000000000000000000000000000000000000000000000000000000000000000000000000000000000000000000013090a23f2bfe00
1645,000000000000000000000000000000000000000000000000000000000000000000000000000000000000000000000000000000000000000000188eda137362e0
1655,0000000000000000000000000000000000000000000000000000000000000000000000000000000000000000000000000000000000000000011a25acc1e122c0
1665,00000000000000000000000000000000000000000000000000000000000000000000000000000000000000000000000000000000000000000127e52d41086f20
1675,0000000000000000000000000000000000000000000000000000000000000000000000000000000000000000000000000000000000000000010e6c455ae45460
1685,0000000000000000000000000000000000000000000000000000000000000000000000000000000000000000000000000000000000000000001f4ea377a492e0
1695,0000000000000000000000000000000000000000000000000000000000000000000000000000000000000000000000000000000000000000001c22a4696f3780
1705,00000000000000000000000000000000000000000000000000000000000000000000000000000000000000000000000000000000000000000030f532a9a17fa0
1715,00000000000000000000000000000000000000000000000000000000000000000000000000000000000000000000000000000000000000000012266978246340
1725,0000000000000000000000000000000000000000000000000000000000000000000000000000000000000000000000000000000000000000002ebe456d5ed720
1735,00000000000000000000000000000000000000000000000000000000000000000000000000000000000000000000000000000000000000000017074b1a248be0
1745,000000000000000000000000000000000000000000000000000000000000000000000000000000000000000000000000000000000000000001d144812ff8cc40
1755,0000000000000000000000000000000000000000000000000000000000000000000000000000000000000000000000000000000000000000001bca06794079e0
1765,00000000000000000000000000000000000000000000000000000000000000000000000000000000000000000000000000000000000000000016f53d2f0d3720
1775,000000000000000000000000000000000000000000000000000000000000000000000000000000000000000000000000000000000000000000631a4e79dc3940
1785,000000000000000000000000000000000000000000000000000000000000000000000000000000000000000000000000000000000000000000188077a81cbfc0
1795,0000000000000000000000000000000000000000000000000000000000000000000000000000000000000000000000000000000000000000001803d7d7e4fb40
1805,0000000000000000000000000000000000000000000000000000000000000000000000000000000000000000000000000000000000000000001cb96d72f76600
1815,00000000000000000000000000000000000000000000000000000000000000000000000000000000000000000000000000000000000000000120fb20cbff0920
1825,0000000000000000000000000000000000000000000000000000000000000000000000000000000000000000000000000000000000000000001e26c5d0809280
1835,0000000000000000000000000000000000000000000000000000000000000000000000000000000000000000000000000000000000000000011323bbbac2a8a0
1845,000000000000000000000000000000000000000000000000000000000000000000000000000000000000000000000000000000000000000000103bf7fba6b280
1855,00000000000000000000000000000000000000000000000000000000000000000000000000000000000000000000000000000000000000000055dc6c36e55180
1865,0000000000000000000000000000000000000000000000000000000000000000000000000000000000000000000000000000000000000000011db9deab8737c0
1875,00000000000000000000000000000000000000000000000000000000000000000000000000000000000000000000000000000000000000000019ba3a756e8560
1885,0000000000000000000000000000000000000000000000000000000000000000000000000000000000000000000000000000000000000000006830ff35c605c0
1895,0000000000000000000000000000000000000000000000000000000000000000000000000000000000000000000000000000000000000000011f4173425f8680
1905,00000000000000000000000000000000000000000000000000000000000000000000000000000000000000000000000000000000000000000027849460297020
1915,000000000000000000000000000000000000000000000000000000000000000000000000000000000000000000000000000000000000000000fbb8799d81e4a0
1925,0000000000000000000000000000000000000000000000000000000000000000000000000000000000000000000000000000000000000000009a369d395b0d40
1935,000000000000000000000000000000000000000000000000000000000000000000000000000000000000000000000000000000000000000000346392335dda60
1945,0000000000000000000000000000000000000000000000000000000000000000000000000000000000000000000000000000000000000000010e4f15dcdbc7c0
1955,00000000000000000000000000000000000000000000000000000000000000000000000000000000000000000000000000000000000000000014bade692d57a0
1965,0000000000000000000000000000000000000000000000000000000000000000000000000000000000000000000000000000000000000000000ed098b1acb880
1975,00000000000000000000000000000000000000000000000000000000000000000000000000000000000000000000000000000000000000000010892f62c17b60
1985,00000000000000000000000000000000000000000000000000000000000000000000000000000000000000000000000000000000000000000019bb158910fd60
1995,00000000000000000000000000000000000000000000000000000000000000000000000000000000000000000000000000000000000000000031063346060da0
2005,00000000000000000000000000000000000000000000000000000000000000000000000000000000000000000000000000000000000000000145c71d64f15420
2015,00000000000000000000000000000000000000000000000000000000000000000000000000000000000000000000000000000000000000000016e8f8fea5bbc0
2025,000000000000000000000000000000000000000000000000000000000000000000000000000000000000000000000000000000000000000000196d368477a740
2035,0000000000000000000000000000000000000000000000000000000000000000000000000000000000000000000000000000000000000000003b0e6498f8af20
2045,0000000000000000000000000000000000000000000000000000000000000000000000000000000000000000000000000000000000000000011c7b70d4ad5b00
2055,00000000000000000000000000000000000000000000000000000000000000000000000000000000000000000000000000000000000000000034b2c5ae07a200
2065,0000000000000000000000000000000000000000000000000000000000000000000000000000000000000000000000000000000000000000001bda3f15b281e0
2075,00000000000000000000000000000000000000000000000000000000000000000000000000000000000000000000000000000000000000000020d8d766ed2ec0
2085,000000000000000000000000000000000000000000000000000000000000000000000000000000000000000000000000000000000000000000b392c748d16900
2095,00000000000000000000000000000000000000000000000000000000000000000000000000000000000000000000000000000000000000000034b3ae069583e0
2105,000000000000000000000000000000000000000000000000000000000000000000000000000000000000000000000000000000000000000000f16365c5e4e960
2115,0000000000000000000000000000000000000000000000000000000000000000000000000000000000000000000000000000000000000000003ef9825f398680
2125,0000000000000000000000000000000000000000000000000000000000000000000000000000000000000000000000000000000000000000011d5b59b1e5ae00
2135,000000000000000000000000000000000000000000000000000000000000000000000000000000000000000000000000000000000000000000720f833cc2a880
2145,0000000000000000000000000000000000000000000000000000000000000000000000000000000000000000000000000000000000000000002da900e283de20
2155,00000000000000000000000000000000000000000000000000000000000000000000000000000000000000000000000000000000000000000015bc52755e1d40
2165,000000000000000000000000000000000000000000000000000000000000000000000000000000000000000000000000000000000000000000f40963dd21d600
2175,000000000000000000000000000000000000000000000000000000000000000000000000000000000000000000000000000000000000000000198c6c7884a6e0
2185,00000000000000000000000000000000000000000000000000000000000000000000000000000000000000000000000000000000000000000116f64c47975300
2195,000000000000000000000000000000000000000000000000000000000000000000000000000000000000000000000000000000000000000001083c52d950ade0
2205,0000000000000000000000000000000000000000000000000000000000000000000000000000000000000000000000000000000000000000001dcd0a42db3b20
2215,00000000000000000000000000000000000000000000000000000000000000000000000000000000000000000000000000000000000000000027367bdb93f9e0
2225,0000000000000000000000000000000000000000000000000000000000000000000000000000000000000000000000000000000000000000003572e93e9f1440
2235,00000000000000000000000000000000000000000000000000000000000000000000000000000000000000000000000000000000000000000012c3a8a89f91c0
2245,00000000000000000000000000000000000000000000000000000000000000000000000000000000000000000000000000000000000000000011ba813a7d7b20
2255,0000000000000000000000000000000000000000000000000000000000000000000000000000000000000000000000000000000000000000002bf129ceec0a80
2265,000000000000000000000000000000000000000000000000000000000000000000000000000000000000000000000000000000000000000000f7c382ba6115e0
2275,0000000000000000000000000000000000000000000000000000000000000000000000000000000000000000000000000000000000000000008e966250abff40
2285,0000000000000000000000000000000000000000000000000000000000000000000000000000000000000000000000000000000000000000001752211519a060
2295,0000000000000000000000000000000000000000000000000000000000000000000000000000000000000000000000000000000000000000001994c56e1c0ac0
2305,00000000000000000000000000000000000000000000000000000000000000000000000000000000000000000000000000000000000000000011435a9149c2e0
2315,0000000000000000000000000000000000000000000000000000000000000000000000000000000000000000000000000000000000000000002e693b38061660
2325,0000000000000000000000000000000000000000000000000000000000000000000000000000000000000000000000000000000000000000001ea2932a9f2300
2335,00000000000000000000000000000000000000000000000000000000000000000000000000000000000000000000000000000000000000000029327a9bcf3480
2345,0000000000000000000000000000000000000000000000000000000000000000000000000000000000000000000000000000000000000000000d936dc70bde40
2355,00000000000000000000000000000000000000000000000000000000000000000000000000000000000000000000000000000000000000000114623f2f24e920
2365,000000000000000000000000000000000000000000000000000000000000000000000000000000000000000000000000000000000000000000423387a790a7a0
2375,0000000000000000000000000000000000000000000000000000000000000000000000000000000000000000000000000000000000000000004472e06d1aaea0
2385,0000000000000000000000000000000000000000000000000000000000000000000000000000000000000000000000000000000000000000001604540e0dda00
2395,000000000000000000000000000000000000000000000000000000000000000000000000000000000000000000000000000000000000000000e849e2f68e3f80
2405,00000000000000000000000000000000000000000000000000000000000000000000000000000000000000000000000000000000000000000014a5f14d0c7940
2415,00000000000000000000000000000000000000000000000000000000000000000000000000000000000000000000000000000000000000000018716fd0827d40
2425,0000000000000000000000000000000000000000000000000000000000000000000000000000000000000000000000000000000000000000001968d749af60c0
2435,00000000000000000000000000000000000000000000000000000000000000000000000000000000000000000000000000000000000000000022c0edcfe24780
2445,00000000000000000000000000000000000000000000000000000000000000000000000000000000000000000000000000000000000000000027efb6eca296c0
2455,00000000000000000000000000000000000000000000000000000000000000000000000000000000000000000000000000000000000000000019758ee65dda00
2465,0000000000000000000000000000000000000000000000000000000000000000000000000000000000000000000000000000000000000000010043d1eca804a0
2475,00000000000000000000000000000000000000000000000000000000000000000000000000000000000000000000000000000000000000000084f8ad455169c0
2485,00000000000000000000000000000000000000000000000000000000000000000000000000000000000000000000000000000000000000000043e5706cc9ddc0
2495,00000000000000000000000000000000000000000000000000000000000000000000000000000000000000000000000000000000000000000022675d07265d20
2505,00000000000000000000000000000000000000000000000000000000000000000000000000000000000000000000000000000000000000000010347af24f41e0
2515,0000000000000000000000000000000000000000000000000000000000000000000000000000000000000000000000000000000000000000011b0e0614af4440
2525,00000000000000000000000000000000000000000000000000000000000000000000000000000000000000000000000000000000000000000018f6014793af60
2535,00000000000000000000000000000000000000000000000000000000000000000000000000000000000000000000000000000000000000000014098d7ef8a9c0
2545,000000000000000000000000000000000000000000000000000000000000000000000000000000000000000000000000000000000000000000df474456e7c900
2555,00000000000000000000000000000000000000000000000000000000000000000000000000000000000000000000000000000000000000000010ab88d69856a0
2565,00000000000000000000000000000000000000000000000000000000000000000000000000000000000000000000000000000000000000000098703261d25fe0
2575,00000000000000000000000000000000000000000000000000000000000000000000000000000000000000000000000000000000000000000016866e7b70f400
2585,0000000000000000000000000000000000000000000000000000000000000000000000000000000000000000000000000000000000000000011c490161ebfb40
2595,00000000000000000000000000000000000000000000000000000000000000000000000000000000000000000000000000000000000000000014b3c65fcf18c0
2605,000000000000000000000000000000000000000000000000000000000000000000000000000000000000000000000000000000000000000000184b8a21d523c0
2615,000000000000000000000000000000000000000000000000000000000000000000000000000000000000000000000000000000000000000000db64a819ecd4a0
2625,00000000000000000000000000000000000000000000000000000000000000000000000000000000000000000000000000000000000000000011c45d6135dba0
2635,00000000000000000000000000000000000000000000000000000000000000000000000000000000000000000000000000000000000000000027cb6e518aa2c0
2645,00000000000000000000000000000000000000000000000000000000000000000000000000000000000000000000000000000000000000000050d6af2b122d00
2655,000000000000000000000000000000000000000000000000000000000000000000000000000000000000000000000000000000000000000000277b4db966fcc0
2665,0000000000000000000000000000000000000000000000000000000000000000000000000000000000000000000000000000000000000000012e92e775361180
2675,0000000000000000000000000000000000000000000000000000000000000000000000000000000000000000000000000000000000000000004b50a062f83c40
2685,000000000000000000000000000000000000000000000000000000000000000000000000000000000000000000000000000000000000000000f96f6a13b31fa0
2695,000000000000000000000000000000000000000000000000000000000000000000000000000000000000000000000000000000000000000000fcf65aaf78eee0
2705,00000000000000000000000000000000000000000000000000000000000000000000000000000000000000000000000000000000000000000047d8a063ba8f00
2715,000000000000000000000000000000000000000000000000000000000000000000000000000000000000000000000000000000000000000000118411e58af200
2725,00000000000000000000000000000000000000000000000000000000000000000000000000000000000000000000000000000000000000000011bb0e3a73fae0
2735,000000000000000000000000000000000000000000000000000000000000000000000000000000000000000000000000000000000000000000102b60cb89cee0
2745,00000000000000000000000000000000000000000000000000000000000000000000000000000000000000000000000000000000000000000012ae7c965b8f00
2755,00000000000000000000000000000000000000000000000000000000000000000000000000000000000000000000000000000000000000000017a7957ba64d00
2765,000000000000000000000000000000000000000000000000000000000000000000000000000000000000000000000000000000000000000000ff04fb50e8e860
2775,000000000000000000000000000000000000000000000000000000000000000000000000000000000000000000000000000000000000000000096e5c8e8b4c20
2785,0000000000000000000000000000000000000000000000000000000000000000000000000000000000000000000000000000000000000000001559e6684eaa80
2795,00000000000000000000000000000000000000000000000000000000000000000000000000000000000000000000000000000000000000000015a8369e1b73c0
2805,000000000000000000000000000000000000000000000000000000000000000000000000000000000000000000000000000000000000000001008e2b052f5c00
2815,000000000000000000000000000000000000000000000000000000000000000000000000000000000000000000000000000000000000000000a938085de4f9c0
2825,000000000000000000000000000000000000000000000000000000000000000000000000000000000000000000000000000000000000000000fe623196f4b220
2835,00000000000000000000000000000000000000000000000000000000000000000000000000000000000000000000000000000000000000000104f2c843405c00
2845,0000000000000000000000000000000000000000000000000000000000000000000000000000000000000000000000000000000000000000012a6c13e4364e00
2855,00000000000000000000000000000000000000000000000000000000000000000000000000000000000000000000000000000000000000000100a52be618b420
2865,0000000000000000000000000000000000000000000000000000000000000000000000000000000000000000000000000000000000000000002098cc08c7cbc0
2875,00000000000000000000000000000000000000000000000000000000000000000000000000000000000000000000000000000000000000000056c1eb13bd4900
2885,0000000000000000000000000000000000000000000000000000000000000000000000000000000000000000000000000000000000000000009523fd5fa144e0
2895,0000000000000000000000000000000000000000000000000000000000000000000000000000000000000000000000000000000000000000000c046da6daf100
2905,000000000000000000000000000000000000000000000000000000000000000000000000000000000000000000000000000000000000000000141a2156783d40
2915,0000000000000000000000000000000000000000000000000000000000000000000000000000000000000000000000000000000000000000013849bb08b7f5c0
2925,00000000000000000000000000000000000000000000000000000000000000000000000000000000000000000000000000000000000000000020ec846599c680
2935,0000000000000000000000000000000000000000000000000000000000000000000000000000000000000000000000000000000000000000003a7ebbac7f6f40
2945,00000000000000000000000000000000000000000000000000000000000000000000000000000000000000000000000000000000000000000028c094ad5490e0
2955,0000000000000000000000000000000000000000000000000000000000000000000000000000000000000000000000000000000000000000001b823207f02860
2965,00000000000000000000000000000000000000000000000000000000000000000000000000000000000000000000000000000000000000000016ec1960e5f480
2975,00000000000000000000000000000000000000000000000000000000000000000000000000000000000000000000000000000000000000000010c0e8c17664e0
2985,000000000000000000000000000000000000000000000000000000000000000000000000000000000000000000000000000000000000000000141d829151a140
2995,000000000000000000000000000000000000000000000000000000000000000000000000000000000000000000000000000000000000000001a7f7e5e4b13800
3005,0000000000000000000000000000000000000000000000000000000000000000000000000000000000000000000000000000000000000000001344981fef6e60
3015,0000000000000000000000000000000000000000000000000000000000000000000000000000000000000000000000000000000000000000015b8b52f7513c40
3025,00000000000000000000000000000000000000000000000000000000000000000000000000000000000000000000000000000000000000000012696e875186c0
3035,000000000000000000000000000000000000000000000000000000000000000000000000000000000000000000000000000000000000000000275a45592aa600
3045,00000000000000000000000000000000000000000000000000000000000000000000000000000000000000000000000000000000000000000027e3179eb76680
3055,000000000000000000000000000000000000000000000000000000000000000000000000000000000000000000000000000000000000000000e0a4ac530dc0c0
3065,000000000000000000000000000000000000000000000000000000000000000000000000000000000000000000000000000000000000000000f18388d76bc760
3075,00000000000000000000000000000000000000000000000000000000000000000000000000000000000000000000000000000000000000000049c1d8118878a0
3085,000000000000000000000000000000000000000000000000000000000000000000000000000000000000000000000000000000000000000001273e06875f7d20
3095,0000000000000000000000000000000000000000000000000000000000000000000000000000000000000000000000000000000000000000001109db4664aaa0
3105,000000000000000000000000000000000000000000000000000000000000000000000000000000000000000000000000000000000000000000ed635514beab80
3115,0000000000000000000000000000000000000000000000000000000000000000000000000000000000000000000000000000000000000000010e2fe49a098ae0
3125,0000000000000000000000000000000000000000000000000000000000000000000000000000000000000000000000000000000000000000013629635ea0f420
3135,0000000000000000000000000000000000000000000000000000000000000000000000000000000000000000000000000000000000000000001cc38785fa5f40
3145,000000000000000000000000000000000000000000000000000000000000000000000000000000000000000000000000000000000000000000f76dae7b3d54c0
3155,00000000000000000000000000000000000000000000000000000000000000000000000000000000000000000000000000000000000000000025a05dcf8f0be0
3165,0000000000000000000000000000000000000000000000000000000000000000000000000000000000000000000000000000000000000000001cb305dfb4a5a0
3175,0000000000000000000000000000000000000000000000000000000000000000000000000000000000000000000000000000000000000000001b365a65a9fa40
3185,0000000000000000000000000000000000000000000000000000000000000000000000000000000000000000000000000000000000000000011c134e51d91140
3195,0000000000000000000000000000000000000000000000000000000000000000000000000000000000000000000000000000000000000000011302daf80d7f20
3205,0000000000000000000000000000000000000000000000000000000000000000000000000000000000000000000000000000000000000000001e0672979a7d00
3215,0000000000000000000000000000000000000000000000000000000000000000000000000000000000000000000000000000000000000000010d99bafcc56340
3225,000000000000000000000000000000000000000000000000000000000000000000000000000000000000000000000000000000000000000000bddd063eb31520
3235,000000000000000000000000000000000000000000000000000000000000000000000000000000000000000000000000000000000000000000384eb9d23b91c0
3245,00000000000000000000000000000000000000000000000000000000000000000000000000000000000000000000000000000000000000000093316a1ec38be0
3255,0000000000000000000000000000000000000000000000000000000000000000000000000000000000000000000000000000000000000000001310da8fbab980
3265,00000000000000000000000000000000000000000000000000000000000000000000000000000000000000000000000000000000000000000028e7d0aaafc5e0
3275,0000000000000000000000000000000000000000000000000000000000000000000000000000000000000000000000000000000000000000008c4284e5217260
3285,000000000000000000000000000000000000000000000000000000000000000000000000000000000000000000000000000000000000000000206dc8f7fc85c0
3295,0000000000000000000000000000000000000000000000000000000000000000000000000000000000000000000000000000000000000000011b8ed495d9f700
3305,0000000000000000000000000000000000000000000000000000000000000000000000000000000000000000000000000000000000000000000b7a117ef293a0
3315,000000000000000000000000000000000000000000000000000000000000000000000000000000000000000000000000000000000000000000e2d827f201f880
3325,000000000000000000000000000000000000000000000000000000000000000000000000000000000000000000000000000000000000000001196cd67f90a740
3335,0000000000000000000000000000000000000000000000000000000000000000000000000000000000000000000000000000000000000000012103becb6a63a0
3345,00000000000000000000000000000000000000000000000000000000000000000000000000000000000000000000000000000000000000000122cbb5719d51a0
3355,000000000000000000000000000000000000000000000000000000000000000000000000000000000000000000000000000000000000000000421255a9cd4620
3365,000000000000000000000000000000000000000000000000000000000000000000000000000000000000000000000000000000000000000000367c6c7b7fe780
3375,000000000000000000000000000000000000000000000000000000000000000000000000000000000000000000000000000000000000000000ffe8c9f2ca4ea0
3385,00000000000000000000000000000000000000000000000000000000000000000000000000000000000000000000000000000000000000000019b4ff6bf02240
3395,0000000000000000000000000000000000000000000000000000000000000000000000000000000000000000000000000000000000000000012eb37e37f03780
3405,000000000000000000000000000000000000000000000000000000000000000000000000000000000000000000000000000000000000000000347ad9592ec520
3415,00000000000000000000000000000000000000000000000000000000000000000000000000000000000000000000000000000000000000000160c3bb75e1b580
3425,0000000000000000000000000000000000000000000000000000000000000000000000000000000000000000000000000000000000000000001014a860c2f740
3435,0000000000000000000000000000000000000000000000000000000000000000000000000000000000000000000000000000000000000000010e6be7b3882dc0
3445,0000000000000000000000000000000000000000000000000000000000000000000000000000000000000000000000000000000000000000001b6cbf7f8982a0
3455,000000000000000000000000000000000000000000000000000000000000000000000000000000000000000000000000000000000000000000217f08831cd500
3465,0000000000000000000000000000000000000000000000000000000000000000000000000000000000000000000000000000000000000000011f6aac3f986f40
3475,0000000000000000000000000000000000000000000000000000000000000000000000000000000000000000000000000000000000000000003678fb36cefaa0
3485,00000000000000000000000000000000000000000000000000000000000000000000000000000000000000000000000000000000000000000069828a63f3b220
3495,0000000000000000000000000000000000000000000000000000000000000000000000000000000000000000000000000000000000000000002f8aff4be214e0
3505,000000000000000000000000000000000000000000000000000000000000000000000000000000000000000000000000000000000000000000228b817105adc0
3515,0000000000000000000000000000000000000000000000000000000000000000000000000000000000000000000000000000000000000000010e127608540340
3525,000000000000000000000000000000000000000000000000000000000000000000000000000000000000000000000000000000000000000000170eaa4ae07580
3535,000000000000000000000000000000000000000000000000000000000000000000000000000000000000000000000000000000000000000000158a9c3da3f380
3545,0000000000000000000000000000000000000000000000000000000000000000000000000000000000000000000000000000000000000000011b6646dd81d2a0
3555,00000000000000000000000000000000000000000000000000000000000000000000000000000000000000000000000000000000000000000020b2b84bf4eee0
3565,000000000000000000000000000000000000000000000000000000000000000000000000000000000000000000000000000000000000000000204a4a4925bb80
3575,0000000000000000000000000000000000000000000000000000000000000000000000000000000000000000000000000000000000000000001dbf8230136b60
3585,000000000000000000000000000000000000000000000000000000000000000000000000000000000000000000000000000000000000000001162f917c5de040
3595,0000000000000000000000000000000000000000000000000000000000000000000000000000000000000000000000000000000000000000001820c755f1d7e0
3605,00000000000000000000000000000000000000000000000000000000000000000000000000000000000000000000000000000000000000000012b5dbc71778a0
3615,000000000000000000000000000000000000000000000000000000000000000000000000000000000000000000000000000000000000000000fff7308f5bbd20
3625,0000000000000000000000000000000000000000000000000000000000000000000000000000000000000000000000000000000000000000003f22dc5c703600
3635,000000000000000000000000000000000000000000000000000000000000000000000000000000000000000000000000000000000000000001376dab6650f0c0
3645,00000000000000000000000000000000000000000000000000000000000000000000000000000000000000000000000000000000000000000011e50523eedc60
3655,000000000000000000000000000000000000000000000000000000000000000000000000000000000000000000000000000000000000000000122de7152d0500
3665,0000000000000000000000000000000000000000000000000000000000000000000000000000000000000000000000000000000000000000010d1f2c7b2ee080
3675,00000000000000000000000000000000000000000000000000000000000000000000000000000000000000000000000000000000000000000024f477eed58520
3685,00000000000000000000000000000000000000000000000000000000000000000000000000000000000000000000000000000000000000000047e0024f89fac0
3695,000000000000000000000000000000000000000000000000000000000000000000000000000000000000000000000000000000000000000000574f4a6cacc300
3705,000000000000000000000000000000000000000000000000000000000000000000000000000000000000000000000000000000000000000000f1ec42e40e78a0
3715,00000000000000000000000000000000000000000000000000000000000000000000000000000000000000000000000000000000000000000016019a21ee1c40
3725,00000000000000000000000000000000000000000000000000000000000000000000000000000000000000000000000000000000000000000025ce01602d0140
3735,0000000000000000000000000000000000000000000000000000000000000000000000000000000000000000000000000000000000000000011efd02ee5e8ea0
3745,00000000000000000000000000000000000000000000000000000000000000000000000000000000000000000000000000000000000000000018111e9213a860
3755,0000000000000000000000000000000000000000000000000000000000000000000000000000000000000000000000000000000000000000003c70ffa87630e0
3765,00000000000000000000000000000000000000000000000000000000000000000000000000000000000000000000000000000000000000000012dacd9d37b6a0
3775,000000000000000000000000000000000000000000000000000000000000000000000000000000000000000000000000000000000000000000164532c4c28920
3785,000000000000000000000000000000000000000000000000000000000000000000000000000000000000000000000000000000000000000000207b7fa84b0a00
3795,000000000000000000000000000000000000000000000000000000000000000000000000000000000000000000000000000000000000000000503868e6f77d80
3805,0000000000000000000000000000000000000000000000000000000000000000000000000000000000000000000000000000000000000000002b1265d41622a0
3815,0000000000000000000000000000000000000000000000000000000000000000000000000000000000000000000000000000000000000000013e4566d2bdaf20
3825,000000000000000000000000000000000000000000000000000000000000000000000000000000000000000000000000000000000000000000de6d0eb460d380
3835,000000000000000000000000000000000000000000000000000000000000000000000000000000000000000000000000000000000000000000135134f7b366a0
3845,000000000000000000000000000000000000000000000000000000000000000000000000000000000000000000000000000000000000000001179f06cfe9fba0
3855,00000000000000000000000000000000000000000000000000000000000000000000000000000000000000000000000000000000000000000012118d5c025fa0
3865,00000000000000000000000000000000000000000000000000000000000000000000000000000000000000000000000000000000000000000199b85bc6c81c00
3875,0000000000000000000000000000000000000000000000000000000000000000000000000000000000000000000000000000000000000000012dd39a0bf2a740
3885,00000000000000000000000000000000000000000000000000000000000000000000000000000000000000000000000000000000000000000022a27fdbc7cde0
3895,000000000000000000000000000000000000000000000000000000000000000000000000000000000000000000000000000000000000000000f96f504ec88d60
3905,000000000000000000000000000000000000000000000000000000000000000000000000000000000000000000000000000000000000000000d85fbe6b8b6fc0
3915,0000000000000000000000000000000000000000000000000000000000000000000000000000000000000000000000000000000000000000008fb3be29c05280
3925,000000000000000000000000000000000000000000000000000000000000000000000000000000000000000000000000000000000000000000872ea015562d20
3935,0000000000000000000000000000000000000000000000000000000000000000000000000000000000000000000000000000000000000000006d06b6d886c2e0
3945,0000000000000000000000000000000000000000000000000000000000000000000000000000000000000000000000000000000000000000002ea269db8e27c0
3955,0000000000000000000000000000000000000000000000000000000000000000000000000000000000000000000000000000000000000000000e59e1d73663e0
3965,000000000000000000000000000000000000000000000000000000000000000000000000000000000000000000000000000000000000000001020d0126771dc0
3975,0000000000000000000000000000000000000000000000000000000000000000000000000000000000000000000000000000000000000000001a4955a6dda0e0
3985,000000000000000000000000000000000000000000000000000000000000000000000000000000000000000000000000000000000000000000263386ed06fc20
3995,000000000000000000000000000000000000000000000000000000000000000000000000000000000000000000000000000000000000000000623eb7a631fca0
4005,000000000000000000000000000000000000000000000000000000000000000000000000000000000000000000000000000000000000000000120c61e6342ae0
4015,0000000000000000000000000000000000000000000000000000000000000000000000000000000000000000000000000000000000000000002b18e80eb98d60
4025,000000000000000000000000000000000000000000000000000000000000000000000000000000000000000000000000000000000000000000ef901bbdff3260
4035,0000000000000000000000000000000000000000000000000000000000000000000000000000000000000000000000000000000000000000000eb055b3d93c40
4045,00000000000000000000000000000000000000000000000000000000000000000000000000000000000000000000000000000000000000000015acf6d8dd3100
4055,00000000000000000000000000000000000000000000000000000000000000000000000000000000000000000000000000000000000000000018245206efd320
4065,00000000000000000000000000000000000000000000000000000000000000000000000000000000000000000000000000000000000000000024084e4d8440a0
4075,0000000000000000000000000000000000000000000000000000000000000000000000000000000000000000000000000000000000000000001b9b65fc64ca80
4085,0000000000000000000000000000000000000000000000000000000000000000000000000000000000000000000000000000000000000000002473370b3c6020
4095,0000000000000000000000000000000000000000000000000000000000000000000000000000000000000000000000000000000000000000000d29c193170800
4105,0000000000000000000000000000000000000000000000000000000000000000000000000000000000000000000000000000000000000000002f1123ca3f8260
4115,000000000000000000000000000000000000000000000000000000000000000000000000000000000000000000000000000000000000000000102fff68c3f760
4125,000000000000000000000000000000000000000000000000000000000000000000000000000000000000000000000000000000000000000000111bc0e2b9ca60
4135,00000000000000000000000000000000000000000000000000000000000000000000000000000000000000000000000000000000000000000039ccbf5fe02660
4145,0000000000000000000000000000000000000000000000000000000000000000000000000000000000000000000000000000000000000000001e92b5709d22a0
4155,0000000000000000000000000000000000000000000000000000000000000000000000000000000000000000000000000000000000000000010962aa0a679b40
4165,000000000000000000000000000000000000000000000000000000000000000000000000000000000000000000000000000000000000000000fd2c113f8b9c80
4175,000000000000000000000000000000000000000000000000000000000000000000000000000000000000000000000000000000000000000000139bb81037e980
4185,00000000000000000000000000000000000000000000000000000000000000000000000000000000000000000000000000000000000000000012b7c864801fa0
4195,00000000000000000000000000000000000000000000000000000000000000000000000000000000000000000000000000000000000000000025d018876b6800
4205,0000000000000000000000000000000000000000000000000000000000000000000000000000000000000000000000000000000000000000001545fb4243ccc0
4215,0000000000000000000000000000000000000000000000000000000000000000000000000000000000000000000000000000000000000000004c7d5aec3e81c0
4225,00000000000000000000000000000000000000000000000000000000000000000000000000000000000000000000000000000000000000000058ea0164b12800
4235,000000000000000000000000000000000000000000000000000000000000000000000000000000000000000000000000000000000000000000f1398cf0193c20
4245,00000000000000000000000000000000000000000000000000000000000000000000000000000000000000000000000000000000000000000012f0578812f060
4255,00000000000000000000000000000000000000000000000000000000000000000000000000000000000000000000000000000000000000000017ba36e6b3b160
4265,000000000000000000000000000000000000000000000000000000000000000000000000000000000000000000000000000000000000000001084d7da6ed77c0
4275,000000000000000000000000000000000000000000000000000000000000000000000000000000000000000000000000000000000000000000147086c6cd4980
4285,000000000000000000000000000000000000000000000000000000000000000000000000000000000000000000000000000000000000000000470f45fb248500
4295,0000000000000000000000000000000000000000000000000000000000000000000000000000000000000000000000000000000000000000002b4d25f7832620
4305,000000000000000000000000000000000000000000000000000000000000000000000000000000000000000000000000000000000000000001c6d853814cc500
4315,000000000000000000000000000000000000000000000000000000000000000000000000000000000000000000000000000000000000000000172fe683b6d7c0
4325,00000000000000000000000000000000000000000000000000000000000000000000000000000000000000000000000000000000000000000044feb34ffd7d20
4335,000000000000000000000000000000000000000000000000000000000000000000000000000000000000000000000000000000000000000000158552d1b06120
4345,00000000000000000000000000000000000000000000000000000000000000000000000000000000000000000000000000000000000000000028c3005e65e2e0
4355,0000000000000000000000000000000000000000000000000000000000000000000000000000000000000000000000000000000000000000003e9223b4f59440
4365,00000000000000000000000000000000000000000000000000000000000000000000000000000000000000000000000000000000000000000082d588f4083c40
4375,00000000000000000000000000000000000000000000000000000000000000000000000000000000000000000000000000000000000000000154b754e3418580
4385,00000000000000000000000000000000000000000000000000000000000000000000000000000000000000000000000000000000000000000014a60bc3321340
4395,00000000000000000000000000000000000000000000000000000000000000000000000000000000000000000000000000000000000000000058f7d31ed67760
4405,000000000000000000000000000000000000000000000000000000000000000000000000000000000000000000000000000000000000000000fe7c5328e32a00
4415,000000000000000000000000000000000000000000000000000000000000000000000000000000000000000000000000000000000000000000411cbcba59d560
4425,0000000000000000000000000000000000000000000000000000000000000000000000000000000000000000000000000000000000000000002c1d91c2156ba0
4435,0000000000000000000000000000000000000000000000000000000000000000000000000000000000000000000000000000000000000000017dc64b81755f00
4445,00000000000000000000000000000000000000000000000000000000000000000000000000000000000000000000000000000000000000000011fdc0224442a0
4455,000000000000000000000000000000000000000000000000000000000000000000000000000000000000000000000000000000000000000000fd1f5f71a1ab60
4465,00000000000000000000000000000000000000000000000000000000000000000000000000000000000000000000000000000000000000000029aeb1585cd280
4475,0000000000000000000000000000000000000000000000000000000000000000000000000000000000000000000000000000000000000000001b417aa9d65c60
4485,000000000000000000000000000000000000000000000000000000000000000000000000000000000000000000000000000000000000000000724720d68d2240
4495,00000000000000000000000000000000000000000000000000000000000000000000000000000000000000000000000000000000000000000116efef48051740
4505,000000000000000000000000000000000000000000000000000000000000000000000000000000000000000000000000000000000000000000170ed9237ad740
4515,000000000000000000000000000000000000000000000000000000000000000000000000000000000000000000000000000000000000000001094064f90587c0
4525,0000000000000000000000000000000000000000000000000000000000000000000000000000000000000000000000000000000000000000012395d63c9c24e0
4535,0000000000000000000000000000000000000000000000000000000000000000000000000000000000000000000000000000000000000000001872199f3bf860
4545,000000000000000000000000000000000000000000000000000000000000000000000000000000000000000000000000000000000000000000942664bf7cbb20
4555,0000000000000000000000000000000000000000000000000000000000000000000000000000000000000000000000000000000000000000011c7a4bfc238cc0
4565,000000000000000000000000000000000000000000000000000000000000000000000000000000000000000000000000000000000000000000107e424fccb9e0
4575,000000000000000000000000000000000000000000000000000000000000000000000000000000000000000000000000000000000000000000d6044d27e60f60
4585,000000000000000000000000000000000000000000000000000000000000000000000000000000000000000000000000000000000000000001012664d38b0000
4595,0000000000000000000000000000000000000000000000000000000000000000000000000000000000000000000000000000000000000000002be0b950079f20
4605,0000000000000000000000000000000000000000000000000000000000000000000000000000000000000000000000000000000000000000002a53731c07afa0
4615,00000000000000000000000000000000000000000000000000000000000000000000000000000000000000000000000000000000000000000022ada6b3a4f9a0
4625,00000000000000000000000000000000000000000000000000000000000000000000000000000000000000000000000000000000000000000012a46c797f4c60
4635,000000000000000000000000000000000000000000000000000000000000000000000000000000000000000000000000000000000000000000669b3e82585760
4645,00000000000000000000000000000000000000000000000000000000000000000000000000000000000000000000000000000000000000000011134b45c1dea0
4655,0000000000000000000000000000000000000000000000000000000000000000000000000000000000000000000000000000000000000000001de4f354f001a0
4665,0000000000000000000000000000000000000000000000000000000000000000000000000000000000000000000000000000000000000000002cd8947a67caa0
4675,00000000000000000000000000000000000000000000000000000000000000000000000000000000000000000000000000000000000000000074f8ba31ee2740
4685,00000000000000000000000000000000000000000000000000000000000000000000000000000000000000000000000000000000000000000116f0c4dba7ee20
4695,0000000000000000000000000000000000000000000000000000000000000000000000000000000000000000000000000000000000000000001ed741d84d7140
4705,0000000000000000000000000000000000000000000000000000000000000000000000000000000000000000000000000000000000000000001cdc6ee6c2ef40
4715,0000000000000000000000000000000000000000000000000000000000000000000000000000000000000000000000000000000000000000011af0766f4abc20
4725,0000000000000000000000000000000000000000000000000000000000000000000000000000000000000000000000000000000000000000001828242e106020
4735,0000000000000000000000000000000000000000000000000000000000000000000000000000000000000000000000000000000000000000002ac0722860baa0
4745,00000000000000000000000000000000000000000000000000000000000000000000000000000000000000000000000000000000000000000023c9b13e0b1b20
4755,000000000000000000000000000000000000000000000000000000000000000000000000000000000000000000000000000000000000000001012af28e502460
4765,00000000000000000000000000000000000000000000000000000000000000000000000000000000000000000000000000000000000000000028d568534fc400
4775,0000000000000000000000000000000000000000000000000000000000000000000000000000000000000000000000000000000000000000011bba4f61b0dce0
4785,0000000000000000000000000000000000000000000000000000000000000000000000000000000000000000000000000000000000000000001f45fcf839cb00
4795,00000000000000000000000000000000000000000000000000000000000000000000000000000000000000000000000000000000000000000014a283885b5000
4805,000000000000000000000000000000000000000000000000000000000000000000000000000000000000000000000000000000000000000001106795077a2000
4815,0000000000000000000000000000000000000000000000000000000000000000000000000000000000000000000000000000000000000000001eaf8feeab6980
4825,0000000000000000000000000000000000000000000000000000000000000000000000000000000000000000000000000000000000000000019465cbac70f580
4835,00000000000000000000000000000000000000000000000000000000000000000000000000000000000000000000000000000000000000000139e5533bc0dec0
4845,000000000000000000000000000000000000000000000000000000000000000000000000000000000000000000000000000000000000000000155650cb02a6c0
4855,0000000000000000000000000000000000000000000000000000000000000000000000000000000000000000000000000000000000000000002768ba583143c0
4865,00000000000000000000000000000000000000000000000000000000000000000000000000000000000000000000000000000000000000000023f32a58c98a80
4875,00000000000000000000000000000000000000000000000000000000000000000000000000000000000000000000000000000000000000000019fc7c671ef600
4885,0000000000000000000000000000000000000000000000000000000000000000000000000000000000000000000000000000000000000000003072e359cbce80
4895,0000000000000000000000000000000000000000000000000000000000000000000000000000000000000000000000000000000000000000001b2528b5977fc0
4905,0000000000000000000000000000000000000000000000000000000000000000000000000000000000000000000000000000000000000000001a81890f62eec0
4915,0000000000000000000000000000000000000000000000000000000000000000000000000000000000000000000000000000000000000000001b3647ef83d640
4925,0000000000000000000000000000000000000000000000000000000000000000000000000000000000000000000000000000000000000000001fe7176d5ec1e0
4935,00000000000000000000000000000000000000000000000000000000000000000000000000000000000000000000000000000000000000000032a172d1b279c0
4945,00000000000000000000000000000000000000000000000000000000000000000000000000000000000000000000000000000000000000000114f6baa52396c0
4955,000000000000000000000000000000000000000000000000000000000000000000000000000000000000000000000000000000000000000000144c6a044feb00
4965,0000000000000000000000000000000000000000000000000000000000000000000000000000000000000000000000000000000000000000000b6adf4ebda1c0
4975,0000000000000000000000000000000000000000000000000000000000000000000000000000000000000000000000000000000000000000001438194a9aaa60
4985,0000000000000000000000000000000000000000000000000000000000000000000000000000000000000000000000000000000000000000001fe4b5462568e0
4995,00000000000000000000000000000000000000000000000000000000000000000000000000000000000000000000000000000000000000000015188f27c97d20
5005,00000000000000000000000000000000000000000000000000000000000000000000000000000000000000000000000000000000000000000015e9bc5e9d7f00
5015,0000000000000000000000000000000000000000000000000000000000000000000000000000000000000000000000000000000000000000001bada95d9fe780
5025,00000000000000000000000000000000000000000000000000000000000000000000000000000000000000000000000000000000000000000014233ca4a01280
5035,000000000000000000000000000000000000000000000000000000000000000000000000000000000000000000000000000000000000000001035f9e997e9dc0
5045,0000000000000000000000000000000000000000000000000000000000000000000000000000000000000000000000000000000000000000010fa213638e0980
5055,0000000000000000000000000000000000000000000000000000000000000000000000000000000000000000000000000000000000000000001eafc502591100
5065,00000000000000000000000000000000000000000000000000000000000000000000000000000000000000000000000000000000000000000115ce7e20724740
5075,000000000000000000000000000000000000000000000000000000000000000000000000000000000000000000000000000000000000000000197cfa8367b240
5085,0000000000000000000000000000000000000000000000000000000000000000000000000000000000000000000000000000000000000000002aea8c91d937c0
5095,000000000000000000000000000000000000000000000000000000000000000000000000000000000000000000000000000000000000000000f1dddd6506cf80
5105,00000000000000000000000000000000000000000000000000000000000000000000000000000000000000000000000000000000000000000013240822212260
5115,000000000000000000000000000000000000000000000000000000000000000000000000000000000000000000000000000000000000000000ed1545065005c0
5125,00000000000000000000000000000000000000000000000000000000000000000000000000000000000000000000000000000000000000000143f08af0f57980
5135,000000000000000000000000000000000000000000000000000000000000000000000000000000000000000000000000000000000000000000132b5cdcb65e00
5145,00000000000000000000000000000000000000000000000000000000000000000000000000000000000000000000000000000000000000000013c8622abf4ba0
5155,000000000000000000000000000000000000000000000000000000000000000000000000000000000000000000000000000000000000000001129f52eb112f60
5165,00000000000000000000000000000000000000000000000000000000000000000000000000000000000000000000000000000000000000000011671cdda5d760
5175,0000000000000000000000000000000000000000000000000000000000000000000000000000000000000000000000000000000000000000001c688364b9f0c0
5185,00000000000000000000000000000000000000000000000000000000000000000000000000000000000000000000000000000000000000000066685b05c62bc0
5195,000000000000000000000000000000000000000000000000000000000000000000000000000000000000000000000000000000000000000000377d8fe053a640
5205,0000000000000000000000000000000000000000000000000000000000000000000000000000000000000000000000000000000000000000001860f3f9014bc0
5215,000000000000000000000000000000000000000000000000000000000000000000000000000000000000000000000000000000000000000000188bf413a56260
5225,000000000000000000000000000000000000000000000000000000000000000000000000000000000000000000000000000000000000000000145d883e3c52c0
5235,0000000000000000000000000000000000000000000000000000000000000000000000000000000000000000000000000000000000000000009d852c318afae0
5245,0000000000000000000000000000000000000000000000000000000000000000000000000000000000000000000000000000000000000000001634c6598f1280
5255,000000000000000000000000000000000000000000000000000000000000000000000000000000000000000000000000000000000000000000663471ce31f1c0
5265,0000000000000000000000000000000000000000000000000000000000000000000000000000000000000000000000000000000000000000006d807b3ca10b80
5275,00000000000000000000000000000000000000000000000000000000000000000000000000000000000000000000000000000000000000000017dbbc15ac8b80
5285,0000000000000000000000000000000000000000000000000000000000000000000000000000000000000000000000000000000000000000001d05ab0b5e17c0
5295,000000000000000000000000000000000000000000000000000000000000000000000000000000000000000000000000000000000000000001758090adb21800
5305,0000000000000000000000000000000000000000000000000000000000000000000000000000000000000000000000000000000000000000000be4600b7a0340
5315,0000000000000000000000000000000000000000000000000000000000000000000000000000000000000000000000000000000000000000000cfec4f872b500
5325,0000000000000000000000000000000000000000000000000000000000000000000000000000000000000000000000000000000000000000015028ef458b1ec0
5335,0000000000000000000000000000000000000000000000000000000000000000000000000000000000000000000000000000000000000000000eabe7b425a5c0
5345,00000000000000000000000000000000000000000000000000000000000000000000000000000000000000000000000000000000000000000037d6d88b8a9400
5355,0000000000000000000000000000000000000000000000000000000000000000000000000000000000000000000000000000000000000000001ffcc0ebe91600
5365,0000000000000000000000000000000000000000000000000000000000000000000000000000000000000000000000000000000000000000001a9130982d8240
5375,000000000000000000000000000000000000000000000000000000000000000000000000000000000000000000000000000000000000000000236547760a5000
5385,0000000000000000000000000000000000000000000000000000000000000000000000000000000000000000000000000000000000000000001d4fac2dc3fa00
5395,00000000000000000000000000000000000000000000000000000000000000000000000000000000000000000000000000000000000000000012b5575ad1a000
5405,0000000000000000000000000000000000000000000000000000000000000000000000000000000000000000000000000000000000000000001082c3ed08d6a0
5415,000000000000000000000000000000000000000000000000000000000000000000000000000000000000000000000000000000000000000000629ed0a990ea40
5425,0000000000000000000000000000000000000000000000000000000000000000000000000000000000000000000000000000000000000000010a801f772b7060
5435,00000000000000000000000000000000000000000000000000000000000000000000000000000000000000000000000000000000000000000137423c41dbb800
5445,000000000000000000000000000000000000000000000000000000000000000000000000000000000000000000000000000000000000000000262df759b5adc0
5455,0000000000000000000000000000000000000000000000000000000000000000000000000000000000000000000000000000000000000000001e2e24e3b2a580
5465,000000000000000000000000000000000000000000000000000000000000000000000000000000000000000000000000000000000000000000191daa76229c80
5475,0000000000000000000000000000000000000000000000000000000000000000000000000000000000000000000000000000000000000000004a32a058b3e5a0
5485,0000000000000000000000000000000000000000000000000000000000000000000000000000000000000000000000000000000000000000006cb798c051b1c0
5495,0000000000000000000000000000000000000000000000000000000000000000000000000000000000000000000000000000000000000000012d2e72f989b160
5505,0000000000000000000000000000000000000000000000000000000000000000000000000000000000000000000000000000000000000000001f6a2e75c97520
5515,000000000000000000000000000000000000000000000000000000000000000000000000000000000000000000000000000000000000000001663db597699460
5525,0000000000000000000000000000000000000000000000000000000000000000000000000000000000000000000000000000000000000000000da7dd63353180
5535,0000000000000000000000000000000000000000000000000000000000000000000000000000000000000000000000000000000000000000002dbca2f4e26d60
5545,0000000000000000000000000000000000000000000000000000000000000000000000000000000000000000000000000000000000000000002bb395dceae060
5555,000000000000000000000000000000000000000000000000000000000000000000000000000000000000000000000000000000000000000000116091c08cde80
5565,0000000000000000000000000000000000000000000000000000000000000000000000000000000000000000000000000000000000000000002fdfa994f28760
5575,00000000000000000000000000000000000000000000000000000000000000000000000000000000000000000000000000000000000000000010c6b6a3886cc0
5585,00000000000000000000000000000000000000000000000000000000000000000000000000000000000000000000000000000000000000000119ad2cf1623640
5595,0000000000000000000000000000000000000000000000000000000000000000000000000000000000000000000000000000000000000000002d9c6532224820
5605,00000000000000000000000000000000000000000000000000000000000000000000000000000000000000000000000000000000000000000013a611f1fb8260
5615,000000000000000000000000000000000000000000000000000000000000000000000000000000000000000000000000000000000000000000146fd71f76a960
5625,000000000000000000000000000000000000000000000000000000000000000000000000000000000000000000000000000000000000000000fa5e37b4d6d720
5635,00000000000000000000000000000000000000000000000000000000000000000000000000000000000000000000000000000000000000000013aca2a2c55620
5645,0000000000000000000000000000000000000000000000000000000000000000000000000000000000000000000000000000000000000000003a5e342eb090a0
5655,00000000000000000000000000000000000000000000000000000000000000000000000000000000000000000000000000000000000000000015c63f123cc440
5665,000000000000000000000000000000000000000000000000000000000000000000000000000000000000000000000000000000000000000001216b1b75ae7860
5675,0000000000000000000000000000000000000000000000000000000000000000000000000000000000000000000000000000000000000000001ae88d0871e9c0
5685,0000000000000000000000000000000000000000000000000000000000000000000000000000000000000000000000000000000000000000000f033e9a91cf40
5695,0000000000000000000000000000000000000000000000000000000000000000000000000000000000000000000000000000000000000000001082d745a512c0
5705,000000000000000000000000000000000000000000000000000000000000000000000000000000000000000000000000000000000000000000ff5aeb5ecfb620
5715,0000000000000000000000000000000000000000000000000000000000000000000000000000000000000000000000000000000000000000000d2ddf88f765a0
5725,00000000000000000000000000000000000000000000000000000000000000000000000000000000000000000000000000000000000000000010c75305f40a80
5735,0000000000000000000000000000000000000000000000000000000000000000000000000000000000000000000000000000000000000000011cf301cc9ed5c0
5745,0000000000000000000000000000000000000000000000000000000000000000000000000000000000000000000000000000000000000000011aba10a4302c00
5755,0000000000000000000000000000000000000000000000000000000000000000000000000000000000000000000000000000000000000000002eec4b2558a580
5765,0000000000000000000000000000000000000000000000000000000000000000000000000000000000000000000000000000000000000000010beabccb0b19c0
5775,000000000000000000000000000000000000000000000000000000000000000000000000000000000000000000000000000000000000000000e531bc535153c0
5785,0000000000000000000000000000000000000000000000000000000000000000000000000000000000000000000000000000000000000000001c927b445c2420
5795,0000000000000000000000000000000000000000000000000000000000000000000000000000000000000000000000000000000000000000001149c6df9fe2e0
5805,0000000000000000000000000000000000000000000000000000000000000000000000000000000000000000000000000000000000000000001d6e9c0e247760
5815,00000000000000000000000000000000000000000000000000000000000000000000000000000000000000000000000000000000000000000010fe01a9a73be0
5825,0000000000000000000000000000000000000000000000000000000000000000000000000000000000000000000000000000000000000000012f710c663e1340
5835,00000000000000000000000000000000000000000000000000000000000000000000000000000000000000000000000000000000000000000016cc8600907b80
5845,0000000000000000000000000000000000000000000000000000000000000000000000000000000000000000000000000000000000000000000e35ded9a397a0
5855,00000000000000000000000000000000000000000000000000000000000000000000000000000000000000000000000000000000000000000146127c4c2bf3a0
5865,00000000000000000000000000000000000000000000000000000000000000000000000000000000000000000000000000000000000000000010269ddf8d2c60
5875,00000000000000000000000000000000000000000000000000000000000000000000000000000000000000000000000000000000000000000044805fa7458d20
5885,000000000000000000000000000000000000000000000000000000000000000000000000000000000000000000000000000000000000000001cf94447e53f8e0
5895,000000000000000000000000000000000000000000000000000000000000000000000000000000000000000000000000000000000000000000e42d0d33a70e20
5905,00000000000000000000000000000000000000000000000000000000000000000000000000000000000000000000000000000000000000000102029fce8ca320
5915,00000000000000000000000000000000000000000000000000000000000000000000000000000000000000000000000000000000000000000023ab86dd9d4ee0
5925,00000000000000000000000000000000000000000000000000000000000000000000000000000000000000000000000000000000000000000020cc42c063bce0
5935,000000000000000000000000000000000000000000000000000000000000000000000000000000000000000000000000000000000000000000fdabcd4aa16b40
5945,00000000000000000000000000000000000000000000000000000000000000000000000000000000000000000000000000000000000000000021e8aa236126a0
5955,000000000000000000000000000000000000000000000000000000000000000000000000000000000000000000000000000000000000000000238c0524a91b80
5965,0000000000000000000000000000000000000000000000000000000000000000000000000000000000000000000000000000000000000000010844ef001e9e60
5975,00000000000000000000000000000000000000000000000000000000000000000000000000000000000000000000000000000000000000000067f392d7736c00
5985,0000000000000000000000000000000000000000000000000000000000000000000000000000000000000000000000000000000000000000003040f7bf9f1640
5995,00000000000000000000000000000000000000000000000000000000000000000000000000000000000000000000000000000000000000000031b99a88b443e0
6005,00000000000000000000000000000000000000000000000000000000000000000000000000000000000000000000000000000000000000000070b00ac0c04d60
6015,00000000000000000000000000000000000000000000000000000000000000000000000000000000000000000000000000000000000000000154093e5172b300
6025,000000000000000000000000000000000000000000000000000000000000000000000000000000000000000000000000000000000000000000413da1fd0eb140
6035,000000000000000000000000000000000000000000000000000000000000000000000000000000000000000000000000000000000000000001c2a4b2d39ffb20
6045,000000000000000000000000000000000000000000000000000000000000000000000000000000000000000000000000000000000000000000258f646e3db260
6055,00000000000000000000000000000000000000000000000000000000000000000000000000000000000000000000000000000000000000000039025f4ff947c0
6065,0000000000000000000000000000000000000000000000000000000000000000000000000000000000000000000000000000000000000000012415b3d1884ea0
6075,000000000000000000000000000000000000000000000000000000000000000000000000000000000000000000000000000000000000000001172ee4a63d35c0
6085,000000000000000000000000000000000000000000000000000000000000000000000000000000000000000000000000000000000000000000e8e65b2716d6c0
6095,000000000000000000000000000000000000000000000000000000000000000000000000000000000000000000000000000000000000000001106b72fd5ecda0
6105,00000000000000000000000000000000000000000000000000000000000000000000000000000000000000000000000000000000000000000017ab010543eb80
6115,0000000000000000000000000000000000000000000000000000000000000000000000000000000000000000000000000000000000000000007e7f8b2149c320
6125,0000000000000000000000000000000000000000000000000000000000000000000000000000000000000000000000000000000000000000001171970e2c2f40
6135,0000000000000000000000000000000000000000000000000000000000000000000000000000000000000000000000000000000000000000001e6ade55c288c0
6145,0000000000000000000000000000000000000000000000000000000000000000000000000000000000000000000000000000000000000000001d61f25dc3d2e0
6155,0000000000000000000000000000000000000000000000000000000000000000000000000000000000000000000000000000000000000000002a1ff995a702a0
6165,00000000000000000000000000000000000000000000000000000000000000000000000000000000000000000000000000000000000000000027a53067cf8a00
6175,0000000000000000000000000000000000000000000000000000000000000000000000000000000000000000000000000000000000000000010c435093d81060
6185,0000000000000000000000000000000000000000000000000000000000000000000000000000000000000000000000000000000000000000005c0eae9ac73d60
6195,00000000000000000000000000000000000000000000000000000000000000000000000000000000000000000000000000000000000000000029b97c08ddbdc0
6205,000000000000000000000000000000000000000000000000000000000000000000000000000000000000000000000000000000000000000001010526d5c86d80
6215,0000000000000000000000000000000000000000000000000000000000000000000000000000000000000000000000000000000000000000002646e2c45695a0
6225,0000000000000000000000000000000000000000000000000000000000000000000000000000000000000000000000000000000000000000000feaeca87f2c60
6235,000000000000000000000000000000000000000000000000000000000000000000000000000000000000000000000000000000000000000000089731446d6e00
6245,0000000000000000000000000000000000000000000000000000000000000000000000000000000000000000000000000000000000000000011ebd514b46d100
6255,00000000000000000000000000000000000000000000000000000000000000000000000000000000000000000000000000000000000000000013de563cf5d460
6265,000000000000000000000000000000000000000000000000000000000000000000000000000000000000000000000000000000000000000000635ade444774e0
6275,00000000000000000000000000000000000000000000000000000000000000000000000000000000000000000000000000000000000000000019da7b247d3d20
6285,0000000000000000000000000000000000000000000000000000000000000000000000000000000000000000000000000000000000000000000e915b9865be20
6295,000000000000000000000000000000000000000000000000000000000000000000000000000000000000000000000000000000000000000001418d021a2a74c0
6305,0000000000000000000000000000000000000000000000000000000000000000000000000000000000000000000000000000000000000000001a262de44fc020
6315,00000000000000000000000000000000000000000000000000000000000000000000000000000000000000000000000000000000000000000014cb5940ae9a60
6325,0000000000000000000000000000000000000000000000000000000000000000000000000000000000000000000000000000000000000000001b1555056d6fc0
6335,0000000000000000000000000000000000000000000000000000000000000000000000000000000000000000000000000000000000000000001c91ad09565860
6345,00000000000000000000000000000000000000000000000000000000000000000000000000000000000000000000000000000000000000000021e652de9d3940
6355,0000000000000000000000000000000000000000000000000000000000000000000000000000000000000000000000000000000000000000002763dc9398e680
6365,00000000000000000000000000000000000000000000000000000000000000000000000000000000000000000000000000000000000000000021017b507ee800
6375,0000000000000000000000000000000000000000000000000000000000000000000000000000000000000000000000000000000000000000002e8148b6672d80
6385,0000000000000000000000000000000000000000000000000000000000000000000000000000000000000000000000000000000000000000010e31ef68ab3cc0
6395,0000000000000000000000000000000000000000000000000000000000000000000000000000000000000000000000000000000000000000001040cd7b534fa0
6405,0000000000000000000000000000000000000000000000000000000000000000000000000000000000000000000000000000000000000000001ac6da00de9ca0
6415,0000000000000000000000000000000000000000000000000000000000000000000000000000000000000000000000000000000000000000003b88014201f3e0
6425,00000000000000000000000000000000000000000000000000000000000000000000000000000000000000000000000000000000000000000016552b089b5d40
6435,00000000000000000000000000000000000000000000000000000000000000000000000000000000000000000000000000000000000000000022c1983c2590a0
6445,00000000000000000000000000000000000000000000000000000000000000000000000000000000000000000000000000000000000000000043bcbb51fe3960
6455,00000000000000000000000000000000000000000000000000000000000000000000000000000000000000000000000000000000000000000104e592eb86aa60
6465,00000000000000000000000000000000000000000000000000000000000000000000000000000000000000000000000000000000000000000017f95ff62367e0
6475,0000000000000000000000000000000000000000000000000000000000000000000000000000000000000000000000000000000000000000001adb047f82bf80
6485,000000000000000000000000000000000000000000000000000000000000000000000000000000000000000000000000000000000000000000221f586e76d420
6495,0000000000000000000000000000000000000000000000000000000000000000000000000000000000000000000000000000000000000000012752da54bd23c0
6505,00000000000000000000000000000000000000000000000000000000000000000000000000000000000000000000000000000000000000000014e605bee27ac0
6515,000000000000000000000000000000000000000000000000000000000000000000000000000000000000000000000000000000000000000000225e78d684a9c0
6525,00000000000000000000000000000000000000000000000000000000000000000000000000000000000000000000000000000000000000000010cf5b67dfa140
6535,0000000000000000000000000000000000000000000000000000000000000000000000000000000000000000000000000000000000000000014287bbff6ccf60
6545,00000000000000000000000000000000000000000000000000000000000000000000000000000000000000000000000000000000000000000106ace942ff7960
6555,00000000000000000000000000000000000000000000000000000000000000000000000000000000000000000000000000000000000000000016663c7d9c5280
6565,0000000000000000000000000000000000000000000000000000000000000000000000000000000000000000000000000000000000000000011b3067f4d45320
6575,0000000000000000000000000000000000000000000000000000000000000000000000000000000000000000000000000000000000000000010dd4ed2a035520
6585,0000000000000000000000000000000000000000000000000000000000000000000000000000000000000000000000000000000000000000012454014d5595c0
6595,00000000000000000000000000000000000000000000000000000000000000000000000000000000000000000000000000000000000000000124b9d8153dc8a0
6605,0000000000000000000000000000000000000000000000000000000000000000000000000000000000000000000000000000000000000000001402f57591cae0
6615,0000000000000000000000000000000000000000000000000000000000000000000000000000000000000000000000000000000000000000003f220fb51b8a20
6625,000000000000000000000000000000000000000000000000000000000000000000000000000000000000000000000000000000000000000000e12d1ca279b8a0
6635,0000000000000000000000000000000000000000000000000000000000000000000000000000000000000000000000000000000000000000010100a8d615eb00
6645,0000000000000000000000000000000000000000000000000000000000000000000000000000000000000000000000000000000000000000001812217e50fae0
6655,0000000000000000000000000000000000000000000000000000000000000000000000000000000000000000000000000000000000000000002e79b1ca9b5400
6665,00000000000000000000000000000000000000000000000000000000000000000000000000000000000000000000000000000000000000000017c50ad247aea0
6675,0000000000000000000000000000000000000000000000000000000000000000000000000000000000000000000000000000000000000000011f8456b4051540
6685,0000000000000000000000000000000000000000000000000000000000000000000000000000000000000000000000000000000000000000014697159bda2840
6695,0000000000000000000000000000000000000000000000000000000000000000000000000000000000000000000000000000000000000000004604cfb47b74a0
6705,00000000000000000000000000000000000000000000000000000000000000000000000000000000000000000000000000000000000000000018ffbe9f893700
6715,00000000000000000000000000000000000000000000000000000000000000000000000000000000000000000000000000000000000000000022bad6e3fc8e00
6725,0000000000000000000000000000000000000000000000000000000000000000000000000000000000000000000000000000000000000000002aef59c2c177e0
6735,000000000000000000000000000000000000000000000000000000000000000000000000000000000000000000000000000000000000000001192fefeff9f5a0
6745,000000000000000000000000000000000000000000000000000000000000000000000000000000000000000000000000000000000000000000b4902c905bdea0
6755,0000000000000000000000000000000000000000000000000000000000000000000000000000000000000000000000000000000000000000010d7a94a6412ee0
6765,00000000000000000000000000000000000000000000000000000000000000000000000000000000000000000000000000000000000000000020bf3a54f5c940
6775,0000000000000000000000000000000000000000000000000000000000000000000000000000000000000000000000000000000000000000007dc4a42de1d3e0
6785,00000000000000000000000000000000000000000000000000000000000000000000000000000000000000000000000000000000000000000020dc00f08f3fc0
6795,000000000000000000000000000000000000000000000000000000000000000000000000000000000000000000000000000000000000000001762ac8672624c0
6805,0000000000000000000000000000000000000000000000000000000000000000000000000000000000000000000000000000000000000000001cc162e8957e40
6815,00000000000000000000000000000000000000000000000000000000000000000000000000000000000000000000000000000000000000000027d8b329434900
6825,000000000000000000000000000000000000000000000000000000000000000000000000000000000000000000000000000000000000000000129696530b8460
6835,0000000000000000000000000000000000000000000000000000000000000000000000000000000000000000000000000000000000000000002308b654e4a1c0
6845,00000000000000000000000000000000000000000000000000000000000000000000000000000000000000000000000000000000000000000079f860793e05c0
6855,00000000000000000000000000000000000000000000000000000000000000000000000000000000000000000000000000000000000000000162289a36733b40
6865,000000000000000000000000000000000000000000000000000000000000000000000000000000000000000000000000000000000000000001311eb866d412e0
6875,0000000000000000000000000000000000000000000000000000000000000000000000000000000000000000000000000000000000000000001472e146a4b060
6885,0000000000000000000000000000000000000000000000000000000000000000000000000000000000000000000000000000000000000000000e4bcc75b32d60
6895,0000000000000000000000000000000000000000000000000000000000000000000000000000000000000000000000000000000000000000000c1483fe62f960
6905,000000000000000000000000000000000000000000000000000000000000000000000000000000000000000000000000000000000000000001d599dad1874200
6915,00000000000000000000000000000000000000000000000000000000000000000000000000000000000000000000000000000000000000000082128ee3a1be20
6925,0000000000000000000000000000000000000000000000000000000000000000000000000000000000000000000000000000000000000000002ca33e11b11880
6935,00000000000000000000000000000000000000000000000000000000000000000000000000000000000000000000000000000000000000000038b5b17c8674c0
6945,0000000000000000000000000000000000000000000000000000000000000000000000000000000000000000000000000000000000000000003db4223039f460
6955,0000000000000000000000000000000000000000000000000000000000000000000000000000000000000000000000000000000000000000010b013095db7ea0
6965,0000000000000000000000000000000000000000000000000000000000000000000000000000000000000000000000000000000000000000000d2a697581df60
6975,0000000000000000000000000000000000000000000000000000000000000000000000000000000000000000000000000000000000000000002d94999ef784c0
6985,00000000000000000000000000000000000000000000000000000000000000000000000000000000000000000000000000000000000000000010a9926a6b6c80
6995,0000000000000000000000000000000000000000000000000000000000000000000000000000000000000000000000000000000000000000001c26392e1dc000
7005,0000000000000000000000000000000000000000000000000000000000000000000000000000000000000000000000000000000000000000012518385da6b7a0
7015,000000000000000000000000000000000000000000000000000000000000000000000000000000000000000000000000000000000000000000ec07083fe81580
7025,000000000000000000000000000000000000000000000000000000000000000000000000000000000000000000000000000000000000000000f7d8e64ca15b40
7035,00000000000000000000000000000000000000000000000000000000000000000000000000000000000000000000000000000000000000000027971ec15fc460
7045,000000000000000000000000000000000000000000000000000000000000000000000000000000000000000000000000000000000000000000ffdee5cc127820
7055,0000000000000000000000000000000000000000000000000000000000000000000000000000000000000000000000000000000000000000002a626c388f3f00
7065,0000000000000000000000000000000000000000000000000000000000000000000000000000000000000000000000000000000000000000010afcc716279a80
7075,0000000000000000000000000000000000000000000000000000000000000000000000000000000000000000000000000000000000000000003642f41ce91cc0
7085,00000000000000000000000000000000000000000000000000000000000000000000000000000000000000000000000000000000000000000019c6544d3b5160
7095,000000000000000000000000000000000000000000000000000000000000000000000000000000000000000000000000000000000000000000f7213c80640340
7105,00000000000000000000000000000000000000000000000000000000000000000000000000000000000000000000000000000000000000000027557e4fa471e0
7115,0000000000000000000000000000000000000000000000000000000000000000000000000000000000000000000000000000000000000000015b4bc536ad3b00
7125,00000000000000000000000000000000000000000000000000000000000000000000000000000000000000000000000000000000000000000017144e8592d5c0
7135,0000000000000000000000000000000000000000000000000000000000000000000000000000000000000000000000000000000000000000003632ef1424d620
7145,000000000000000000000000000000000000000000000000000000000000000000000000000000000000000000000000000000000000000000794cad360aee80
7155,00000000000000000000000000000000000000000000000000000000000000000000000000000000000000000000000000000000000000000011f1255e3161a0
7165,0000000000000000000000000000000000000000000000000000000000000000000000000000000000000000000000000000000000000000000eb30e96206e60
7175,000000000000000000000000000000000000000000000000000000000000000000000000000000000000000000000000000000000000000000180e1e12477100
7185,00000000000000000000000000000000000000000000000000000000000000000000000000000000000000000000000000000000000000000121d7ef95bba2e0
7195,0000000000000000000000000000000000000000000000000000000000000000000000000000000000000000000000000000000000000000000f29ca66bdcfe0
7205,000000000000000000000000000000000000000000000000000000000000000000000000000000000000000000000000000000000000000001187da32d38b640
7215,000000000000000000000000000000000000000000000000000000000000000000000000000000000000000000000000000000000000000001ede9744bb3e6e0
7225,0000000000000000000000000000000000000000000000000000000000000000000000000000000000000000000000000000000000000000001cdca00e221580
7235,000000000000000000000000000000000000000000000000000000000000000000000000000000000000000000000000000000000000000000129ba35c8d0100
7245,0000000000000000000000000000000000000000000000000000000000000000000000000000000000000000000000000000000000000000007a968de4bcd800
7255,000000000000000000000000000000000000000000000000000000000000000000000000000000000000000000000000000000000000000000f0c3813cf9d540
7265,000000000000000000000000000000000000000000000000000000000000000000000000000000000000000000000000000000000000000000105852f9bd90c0
7275,0000000000000000000000000000000000000000000000000000000000000000000000000000000000000000000000000000000000000000001b60cf767ed1c0
7285,000000000000000000000000000000000000000000000000000000000000000000000000000000000000000000000000000000000000000000699ff59d0be9a0
7295,00000000000000000000000000000000000000000000000000000000000000000000000000000000000000000000000000000000000000000015dd94d5968b80
7305,0000000000000000000000000000000000000000000000000000000000000000000000000000000000000000000000000000000000000000011603d1e1c6b100
7315,0000000000000000000000000000000000000000000000000000000000000000000000000000000000000000000000000000000000000000005b0567f1939040
7325,000000000000000000000000000000000000000000000000000000000000000000000000000000000000000000000000000000000000000001b8a04a941d4820
7335,000000000000000000000000000000000000000000000000000000000000000000000000000000000000000000000000000000000000000000d218c0c422d380
7345,00000000000000000000000000000000000000000000000000000000000000000000000000000000000000000000000000000000000000000134dd3043c85380
7355,0000000000000000000000000000000000000000000000000000000000000000000000000000000000000000000000000000000000000000000def0d997ce2c0
7365,0000000000000000000000000000000000000000000000000000000000000000000000000000000000000000000000000000000000000000005349be4f965140
7375,000000000000000000000000000000000000000000000000000000000000000000000000000000000000000000000000000000000000000000214f17c16b7f80
7385,00000000000000000000000000000000000000000000000000000000000000000000000000000000000000000000000000000000000000000013317479d71f40
7395,0000000000000000000000000000000000000000000000000000000000000000000000000000000000000000000000000000000000000000010bb2b244f93200
7405,0000000000000000000000000000000000000000000000000000000000000000000000000000000000000000000000000000000000000000012a14412f0d8fe0
7415,00000000000000000000000000000000000000000000000000000000000000000000000000000000000000000000000000000000000000000009e2fdf2fe3080
7425,000000000000000000000000000000000000000000000000000000000000000000000000000000000000000000000000000000000000000001141ff3eeb02cc0
7435,00000000000000000000000000000000000000000000000000000000000000000000000000000000000000000000000000000000000000000089c74e54db3140
7445,00000000000000000000000000000000000000000000000000000000000000000000000000000000000000000000000000000000000000000029bca5b9e24240
7455,0000000000000000000000000000000000000000000000000000000000000000000000000000000000000000000000000000000000000000001d0057c6cda560
7465,0000000000000000000000000000000000000000000000000000000000000000000000000000000000000000000000000000000000000000001afc2c385a8360
7475,0000000000000000000000000000000000000000000000000000000000000000000000000000000000000000000000000000000000000000001699f4dc964d40
7485,0000000000000000000000000000000000000000000000000000000000000000000000000000000000000000000000000000000000000000010941ff82c27b80
7495,0000000000000000000000000000000000000000000000000000000000000000000000000000000000000000000000000000000000000000001c5bd67945d2c0
7505,000000000000000000000000000000000000000000000000000000000000000000000000000000000000000000000000000000000000000000279e712d303b80
7515,0000000000000000000000000000000000000000000000000000000000000000000000000000000000000000000000000000000000000000001463002a2cc300
7525,0000000000000000000000000000000000000000000000000000000000000000000000000000000000000000000000000000000000000000010cfbd938a3ee20
7535,000000000000000000000000000000000000000000000000000000000000000000000000000000000000000000000000000000000000000000149b747523d900
7545,00000000000000000000000000000000000000000000000000000000000000000000000000000000000000000000000000000000000000000036878c70e762a0
7555,000000000000000000000000000000000000000000000000000000000000000000000000000000000000000000000000000000000000000000266decdf3effc0
7565,0000000000000000000000000000000000000000000000000000000000000000000000000000000000000000000000000000000000000000001630cf63ac1420
7575,0000000000000000000000000000000000000000000000000000000000000000000000000000000000000000000000000000000000000000016724999b8bf120
7585,0000000000000000000000000000000000000000000000000000000000000000000000000000000000000000000000000000000000000000001385fb87d64040
7595,0000000000000000000000000000000000000000000000000000000000000000000000000000000000000000000000000000000000000000001e3ec2801ddf40
7605,00000000000000000000000000000000000000000000000000000000000000000000000000000000000000000000000000000000000000000014fde9785a13a0
7615,00000000000000000000000000000000000000000000000000000000000000000000000000000000000000000000000000000000000000000156d0e18dcdb4e0
7625,00000000000000000000000000000000000000000000000000000000000000000000000000000000000000000000000000000000000000000018a50b081bf8c0
7635,00000000000000000000000000000000000000000000000000000000000000000000000000000000000000000000000000000000000000000012219529b2c540
7645,000000000000000000000000000000000000000000000000000000000000000000000000000000000000000000000000000000000000000000e9029707a5f520
7655,00000000000000000000000000000000000000000000000000000000000000000000000000000000000000000000000000000000000000000159e16327b5e200
7665,0000000000000000000000000000000000000000000000000000000000000000000000000000000000000000000000000000000000000000001ef55fcc6d4ee0
7675,0000000000000000000000000000000000000000000000000000000000000000000000000000000000000000000000000000000000000000001b13397bb92d40
7685,0000000000000000000000000000000000000000000000000000000000000000000000000000000000000000000000000000000000000000003080474f0c34a0
7695,00000000000000000000000000000000000000000000000000000000000000000000000000000000000000000000000000000000000000000016d4ea6c4e7c20
7705,0000000000000000000000000000000000000000000000000000000000000000000000000000000000000000000000000000000000000000001696bfab928f20
7715,0000000000000000000000000000000000000000000000000000000000000000000000000000000000000000000000000000000000000000002db6d5b05a3380
7725,00000000000000000000000000000000000000000000000000000000000000000000000000000000000000000000000000000000000000000117f7a58504fac0
7735,0000000000000000000000000000000000000000000000000000000000000000000000000000000000000000000000000000000000000000002ba8bf677e7160
7745,000000000000000000000000000000000000000000000000000000000000000000000000000000000000000000000000000000000000000001006f4ac257a9e0
7755,0000000000000000000000000000000000000000000000000000000000000000000000000000000000000000000000000000000000000000000f2ede666636e0
7765,0000000000000000000000000000000000000000000000000000000000000000000000000000000000000000000000000000000000000000001038335e5dd980
7775,00000000000000000000000000000000000000000000000000000000000000000000000000000000000000000000000000000000000000000090b4013605a560
7785,000000000000000000000000000000000000000000000000000000000000000000000000000000000000000000000000000000000000000000372475978fbfc0
7795,000000000000000000000000000000000000000000000000000000000000000000000000000000000000000000000000000000000000000000530050e83a2be0
7805,0000000000000000000000000000000000000000000000000000000000000000000000000000000000000000000000000000000000000000010d3053351ab5a0
7815,0000000000000000000000000000000000000000000000000000000000000000000000000000000000000000000000000000000000000000001d4c3b7cc43e40
7825,00000000000000000000000000000000000000000000000000000000000000000000000000000000000000000000000000000000000000000031ebc467c918c0
7835,00000000000000000000000000000000000000000000000000000000000000000000000000000000000000000000000000000000000000000026a3c2d1c5b760
7845,0000000000000000000000000000000000000000000000000000000000000000000000000000000000000000000000000000000000000000002d02758b469b20
7855,000000000000000000000000000000000000000000000000000000000000000000000000000000000000000000000000000000000000000000252af1128c5160
7865,0000000000000000000000000000000000000000000000000000000000000000000000000000000000000000000000000000000000000000015f474dde490600
7875,0000000000000000000000000000000000000000000000000000000000000000000000000000000000000000000000000000000000000000001da92a940afa20
7885,0000000000000000000000000000000000000000000000000000000000000000000000000000000000000000000000000000000000000000010e9a6f61a09cc0
7895,0000000000000000000000000000000000000000000000000000000000000000000000000000000000000000000000000000000000000000001c2f3668966100
7905,0000000000000000000000000000000000000000000000000000000000000000000000000000000000000000000000000000000000000000011cc34901111d60
7915,0000000000000000000000000000000000000000000000000000000000000000000000000000000000000000000000000000000000000000000dc5b2febc6540
7925,00000000000000000000000000000000000000000000000000000000000000000000000000000000000000000000000000000000000000000112a79691e51680
7935,000000000000000000000000000000000000000000000000000000000000000000000000000000000000000000000000000000000000000000164b4aa6cf9480
7945,0000000000000000000000000000000000000000000000000000000000000000000000000000000000000000000000000000000000000000000f43028c6d3d60
7955,00000000000000000000000000000000000000000000000000000000000000000000000000000000000000000000000000000000000000000032779b2d21cba0
7965,00000000000000000000000000000000000000000000000000000000000000000000000000000000000000000000000000000000000000000020820659158a40
7975,00000000000000000000000000000000000000000000000000000000000000000000000000000000000000000000000000000000000000000016384e1465de60
7985,00000000000000000000000000000000000000000000000000000000000000000000000000000000000000000000000000000000000000000124d80aebd26560
7995,00000000000000000000000000000000000000000000000000000000000000000000000000000000000000000000000000000000000000000023d0396ed58180
8005,000000000000000000000000000000000000000000000000000000000000000000000000000000000000000000000000000000000000000001066a3578b92ac0
8015,000000000000000000000000000000000000000000000000000000000000000000000000000000000000000000000000000000000000000000489cdc740b5aa0
8025,0000000000000000000000000000000000000000000000000000000000000000000000000000000000000000000000000000000000000000000d987346b53f60
8035,00000000000000000000000000000000000000000000000000000000000000000000000000000000000000000000000000000000000000000014ffc2f83a2bc0
8045,000000000000000000000000000000000000000000000000000000000000000000000000000000000000000000000000000000000000000000212315e1ec78a0
8055,00000000000000000000000000000000000000000000000000000000000000000000000000000000000000000000000000000000000000000126c39b3701af00
8065,00000000000000000000000000000000000000000000000000000000000000000000000000000000000000000000000000000000000000000013d999336ef3c0
8075,000000000000000000000000000000000000000000000000000000000000000000000000000000000000000000000000000000000000000000228fb57a95c9a0
8085,0000000000000000000000000000000000000000000000000000000000000000000000000000000000000000000000000000000000000000002cd8463f595ee0
8095,000000000000000000000000000000000000000000000000000000000000000000000000000000000000000000000000000000000000000000357fd633e77f20
8105,00000000000000000000000000000000000000000000000000000000000000000000000000000000000000000000000000000000000000000017f0928a6c7a80
8115,0000000000000000000000000000000000000000000000000000000000000000000000000000000000000000000000000000000000000000003e11e9b3c0dfe0
8125,0000000000000000000000000000000000000000000000000000000000000000000000000000000000000000000000000000000000000000001dc76e88284840
8135,0000000000000000000000000000000000000000000000000000000000000000000000000000000000000000000000000000000000000000001ac32914cf83a0
8145,000000000000000000000000000000000000000000000000000000000000000000000000000000000000000000000000000000000000000001005e76123eeb20
8155,0000000000000000000000000000000000000000000000000000000000000000000000000000000000000000000000000000000000000000012a426153545b60
8165,0000000000000000000000000000000000000000000000000000000000000000000000000000000000000000000000000000000000000000004998d8cf5f5d40
8175,0000000000000000000000000000000000000000000000000000000000000000000000000000000000000000000000000000000000000000012a73093c5bcfa0
8185,0000000000000000000000000000000000000000000000000000000000000000000000000000000000000000000000000000000000000000001d83c7ef2d69c0
8195,00000000000000000000000000000000000000000000000000000000000000000000000000000000000000000000000000000000000000000011e7f399e3ad60
8205,00000000000000000000000000000000000000000000000000000000000000000000000000000000000000000000000000000000000000000116e6e6bec84d00
8215,0000000000000000000000000000000000000000000000000000000000000000000000000000000000000000000000000000000000000000002452c53ea71f00
8225,00000000000000000000000000000000000000000000000000000000000000000000000000000000000000000000000000000000000000000102ac697456dfa0
8235,00000000000000000000000000000000000000000000000000000000000000000000000000000000000000000000000000000000000000000013f5d245395640
8245,00000000000000000000000000000000000000000000000000000000000000000000000000000000000000000000000000000000000000000029f68f49ac8020
8255,0000000000000000000000000000000000000000000000000000000000000000000000000000000000000000000000000000000000000000002696eeb51929c0
8265,0000000000000000000000000000000000000000000000000000000000000000000000000000000000000000000000000000000000000000003a702e4b044ec0
8275,000000000000000000000000000000000000000000000000000000000000000000000000000000000000000000000000000000000000000000191788f68c5e60
8285,0000000000000000000000000000000000000000000000000000000000000000000000000000000000000000000000000000000000000000003b8c59907bece0
8295,00000000000000000000000000000000000000000000000000000000000000000000000000000000000000000000000000000000000000000035f4e5f0f07de0
8305,0000000000000000000000000000000000000000000000000000000000000000000000000000000000000000000000000000000000000000011e5ce1d1c65460
8315,00000000000000000000000000000000000000000000000000000000000000000000000000000000000000000000000000000000000000000027d1200c3c1a20
8325,00000000000000000000000000000000000000000000000000000000000000000000000000000000000000000000000000000000000000000017df565a5ab520
8335,00000000000000000000000000000000000000000000000000000000000000000000000000000000000000000000000000000000000000000011d392916a99c0
8345,000000000000000000000000000000000000000000000000000000000000000000000000000000000000000000000000000000000000000000157e68be766be0
8355,0000000000000000000000000000000000000000000000000000000000000000000000000000000000000000000000000000000000000000004c2caf67d57340
8365,00000000000000000000000000000000000000000000000000000000000000000000000000000000000000000000000000000000000000000052e621d64c9ce0
8375,00000000000000000000000000000000000000000000000000000000000000000000000000000000000000000000000000000000000000000020568db4a0f560
8385,0000000000000000000000000000000000000000000000000000000000000000000000000000000000000000000000000000000000000000000f8ed9d615e7a0
8395,000000000000000000000000000000000000000000000000000000000000000000000000000000000000000000000000000000000000000001583c972686ca60
8405,00000000000000000000000000000000000000000000000000000000000000000000000000000000000000000000000000000000000000000018fcbcee820080
8415,00000000000000000000000000000000000000000000000000000000000000000000000000000000000000000000000000000000000000000016b98aee26ab80
8425,0000000000000000000000000000000000000000000000000000000000000000000000000000000000000000000000000000000000000000003914efbb07d160
8435,00000000000000000000000000000000000000000000000000000000000000000000000000000000000000000000000000000000000000000013b77f8e58b820
8445,000000000000000000000000000000000000000000000000000000000000000000000000000000000000000000000000000000000000000001287dca409877c0
8455,0000000000000000000000000000000000000000000000000000000000000000000000000000000000000000000000000000000000000000000e18b5be10c440
8465,00000000000000000000000000000000000000000000000000000000000000000000000000000000000000000000000000000000000000000026b8964685da20
8475,0000000000000000000000000000000000000000000000000000000000000000000000000000000000000000000000000000000000000000003db18a89043640
8485,00000000000000000000000000000000000000000000000000000000000000000000000000000000000000000000000000000000000000000024a28bc31f9bc0
8495,0000000000000000000000000000000000000000000000000000000000000000000000000000000000000000000000000000000000000000010c0dbb8d9bbdc0
8505,0000000000000000000000000000000000000000000000000000000000000000000000000000000000000000000000000000000000000000001e22c0a9637540
8515,00000000000000000000000000000000000000000000000000000000000000000000000000000000000000000000000000000000000000000197f057d1d12740
8525,00000000000000000000000000000000000000000000000000000000000000000000000000000000000000000000000000000000000000000011ffd00496d800
8535,000000000000000000000000000000000000000000000000000000000000000000000000000000000000000000000000000000000000000001091f92d3d93ac0
8545,0000000000000000000000000000000000000000000000000000000000000000000000000000000000000000000000000000000000000000003bb748176ff7a0
8555,00000000000000000000000000000000000000000000000000000000000000000000000000000000000000000000000000000000000000000116ca8ee813ae80
8565,0000000000000000000000000000000000000000000000000000000000000000000000000000000000000000000000000000000000000000002539767407fbe0
8575,0000000000000000000000000000000000000000000000000000000000000000000000000000000000000000000000000000000000000000014ecdf37a767060
8585,000000000000000000000000000000000000000000000000000000000000000000000000000000000000000000000000000000000000000000196eb43f719fa0
8595,0000000000000000000000000000000000000000000000000000000000000000000000000000000000000000000000000000000000000000000fdbf19fa8f940
8605,00000000000000000000000000000000000000000000000000000000000000000000000000000000000000000000000000000000000000000012d86d9d60aea0
8615,0000000000000000000000000000000000000000000000000000000000000000000000000000000000000000000000000000000000000000001c608cb4083c80
8625,000000000000000000000000000000000000000000000000000000000000000000000000000000000000000000000000000000000000000001839e701ca4e0c0
8635,000000000000000000000000000000000000000000000000000000000000000000000000000000000000000000000000000000000000000000f5ecf1e3eef800
8645,00000000000000000000000000000000000000000000000000000000000000000000000000000000000000000000000000000000000000000017c87f20d104a0
8655,0000000000000000000000000000000000000000000000000000000000000000000000000000000000000000000000000000000000000000011e8ffcf5b73620
8665,000000000000000000000000000000000000000000000000000000000000000000000000000000000000000000000000000000000000000001180ef465e91160
8675,00000000000000000000000000000000000000000000000000000000000000000000000000000000000000000000000000000000000000000108f75225548300
8685,0000000000000000000000000000000000000000000000000000000000000000000000000000000000000000000000000000000000000000001312bcb6fcb280
8695,000000000000000000000000000000000000000000000000000000000000000000000000000000000000000000000000000000000000000000f34e60911e45e0
8705,0000000000000000000000000000000000000000000000000000000000000000000000000000000000000000000000000000000000000000002a8b0b5d34fbc0
8715,000000000000000000000000000000000000000000000000000000000000000000000000000000000000000000000000000000000000000000197b6e038269e0
8725,00000000000000000000000000000000000000000000000000000000000000000000000000000000000000000000000000000000000000000100516ec45abce0
8735,000000000000000000000000000000000000000000000000000000000000000000000000000000000000000000000000000000000000000000d1ac3472d5bea0
8745,0000000000000000000000000000000000000000000000000000000000000000000000000000000000000000000000000000000000000000000fcb5d65b34500
8755,000000000000000000000000000000000000000000000000000000000000000000000000000000000000000000000000000000000000000000105da5aa9cd200
8765,00000000000000000000000000000000000000000000000000000000000000000000000000000000000000000000000000000000000000000014e7dc03af1960
8775,00000000000000000000000000000000000000000000000000000000000000000000000000000000000000000000000000000000000000000131d539e46075e0
8785,00000000000000000000000000000000000000000000000000000000000000000000000000000000000000000000000000000000000000000011414eb8cf8560
8795,000000000000000000000000000000000000000000000000000000000000000000000000000000000000000000000000000000000000000000168712718d4a20
8805,000000000000000000000000000000000000000000000000000000000000000000000000000000000000000000000000000000000000000000810fb043d82be0
8815,0000000000000000000000000000000000000000000000000000000000000000000000000000000000000000000000000000000000000000011578a24d9dcdc0
8825,0000000000000000000000000000000000000000000000000000000000000000000000000000000000000000000000000000000000000000008d25ae4bfa49a0
8835,000000000000000000000000000000000000000000000000000000000000000000000000000000000000000000000000000000000000000001272dd64d630be0
8845,0000000000000000000000000000000000000000000000000000000000000000000000000000000000000000000000000000000000000000001218888cc50640
8855,00000000000000000000000000000000000000000000000000000000000000000000000000000000000000000000000000000000000000000012a6f55bc9ba80
8865,000000000000000000000000000000000000000000000000000000000000000000000000000000000000000000000000000000000000000000161baf2a04cee0
8875,0000000000000000000000000000000000000000000000000000000000000000000000000000000000000000000000000000000000000000002049cca1cbbce0
8885,000000000000000000000000000000000000000000000000000000000000000000000000000000000000000000000000000000000000000000189a7c1c835540
8895,0000000000000000000000000000000000000000000000000000000000000000000000000000000000000000000000000000000000000000001e6f1e557938c0
8905,00000000000000000000000000000000000000000000000000000000000000000000000000000000000000000000000000000000000000000104410dcf3a2d20
8915,000000000000000000000000000000000000000000000000000000000000000000000000000000000000000000000000000000000000000000e1171ff2b9ebe0
8925,000000000000000000000000000000000000000000000000000000000000000000000000000000000000000000000000000000000000000001230ab96d5e4ca0
8935,0000000000000000000000000000000000000000000000000000000000000000000000000000000000000000000000000000000000000000007d9e40307810e0
8945,000000000000000000000000000000000000000000000000000000000000000000000000000000000000000000000000000000000000000001043a605985fae0
8955,0000000000000000000000000000000000000000000000000000000000000000000000000000000000000000000000000000000000000000002390495f7333c0
8965,000000000000000000000000000000000000000000000000000000000000000000000000000000000000000000000000000000000000000001009b5e4937f660
8975,0000000000000000000000000000000000000000000000000000000000000000000000000000000000000000000000000000000000000000000ca71e2f95c620
8985,00000000000000000000000000000000000000000000000000000000000000000000000000000000000000000000000000000000000000000016f554d66e1540
8995,000000000000000000000000000000000000000000000000000000000000000000000000000000000000000000000000000000000000000000196e8418126820
9005,0000000000000000000000000000000000000000000000000000000000000000000000000000000000000000000000000000000000000000003a6dee5edc5880
9015,00000000000000000000000000000000000000000000000000000000000000000000000000000000000000000000000000000000000000000017f9dab12ed400
9025,000000000000000000000000000000000000000000000000000000000000000000000000000000000000000000000000000000000000000001a0e917684947a0
9035,000000000000000000000000000000000000000000000000000000000000000000000000000000000000000000000000000000000000000000161854db79b860
9045,000000000000000000000000000000000000000000000000000000000000000000000000000000000000000000000000000000000000000000f4b87e0c6902c0
9055,0000000000000000000000000000000000000000000000000000000000000000000000000000000000000000000000000000000000000000000f2b3bb569d9a0
9065,0000000000000000000000000000000000000000000000000000000000000000000000000000000000000000000000000000000000000000001927aa89275640
9075,0000000000000000000000000000000000000000000000000000000000000000000000000000000000000000000000000000000000000000000ed3aa9dc68840
9085,0000000000000000000000000000000000000000000000000000000000000000000000000000000000000000000000000000000000000000001a6774074c3c20
9095,0000000000000000000000000000000000000000000000000000000000000000000000000000000000000000000000000000000000000000001d758be64a57e0
9105,0000000000000000000000000000000000000000000000000000000000000000000000000000000000000000000000000000000000000000001aec8b4d195660
9115,000000000000000000000000000000000000000000000000000000000000000000000000000000000000000000000000000000000000000000385c6c33c57400
9125,0000000000000000000000000000000000000000000000000000000000000000000000000000000000000000000000000000000000000000002ff938896107c0
9135,000000000000000000000000000000000000000000000000000000000000000000000000000000000000000000000000000000000000000000a874879c4c7b60
9145,0000000000000000000000000000000000000000000000000000000000000000000000000000000000000000000000000000000000000000002c8f276ba92920
9155,0000000000000000000000000000000000000000000000000000000000000000000000000000000000000000000000000000000000000000010f9fccbc52d620
9165,00000000000000000000000000000000000000000000000000000000000000000000000000000000000000000000000000000000000000000011ffc0535cd300
9175,00000000000000000000000000000000000000000000000000000000000000000000000000000000000000000000000000000000000000000137ade0ff872c80
9185,00000000000000000000000000000000000000000000000000000000000000000000000000000000000000000000000000000000000000000012e927feb646e0
9195,000000000000000000000000000000000000000000000000000000000000000000000000000000000000000000000000000000000000000000154301aec5e2e0
9205,0000000000000000000000000000000000000000000000000000000000000000000000000000000000000000000000000000000000000000012491cf843f2180
9215,0000000000000000000000000000000000000000000000000000000000000000000000000000000000000000000000000000000000000000001fd8c00bdffde0
9225,0000000000000000000000000000000000000000000000000000000000000000000000000000000000000000000000000000000000000000001aa700c7f04ea0
9235,0000000000000000000000000000000000000000000000000000000000000000000000000000000000000000000000000000000000000000001ff0bf1df348e0
9245,000000000000000000000000000000000000000000000000000000000000000000000000000000000000000000000000000000000000000001404a27c39ce7a0
9255,00000000000000000000000000000000000000000000000000000000000000000000000000000000000000000000000000000000000000000137e2d3d4935940
9265,00000000000000000000000000000000000000000000000000000000000000000000000000000000000000000000000000000000000000000162422aefcdebe0
9275,0000000000000000000000000000000000000000000000000000000000000000000000000000000000000000000000000000000000000000002099b34da48520
9285,00000000000000000000000000000000000000000000000000000000000000000000000000000000000000000000000000000000000000000018e22d0dd60b20
9295,0000000000000000000000000000000000000000000000000000000000000000000000000000000000000000000000000000000000000000012298ed1c6bc7c0
9305,000000000000000000000000000000000000000000000000000000000000000000000000000000000000000000000000000000000000000000da22c5083aece0
9315,0000000000000000000000000000000000000000000000000000000000000000000000000000000000000000000000000000000000000000002c2cf119a9c8c0
9325,0000000000000000000000000000000000000000000000000000000000000000000000000000000000000000000000000000000000000000010b7c7de62a1240
9335,0000000000000000000000000000000000000000000000000000000000000000000000000000000000000000000000000000000000000000003409f4c3405420
9345,000000000000000000000000000000000000000000000000000000000000000000000000000000000000000000000000000000000000000000e4bd075155e920
9355,00000000000000000000000000000000000000000000000000000000000000000000000000000000000000000000000000000000000000000068f418462a6d20
9365,000000000000000000000000000000000000000000000000000000000000000000000000000000000000000000000000000000000000000000132dbc2b525e40
9375,0000000000000000000000000000000000000000000000000000000000000000000000000000000000000000000000000000000000000000006a9abeee9bff20
9385,00000000000000000000000000000000000000000000000000000000000000000000000000000000000000000000000000000000000000000119e6bb1ebc7520
9395,0000000000000000000000000000000000000000000000000000000000000000000000000000000000000000000000000000000000000000003c0ee32f129c80
9405,00000000000000000000000000000000000000000000000000000000000000000000000000000000000000000000000000000000000000000121bc37befc3c60
9415,00000000000000000000000000000000000000000000000000000000000000000000000000000000000000000000000000000000000000000017bc97a19e5e00
9425,00000000000000000000000000000000000000000000000000000000000000000000000000000000000000000000000000000000000000000017f54f317d3a60
9435,000000000000000000000000000000000000000000000000000000000000000000000000000000000000000000000000000000000000000001057730eb8f61c0
9445,0000000000000000000000000000000000000000000000000000000000000000000000000000000000000000000000000000000000000000000a8055a377b860
9455,0000000000000000000000000000000000000000000000000000000000000000000000000000000000000000000000000000000000000000001a8ccaa251fea0
9465,00000000000000000000000000000000000000000000000000000000000000000000000000000000000000000000000000000000000000000039512d4aa9e640
9475,000000000000000000000000000000000000000000000000000000000000000000000000000000000000000000000000000000000000000000b6bd4160f99780
9485,000000000000000000000000000000000000000000000000000000000000000000000000000000000000000000000000000000000000000000cfdd9a60c68ec0
9495,000000000000000000000000000000000000000000000000000000000000000000000000000000000000000000000000000000000000000000f92122405bed20
9505,000000000000000000000000000000000000000000000000000000000000000000000000000000000000000000000000000000000000000001780ce7c6a98560
9515,0000000000000000000000000000000000000000000000000000000000000000000000000000000000000000000000000000000000000000001041470523bca0
9525,0000000000000000000000000000000000000000000000000000000000000000000000000000000000000000000000000000000000000000010f69553ffe6380
9535,00000000000000000000000000000000000000000000000000000000000000000000000000000000000000000000000000000000000000000010ff0682333220
9545,0000000000000000000000000000000000000000000000000000000000000000000000000000000000000000000000000000000000000000011087298f31fb40
9555,00000000000000000000000000000000000000000000000000000000000000000000000000000000000000000000000000000000000000000085ce7e995f3540
9565,0000000000000000000000000000000000000000000000000000000000000000000000000000000000000000000000000000000000000000001e2e6301384ea0
9575,00000000000000000000000000000000000000000000000000000000000000000000000000000000000000000000000000000000000000000190c376cd975920
9585,00000000000000000000000000000000000000000000000000000000000000000000000000000000000000000000000000000000000000000019cc2607eaa0c0
9595,000000000000000000000000000000000000000000000000000000000000000000000000000000000000000000000000000000000000000000fc1328213e3f60
9605,0000000000000000000000000000000000000000000000000000000000000000000000000000000000000000000000000000000000000000002baeaf498e2ec0
9615,0000000000000000000000000000000000000000000000000000000000000000000000000000000000000000000000000000000000000000002f2f47dbe8cf20
9625,000000000000000000000000000000000000000000000000000000000000000000000000000000000000000000000000000000000000000000f8dd0f3b199800
9635,00000000000000000000000000000000000000000000000000000000000000000000000000000000000000000000000000000000000000000021b4e8ba8f2a40
9645,00000000000000000000000000000000000000000000000000000000000000000000000000000000000000000000000000000000000000000110c073edcbdf80
9655,0000000000000000000000000000000000000000000000000000000000000000000000000000000000000000000000000000000000000000001088783b6b5ca0
9665,0000000000000000000000000000000000000000000000000000000000000000000000000000000000000000000000000000000000000000000e565ed772f7a0
9675,00000000000000000000000000000000000000000000000000000000000000000000000000000000000000000000000000000000000000000022a4c78302f000
9685,0000000000000000000000000000000000000000000000000000000000000000000000000000000000000000000000000000000000000000001708c5f2a88ea0
9695,0000000000000000000000000000000000000000000000000000000000000000000000000000000000000000000000000000000000000000000f8024436268c0
9705,0000000000000000000000000000000000000000000000000000000000000000000000000000000000000000000000000000000000000000004cc8b6bfc81b40
9715,0000000000000000000000000000000000000000000000000000000000000000000000000000000000000000000000000000000000000000011900a2c1eed580
9725,0000000000000000000000000000000000000000000000000000000000000000000000000000000000000000000000000000000000000000002273519a095d40
9735,0000000000000000000000000000000000000000000000000000000000000000000000000000000000000000000000000000000000000000000e72f6d585b9a0
9745,00000000000000000000000000000000000000000000000000000000000000000000000000000000000000000000000000000000000000000054ec7a15d54fa0
9755,000000000000000000000000000000000000000000000000000000000000000000000000000000000000000000000000000000000000000000bed2e95583fce0
9765,00000000000000000000000000000000000000000000000000000000000000000000000000000000000000000000000000000000000000000017494a15b21d20
9775,0000000000000000000000000000000000000000000000000000000000000000000000000000000000000000000000000000000000000000001cce10e7bac4c0
9785,0000000000000000000000000000000000000000000000000000000000000000000000000000000000000000000000000000000000000000001fc9cbd1ce41a0
9795,000000000000000000000000000000000000000000000000000000000000000000000000000000000000000000000000000000000000000000142696a4664200
9805,0000000000000000000000000000000000000000000000000000000000000000000000000000000000000000000000000000000000000000002a51af9c261c00
9815,0000000000000000000000000000000000000000000000000000000000000000000000000000000000000000000000000000000000000000012027f7f7c36300
9825,0000000000000000000000000000000000000000000000000000000000000000000000000000000000000000000000000000000000000000001c60225b71dd20
9835,00000000000000000000000000000000000000000000000000000000000000000000000000000000000000000000000000000000000000000014fbc5c743e7a0
9845,00000000000000000000000000000000000000000000000000000000000000000000000000000000000000000000000000000000000000000109838256f5f440
9855,000000000000000000000000000000000000000000000000000000000000000000000000000000000000000000000000000000000000000000ff2a898974c420
9865,0000000000000000000000000000000000000000000000000000000000000000000000000000000000000000000000000000000000000000004181bf64c67aa0
9875,000000000000000000000000000000000000000000000000000000000000000000000000000000000000000000000000000000000000000000201e777d54c3a0
9885,0000000000000000000000000000000000000000000000000000000000000000000000000000000000000000000000000000000000000000001248b73ac0f480
9895,0000000000000000000000000000000000000000000000000000000000000000000000000000000000000000000000000000000000000000002b1a79a24fb940
9905,0000000000000000000000000000000000000000000000000000000000000000000000000000000000000000000000000000000000000000000d0c7a951010c0
9915,0000000000000000000000000000000000000000000000000000000000000000000000000000000000000000000000000000000000000000001f8a3b2eb44ac0
9925,000000000000000000000000000000000000000000000000000000000000000000000000000000000000000000000000000000000000000001163d68405b7640
9935,0000000000000000000000000000000000000000000000000000000000000000000000000000000000000000000000000000000000000000001cec833e4b1a20
9945,00000000000000000000000000000000000000000000000000000000000000000000000000000000000000000000000000000000000000000010ec2b5c160060
9955,0000000000000000000000000000000000000000000000000000000000000000000000000000000000000000000000000000000000000000001962b3d3f1e200
9965,0000000000000000000000000000000000000000000000000000000000000000000000000000000000000000000000000000000000000000010c3e0d31bcb360
9975,0000000000000000000000000000000000000000000000000000000000000000000000000000000000000000000000000000000000000000002dee14a2c897e0
9985,00000000000000000000000000000000000000000000000000000000000000000000000000000000000000000000000000000000000000000152c195c0245a20
9995,0000000000000000000000000000000000000000000000000000000000000000000000000000000000000000000000000000000000000000004d252ccd3e6180
10005,0000000000000000000000000000000000000000000000000000000000000000000000000000000000000000000000000000000000000000004d7463c7e7ecc0
10015,000000000000000000000000000000000000000000000000000000000000000000000000000000000000000000000000000000000000000000fc230982a276e0
10025,000000000000000000000000000000000000000000000000000000000000000000000000000000000000000000000000000000000000000000701d41de559260
10035,00000000000000000000000000000000000000000000000000000000000000000000000000000000000000000000000000000000000000000077d5328a6ba580
10045,0000000000000000000000000000000000000000000000000000000000000000000000000000000000000000000000000000000000000000011ffe4d66e0e660
10055,00000000000000000000000000000000000000000000000000000000000000000000000000000000000000000000000000000000000000000161197aab2e4400
10065,000000000000000000000000000000000000000000000000000000000000000000000000000000000000000000000000000000000000000001198b84a4e1e140
10075,000000000000000000000000000000000000000000000000000000000000000000000000000000000000000000000000000000000000000000169d693ed0dd00
10085,000000000000000000000000000000000000000000000000000000000000000000000000000000000000000000000000000000000000000000369a8aaab37260
10095,000000000000000000000000000000000000000000000000000000000000000000000000000000000000000000000000000000000000000000102df123fb1ec0
10105,0000000000000000000000000000000000000000000000000000000000000000000000000000000000000000000000000000000000000000002222a6d0b3f360
10115,0000000000000000000000000000000000000000000000000000000000000000000000000000000000000000000000000000000000000000000f9a1d9a3fe560
10125,000000000000000000000000000000000000000000000000000000000000000000000000000000000000000000000000000000000000000000276bf957f94500
10135,00000000000000000000000000000000000000000000000000000000000000000000000000000000000000000000000000000000000000000053d0c1a8f37e40
10145,00000000000000000000000000000000000000000000000000000000000000000000000000000000000000000000000000000000000000000024033c57b45400
10155,00000000000000000000000000000000000000000000000000000000000000000000000000000000000000000000000000000000000000000013f94aa773a100
10165,00000000000000000000000000000000000000000000000000000000000000000000000000000000000000000000000000000000000000000124ef9607c61e40
10175,00000000000000000000000000000000000000000000000000000000000000000000000000000000000000000000000000000000000000000024d4aae7217880
10185,0000000000000000000000000000000000000000000000000000000000000000000000000000000000000000000000000000000000000000010caeb5bdd69280
10195,0000000000000000000000000000000000000000000000000000000000000000000000000000000000000000000000000000000000000000001933cec3699680
10205,000000000000000000000000000000000000000000000000000000000000000000000000000000000000000000000000000000000000000001217c216ab03400
10215,000000000000000000000000000000000000000000000000000000000000000000000000000000000000000000000000000000000000000000199c2528b088a0
10225,000000000000000000000000000000000000000000000000000000000000000000000000000000000000000000000000000000000000000000291fde1d104020
10235,000000000000000000000000000000000000000000000000000000000000000000000000000000000000000000000000000000000000000000207f1076d27460
10245,00000000000000000000000000000000000000000000000000000000000000000000000000000000000000000000000000000000000000000015a0d6b24be580
10255,00000000000000000000000000000000000000000000000000000000000000000000000000000000000000000000000000000000000000000016b422e4ab50a0
10265,00000000000000000000000000000000000000000000000000000000000000000000000000000000000000000000000000000000000000000082922a9ff4cde0
10275,000000000000000000000000000000000000000000000000000000000000000000000000000000000000000000000000000000000000000000cd203a5ece3660
10285,0000000000000000000000000000000000000000000000000000000000000000000000000000000000000000000000000000000000000000004a74d1b6b43920
10295,000000000000000000000000000000000000000000000000000000000000000000000000000000000000000000000000000000000000000000226dbb692ea860
10305,000000000000000000000000000000000000000000000000000000000000000000000000000000000000000000000000000000000000000001019a9c7318b620
10315,000000000000000000000000000000000000000000000000000000000000000000000000000000000000000000000000000000000000000000c489784b945e00
10325,00000000000000000000000000000000000000000000000000000000000000000000000000000000000000000000000000000000000000000011aaf2769d8b20
10335,00000000000000000000000000000000000000000000000000000000000000000000000000000000000000000000000000000000000000000024d14a49d1e280
10345,00000000000000000000000000000000000000000000000000000000000000000000000000000000000000000000000000000000000000000129f938bab87f60
10355,00000000000000000000000000000000000000000000000000000000000000000000000000000000000000000000000000000000000000000016104e0d3f4180
10365,000000000000000000000000000000000000000000000000000000000000000000000000000000000000000000000000000000000000000000270a8d686268e0
10375,0000000000000000000000000000000000000000000000000000000000000000000000000000000000000000000000000000000000000000000e68a324fcc9a0
10385,0000000000000000000000000000000000000000000000000000000000000000000000000000000000000000000000000000000000000000001c2028f372a6c0
10395,0000000000000000000000000000000000000000000000000000000000000000000000000000000000000000000000000000000000000000016dd2d3f7136700
10405,000000000000000000000000000000000000000000000000000000000000000000000000000000000000000000000000000000000000000000686f8eb18eda60
10415,000000000000000000000000000000000000000000000000000000000000000000000000000000000000000000000000000000000000000000179dc25ec5ee20
10425,000000000000000000000000000000000000000000000000000000000000000000000000000000000000000000000000000000000000000000177f13eaafcd20
10435,000000000000000000000000000000000000000000000000000000000000000000000000000000000000000000000000000000000000000000194e951060a600
10445,0000000000000000000000000000000000000000000000000000000000000000000000000000000000000000000000000000000000000000004615364711c640
10455,00000000000000000000000000000000000000000000000000000000000000000000000000000000000000000000000000000000000000000020dc570e134ae0
10465,00000000000000000000000000000000000000000000000000000000000000000000000000000000000000000000000000000000000000000042d79a3a0c3f20
10475,00000000000000000000000000000000000000000000000000000000000000000000000000000000000000000000000000000000000000000017d77aee937940
10485,00000000000000000000000000000000000000000000000000000000000000000000000000000000000000000000000000000000000000000020352840b9a920
10495,00000000000000000000000000000000000000000000000000000000000000000000000000000000000000000000000000000000000000000024bf93cb036ea0
10505,0000000000000000000000000000000000000000000000000000000000000000000000000000000000000000000000000000000000000000003842cedce1c460
10515,0000000000000000000000000000000000000000000000000000000000000000000000000000000000000000000000000000000000000000012d573ca8052de0
10525,000000000000000000000000000000000000000000000000000000000000000000000000000000000000000000000000000000000000000000277ef7e08a3bc0
10535,00000000000000000000000000000000000000000000000000000000000000000000000000000000000000000000000000000000000000000141877ecbc4a180
10545,00000000000000000000000000000000000000000000000000000000000000000000000000000000000000000000000000000000000000000012b30b64d1dbe0
10555,0000000000000000000000000000000000000000000000000000000000000000000000000000000000000000000000000000000000000000000a09e3ab72e6e0
10565,0000000000000000000000000000000000000000000000000000000000000000000000000000000000000000000000000000000000000000002c0b15d7058060
10575,0000000000000000000000000000000000000000000000000000000000000000000000000000000000000000000000000000000000000000013169f592fd4700
10585,0000000000000000000000000000000000000000000000000000000000000000000000000000000000000000000000000000000000000000002d4f2a061b7180
10595,000000000000000000000000000000000000000000000000000000000000000000000000000000000000000000000000000000000000000000d1ce1dd302ec20
10605,0000000000000000000000000000000000000000000000000000000000000000000000000000000000000000000000000000000000000000006bbeeadaec0820
10615,000000000000000000000000000000000000000000000000000000000000000000000000000000000000000000000000000000000000000000207efebbbff500