Zeit (ns),Daten (Hex)
1295,000000000000000000000000000000000000000000000000000000000000000000000000000000000000000000000000000000000000000000707acd931b9940
1305,0000000000000000000000000000000000000000000000000000000000000000000000000000000000000000000000000000000000000000003c75106d1c5e60
1315,0000000000000000000000000000000000000000000000000000000000000000000000000000000000000000000000000000000000000000002dce15fd8e0a80
1325,0000000000000000000000000000000000000000000000000000000000000000000000000000000000000000000000000000000000000000003ab89ced855020
1335,0000000000000000000000000000000000000000000000000000000000000000000000000000000000000000000000000000000000000000003d230aeb3bda20
1345,00000000000000000000000000000000000000000000000000000000000000000000000000000000000000000000000000000000000000000033325f03024000
1355,00000000000000000000000000000000000000000000000000000000000000000000000000000000000000000000000000000000000000000032b62ac67476e0
1365,00000000000000000000000000000000000000000000000000000000000000000000000000000000000000000000000000000000000000000053a889fa6e2b40
1375,00000000000000000000000000000000000000000000000000000000000000000000000000000000000000000000000000000000000000000020443ac98e46e0
1385,00000000000000000000000000000000000000000000000000000000000000000000000000000000000000000000000000000000000000000039307f74401340
1395,0000000000000000000000000000000000000000000000000000000000000000000000000000000000000000000000000000000000000000002976d052481ee0
1405,0000000000000000000000000000000000000000000000000000000000000000000000000000000000000000000000000000000000000000002632831e539180
1415,00000000000000000000000000000000000000000000000000000000000000000000000000000000000000000000000000000000000000000045a1499da66580
1425,0000000000000000000000000000000000000000000000000000000000000000000000000000000000000000000000000000000000000000003b64aece3bdfe0
1435,0000000000000000000000000000000000000000000000000000000000000000000000000000000000000000000000000000000000000000004cacd806952c20
1445,0000000000000000000000000000000000000000000000000000000000000000000000000000000000000000000000000000000000000000001e31144fcec860
1455,0000000000000000000000000000000000000000000000000000000000000000000000000000000000000000000000000000000000000000003407eb5714b1c0
1465,00000000000000000000000000000000000000000000000000000000000000000000000000000000000000000000000000000000000000000030af92733eda60
1475,0000000000000000000000000000000000000000000000000000000000000000000000000000000000000000000000000000000000000000003294c8663e30a0
1485,00000000000000000000000000000000000000000000000000000000000000000000000000000000000000000000000000000000000000000035ac417fae3060
1495,0000000000000000000000000000000000000000000000000000000000000000000000000000000000000000000000000000000000000000005974f2a040b4e0
1505,000000000000000000000000000000000000000000000000000000000000000000000000000000000000000000000000000000000000000000258a430c200ae0
1515,00000000000000000000000000000000000000000000000000000000000000000000000000000000000000000000000000000000000000000025c16c12412480
1525,00000000000000000000000000000000000000000000000000000000000000000000000000000000000000000000000000000000000000000035c38e6a6b0660
1535,0000000000000000000000000000000000000000000000000000000000000000000000000000000000000000000000000000000000000000003214e90c65d6a0
1545,00000000000000000000000000000000000000000000000000000000000000000000000000000000000000000000000000000000000000000015aa8e1df30e60
1555,00000000000000000000000000000000000000000000000000000000000000000000000000000000000000000000000000000000000000000028353afba4ab80
1565,00000000000000000000000000000000000000000000000000000000000000000000000000000000000000000000000000000000000000000019df82adff18a0
1575,0000000000000000000000000000000000000000000000000000000000000000000000000000000000000000000000000000000000000000002f3fc829911620
1585,0000000000000000000000000000000000000000000000000000000000000000000000000000000000000000000000000000000000000000002d80ca82c360e0
1595,0000000000000000000000000000000000000000000000000000000000000000000000000000000000000000000000000000000000000000002c9d007492e6c0
1605,000000000000000000000000000000000000000000000000000000000000000000000000000000000000000000000000000000000000000000471aef7082bc40
1615,0000000000000000000000000000000000000000000000000000000000000000000000000000000000000000000000000000000000000000006405fa42986ec0
1625,000000000000000000000000000000000000000000000000000000000000000000000000000000000000000000000000000000000000000000422574c60d4600
1635,0000000000000000000000000000000000000000000000000000000000000000000000000000000000000000000000000000000000000000003ea474eecd4c40
1645,000000000000000000000000000000000000000000000000000000000000000000000000000000000000000000000000000000000000000000226dcc73062000
1655,0000000000000000000000000000000000000000000000000000000000000000000000000000000000000000000000000000000000000000004341cbf7d0b360
1665,00000000000000000000000000000000000000000000000000000000000000000000000000000000000000000000000000000000000000000038597a166e6be0
1675,00000000000000000000000000000000000000000000000000000000000000000000000000000000000000000000000000000000000000000025542037285a20
1685,0000000000000000000000000000000000000000000000000000000000000000000000000000000000000000000000000000000000000000003a0e378cb1e0c0
1695,000000000000000000000000000000000000000000000000000000000000000000000000000000000000000000000000000000000000000000308f067f48e640
1705,000000000000000000000000000000000000000000000000000000000000000000000000000000000000000000000000000000000000000000393d4010edf140
1715,0000000000000000000000000000000000000000000000000000000000000000000000000000000000000000000000000000000000000000003f2854172595e0
1725,000000000000000000000000000000000000000000000000000000000000000000000000000000000000000000000000000000000000000000413bc824911540
1735,000000000000000000000000000000000000000000000000000000000000000000000000000000000000000000000000000000000000000000413bf1d5c959c0
1745,000000000000000000000000000000000000000000000000000000000000000000000000000000000000000000000000000000000000000000320a2765bced00
1755,0000000000000000000000000000000000000000000000000000000000000000000000000000000000000000000000000000000000000000004586fc3cf5f500
1765,0000000000000000000000000000000000000000000000000000000000000000000000000000000000000000000000000000000000000000002f6e95e17d6a80
1775,0000000000000000000000000000000000000000000000000000000000000000000000000000000000000000000000000000000000000000002147987d008420
1785,0000000000000000000000000000000000000000000000000000000000000000000000000000000000000000000000000000000000000000003c07af39677a60
1795,0000000000000000000000000000000000000000000000000000000000000000000000000000000000000000000000000000000000000000002f50aa14bca1e0
1805,0000000000000000000000000000000000000000000000000000000000000000000000000000000000000000000000000000000000000000004fa5475357a8c0
1815,0000000000000000000000000000000000000000000000000000000000000000000000000000000000000000000000000000000000000000004df5f0bf2d2c80
1825,00000000000000000000000000000000000000000000000000000000000000000000000000000000000000000000000000000000000000000021572605ccd820
1835,00000000000000000000000000000000000000000000000000000000000000000000000000000000000000000000000000000000000000000033463677d35dc0
1845,0000000000000000000000000000000000000000000000000000000000000000000000000000000000000000000000000000000000000000003287cef0f69d60
1855,000000000000000000000000000000000000000000000000000000000000000000000000000000000000000000000000000000000000000000263373281c0260
1865,00000000000000000000000000000000000000000000000000000000000000000000000000000000000000000000000000000000000000000032090eaabc2660
1875,00000000000000000000000000000000000000000000000000000000000000000000000000000000000000000000000000000000000000000038155324dea980
1885,0000000000000000000000000000000000000000000000000000000000000000000000000000000000000000000000000000000000000000003e307245636700
1895,0000000000000000000000000000000000000000000000000000000000000000000000000000000000000000000000000000000000000000003a6919cb7e7060
1905,00000000000000000000000000000000000000000000000000000000000000000000000000000000000000000000000000000000000000000049335a877133c0
1915,0000000000000000000000000000000000000000000000000000000000000000000000000000000000000000000000000000000000000000005b5105ec7b2ac0
1925,00000000000000000000000000000000000000000000000000000000000000000000000000000000000000000000000000000000000000000032bbac639f53a0
1935,0000000000000000000000000000000000000000000000000000000000000000000000000000000000000000000000000000000000000000003e488539eb8260
1945,0000000000000000000000000000000000000000000000000000000000000000000000000000000000000000000000000000000000000000003709ae2d0eeae0
1955,00000000000000000000000000000000000000000000000000000000000000000000000000000000000000000000000000000000000000000036d96ef53b7c60
1965,00000000000000000000000000000000000000000000000000000000000000000000000000000000000000000000000000000000000000000035b93eb0093480
1975,00000000000000000000000000000000000000000000000000000000000000000000000000000000000000000000000000000000000000000051f2d72b9db4c0
1985,00000000000000000000000000000000000000000000000000000000000000000000000000000000000000000000000000000000000000000033a565c02e5a00
1995,0000000000000000000000000000000000000000000000000000000000000000000000000000000000000000000000000000000000000000003232eb31c2a7a0
2005,00000000000000000000000000000000000000000000000000000000000000000000000000000000000000000000000000000000000000000048f73c29081880
2015,00000000000000000000000000000000000000000000000000000000000000000000000000000000000000000000000000000000000000000014e6c983c19880
2025,0000000000000000000000000000000000000000000000000000000000000000000000000000000000000000000000000000000000000000002c2ab554e40100
2035,00000000000000000000000000000000000000000000000000000000000000000000000000000000000000000000000000000000000000000019db55733373a0
2045,0000000000000000000000000000000000000000000000000000000000000000000000000000000000000000000000000000000000000000001788e738cb3c60
2055,00000000000000000000000000000000000000000000000000000000000000000000000000000000000000000000000000000000000000000062e1294c7ae720
2065,0000000000000000000000000000000000000000000000000000000000000000000000000000000000000000000000000000000000000000003f731d0842edc0
2075,0000000000000000000000000000000000000000000000000000000000000000000000000000000000000000000000000000000000000000001fdcdbda5e0a80
2085,0000000000000000000000000000000000000000000000000000000000000000000000000000000000000000000000000000000000000000002ef6471ad3cda0
2095,0000000000000000000000000000000000000000000000000000000000000000000000000000000000000000000000000000000000000000004cec6f47388980
2105,00000000000000000000000000000000000000000000000000000000000000000000000000000000000000000000000000000000000000000033d2c0296ec720
2115,000000000000000000000000000000000000000000000000000000000000000000000000000000000000000000000000000000000000000000620cc71fb6d460
2125,000000000000000000000000000000000000000000000000000000000000000000000000000000000000000000000000000000000000000000406812d05ee6c0
2135,000000000000000000000000000000000000000000000000000000000000000000000000000000000000000000000000000000000000000000206d571f66a7c0
2145,0000000000000000000000000000000000000000000000000000000000000000000000000000000000000000000000000000000000000000002ba020fbc45940
2155,0000000000000000000000000000000000000000000000000000000000000000000000000000000000000000000000000000000000000000004c7f9f1d527d20
2165,0000000000000000000000000000000000000000000000000000000000000000000000000000000000000000000000000000000000000000005701c519487560
2175,00000000000000000000000000000000000000000000000000000000000000000000000000000000000000000000000000000000000000000043b723e60fe880
2185,00000000000000000000000000000000000000000000000000000000000000000000000000000000000000000000000000000000000000000031fe023f2bf7c0
2195,0000000000000000000000000000000000000000000000000000000000000000000000000000000000000000000000000000000000000000004748eb6d698140
2205,00000000000000000000000000000000000000000000000000000000000000000000000000000000000000000000000000000000000000000024d6d222100500
2215,0000000000000000000000000000000000000000000000000000000000000000000000000000000000000000000000000000000000000000002d18ae6264d060
2225,0000000000000000000000000000000000000000000000000000000000000000000000000000000000000000000000000000000000000000002fca9a5b4a1ce0
2235,000000000000000000000000000000000000000000000000000000000000000000000000000000000000000000000000000000000000000000168740a2c54100
2245,000000000000000000000000000000000000000000000000000000000000000000000000000000000000000000000000000000000000000000332e10a0d660c0
2255,0000000000000000000000000000000000000000000000000000000000000000000000000000000000000000000000000000000000000000001a56bde10a0c20
2265,0000000000000000000000000000000000000000000000000000000000000000000000000000000000000000000000000000000000000000002829029028b3e0
2275,0000000000000000000000000000000000000000000000000000000000000000000000000000000000000000000000000000000000000000001d56d319975f80
2285,00000000000000000000000000000000000000000000000000000000000000000000000000000000000000000000000000000000000000000042fc400658ff40
2295,0000000000000000000000000000000000000000000000000000000000000000000000000000000000000000000000000000000000000000002d2650ba1729c0
2305,000000000000000000000000000000000000000000000000000000000000000000000000000000000000000000000000000000000000000000396b94a17ff960
2315,00000000000000000000000000000000000000000000000000000000000000000000000000000000000000000000000000000000000000000026204f333ecc40
2325,000000000000000000000000000000000000000000000000000000000000000000000000000000000000000000000000000000000000000000185e2f3444bf40
2335,0000000000000000000000000000000000000000000000000000000000000000000000000000000000000000000000000000000000000000003e7e575dad8f60
2345,00000000000000000000000000000000000000000000000000000000000000000000000000000000000000000000000000000000000000000059ed17fa9e5760
2355,0000000000000000000000000000000000000000000000000000000000000000000000000000000000000000000000000000000000000000002d76ea3e816ec0
2365,0000000000000000000000000000000000000000000000000000000000000000000000000000000000000000000000000000000000000000002d98ae461396a0
2375,0000000000000000000000000000000000000000000000000000000000000000000000000000000000000000000000000000000000000000001f582ced277220
2385,00000000000000000000000000000000000000000000000000000000000000000000000000000000000000000000000000000000000000000023036de8f0fe20
2395,0000000000000000000000000000000000000000000000000000000000000000000000000000000000000000000000000000000000000000002a7638caeaf120
2405,00000000000000000000000000000000000000000000000000000000000000000000000000000000000000000000000000000000000000000050ef27a96c0e60
2415,000000000000000000000000000000000000000000000000000000000000000000000000000000000000000000000000000000000000000000180e7a437c4e60
2425,0000000000000000000000000000000000000000000000000000000000000000000000000000000000000000000000000000000000000000005acb6326b776e0
2435,00000000000000000000000000000000000000000000000000000000000000000000000000000000000000000000000000000000000000000034e22cf99ad840
2445,000000000000000000000000000000000000000000000000000000000000000000000000000000000000000000000000000000000000000000253c30a51403c0
2455,000000000000000000000000000000000000000000000000000000000000000000000000000000000000000000000000000000000000000000401fc31a2a94e0
2465,000000000000000000000000000000000000000000000000000000000000000000000000000000000000000000000000000000000000000000312ada087a1fa0
2475,0000000000000000000000000000000000000000000000000000000000000000000000000000000000000000000000000000000000000000004b67494dc01f40
2485,000000000000000000000000000000000000000000000000000000000000000000000000000000000000000000000000000000000000000000313a1169e9cba0
2495,0000000000000000000000000000000000000000000000000000000000000000000000000000000000000000000000000000000000000000001f3468e5b7ca40
2505,00000000000000000000000000000000000000000000000000000000000000000000000000000000000000000000000000000000000000000014a3672fae6f20
2515,000000000000000000000000000000000000000000000000000000000000000000000000000000000000000000000000000000000000000000324a0392aa6a60
2525,000000000000000000000000000000000000000000000000000000000000000000000000000000000000000000000000000000000000000000296554fad824c0
2535,00000000000000000000000000000000000000000000000000000000000000000000000000000000000000000000000000000000000000000032b4b8d0660240
2545,00000000000000000000000000000000000000000000000000000000000000000000000000000000000000000000000000000000000000000017cf852057dd20
2555,0000000000000000000000000000000000000000000000000000000000000000000000000000000000000000000000000000000000000000001ba53fd4586680
2565,0000000000000000000000000000000000000000000000000000000000000000000000000000000000000000000000000000000000000000005983a0d07e8bc0
2575,00000000000000000000000000000000000000000000000000000000000000000000000000000000000000000000000000000000000000000037f0d8b12c8780
2585,0000000000000000000000000000000000000000000000000000000000000000000000000000000000000000000000000000000000000000002988d4e4c28b00
2595,00000000000000000000000000000000000000000000000000000000000000000000000000000000000000000000000000000000000000000039b4f4eb532860
2605,0000000000000000000000000000000000000000000000000000000000000000000000000000000000000000000000000000000000000000004d58fe53992080
2615,0000000000000000000000000000000000000000000000000000000000000000000000000000000000000000000000000000000000000000002e1bcab3654e20
2625,0000000000000000000000000000000000000000000000000000000000000000000000000000000000000000000000000000000000000000004925d939953e00
2635,0000000000000000000000000000000000000000000000000000000000000000000000000000000000000000000000000000000000000000003c624e6e5ff0e0
2645,0000000000000000000000000000000000000000000000000000000000000000000000000000000000000000000000000000000000000000001b3f106eec53a0
2655,0000000000000000000000000000000000000000000000000000000000000000000000000000000000000000000000000000000000000000003101da329fd320
2665,000000000000000000000000000000000000000000000000000000000000000000000000000000000000000000000000000000000000000000244789dcf2b800
2675,00000000000000000000000000000000000000000000000000000000000000000000000000000000000000000000000000000000000000000064fb216d273b40
2685,00000000000000000000000000000000000000000000000000000000000000000000000000000000000000000000000000000000000000000022bf23bc4fea40
2695,0000000000000000000000000000000000000000000000000000000000000000000000000000000000000000000000000000000000000000003bc536c7bab5e0
2705,00000000000000000000000000000000000000000000000000000000000000000000000000000000000000000000000000000000000000000032e4db121401e0
2715,00000000000000000000000000000000000000000000000000000000000000000000000000000000000000000000000000000000000000000025e7c44abf63c0
2725,0000000000000000000000000000000000000000000000000000000000000000000000000000000000000000000000000000000000000000003b222d66685380
2735,0000000000000000000000000000000000000000000000000000000000000000000000000000000000000000000000000000000000000000002ba9a8676ebe20
2745,00000000000000000000000000000000000000000000000000000000000000000000000000000000000000000000000000000000000000000027136dca3f71a0
2755,00000000000000000000000000000000000000000000000000000000000000000000000000000000000000000000000000000000000000000043562b3b5d96c0
2765,000000000000000000000000000000000000000000000000000000000000000000000000000000000000000000000000000000000000000000658c12284f50c0
2775,00000000000000000000000000000000000000000000000000000000000000000000000000000000000000000000000000000000000000000025cb28d6857b00
2785,0000000000000000000000000000000000000000000000000000000000000000000000000000000000000000000000000000000000000000002a1fe7da948340
2795,0000000000000000000000000000000000000000000000000000000000000000000000000000000000000000000000000000000000000000001b334e522d4f80
2805,00000000000000000000000000000000000000000000000000000000000000000000000000000000000000000000000000000000000000000033e18f3c208e20
2815,0000000000000000000000000000000000000000000000000000000000000000000000000000000000000000000000000000000000000000003c302336ada960
2825,0000000000000000000000000000000000000000000000000000000000000000000000000000000000000000000000000000000000000000002c1b9aae8616a0
2835,00000000000000000000000000000000000000000000000000000000000000000000000000000000000000000000000000000000000000000023a1d419584be0
2845,0000000000000000000000000000000000000000000000000000000000000000000000000000000000000000000000000000000000000000003c0c5fea51a620
2855,0000000000000000000000000000000000000000000000000000000000000000000000000000000000000000000000000000000000000000003d3ccb4bf5cae0
2865,0000000000000000000000000000000000000000000000000000000000000000000000000000000000000000000000000000000000000000002c996a39bd1500
2875,00000000000000000000000000000000000000000000000000000000000000000000000000000000000000000000000000000000000000000022d02d628c79e0
2885,0000000000000000000000000000000000000000000000000000000000000000000000000000000000000000000000000000000000000000001ee89aafbfbe80
2895,000000000000000000000000000000000000000000000000000000000000000000000000000000000000000000000000000000000000000000144ca67a733a80
2905,000000000000000000000000000000000000000000000000000000000000000000000000000000000000000000000000000000000000000000439c592cca6060
2915,00000000000000000000000000000000000000000000000000000000000000000000000000000000000000000000000000000000000000000028e795c83d9640
2925,0000000000000000000000000000000000000000000000000000000000000000000000000000000000000000000000000000000000000000003dfc87d2bb9100
2935,000000000000000000000000000000000000000000000000000000000000000000000000000000000000000000000000000000000000000000240565302c9d40
2945,0000000000000000000000000000000000000000000000000000000000000000000000000000000000000000000000000000000000000000002e1053aa527600
2955,000000000000000000000000000000000000000000000000000000000000000000000000000000000000000000000000000000000000000000295cb84a31a000
2965,000000000000000000000000000000000000000000000000000000000000000000000000000000000000000000000000000000000000000000229bd16fec49c0
2975,000000000000000000000000000000000000000000000000000000000000000000000000000000000000000000000000000000000000000000208d71f5da6280
2985,0000000000000000000000000000000000000000000000000000000000000000000000000000000000000000000000000000000000000000002747c733073000
2995,0000000000000000000000000000000000000000000000000000000000000000000000000000000000000000000000000000000000000000005a54cdfd79f0c0
3005,0000000000000000000000000000000000000000000000000000000000000000000000000000000000000000000000000000000000000000005acf7675361620
3015,000000000000000000000000000000000000000000000000000000000000000000000000000000000000000000000000000000000000000000639f0970ea9f80
3025,0000000000000000000000000000000000000000000000000000000000000000000000000000000000000000000000000000000000000000003c570a2a35fbc0
3035,0000000000000000000000000000000000000000000000000000000000000000000000000000000000000000000000000000000000000000004aa995c6d73de0
3045,000000000000000000000000000000000000000000000000000000000000000000000000000000000000000000000000000000000000000000322110bccf3da0
3055,00000000000000000000000000000000000000000000000000000000000000000000000000000000000000000000000000000000000000000023327fdbec6ac0
3065,0000000000000000000000000000000000000000000000000000000000000000000000000000000000000000000000000000000000000000003b813260013d40
3075,0000000000000000000000000000000000000000000000000000000000000000000000000000000000000000000000000000000000000000003829b8de927fe0
3085,0000000000000000000000000000000000000000000000000000000000000000000000000000000000000000000000000000000000000000002a25488b72d300
3095,00000000000000000000000000000000000000000000000000000000000000000000000000000000000000000000000000000000000000000056a81f33041ea0
3105,000000000000000000000000000000000000000000000000000000000000000000000000000000000000000000000000000000000000000000298a0bf85ed000
3115,00000000000000000000000000000000000000000000000000000000000000000000000000000000000000000000000000000000000000000026f88efd4a08c0
3125,00000000000000000000000000000000000000000000000000000000000000000000000000000000000000000000000000000000000000000049728e65a51c20
3135,0000000000000000000000000000000000000000000000000000000000000000000000000000000000000000000000000000000000000000005dec2953384020
3145,00000000000000000000000000000000000000000000000000000000000000000000000000000000000000000000000000000000000000000048d4ca48e41da0
3155,0000000000000000000000000000000000000000000000000000000000000000000000000000000000000000000000000000000000000000002d9fe1c5975e40
3165,0000000000000000000000000000000000000000000000000000000000000000000000000000000000000000000000000000000000000000003ccdea985abe40
3175,0000000000000000000000000000000000000000000000000000000000000000000000000000000000000000000000000000000000000000001d36217468e1e0
3185,000000000000000000000000000000000000000000000000000000000000000000000000000000000000000000000000000000000000000000168c75f13055c0
3195,000000000000000000000000000000000000000000000000000000000000000000000000000000000000000000000000000000000000000000345b61bdc3bbe0
3205,0000000000000000000000000000000000000000000000000000000000000000000000000000000000000000000000000000000000000000002f7c8bc302c060
3215,000000000000000000000000000000000000000000000000000000000000000000000000000000000000000000000000000000000000000000363fc84e5ae420
3225,000000000000000000000000000000000000000000000000000000000000000000000000000000000000000000000000000000000000000000444e4a5be09060
3235,0000000000000000000000000000000000000000000000000000000000000000000000000000000000000000000000000000000000000000004185170216abe0
3245,00000000000000000000000000000000000000000000000000000000000000000000000000000000000000000000000000000000000000000034bddfa36f84a0
3255,0000000000000000000000000000000000000000000000000000000000000000000000000000000000000000000000000000000000000000006bd2513c138960
3265,00000000000000000000000000000000000000000000000000000000000000000000000000000000000000000000000000000000000000000055be442f14e6a0
3275,0000000000000000000000000000000000000000000000000000000000000000000000000000000000000000000000000000000000000000002fe7b7c5a2a640
3285,0000000000000000000000000000000000000000000000000000000000000000000000000000000000000000000000000000000000000000002f76412fbe0bc0
3295,0000000000000000000000000000000000000000000000000000000000000000000000000000000000000000000000000000000000000000002c3d9484d98aa0
3305,00000000000000000000000000000000000000000000000000000000000000000000000000000000000000000000000000000000000000000045c7ed3895b7c0
3315,00000000000000000000000000000000000000000000000000000000000000000000000000000000000000000000000000000000000000000032869d5d59f980
3325,000000000000000000000000000000000000000000000000000000000000000000000000000000000000000000000000000000000000000000506040bce5bc00
3335,0000000000000000000000000000000000000000000000000000000000000000000000000000000000000000000000000000000000000000006adf2d38c47ca0
3345,000000000000000000000000000000000000000000000000000000000000000000000000000000000000000000000000000000000000000000230fa2ad0abea0
3355,0000000000000000000000000000000000000000000000000000000000000000000000000000000000000000000000000000000000000000001ff7d31d792fe0
3365,0000000000000000000000000000000000000000000000000000000000000000000000000000000000000000000000000000000000000000003f458832b7ab80
3375,00000000000000000000000000000000000000000000000000000000000000000000000000000000000000000000000000000000000000000024d0ec3fff9b20
3385,0000000000000000000000000000000000000000000000000000000000000000000000000000000000000000000000000000000000000000004853eeaa307480
3395,00000000000000000000000000000000000000000000000000000000000000000000000000000000000000000000000000000000000000000012bbe077eabb60
3405,0000000000000000000000000000000000000000000000000000000000000000000000000000000000000000000000000000000000000000001c84e5805a2ce0
3415,0000000000000000000000000000000000000000000000000000000000000000000000000000000000000000000000000000000000000000004abe0ad9279560
3425,0000000000000000000000000000000000000000000000000000000000000000000000000000000000000000000000000000000000000000004abee43b8f16e0
3435,0000000000000000000000000000000000000000000000000000000000000000000000000000000000000000000000000000000000000000003886c230eb2880
3445,000000000000000000000000000000000000000000000000000000000000000000000000000000000000000000000000000000000000000000360990be50e7c0
3455,00000000000000000000000000000000000000000000000000000000000000000000000000000000000000000000000000000000000000000018af39d6313da0
3465,0000000000000000000000000000000000000000000000000000000000000000000000000000000000000000000000000000000000000000004e06d5be09be40
3475,00000000000000000000000000000000000000000000000000000000000000000000000000000000000000000000000000000000000000000049a41844c4b900
3485,0000000000000000000000000000000000000000000000000000000000000000000000000000000000000000000000000000000000000000002b5f563b35b440
3495,0000000000000000000000000000000000000000000000000000000000000000000000000000000000000000000000000000000000000000003a9ba70d02ba40
3505,0000000000000000000000000000000000000000000000000000000000000000000000000000000000000000000000000000000000000000003443720e258ee0
3515,00000000000000000000000000000000000000000000000000000000000000000000000000000000000000000000000000000000000000000028899c937ef040
3525,0000000000000000000000000000000000000000000000000000000000000000000000000000000000000000000000000000000000000000001231789ec81400
3535,0000000000000000000000000000000000000000000000000000000000000000000000000000000000000000000000000000000000000000002f700e08c68800
3545,00000000000000000000000000000000000000000000000000000000000000000000000000000000000000000000000000000000000000000010c14a4b486fe0
3555,0000000000000000000000000000000000000000000000000000000000000000000000000000000000000000000000000000000000000000001f93704b9f4f20
3565,000000000000000000000000000000000000000000000000000000000000000000000000000000000000000000000000000000000000000000270ad5f2362320
3575,0000000000000000000000000000000000000000000000000000000000000000000000000000000000000000000000000000000000000000003fbba365d60700
3585,00000000000000000000000000000000000000000000000000000000000000000000000000000000000000000000000000000000000000000031c4cc4306db40
3595,0000000000000000000000000000000000000000000000000000000000000000000000000000000000000000000000000000000000000000003f634df5a266c0
3605,0000000000000000000000000000000000000000000000000000000000000000000000000000000000000000000000000000000000000000002b9f6bad0ba480
3615,0000000000000000000000000000000000000000000000000000000000000000000000000000000000000000000000000000000000000000003ecbd6ce9c1b20
3625,0000000000000000000000000000000000000000000000000000000000000000000000000000000000000000000000000000000000000000002978b7d2274580
3635,000000000000000000000000000000000000000000000000000000000000000000000000000000000000000000000000000000000000000000293ab8f3de8ae0
3645,0000000000000000000000000000000000000000000000000000000000000000000000000000000000000000000000000000000000000000003446deab7455e0
3655,00000000000000000000000000000000000000000000000000000000000000000000000000000000000000000000000000000000000000000050f7d728d63b00
3665,00000000000000000000000000000000000000000000000000000000000000000000000000000000000000000000000000000000000000000041d142df6ade40
3675,00000000000000000000000000000000000000000000000000000000000000000000000000000000000000000000000000000000000000000048b3fe99dec3a0
3685,00000000000000000000000000000000000000000000000000000000000000000000000000000000000000000000000000000000000000000022271ac68e8580
3695,000000000000000000000000000000000000000000000000000000000000000000000000000000000000000000000000000000000000000000277dad6a791dc0
3705,000000000000000000000000000000000000000000000000000000000000000000000000000000000000000000000000000000000000000000267bfae8252b20
3715,0000000000000000000000000000000000000000000000000000000000000000000000000000000000000000000000000000000000000000002c33228f665600
3725,0000000000000000000000000000000000000000000000000000000000000000000000000000000000000000000000000000000000000000002b458364559f80
3735,000000000000000000000000000000000000000000000000000000000000000000000000000000000000000000000000000000000000000000312a614395f420
3745,00000000000000000000000000000000000000000000000000000000000000000000000000000000000000000000000000000000000000000031c1b160c643a0
3755,0000000000000000000000000000000000000000000000000000000000000000000000000000000000000000000000000000000000000000002bf3c6e2703000
3765,00000000000000000000000000000000000000000000000000000000000000000000000000000000000000000000000000000000000000000022704837c797c0
3775,000000000000000000000000000000000000000000000000000000000000000000000000000000000000000000000000000000000000000000317e4e519f75a0
3785,00000000000000000000000000000000000000000000000000000000000000000000000000000000000000000000000000000000000000000048c87af11aec80
3795,00000000000000000000000000000000000000000000000000000000000000000000000000000000000000000000000000000000000000000029cfde11344020
3805,0000000000000000000000000000000000000000000000000000000000000000000000000000000000000000000000000000000000000000005614e60bb4a580
3815,0000000000000000000000000000000000000000000000000000000000000000000000000000000000000000000000000000000000000000003ac2eb59224c40
3825,000000000000000000000000000000000000000000000000000000000000000000000000000000000000000000000000000000000000000000486433c6a1a4e0
3835,0000000000000000000000000000000000000000000000000000000000000000000000000000000000000000000000000000000000000000003ac554a7bda000
3845,000000000000000000000000000000000000000000000000000000000000000000000000000000000000000000000000000000000000000000272348dcdf29a0
3855,0000000000000000000000000000000000000000000000000000000000000000000000000000000000000000000000000000000000000000002fc15a16fd62c0
3865,000000000000000000000000000000000000000000000000000000000000000000000000000000000000000000000000000000000000000000403aa0e7200f00
3875,00000000000000000000000000000000000000000000000000000000000000000000000000000000000000000000000000000000000000000052293b8a699880
3885,0000000000000000000000000000000000000000000000000000000000000000000000000000000000000000000000000000000000000000002a33e42800af40
3895,00000000000000000000000000000000000000000000000000000000000000000000000000000000000000000000000000000000000000000048d6cb7023ffe0
3905,0000000000000000000000000000000000000000000000000000000000000000000000000000000000000000000000000000000000000000003e4a2943a7d240
3915,0000000000000000000000000000000000000000000000000000000000000000000000000000000000000000000000000000000000000000005dbd59f3e99220
3925,000000000000000000000000000000000000000000000000000000000000000000000000000000000000000000000000000000000000000000236f39d7d4e240
3935,00000000000000000000000000000000000000000000000000000000000000000000000000000000000000000000000000000000000000000027b3b153241f00
3945,00000000000000000000000000000000000000000000000000000000000000000000000000000000000000000000000000000000000000000038abfa73556ca0
3955,000000000000000000000000000000000000000000000000000000000000000000000000000000000000000000000000000000000000000000360abc51edf320
3965,0000000000000000000000000000000000000000000000000000000000000000000000000000000000000000000000000000000000000000003220f85a5abae0
3975,0000000000000000000000000000000000000000000000000000000000000000000000000000000000000000000000000000000000000000005aef1b2e27edc0
3985,000000000000000000000000000000000000000000000000000000000000000000000000000000000000000000000000000000000000000000199c0b77773020
3995,00000000000000000000000000000000000000000000000000000000000000000000000000000000000000000000000000000000000000000040de5da103e580
4005,0000000000000000000000000000000000000000000000000000000000000000000000000000000000000000000000000000000000000000002f86ec387722e0
4015,0000000000000000000000000000000000000000000000000000000000000000000000000000000000000000000000000000000000000000002ecb4bf656c3e0
4025,00000000000000000000000000000000000000000000000000000000000000000000000000000000000000000000000000000000000000000028beebf25d7e40
4035,00000000000000000000000000000000000000000000000000000000000000000000000000000000000000000000000000000000000000000048dd5eb49ee240
4045,00000000000000000000000000000000000000000000000000000000000000000000000000000000000000000000000000000000000000000055332824c34fe0
4055,000000000000000000000000000000000000000000000000000000000000000000000000000000000000000000000000000000000000000000181b89f3d61360
4065,000000000000000000000000000000000000000000000000000000000000000000000000000000000000000000000000000000000000000000495f8966ed3260
4075,0000000000000000000000000000000000000000000000000000000000000000000000000000000000000000000000000000000000000000004a820b7abc6360
4085,0000000000000000000000000000000000000000000000000000000000000000000000000000000000000000000000000000000000000000003c77bb6315bbc0
4095,0000000000000000000000000000000000000000000000000000000000000000000000000000000000000000000000000000000000000000001cd1308ee758e0
4105,0000000000000000000000000000000000000000000000000000000000000000000000000000000000000000000000000000000000000000003f52d7cf5be6c0
4115,00000000000000000000000000000000000000000000000000000000000000000000000000000000000000000000000000000000000000000053f2b857e4b280
4125,0000000000000000000000000000000000000000000000000000000000000000000000000000000000000000000000000000000000000000004a89397a4089e0
4135,000000000000000000000000000000000000000000000000000000000000000000000000000000000000000000000000000000000000000000326f6cdee9fe20
4145,0000000000000000000000000000000000000000000000000000000000000000000000000000000000000000000000000000000000000000001a24d3c6dd3a00
4155,00000000000000000000000000000000000000000000000000000000000000000000000000000000000000000000000000000000000000000025fefbaba50fc0
4165,000000000000000000000000000000000000000000000000000000000000000000000000000000000000000000000000000000000000000000313e2e5fca3a80
4175,0000000000000000000000000000000000000000000000000000000000000000000000000000000000000000000000000000000000000000004020df68dc58e0
4185,00000000000000000000000000000000000000000000000000000000000000000000000000000000000000000000000000000000000000000037ccbc82605a20
4195,0000000000000000000000000000000000000000000000000000000000000000000000000000000000000000000000000000000000000000002b665f7fa8a320
4205,0000000000000000000000000000000000000000000000000000000000000000000000000000000000000000000000000000000000000000003a0c3d82fb5c60
4215,0000000000000000000000000000000000000000000000000000000000000000000000000000000000000000000000000000000000000000005679f584e55a20
4225,0000000000000000000000000000000000000000000000000000000000000000000000000000000000000000000000000000000000000000004c028b4d2289a0
4235,0000000000000000000000000000000000000000000000000000000000000000000000000000000000000000000000000000000000000000003950478fa5afe0
4245,00000000000000000000000000000000000000000000000000000000000000000000000000000000000000000000000000000000000000000014c8848fa45ba0
4255,0000000000000000000000000000000000000000000000000000000000000000000000000000000000000000000000000000000000000000003e4b40f4d00d40
4265,0000000000000000000000000000000000000000000000000000000000000000000000000000000000000000000000000000000000000000001fc0ef0d7ad320
4275,000000000000000000000000000000000000000000000000000000000000000000000000000000000000000000000000000000000000000000262deab25411e0
4285,00000000000000000000000000000000000000000000000000000000000000000000000000000000000000000000000000000000000000000034972f2fe38620
4295,0000000000000000000000000000000000000000000000000000000000000000000000000000000000000000000000000000000000000000004e2df262c98620
4305,000000000000000000000000000000000000000000000000000000000000000000000000000000000000000000000000000000000000000000262240a944a980
4315,0000000000000000000000000000000000000000000000000000000000000000000000000000000000000000000000000000000000000000002761361d9f3b80
4325,00000000000000000000000000000000000000000000000000000000000000000000000000000000000000000000000000000000000000000031d7fa4b949ea0
4335,00000000000000000000000000000000000000000000000000000000000000000000000000000000000000000000000000000000000000000058c81edd210e40
4345,00000000000000000000000000000000000000000000000000000000000000000000000000000000000000000000000000000000000000000028dfd5f9fe56a0
4355,00000000000000000000000000000000000000000000000000000000000000000000000000000000000000000000000000000000000000000041a2e358b230c0
4365,00000000000000000000000000000000000000000000000000000000000000000000000000000000000000000000000000000000000000000060daa8ef6b0fc0
4375,0000000000000000000000000000000000000000000000000000000000000000000000000000000000000000000000000000000000000000002edbb2753bdbc0
4385,00000000000000000000000000000000000000000000000000000000000000000000000000000000000000000000000000000000000000000013538601640e40
4395,0000000000000000000000000000000000000000000000000000000000000000000000000000000000000000000000000000000000000000004769b0b9f92200
4405,0000000000000000000000000000000000000000000000000000000000000000000000000000000000000000000000000000000000000000004e519cf41382c0
4415,0000000000000000000000000000000000000000000000000000000000000000000000000000000000000000000000000000000000000000003d82bfd117ae20
4425,0000000000000000000000000000000000000000000000000000000000000000000000000000000000000000000000000000000000000000002b89715fc1d600
4435,0000000000000000000000000000000000000000000000000000000000000000000000000000000000000000000000000000000000000000002a9118491b61c0
4445,0000000000000000000000000000000000000000000000000000000000000000000000000000000000000000000000000000000000000000001e199978c645a0
4455,0000000000000000000000000000000000000000000000000000000000000000000000000000000000000000000000000000000000000000002884d3ec6eff60
4465,000000000000000000000000000000000000000000000000000000000000000000000000000000000000000000000000000000000000000000420d1b653b2480
4475,00000000000000000000000000000000000000000000000000000000000000000000000000000000000000000000000000000000000000000054b8bb232a8b40
4485,0000000000000000000000000000000000000000000000000000000000000000000000000000000000000000000000000000000000000000002c67d43d147080
4495,0000000000000000000000000000000000000000000000000000000000000000000000000000000000000000000000000000000000000000003f09f6058031a0
4505,0000000000000000000000000000000000000000000000000000000000000000000000000000000000000000000000000000000000000000003c898c61e26680
4515,0000000000000000000000000000000000000000000000000000000000000000000000000000000000000000000000000000000000000000002b35302a5b8a00
4525,00000000000000000000000000000000000000000000000000000000000000000000000000000000000000000000000000000000000000000062312e622f2dc0
4535,0000000000000000000000000000000000000000000000000000000000000000000000000000000000000000000000000000000000000000002a596b07ef7fe0
4545,00000000000000000000000000000000000000000000000000000000000000000000000000000000000000000000000000000000000000000020731f32b42780
4555,00000000000000000000000000000000000000000000000000000000000000000000000000000000000000000000000000000000000000000036693cfccadae0
4565,0000000000000000000000000000000000000000000000000000000000000000000000000000000000000000000000000000000000000000003bd168647236a0
4575,0000000000000000000000000000000000000000000000000000000000000000000000000000000000000000000000000000000000000000003fb0db52dec740
4585,0000000000000000000000000000000000000000000000000000000000000000000000000000000000000000000000000000000000000000003ec69a7658e240
4595,000000000000000000000000000000000000000000000000000000000000000000000000000000000000000000000000000000000000000000241809aeeb07a0
4605,0000000000000000000000000000000000000000000000000000000000000000000000000000000000000000000000000000000000000000004dcda006d0ebe0
4615,000000000000000000000000000000000000000000000000000000000000000000000000000000000000000000000000000000000000000000248a1a09b19460
4625,00000000000000000000000000000000000000000000000000000000000000000000000000000000000000000000000000000000000000000033d9ee6ddf37c0
4635,000000000000000000000000000000000000000000000000000000000000000000000000000000000000000000000000000000000000000000407606b1e45f20
4645,0000000000000000000000000000000000000000000000000000000000000000000000000000000000000000000000000000000000000000001cbff486380700
4655,00000000000000000000000000000000000000000000000000000000000000000000000000000000000000000000000000000000000000000012a394d22b5e40
4665,00000000000000000000000000000000000000000000000000000000000000000000000000000000000000000000000000000000000000000035aec84e478740
4675,00000000000000000000000000000000000000000000000000000000000000000000000000000000000000000000000000000000000000000060bc134a182f20
4685,000000000000000000000000000000000000000000000000000000000000000000000000000000000000000000000000000000000000000000479d5cf1917840
4695,0000000000000000000000000000000000000000000000000000000000000000000000000000000000000000000000000000000000000000004f4ef7a7ed73c0
4705,000000000000000000000000000000000000000000000000000000000000000000000000000000000000000000000000000000000000000000223b9b4f0579c0
4715,000000000000000000000000000000000000000000000000000000000000000000000000000000000000000000000000000000000000000000398a730bba4180
4725,000000000000000000000000000000000000000000000000000000000000000000000000000000000000000000000000000000000000000000348390275d6000
4735,00000000000000000000000000000000000000000000000000000000000000000000000000000000000000000000000000000000000000000050aa004b9ece60
4745,0000000000000000000000000000000000000000000000000000000000000000000000000000000000000000000000000000000000000000001532c84d679960
4755,00000000000000000000000000000000000000000000000000000000000000000000000000000000000000000000000000000000000000000032048c34e28e60
4765,0000000000000000000000000000000000000000000000000000000000000000000000000000000000000000000000000000000000000000002b3742f8fcb1e0
4775,000000000000000000000000000000000000000000000000000000000000000000000000000000000000000000000000000000000000000000321a1b5ad11f20
4785,0000000000000000000000000000000000000000000000000000000000000000000000000000000000000000000000000000000000000000002f2421c8f7e4e0
4795,000000000000000000000000000000000000000000000000000000000000000000000000000000000000000000000000000000000000000000292f647e7a9960
4805,0000000000000000000000000000000000000000000000000000000000000000000000000000000000000000000000000000000000000000002b70c2616ba0c0
4815,000000000000000000000000000000000000000000000000000000000000000000000000000000000000000000000000000000000000000000554749236816a0
4825,00000000000000000000000000000000000000000000000000000000000000000000000000000000000000000000000000000000000000000049004ad9a6eec0
4835,000000000000000000000000000000000000000000000000000000000000000000000000000000000000000000000000000000000000000000305e13e50b66c0
4845,0000000000000000000000000000000000000000000000000000000000000000000000000000000000000000000000000000000000000000002c514a0d5e2ca0
4855,0000000000000000000000000000000000000000000000000000000000000000000000000000000000000000000000000000000000000000001d88b4bd9d6120
4865,00000000000000000000000000000000000000000000000000000000000000000000000000000000000000000000000000000000000000000032604cd6164940
4875,000000000000000000000000000000000000000000000000000000000000000000000000000000000000000000000000000000000000000000319aa114a330a0
4885,000000000000000000000000000000000000000000000000000000000000000000000000000000000000000000000000000000000000000000293defdff5dc60
4895,00000000000000000000000000000000000000000000000000000000000000000000000000000000000000000000000000000000000000000013f5729ddd5220
4905,0000000000000000000000000000000000000000000000000000000000000000000000000000000000000000000000000000000000000000002fb3687a641200
4915,000000000000000000000000000000000000000000000000000000000000000000000000000000000000000000000000000000000000000000403c8622130e00
4925,00000000000000000000000000000000000000000000000000000000000000000000000000000000000000000000000000000000000000000055d8712378c180
4935,0000000000000000000000000000000000000000000000000000000000000000000000000000000000000000000000000000000000000000003811957dbcbae0
4945,0000000000000000000000000000000000000000000000000000000000000000000000000000000000000000000000000000000000000000003a83c53fd9c520
4955,000000000000000000000000000000000000000000000000000000000000000000000000000000000000000000000000000000000000000000430789680c74c0
4965,0000000000000000000000000000000000000000000000000000000000000000000000000000000000000000000000000000000000000000002e7671c0fac720
4975,0000000000000000000000000000000000000000000000000000000000000000000000000000000000000000000000000000000000000000002e67869a99a960
4985,00000000000000000000000000000000000000000000000000000000000000000000000000000000000000000000000000000000000000000043c0e3c7dde1e0
4995,00000000000000000000000000000000000000000000000000000000000000000000000000000000000000000000000000000000000000000065772bbd6912a0
5005,000000000000000000000000000000000000000000000000000000000000000000000000000000000000000000000000000000000000000000232a9a48c367e0
5015,000000000000000000000000000000000000000000000000000000000000000000000000000000000000000000000000000000000000000000272e8b837f6200
5025,0000000000000000000000000000000000000000000000000000000000000000000000000000000000000000000000000000000000000000002018b09b424300
5035,0000000000000000000000000000000000000000000000000000000000000000000000000000000000000000000000000000000000000000002f7084f50d4980
5045,0000000000000000000000000000000000000000000000000000000000000000000000000000000000000000000000000000000000000000003cf06f3d69c420
5055,0000000000000000000000000000000000000000000000000000000000000000000000000000000000000000000000000000000000000000002c9f1008209520
5065,00000000000000000000000000000000000000000000000000000000000000000000000000000000000000000000000000000000000000000041d261f308c140
5075,0000000000000000000000000000000000000000000000000000000000000000000000000000000000000000000000000000000000000000004190ce59ea1b00
5085,000000000000000000000000000000000000000000000000000000000000000000000000000000000000000000000000000000000000000000425b4a4c454000
5095,00000000000000000000000000000000000000000000000000000000000000000000000000000000000000000000000000000000000000000037179cdd59a920
5105,00000000000000000000000000000000000000000000000000000000000000000000000000000000000000000000000000000000000000000041947db2481420
5115,0000000000000000000000000000000000000000000000000000000000000000000000000000000000000000000000000000000000000000001b5f66590d4e60
5125,00000000000000000000000000000000000000000000000000000000000000000000000000000000000000000000000000000000000000000035cab91151dcc0
5135,0000000000000000000000000000000000000000000000000000000000000000000000000000000000000000000000000000000000000000000eab6eb42dcd00
5145,00000000000000000000000000000000000000000000000000000000000000000000000000000000000000000000000000000000000000000018a347af9cd8a0
5155,000000000000000000000000000000000000000000000000000000000000000000000000000000000000000000000000000000000000000000212e6c888b5800
5165,00000000000000000000000000000000000000000000000000000000000000000000000000000000000000000000000000000000000000000016d10593f41de0
5175,0000000000000000000000000000000000000000000000000000000000000000000000000000000000000000000000000000000000000000001a5e02e08ca5e0
5185,0000000000000000000000000000000000000000000000000000000000000000000000000000000000000000000000000000000000000000003f2c36dbcedce0
5195,00000000000000000000000000000000000000000000000000000000000000000000000000000000000000000000000000000000000000000043d39f155faf20
5205,0000000000000000000000000000000000000000000000000000000000000000000000000000000000000000000000000000000000000000002c8e02ce330820
5215,0000000000000000000000000000000000000000000000000000000000000000000000000000000000000000000000000000000000000000002f1926d38deb80
5225,00000000000000000000000000000000000000000000000000000000000000000000000000000000000000000000000000000000000000000025d2ebd5ff9740
5235,0000000000000000000000000000000000000000000000000000000000000000000000000000000000000000000000000000000000000000003fc234e564b920
5245,0000000000000000000000000000000000000000000000000000000000000000000000000000000000000000000000000000000000000000001d749d216e1fe0
5255,00000000000000000000000000000000000000000000000000000000000000000000000000000000000000000000000000000000000000000021571be843ae00
5265,00000000000000000000000000000000000000000000000000000000000000000000000000000000000000000000000000000000000000000059acd89c7c7560
5275,0000000000000000000000000000000000000000000000000000000000000000000000000000000000000000000000000000000000000000002ba7d70517f2a0
5285,0000000000000000000000000000000000000000000000000000000000000000000000000000000000000000000000000000000000000000005f6b8dcd13f440
5295,00000000000000000000000000000000000000000000000000000000000000000000000000000000000000000000000000000000000000000031d001910a7000
5305,00000000000000000000000000000000000000000000000000000000000000000000000000000000000000000000000000000000000000000027f457ec52bd80
5315,0000000000000000000000000000000000000000000000000000000000000000000000000000000000000000000000000000000000000000002a73c1a3b30260
5325,00000000000000000000000000000000000000000000000000000000000000000000000000000000000000000000000000000000000000000040097fd6be4e80
5335,00000000000000000000000000000000000000000000000000000000000000000000000000000000000000000000000000000000000000000029ac1be2620240
5345,0000000000000000000000000000000000000000000000000000000000000000000000000000000000000000000000000000000000000000002d390d91717a00
5355,00000000000000000000000000000000000000000000000000000000000000000000000000000000000000000000000000000000000000000026a69f2a31e840
5365,0000000000000000000000000000000000000000000000000000000000000000000000000000000000000000000000000000000000000000003d7aca3defbf40
5375,00000000000000000000000000000000000000000000000000000000000000000000000000000000000000000000000000000000000000000025e3ffcb006160
5385,0000000000000000000000000000000000000000000000000000000000000000000000000000000000000000000000000000000000000000004541b6adefaa20
5395,00000000000000000000000000000000000000000000000000000000000000000000000000000000000000000000000000000000000000000023558245df45e0
5405,000000000000000000000000000000000000000000000000000000000000000000000000000000000000000000000000000000000000000000410946f6bd3620
5415,00000000000000000000000000000000000000000000000000000000000000000000000000000000000000000000000000000000000000000102724e0bf273c0
5425,00000000000000000000000000000000000000000000000000000000000000000000000000000000000000000000000000000000000000000065586621f20ae0
5435,0000000000000000000000000000000000000000000000000000000000000000000000000000000000000000000000000000000000000000004052c5e57f90c0
5445,00000000000000000000000000000000000000000000000000000000000000000000000000000000000000000000000000000000000000000025192b13bee8e0
5455,00000000000000000000000000000000000000000000000000000000000000000000000000000000000000000000000000000000000000000047961154857800
5465,000000000000000000000000000000000000000000000000000000000000000000000000000000000000000000000000000000000000000000224efee1683f20
5475,000000000000000000000000000000000000000000000000000000000000000000000000000000000000000000000000000000000000000000399ab2633f86a0
5485,00000000000000000000000000000000000000000000000000000000000000000000000000000000000000000000000000000000000000000026e81260dc95c0
5495,0000000000000000000000000000000000000000000000000000000000000000000000000000000000000000000000000000000000000000001cac4eea011740
5505,00000000000000000000000000000000000000000000000000000000000000000000000000000000000000000000000000000000000000000050cca0045d3c40
5515,000000000000000000000000000000000000000000000000000000000000000000000000000000000000000000000000000000000000000000323dedbadd5960
5525,00000000000000000000000000000000000000000000000000000000000000000000000000000000000000000000000000000000000000000033c19520be5000
5535,0000000000000000000000000000000000000000000000000000000000000000000000000000000000000000000000000000000000000000003398cc7c1b5f20
5545,00000000000000000000000000000000000000000000000000000000000000000000000000000000000000000000000000000000000000000043a220228e1ac0
5555,0000000000000000000000000000000000000000000000000000000000000000000000000000000000000000000000000000000000000000002674dc54eebf80
5565,0000000000000000000000000000000000000000000000000000000000000000000000000000000000000000000000000000000000000000002a048a97803d60
5575,0000000000000000000000000000000000000000000000000000000000000000000000000000000000000000000000000000000000000000005aab2177a8d060
5585,00000000000000000000000000000000000000000000000000000000000000000000000000000000000000000000000000000000000000000031908f290220e0
5595,000000000000000000000000000000000000000000000000000000000000000000000000000000000000000000000000000000000000000000694bcc717c9c80
5605,00000000000000000000000000000000000000000000000000000000000000000000000000000000000000000000000000000000000000000017c2f483a6c320
5615,00000000000000000000000000000000000000000000000000000000000000000000000000000000000000000000000000000000000000000032463989132a00
5625,0000000000000000000000000000000000000000000000000000000000000000000000000000000000000000000000000000000000000000000e10fb97339940
5635,00000000000000000000000000000000000000000000000000000000000000000000000000000000000000000000000000000000000000000021979ae3eb1f40
5645,00000000000000000000000000000000000000000000000000000000000000000000000000000000000000000000000000000000000000000036fa1606b97560
5655,0000000000000000000000000000000000000000000000000000000000000000000000000000000000000000000000000000000000000000002df24622804200
5665,0000000000000000000000000000000000000000000000000000000000000000000000000000000000000000000000000000000000000000001f1dafbfdd4e00
5675,0000000000000000000000000000000000000000000000000000000000000000000000000000000000000000000000000000000000000000003e2f1376b61e20
5685,000000000000000000000000000000000000000000000000000000000000000000000000000000000000000000000000000000000000000000422204c6489200
5695,0000000000000000000000000000000000000000000000000000000000000000000000000000000000000000000000000000000000000000001ac08eed99f0a0
5705,00000000000000000000000000000000000000000000000000000000000000000000000000000000000000000000000000000000000000000033204e7088a2e0
5715,00000000000000000000000000000000000000000000000000000000000000000000000000000000000000000000000000000000000000000032f914a4685bc0
5725,0000000000000000000000000000000000000000000000000000000000000000000000000000000000000000000000000000000000000000001a321e94bcdbe0
5735,0000000000000000000000000000000000000000000000000000000000000000000000000000000000000000000000000000000000000000001a8046de3d90e0
5745,00000000000000000000000000000000000000000000000000000000000000000000000000000000000000000000000000000000000000000028d7f6f0ad8080
5755,000000000000000000000000000000000000000000000000000000000000000000000000000000000000000000000000000000000000000000245181e61f5ee0
5765,000000000000000000000000000000000000000000000000000000000000000000000000000000000000000000000000000000000000000000707b0193181840
5775,00000000000000000000000000000000000000000000000000000000000000000000000000000000000000000000000000000000000000000038be75a351b340
5785,0000000000000000000000000000000000000000000000000000000000000000000000000000000000000000000000000000000000000000003317fc8ea20000
5795,000000000000000000000000000000000000000000000000000000000000000000000000000000000000000000000000000000000000000000292fccd7111b40
5805,0000000000000000000000000000000000000000000000000000000000000000000000000000000000000000000000000000000000000000002bbdd66feb4180
5815,0000000000000000000000000000000000000000000000000000000000000000000000000000000000000000000000000000000000000000002880314f351be0
5825,0000000000000000000000000000000000000000000000000000000000000000000000000000000000000000000000000000000000000000002e911d52dff280
5835,00000000000000000000000000000000000000000000000000000000000000000000000000000000000000000000000000000000000000000016493febdf1c60
5845,000000000000000000000000000000000000000000000000000000000000000000000000000000000000000000000000000000000000000000362d2000d7cf20
5855,0000000000000000000000000000000000000000000000000000000000000000000000000000000000000000000000000000000000000000005f192b3eefdda0
5865,00000000000000000000000000000000000000000000000000000000000000000000000000000000000000000000000000000000000000000048d7eeb4fcae40
5875,000000000000000000000000000000000000000000000000000000000000000000000000000000000000000000000000000000000000000000529a98db639820
5885,0000000000000000000000000000000000000000000000000000000000000000000000000000000000000000000000000000000000000000001dbebd39f94e80
5895,00000000000000000000000000000000000000000000000000000000000000000000000000000000000000000000000000000000000000000055a0f06c227ce0
5905,0000000000000000000000000000000000000000000000000000000000000000000000000000000000000000000000000000000000000000003185bbc746b7e0
5915,0000000000000000000000000000000000000000000000000000000000000000000000000000000000000000000000000000000000000000002d757d524b40c0
5925,00000000000000000000000000000000000000000000000000000000000000000000000000000000000000000000000000000000000000000052f711df010dc0
5935,00000000000000000000000000000000000000000000000000000000000000000000000000000000000000000000000000000000000000000031656166fea7a0
5945,00000000000000000000000000000000000000000000000000000000000000000000000000000000000000000000000000000000000000000055f27397df7980
5955,0000000000000000000000000000000000000000000000000000000000000000000000000000000000000000000000000000000000000000005cba9dca450fe0
5965,000000000000000000000000000000000000000000000000000000000000000000000000000000000000000000000000000000000000000000221b50c759e200
5975,00000000000000000000000000000000000000000000000000000000000000000000000000000000000000000000000000000000000000000038704d9ebd4860
5985,00000000000000000000000000000000000000000000000000000000000000000000000000000000000000000000000000000000000000000016c44d9ea820c0
5995,00000000000000000000000000000000000000000000000000000000000000000000000000000000000000000000000000000000000000000037061e40fd98a0
6005,00000000000000000000000000000000000000000000000000000000000000000000000000000000000000000000000000000000000000000061934bc5703d60
6015,0000000000000000000000000000000000000000000000000000000000000000000000000000000000000000000000000000000000000000003ec70645168ae0
6025,0000000000000000000000000000000000000000000000000000000000000000000000000000000000000000000000000000000000000000001e2d7414f9a320
6035,0000000000000000000000000000000000000000000000000000000000000000000000000000000000000000000000000000000000000000004a1a2f5080e600
6045,00000000000000000000000000000000000000000000000000000000000000000000000000000000000000000000000000000000000000000024de7d2b645c20
6055,00000000000000000000000000000000000000000000000000000000000000000000000000000000000000000000000000000000000000000045b433cd9b3160
6065,0000000000000000000000000000000000000000000000000000000000000000000000000000000000000000000000000000000000000000003979152a6fada0
6075,0000000000000000000000000000000000000000000000000000000000000000000000000000000000000000000000000000000000000000002b4a0064083340
6085,000000000000000000000000000000000000000000000000000000000000000000000000000000000000000000000000000000000000000000410eaf00389100
6095,0000000000000000000000000000000000000000000000000000000000000000000000000000000000000000000000000000000000000000003afcddc1897b60
6105,0000000000000000000000000000000000000000000000000000000000000000000000000000000000000000000000000000000000000000002aca53d8f15920
6115,0000000000000000000000000000000000000000000000000000000000000000000000000000000000000000000000000000000000000000002f2bf9210e2c00
6125,0000000000000000000000000000000000000000000000000000000000000000000000000000000000000000000000000000000000000000002f309765aad0a0
6135,0000000000000000000000000000000000000000000000000000000000000000000000000000000000000000000000000000000000000000002d69a25317c280
6145,0000000000000000000000000000000000000000000000000000000000000000000000000000000000000000000000000000000000000000008d9c9e43f69da0
6155,0000000000000000000000000000000000000000000000000000000000000000000000000000000000000000000000000000000000000000005212b13d297e00
6165,0000000000000000000000000000000000000000000000000000000000000000000000000000000000000000000000000000000000000000001ea721db8b9940
6175,0000000000000000000000000000000000000000000000000000000000000000000000000000000000000000000000000000000000000000002206a597835760
6185,000000000000000000000000000000000000000000000000000000000000000000000000000000000000000000000000000000000000000000578f52e85c3060
6195,0000000000000000000000000000000000000000000000000000000000000000000000000000000000000000000000000000000000000000002c7262d00f9020
6205,00000000000000000000000000000000000000000000000000000000000000000000000000000000000000000000000000000000000000000026f0366a28c5a0
6215,000000000000000000000000000000000000000000000000000000000000000000000000000000000000000000000000000000000000000000346112f8753be0
6225,00000000000000000000000000000000000000000000000000000000000000000000000000000000000000000000000000000000000000000030b1505596f640
6235,0000000000000000000000000000000000000000000000000000000000000000000000000000000000000000000000000000000000000000004ea2618c2c1bc0
6245,00000000000000000000000000000000000000000000000000000000000000000000000000000000000000000000000000000000000000000026137b51a5ebe0
6255,0000000000000000000000000000000000000000000000000000000000000000000000000000000000000000000000000000000000000000002be9a33bbca0e0
6265,0000000000000000000000000000000000000000000000000000000000000000000000000000000000000000000000000000000000000000002c4e6083b7cba0
6275,0000000000000000000000000000000000000000000000000000000000000000000000000000000000000000000000000000000000000000002629995a010340
6285,0000000000000000000000000000000000000000000000000000000000000000000000000000000000000000000000000000000000000000002d248512d3aca0
6295,000000000000000000000000000000000000000000000000000000000000000000000000000000000000000000000000000000000000000000218c9ea994ed00
6305,00000000000000000000000000000000000000000000000000000000000000000000000000000000000000000000000000000000000000000025606c0ef1c7a0
6315,0000000000000000000000000000000000000000000000000000000000000000000000000000000000000000000000000000000000000000003bf74c89470d20
6325,000000000000000000000000000000000000000000000000000000000000000000000000000000000000000000000000000000000000000000374d994fddc8a0
6335,000000000000000000000000000000000000000000000000000000000000000000000000000000000000000000000000000000000000000000327d3a4a4aab80
6345,0000000000000000000000000000000000000000000000000000000000000000000000000000000000000000000000000000000000000000004d3236f3bfe880
6355,00000000000000000000000000000000000000000000000000000000000000000000000000000000000000000000000000000000000000000025c244ead011c0
6365,0000000000000000000000000000000000000000000000000000000000000000000000000000000000000000000000000000000000000000001b1234ad05d3e0
6375,0000000000000000000000000000000000000000000000000000000000000000000000000000000000000000000000000000000000000000001d64362c61ad80
6385,0000000000000000000000000000000000000000000000000000000000000000000000000000000000000000000000000000000000000000004e38e85833d5c0
6395,0000000000000000000000000000000000000000000000000000000000000000000000000000000000000000000000000000000000000000003c9d3756b683e0
6405,00000000000000000000000000000000000000000000000000000000000000000000000000000000000000000000000000000000000000000036c33c6ce1c6a0
6415,0000000000000000000000000000000000000000000000000000000000000000000000000000000000000000000000000000000000000000001cfb8e9fbdbd20
6425,0000000000000000000000000000000000000000000000000000000000000000000000000000000000000000000000000000000000000000002f018eadc27600
6435,00000000000000000000000000000000000000000000000000000000000000000000000000000000000000000000000000000000000000000023f5faec4a37a0
6445,0000000000000000000000000000000000000000000000000000000000000000000000000000000000000000000000000000000000000000004198ece336a9c0
6455,00000000000000000000000000000000000000000000000000000000000000000000000000000000000000000000000000000000000000000027ee824f2d89c0
6465,000000000000000000000000000000000000000000000000000000000000000000000000000000000000000000000000000000000000000000312a3beafaee80
6475,0000000000000000000000000000000000000000000000000000000000000000000000000000000000000000000000000000000000000000004f4cb031ed6200
6485,0000000000000000000000000000000000000000000000000000000000000000000000000000000000000000000000000000000000000000002b0cf471fddf20
6495,00000000000000000000000000000000000000000000000000000000000000000000000000000000000000000000000000000000000000000027f8803acff280
6505,00000000000000000000000000000000000000000000000000000000000000000000000000000000000000000000000000000000000000000017388d20ab7640
6515,0000000000000000000000000000000000000000000000000000000000000000000000000000000000000000000000000000000000000000003851ad65b9e320
6525,000000000000000000000000000000000000000000000000000000000000000000000000000000000000000000000000000000000000000000327a7bf1dc7520
6535,000000000000000000000000000000000000000000000000000000000000000000000000000000000000000000000000000000000000000000268f9cf0ab1d80
6545,0000000000000000000000000000000000000000000000000000000000000000000000000000000000000000000000000000000000000000004a5f38a4778ea0
6555,00000000000000000000000000000000000000000000000000000000000000000000000000000000000000000000000000000000000000000010127bafad6680
6565,0000000000000000000000000000000000000000000000000000000000000000000000000000000000000000000000000000000000000000003cffb0d9ec70e0
6575,0000000000000000000000000000000000000000000000000000000000000000000000000000000000000000000000000000000000000000003179ba2a8bfb20
6585,000000000000000000000000000000000000000000000000000000000000000000000000000000000000000000000000000000000000000000317322c8878720
6595,00000000000000000000000000000000000000000000000000000000000000000000000000000000000000000000000000000000000000000033c6af3df02620
6605,0000000000000000000000000000000000000000000000000000000000000000000000000000000000000000000000000000000000000000001de4e0d4f140c0
6615,00000000000000000000000000000000000000000000000000000000000000000000000000000000000000000000000000000000000000000029eb0efbadf920
6625,0000000000000000000000000000000000000000000000000000000000000000000000000000000000000000000000000000000000000000001fe6559ea6e4c0
6635,000000000000000000000000000000000000000000000000000000000000000000000000000000000000000000000000000000000000000000328f59c9120c20
6645,0000000000000000000000000000000000000000000000000000000000000000000000000000000000000000000000000000000000000000003282ad714f1f40
6655,00000000000000000000000000000000000000000000000000000000000000000000000000000000000000000000000000000000000000000045ecd38eb6bc20
6665,00000000000000000000000000000000000000000000000000000000000000000000000000000000000000000000000000000000000000000051819a15b53a60
6675,0000000000000000000000000000000000000000000000000000000000000000000000000000000000000000000000000000000000000000002bbb35f9f12f00
6685,0000000000000000000000000000000000000000000000000000000000000000000000000000000000000000000000000000000000000000004f4a7a1489aee0
6695,0000000000000000000000000000000000000000000000000000000000000000000000000000000000000000000000000000000000000000002f53d545c10c80
6705,000000000000000000000000000000000000000000000000000000000000000000000000000000000000000000000000000000000000000000386f670142f9e0
6715,0000000000000000000000000000000000000000000000000000000000000000000000000000000000000000000000000000000000000000002d4eea0ff85e60
6725,0000000000000000000000000000000000000000000000000000000000000000000000000000000000000000000000000000000000000000002e6efcdf054000
6735,00000000000000000000000000000000000000000000000000000000000000000000000000000000000000000000000000000000000000000035d35c06e44420
6745,000000000000000000000000000000000000000000000000000000000000000000000000000000000000000000000000000000000000000000107f4b4fbadea0
6755,0000000000000000000000000000000000000000000000000000000000000000000000000000000000000000000000000000000000000000001ee5c51c3f67a0
6765,0000000000000000000000000000000000000000000000000000000000000000000000000000000000000000000000000000000000000000001bc0465c5ed340
6775,0000000000000000000000000000000000000000000000000000000000000000000000000000000000000000000000000000000000000000004802d6b97fef60
6785,000000000000000000000000000000000000000000000000000000000000000000000000000000000000000000000000000000000000000000477822d689ca20
6795,0000000000000000000000000000000000000000000000000000000000000000000000000000000000000000000000000000000000000000002007bffedca100
6805,00000000000000000000000000000000000000000000000000000000000000000000000000000000000000000000000000000000000000000012dca3ff8e2be0
6815,0000000000000000000000000000000000000000000000000000000000000000000000000000000000000000000000000000000000000000001c32eef22ecf40
6825,00000000000000000000000000000000000000000000000000000000000000000000000000000000000000000000000000000000000000000052b93ef6dcbf40
6835,000000000000000000000000000000000000000000000000000000000000000000000000000000000000000000000000000000000000000000469e4a6f103da0
6845,0000000000000000000000000000000000000000000000000000000000000000000000000000000000000000000000000000000000000000003927859264c260
6855,000000000000000000000000000000000000000000000000000000000000000000000000000000000000000000000000000000000000000000317b36ef5ea1a0
6865,000000000000000000000000000000000000000000000000000000000000000000000000000000000000000000000000000000000000000000349561613db800
6875,0000000000000000000000000000000000000000000000000000000000000000000000000000000000000000000000000000000000000000003cf44db34e6920
6885,000000000000000000000000000000000000000000000000000000000000000000000000000000000000000000000000000000000000000000546f6f281aea40
6895,0000000000000000000000000000000000000000000000000000000000000000000000000000000000000000000000000000000000000000003bb4343f078420
6905,00000000000000000000000000000000000000000000000000000000000000000000000000000000000000000000000000000000000000000016f85124ff8140
6915,0000000000000000000000000000000000000000000000000000000000000000000000000000000000000000000000000000000000000000002678065e90c7e0
6925,00000000000000000000000000000000000000000000000000000000000000000000000000000000000000000000000000000000000000000053382de47687a0
6935,00000000000000000000000000000000000000000000000000000000000000000000000000000000000000000000000000000000000000000030d466c9611540
6945,00000000000000000000000000000000000000000000000000000000000000000000000000000000000000000000000000000000000000000022d4fb1374b160
6955,0000000000000000000000000000000000000000000000000000000000000000000000000000000000000000000000000000000000000000004e92ec65d44a80
6965,000000000000000000000000000000000000000000000000000000000000000000000000000000000000000000000000000000000000000000163d59005da6e0
6975,00000000000000000000000000000000000000000000000000000000000000000000000000000000000000000000000000000000000000000028cc74ca118f80
6985,000000000000000000000000000000000000000000000000000000000000000000000000000000000000000000000000000000000000000000423b5e30e21060
6995,00000000000000000000000000000000000000000000000000000000000000000000000000000000000000000000000000000000000000000034ecefdb575de0
7005,0000000000000000000000000000000000000000000000000000000000000000000000000000000000000000000000000000000000000000004a37479d4fef00
7015,0000000000000000000000000000000000000000000000000000000000000000000000000000000000000000000000000000000000000000001ef4a76a039420
7025,0000000000000000000000000000000000000000000000000000000000000000000000000000000000000000000000000000000000000000003cfd6bbc89c080
7035,0000000000000000000000000000000000000000000000000000000000000000000000000000000000000000000000000000000000000000003a868918479ca0
7045,00000000000000000000000000000000000000000000000000000000000000000000000000000000000000000000000000000000000000000015a9f027d650c0
7055,0000000000000000000000000000000000000000000000000000000000000000000000000000000000000000000000000000000000000000005b53e2e27129a0
7065,00000000000000000000000000000000000000000000000000000000000000000000000000000000000000000000000000000000000000000037c5402a43f140
7075,0000000000000000000000000000000000000000000000000000000000000000000000000000000000000000000000000000000000000000002c41f18e66e340
7085,0000000000000000000000000000000000000000000000000000000000000000000000000000000000000000000000000000000000000000001fd4b1f874b5a0
7095,0000000000000000000000000000000000000000000000000000000000000000000000000000000000000000000000000000000000000000004a0d8d5b336d60
7105,000000000000000000000000000000000000000000000000000000000000000000000000000000000000000000000000000000000000000000373d01a9998a80
7115,000000000000000000000000000000000000000000000000000000000000000000000000000000000000000000000000000000000000000000655a25530efc80
7125,0000000000000000000000000000000000000000000000000000000000000000000000000000000000000000000000000000000000000000003c7c241404c180
7135,0000000000000000000000000000000000000000000000000000000000000000000000000000000000000000000000000000000000000000003c2e9a40a0c180
7145,00000000000000000000000000000000000000000000000000000000000000000000000000000000000000000000000000000000000000000038bde2e847e520
7155,000000000000000000000000000000000000000000000000000000000000000000000000000000000000000000000000000000000000000000160767b53b3d20
7165,0000000000000000000000000000000000000000000000000000000000000000000000000000000000000000000000000000000000000000002decbc4069a520
7175,0000000000000000000000000000000000000000000000000000000000000000000000000000000000000000000000000000000000000000002e38eb4ef8b420
7185,0000000000000000000000000000000000000000000000000000000000000000000000000000000000000000000000000000000000000000001e22268be3ff20
7195,000000000000000000000000000000000000000000000000000000000000000000000000000000000000000000000000000000000000000000309a802fbe06c0
7205,0000000000000000000000000000000000000000000000000000000000000000000000000000000000000000000000000000000000000000002158c1de4ea1a0
7215,00000000000000000000000000000000000000000000000000000000000000000000000000000000000000000000000000000000000000000046b9ef45d0ebe0
7225,000000000000000000000000000000000000000000000000000000000000000000000000000000000000000000000000000000000000000000643bb7f0347a40
7235,00000000000000000000000000000000000000000000000000000000000000000000000000000000000000000000000000000000000000000042b9ae00fcb8e0
7245,0000000000000000000000000000000000000000000000000000000000000000000000000000000000000000000000000000000000000000002533b9881c31e0
7255,0000000000000000000000000000000000000000000000000000000000000000000000000000000000000000000000000000000000000000003c51f45bc8c7a0
7265,0000000000000000000000000000000000000000000000000000000000000000000000000000000000000000000000000000000000000000002aaf6229870ea0
7275,00000000000000000000000000000000000000000000000000000000000000000000000000000000000000000000000000000000000000000064cbe90ddfa080
7285,0000000000000000000000000000000000000000000000000000000000000000000000000000000000000000000000000000000000000000004935f2387f8ec0
7295,0000000000000000000000000000000000000000000000000000000000000000000000000000000000000000000000000000000000000000003be7b80a53cec0
7305,00000000000000000000000000000000000000000000000000000000000000000000000000000000000000000000000000000000000000000048d7cb663a2300
7315,0000000000000000000000000000000000000000000000000000000000000000000000000000000000000000000000000000000000000000006631841350c560
7325,00000000000000000000000000000000000000000000000000000000000000000000000000000000000000000000000000000000000000000016cc9814407ec0
7335,000000000000000000000000000000000000000000000000000000000000000000000000000000000000000000000000000000000000000000180c6dafee6c40
7345,0000000000000000000000000000000000000000000000000000000000000000000000000000000000000000000000000000000000000000002c45ee044982c0
7355,00000000000000000000000000000000000000000000000000000000000000000000000000000000000000000000000000000000000000000048d14097e61120
7365,00000000000000000000000000000000000000000000000000000000000000000000000000000000000000000000000000000000000000000049e3115437ab80
7375,0000000000000000000000000000000000000000000000000000000000000000000000000000000000000000000000000000000000000000001dcd8b2548b340
7385,0000000000000000000000000000000000000000000000000000000000000000000000000000000000000000000000000000000000000000002b5f6ae296c620
7395,00000000000000000000000000000000000000000000000000000000000000000000000000000000000000000000000000000000000000000026e7fb6ab6bf60
7405,00000000000000000000000000000000000000000000000000000000000000000000000000000000000000000000000000000000000000000052bee6eca29060
7415,0000000000000000000000000000000000000000000000000000000000000000000000000000000000000000000000000000000000000000001e893fb62ca040
7425,0000000000000000000000000000000000000000000000000000000000000000000000000000000000000000000000000000000000000000002150b7a3c5a0e0
7435,0000000000000000000000000000000000000000000000000000000000000000000000000000000000000000000000000000000000000000003b0a0068095bc0
7445,000000000000000000000000000000000000000000000000000000000000000000000000000000000000000000000000000000000000000000383117acd848c0
7455,0000000000000000000000000000000000000000000000000000000000000000000000000000000000000000000000000000000000000000002bdac0506ea660
7465,0000000000000000000000000000000000000000000000000000000000000000000000000000000000000000000000000000000000000000002c615b3d8417c0
7475,000000000000000000000000000000000000000000000000000000000000000000000000000000000000000000000000000000000000000000698ed5f6d0d580
7485,0000000000000000000000000000000000000000000000000000000000000000000000000000000000000000000000000000000000000000005699c2aa233d60
7495,00000000000000000000000000000000000000000000000000000000000000000000000000000000000000000000000000000000000000000021fe2b359f6f20
7505,00000000000000000000000000000000000000000000000000000000000000000000000000000000000000000000000000000000000000000057d30b8b2e7540
7515,00000000000000000000000000000000000000000000000000000000000000000000000000000000000000000000000000000000000000000049d5249a142de0
7525,0000000000000000000000000000000000000000000000000000000000000000000000000000000000000000000000000000000000000000000d595dd4ce0f20
7535,0000000000000000000000000000000000000000000000000000000000000000000000000000000000000000000000000000000000000000002b83e78783d600
7545,0000000000000000000000000000000000000000000000000000000000000000000000000000000000000000000000000000000000000000002c3753a2cf4280
7555,0000000000000000000000000000000000000000000000000000000000000000000000000000000000000000000000000000000000000000001846cf70eba480
7565,0000000000000000000000000000000000000000000000000000000000000000000000000000000000000000000000000000000000000000004cfa8c8b315f60
7575,000000000000000000000000000000000000000000000000000000000000000000000000000000000000000000000000000000000000000000232a6ea163e2c0
7585,0000000000000000000000000000000000000000000000000000000000000000000000000000000000000000000000000000000000000000003041a2b5baf3a0
7595,0000000000000000000000000000000000000000000000000000000000000000000000000000000000000000000000000000000000000000001ec6f56d17d2a0
7605,0000000000000000000000000000000000000000000000000000000000000000000000000000000000000000000000000000000000000000003c105d73e56e20
7615,0000000000000000000000000000000000000000000000000000000000000000000000000000000000000000000000000000000000000000005d956fbb866960
7625,000000000000000000000000000000000000000000000000000000000000000000000000000000000000000000000000000000000000000000379fb2ca5590c0
7635,00000000000000000000000000000000000000000000000000000000000000000000000000000000000000000000000000000000000000000021ae5e626272e0
7645,000000000000000000000000000000000000000000000000000000000000000000000000000000000000000000000000000000000000000000230d172d36a500
7655,000000000000000000000000000000000000000000000000000000000000000000000000000000000000000000000000000000000000000000291c6c1d4baea0
7665,000000000000000000000000000000000000000000000000000000000000000000000000000000000000000000000000000000000000000000325d1169ff4560
7675,0000000000000000000000000000000000000000000000000000000000000000000000000000000000000000000000000000000000000000003f15a89867a440
7685,0000000000000000000000000000000000000000000000000000000000000000000000000000000000000000000000000000000000000000004c5ce0b35b0d00
7695,00000000000000000000000000000000000000000000000000000000000000000000000000000000000000000000000000000000000000000030ad9fdfaf37c0
7705,0000000000000000000000000000000000000000000000000000000000000000000000000000000000000000000000000000000000000000004ad0a71cd2dc80
7715,00000000000000000000000000000000000000000000000000000000000000000000000000000000000000000000000000000000000000000061ce3de8d9e260
7725,0000000000000000000000000000000000000000000000000000000000000000000000000000000000000000000000000000000000000000003a9d0e16c32660
7735,0000000000000000000000000000000000000000000000000000000000000000000000000000000000000000000000000000000000000000002934887e21ec60
7745,0000000000000000000000000000000000000000000000000000000000000000000000000000000000000000000000000000000000000000005a53c924edfa80
7755,000000000000000000000000000000000000000000000000000000000000000000000000000000000000000000000000000000000000000000301bbd6983bae0
7765,0000000000000000000000000000000000000000000000000000000000000000000000000000000000000000000000000000000000000000002d73155c4d5fa0
7775,00000000000000000000000000000000000000000000000000000000000000000000000000000000000000000000000000000000000000000029b7a444113900
7785,0000000000000000000000000000000000000000000000000000000000000000000000000000000000000000000000000000000000000000002866eb784b86e0
7795,0000000000000000000000000000000000000000000000000000000000000000000000000000000000000000000000000000000000000000002268b010e82240
7805,0000000000000000000000000000000000000000000000000000000000000000000000000000000000000000000000000000000000000000003e8a84357913a0
7815,00000000000000000000000000000000000000000000000000000000000000000000000000000000000000000000000000000000000000000033ee98ec7abaa0
7825,00000000000000000000000000000000000000000000000000000000000000000000000000000000000000000000000000000000000000000036cb90b13e67c0
7835,000000000000000000000000000000000000000000000000000000000000000000000000000000000000000000000000000000000000000000446963bc8341e0
7845,000000000000000000000000000000000000000000000000000000000000000000000000000000000000000000000000000000000000000000155aa7fbf2da60
7855,0000000000000000000000000000000000000000000000000000000000000000000000000000000000000000000000000000000000000000002528c0d79e6020
7865,0000000000000000000000000000000000000000000000000000000000000000000000000000000000000000000000000000000000000000003db5535787daa0
7875,00000000000000000000000000000000000000000000000000000000000000000000000000000000000000000000000000000000000000000024167887a39960
7885,000000000000000000000000000000000000000000000000000000000000000000000000000000000000000000000000000000000000000000354dd719bc1740
7895,000000000000000000000000000000000000000000000000000000000000000000000000000000000000000000000000000000000000000000250d1ac5ca15e0
7905,00000000000000000000000000000000000000000000000000000000000000000000000000000000000000000000000000000000000000000029dac82e01d240
7915,000000000000000000000000000000000000000000000000000000000000000000000000000000000000000000000000000000000000000000228894989a9980
7925,0000000000000000000000000000000000000000000000000000000000000000000000000000000000000000000000000000000000000000003e0dd58ca4c560
7935,00000000000000000000000000000000000000000000000000000000000000000000000000000000000000000000000000000000000000000022dc58c430b4e0
7945,0000000000000000000000000000000000000000000000000000000000000000000000000000000000000000000000000000000000000000002b728d4d9b7940
7955,00000000000000000000000000000000000000000000000000000000000000000000000000000000000000000000000000000000000000000024191bb8b12e00
7965,0000000000000000000000000000000000000000000000000000000000000000000000000000000000000000000000000000000000000000002fd2c164961900
7975,00000000000000000000000000000000000000000000000000000000000000000000000000000000000000000000000000000000000000000049f83848f22de0
7985,0000000000000000000000000000000000000000000000000000000000000000000000000000000000000000000000000000000000000000003bb6f879eb7c60
7995,000000000000000000000000000000000000000000000000000000000000000000000000000000000000000000000000000000000000000000454f7f681594c0
8005,0000000000000000000000000000000000000000000000000000000000000000000000000000000000000000000000000000000000000000005190b1c5ebf560
8015,0000000000000000000000000000000000000000000000000000000000000000000000000000000000000000000000000000000000000000002bbc4f2140b340
8025,000000000000000000000000000000000000000000000000000000000000000000000000000000000000000000000000000000000000000000300ea5b92a7fe0
8035,00000000000000000000000000000000000000000000000000000000000000000000000000000000000000000000000000000000000000000021f4663647f560
8045,000000000000000000000000000000000000000000000000000000000000000000000000000000000000000000000000000000000000000000210494018491c0
8055,0000000000000000000000000000000000000000000000000000000000000000000000000000000000000000000000000000000000000000001d71e87a3a5600
8065,00000000000000000000000000000000000000000000000000000000000000000000000000000000000000000000000000000000000000000033d0a5e4a6bd80
8075,00000000000000000000000000000000000000000000000000000000000000000000000000000000000000000000000000000000000000000035c2fa2f615220
8085,0000000000000000000000000000000000000000000000000000000000000000000000000000000000000000000000000000000000000000002f5d042798cb20
8095,0000000000000000000000000000000000000000000000000000000000000000000000000000000000000000000000000000000000000000004baaf77a6bb620
8105,000000000000000000000000000000000000000000000000000000000000000000000000000000000000000000000000000000000000000000309883a607ad80
8115,0000000000000000000000000000000000000000000000000000000000000000000000000000000000000000000000000000000000000000003b16c9c9a2f140
8125,00000000000000000000000000000000000000000000000000000000000000000000000000000000000000000000000000000000000000000019bc0f890024e0
8135,00000000000000000000000000000000000000000000000000000000000000000000000000000000000000000000000000000000000000000040bec6f1e9b940
8145,0000000000000000000000000000000000000000000000000000000000000000000000000000000000000000000000000000000000000000002f29e634e32d80
8155,000000000000000000000000000000000000000000000000000000000000000000000000000000000000000000000000000000000000000000651d35572a2880
8165,0000000000000000000000000000000000000000000000000000000000000000000000000000000000000000000000000000000000000000004e5bfc10ea72a0
8175,0000000000000000000000000000000000000000000000000000000000000000000000000000000000000000000000000000000000000000003b630b5830c120
8185,000000000000000000000000000000000000000000000000000000000000000000000000000000000000000000000000000000000000000000150c444ffffe60
8195,00000000000000000000000000000000000000000000000000000000000000000000000000000000000000000000000000000000000000000049d9144b0b5ae0
8205,000000000000000000000000000000000000000000000000000000000000000000000000000000000000000000000000000000000000000000200f921206f440
8215,00000000000000000000000000000000000000000000000000000000000000000000000000000000000000000000000000000000000000000074c9f0fa018540
8225,00000000000000000000000000000000000000000000000000000000000000000000000000000000000000000000000000000000000000000025c22fc36f0880
8235,000000000000000000000000000000000000000000000000000000000000000000000000000000000000000000000000000000000000000000237c4a3969af00
8245,0000000000000000000000000000000000000000000000000000000000000000000000000000000000000000000000000000000000000000003cac6686eba980
8255,0000000000000000000000000000000000000000000000000000000000000000000000000000000000000000000000000000000000000000002d0c7b31fc2fc0
8265,000000000000000000000000000000000000000000000000000000000000000000000000000000000000000000000000000000000000000000493622f38ff760
8275,000000000000000000000000000000000000000000000000000000000000000000000000000000000000000000000000000000000000000000312b792fd1dc60
8285,000000000000000000000000000000000000000000000000000000000000000000000000000000000000000000000000000000000000000000510b81f647e4e0
8295,0000000000000000000000000000000000000000000000000000000000000000000000000000000000000000000000000000000000000000002678ccc0f99120
8305,0000000000000000000000000000000000000000000000000000000000000000000000000000000000000000000000000000000000000000003046a4c915cae0
8315,0000000000000000000000000000000000000000000000000000000000000000000000000000000000000000000000000000000000000000001fdc4bbcdde7e0
8325,00000000000000000000000000000000000000000000000000000000000000000000000000000000000000000000000000000000000000000045d65c417559e0
8335,0000000000000000000000000000000000000000000000000000000000000000000000000000000000000000000000000000000000000000002ea220b4309f80
8345,000000000000000000000000000000000000000000000000000000000000000000000000000000000000000000000000000000000000000000363faa9d21d0a0
8355,00000000000000000000000000000000000000000000000000000000000000000000000000000000000000000000000000000000000000000030ab7869acfe00
8365,0000000000000000000000000000000000000000000000000000000000000000000000000000000000000000000000000000000000000000001ff26676744c00
8375,00000000000000000000000000000000000000000000000000000000000000000000000000000000000000000000000000000000000000000046d95d613c9900
8385,0000000000000000000000000000000000000000000000000000000000000000000000000000000000000000000000000000000000000000002c2f97197c1940
8395,00000000000000000000000000000000000000000000000000000000000000000000000000000000000000000000000000000000000000000050da8720f74220
8405,0000000000000000000000000000000000000000000000000000000000000000000000000000000000000000000000000000000000000000003c2e6b4a7c8920
8415,00000000000000000000000000000000000000000000000000000000000000000000000000000000000000000000000000000000000000000021f8a118752500
8425,000000000000000000000000000000000000000000000000000000000000000000000000000000000000000000000000000000000000000000421977e465e8e0
8435,00000000000000000000000000000000000000000000000000000000000000000000000000000000000000000000000000000000000000000030fb83c6be6100
8445,0000000000000000000000000000000000000000000000000000000000000000000000000000000000000000000000000000000000000000004432ddfb4376a0
8455,00000000000000000000000000000000000000000000000000000000000000000000000000000000000000000000000000000000000000000068a61837bab360
8465,0000000000000000000000000000000000000000000000000000000000000000000000000000000000000000000000000000000000000000002f843cd62f4ce0
8475,000000000000000000000000000000000000000000000000000000000000000000000000000000000000000000000000000000000000000000348e4aff41d2c0
8485,00000000000000000000000000000000000000000000000000000000000000000000000000000000000000000000000000000000000000000054365da21abb40
8495,0000000000000000000000000000000000000000000000000000000000000000000000000000000000000000000000000000000000000000003cf97581ba66c0
8505,0000000000000000000000000000000000000000000000000000000000000000000000000000000000000000000000000000000000000000003ce09c03670ea0
8515,00000000000000000000000000000000000000000000000000000000000000000000000000000000000000000000000000000000000000000062580655b882e0
8525,0000000000000000000000000000000000000000000000000000000000000000000000000000000000000000000000000000000000000000004d5b0dbfc45b60
8535,00000000000000000000000000000000000000000000000000000000000000000000000000000000000000000000000000000000000000000028adfcb86debc0
8545,0000000000000000000000000000000000000000000000000000000000000000000000000000000000000000000000000000000000000000002718803636b8c0
8555,00000000000000000000000000000000000000000000000000000000000000000000000000000000000000000000000000000000000000000020878680191dc0
8565,0000000000000000000000000000000000000000000000000000000000000000000000000000000000000000000000000000000000000000005b584cce73cb60
8575,000000000000000000000000000000000000000000000000000000000000000000000000000000000000000000000000000000000000000000296ba90e1c3580
8585,0000000000000000000000000000000000000000000000000000000000000000000000000000000000000000000000000000000000000000004e2256e391c080
8595,0000000000000000000000000000000000000000000000000000000000000000000000000000000000000000000000000000000000000000005214cf81f142a0
8605,0000000000000000000000000000000000000000000000000000000000000000000000000000000000000000000000000000000000000000004d8da78147cda0
8615,0000000000000000000000000000000000000000000000000000000000000000000000000000000000000000000000000000000000000000003c6cd4950cdce0
8625,0000000000000000000000000000000000000000000000000000000000000000000000000000000000000000000000000000000000000000002862e0bd7d8ec0
8635,0000000000000000000000000000000000000000000000000000000000000000000000000000000000000000000000000000000000000000003cd0270e5b8dc0
8645,000000000000000000000000000000000000000000000000000000000000000000000000000000000000000000000000000000000000000000556eea16e3e080
8655,00000000000000000000000000000000000000000000000000000000000000000000000000000000000000000000000000000000000000000024e7a16fb2f940
8665,00000000000000000000000000000000000000000000000000000000000000000000000000000000000000000000000000000000000000000038edd5b3d1b500
8675,0000000000000000000000000000000000000000000000000000000000000000000000000000000000000000000000000000000000000000003785287d5a7640
8685,0000000000000000000000000000000000000000000000000000000000000000000000000000000000000000000000000000000000000000003bd4886e14eb80
8695,0000000000000000000000000000000000000000000000000000000000000000000000000000000000000000000000000000000000000000004d4fb1c0884e60
8705,0000000000000000000000000000000000000000000000000000000000000000000000000000000000000000000000000000000000000000001dd758f3648160
8715,0000000000000000000000000000000000000000000000000000000000000000000000000000000000000000000000000000000000000000002fffce1ca0aea0
8725,0000000000000000000000000000000000000000000000000000000000000000000000000000000000000000000000000000000000000000002d1f9b759e91e0
8735,0000000000000000000000000000000000000000000000000000000000000000000000000000000000000000000000000000000000000000004b959d2d171fa0
8745,0000000000000000000000000000000000000000000000000000000000000000000000000000000000000000000000000000000000000000004b22303eb6d4c0
8755,000000000000000000000000000000000000000000000000000000000000000000000000000000000000000000000000000000000000000000219dc68ae32460
8765,00000000000000000000000000000000000000000000000000000000000000000000000000000000000000000000000000000000000000000039321b7dfced20
8775,00000000000000000000000000000000000000000000000000000000000000000000000000000000000000000000000000000000000000000047a24e22774b60
8785,00000000000000000000000000000000000000000000000000000000000000000000000000000000000000000000000000000000000000000049c652aec50e20
8795,00000000000000000000000000000000000000000000000000000000000000000000000000000000000000000000000000000000000000000055973be2f149a0
8805,000000000000000000000000000000000000000000000000000000000000000000000000000000000000000000000000000000000000000000446c2d63b5a180
8815,0000000000000000000000000000000000000000000000000000000000000000000000000000000000000000000000000000000000000000001c0f9b25cb48a0
8825,0000000000000000000000000000000000000000000000000000000000000000000000000000000000000000000000000000000000000000002d2a551c480580
8835,000000000000000000000000000000000000000000000000000000000000000000000000000000000000000000000000000000000000000000359fc56cd451a0
8845,00000000000000000000000000000000000000000000000000000000000000000000000000000000000000000000000000000000000000000012d67013aa66a0
8855,0000000000000000000000000000000000000000000000000000000000000000000000000000000000000000000000000000000000000000001cb039cc33aae0
8865,0000000000000000000000000000000000000000000000000000000000000000000000000000000000000000000000000000000000000000002de4900fbb8bc0
8875,00000000000000000000000000000000000000000000000000000000000000000000000000000000000000000000000000000000000000000034f65d50dc2020
8885,0000000000000000000000000000000000000000000000000000000000000000000000000000000000000000000000000000000000000000002f270521639d00
8895,0000000000000000000000000000000000000000000000000000000000000000000000000000000000000000000000000000000000000000004527e774992fa0
8905,0000000000000000000000000000000000000000000000000000000000000000000000000000000000000000000000000000000000000000002b3c4a33b9a660
8915,00000000000000000000000000000000000000000000000000000000000000000000000000000000000000000000000000000000000000000032931c0dbd83c0
8925,00000000000000000000000000000000000000000000000000000000000000000000000000000000000000000000000000000000000000000033c88bf8e3b7c0
8935,000000000000000000000000000000000000000000000000000000000000000000000000000000000000000000000000000000000000000000298c03d0da6680
8945,0000000000000000000000000000000000000000000000000000000000000000000000000000000000000000000000000000000000000000001f401ee4edc6c0
8955,0000000000000000000000000000000000000000000000000000000000000000000000000000000000000000000000000000000000000000002643e727003160
8965,000000000000000000000000000000000000000000000000000000000000000000000000000000000000000000000000000000000000000000403d3366f3afe0
8975,000000000000000000000000000000000000000000000000000000000000000000000000000000000000000000000000000000000000000000259de8636ab080
8985,0000000000000000000000000000000000000000000000000000000000000000000000000000000000000000000000000000000000000000002c6e161f1ea760
8995,00000000000000000000000000000000000000000000000000000000000000000000000000000000000000000000000000000000000000000065cf4899ef47c0
9005,0000000000000000000000000000000000000000000000000000000000000000000000000000000000000000000000000000000000000000003441fa04664800
9015,0000000000000000000000000000000000000000000000000000000000000000000000000000000000000000000000000000000000000000001bd24529ed5420
9025,00000000000000000000000000000000000000000000000000000000000000000000000000000000000000000000000000000000000000000022d0cc13bcdc20
9035,00000000000000000000000000000000000000000000000000000000000000000000000000000000000000000000000000000000000000000049b1831c7acfc0
9045,00000000000000000000000000000000000000000000000000000000000000000000000000000000000000000000000000000000000000000012c208f78080c0
9055,00000000000000000000000000000000000000000000000000000000000000000000000000000000000000000000000000000000000000000053bd2f6f316780
9065,0000000000000000000000000000000000000000000000000000000000000000000000000000000000000000000000000000000000000000001449dbfaa35fa0
9075,000000000000000000000000000000000000000000000000000000000000000000000000000000000000000000000000000000000000000000280234c40125c0
9085,0000000000000000000000000000000000000000000000000000000000000000000000000000000000000000000000000000000000000000003dde0072540900
9095,0000000000000000000000000000000000000000000000000000000000000000000000000000000000000000000000000000000000000000002fd57cf8183060
9105,000000000000000000000000000000000000000000000000000000000000000000000000000000000000000000000000000000000000000000203eb4c9ed8e60
9115,00000000000000000000000000000000000000000000000000000000000000000000000000000000000000000000000000000000000000000049e350b6a98d80
9125,00000000000000000000000000000000000000000000000000000000000000000000000000000000000000000000000000000000000000000035259e39fbc520
9135,00000000000000000000000000000000000000000000000000000000000000000000000000000000000000000000000000000000000000000028f3898c5bb800
9145,0000000000000000000000000000000000000000000000000000000000000000000000000000000000000000000000000000000000000000004427f6ad3aa060
9155,00000000000000000000000000000000000000000000000000000000000000000000000000000000000000000000000000000000000000000045b558a624ffa0
9165,000000000000000000000000000000000000000000000000000000000000000000000000000000000000000000000000000000000000000000521f596d8a3c60
9175,0000000000000000000000000000000000000000000000000000000000000000000000000000000000000000000000000000000000000000001ece224f1233c0
9185,00000000000000000000000000000000000000000000000000000000000000000000000000000000000000000000000000000000000000000069c1f4cbfc8b40
9195,00000000000000000000000000000000000000000000000000000000000000000000000000000000000000000000000000000000000000000024e23003c218e0
9205,0000000000000000000000000000000000000000000000000000000000000000000000000000000000000000000000000000000000000000005115afba849e20
9215,000000000000000000000000000000000000000000000000000000000000000000000000000000000000000000000000000000000000000000319355edbe8ae0
9225,00000000000000000000000000000000000000000000000000000000000000000000000000000000000000000000000000000000000000000033c91ab3edcae0
9235,0000000000000000000000000000000000000000000000000000000000000000000000000000000000000000000000000000000000000000002664a77d68c540
9245,000000000000000000000000000000000000000000000000000000000000000000000000000000000000000000000000000000000000000000199f7fc6008620
9255,00000000000000000000000000000000000000000000000000000000000000000000000000000000000000000000000000000000000000000053aae652e2fc20
9265,00000000000000000000000000000000000000000000000000000000000000000000000000000000000000000000000000000000000000000033956ccb1a7e20
9275,0000000000000000000000000000000000000000000000000000000000000000000000000000000000000000000000000000000000000000003489a09d1c2680
9285,0000000000000000000000000000000000000000000000000000000000000000000000000000000000000000000000000000000000000000003cd13edd0d9f60
9295,0000000000000000000000000000000000000000000000000000000000000000000000000000000000000000000000000000000000000000002c80fcf6762320
9305,000000000000000000000000000000000000000000000000000000000000000000000000000000000000000000000000000000000000000000217e7cef7501a0
9315,00000000000000000000000000000000000000000000000000000000000000000000000000000000000000000000000000000000000000000030f910b3376700
9325,000000000000000000000000000000000000000000000000000000000000000000000000000000000000000000000000000000000000000000321feb01cf5740
9335,0000000000000000000000000000000000000000000000000000000000000000000000000000000000000000000000000000000000000000002f6c7261a24ee0
9345,0000000000000000000000000000000000000000000000000000000000000000000000000000000000000000000000000000000000000000003125a46b4a23e0
9355,0000000000000000000000000000000000000000000000000000000000000000000000000000000000000000000000000000000000000000003ce56e51d8cf20
9365,0000000000000000000000000000000000000000000000000000000000000000000000000000000000000000000000000000000000000000005428a0409196c0
9375,0000000000000000000000000000000000000000000000000000000000000000000000000000000000000000000000000000000000000000002523a0b09454a0
9385,0000000000000000000000000000000000000000000000000000000000000000000000000000000000000000000000000000000000000000003dc16c74410200
9395,0000000000000000000000000000000000000000000000000000000000000000000000000000000000000000000000000000000000000000004b6812a65017e0
9405,0000000000000000000000000000000000000000000000000000000000000000000000000000000000000000000000000000000000000000004932a74290f960
9415,00000000000000000000000000000000000000000000000000000000000000000000000000000000000000000000000000000000000000000021c04e57546a00
9425,0000000000000000000000000000000000000000000000000000000000000000000000000000000000000000000000000000000000000000004fa63aabe4cce0
9435,0000000000000000000000000000000000000000000000000000000000000000000000000000000000000000000000000000000000000000002899df74dc95e0
9445,000000000000000000000000000000000000000000000000000000000000000000000000000000000000000000000000000000000000000000327cde1915ce20
9455,0000000000000000000000000000000000000000000000000000000000000000000000000000000000000000000000000000000000000000001bbfa1177da760
9465,000000000000000000000000000000000000000000000000000000000000000000000000000000000000000000000000000000000000000000287ac9596afac0
9475,0000000000000000000000000000000000000000000000000000000000000000000000000000000000000000000000000000000000000000003680388eefa240
9485,0000000000000000000000000000000000000000000000000000000000000000000000000000000000000000000000000000000000000000002a40e8d85b3200
9495,0000000000000000000000000000000000000000000000000000000000000000000000000000000000000000000000000000000000000000002f7795397fbfa0
9505,0000000000000000000000000000000000000000000000000000000000000000000000000000000000000000000000000000000000000000002a545cf49577a0
9515,000000000000000000000000000000000000000000000000000000000000000000000000000000000000000000000000000000000000000000313bc3e9cc8480
9525,00000000000000000000000000000000000000000000000000000000000000000000000000000000000000000000000000000000000000000036935c5c6a64e0
9535,0000000000000000000000000000000000000000000000000000000000000000000000000000000000000000000000000000000000000000002b4e7fed9338c0
9545,00000000000000000000000000000000000000000000000000000000000000000000000000000000000000000000000000000000000000000042c4c9803d1e80
9555,00000000000000000000000000000000000000000000000000000000000000000000000000000000000000000000000000000000000000000040d39a3f476880
9565,0000000000000000000000000000000000000000000000000000000000000000000000000000000000000000000000000000000000000000003c4f9ca0dd7fc0
9575,00000000000000000000000000000000000000000000000000000000000000000000000000000000000000000000000000000000000000000040a32425018560
9585,00000000000000000000000000000000000000000000000000000000000000000000000000000000000000000000000000000000000000000037aea484677820
9595,0000000000000000000000000000000000000000000000000000000000000000000000000000000000000000000000000000000000000000001bd8392986a320
9605,00000000000000000000000000000000000000000000000000000000000000000000000000000000000000000000000000000000000000000029db5fa41f0000
9615,00000000000000000000000000000000000000000000000000000000000000000000000000000000000000000000000000000000000000000045286b7e68e780
9625,0000000000000000000000000000000000000000000000000000000000000000000000000000000000000000000000000000000000000000004893891c0eae80
9635,0000000000000000000000000000000000000000000000000000000000000000000000000000000000000000000000000000000000000000006fbe539fced1c0
9645,0000000000000000000000000000000000000000000000000000000000000000000000000000000000000000000000000000000000000000002dd810e930a700
9655,00000000000000000000000000000000000000000000000000000000000000000000000000000000000000000000000000000000000000000036e262922aeaa0
9665,00000000000000000000000000000000000000000000000000000000000000000000000000000000000000000000000000000000000000000033c1f1832e3dc0
9675,00000000000000000000000000000000000000000000000000000000000000000000000000000000000000000000000000000000000000000031e1c7b73a4c00
9685,0000000000000000000000000000000000000000000000000000000000000000000000000000000000000000000000000000000000000000002663411b0ac400
9695,000000000000000000000000000000000000000000000000000000000000000000000000000000000000000000000000000000000000000000234a1681b7fa20
9705,0000000000000000000000000000000000000000000000000000000000000000000000000000000000000000000000000000000000000000001ff9db272ec2c0
9715,0000000000000000000000000000000000000000000000000000000000000000000000000000000000000000000000000000000000000000002aabe164d72d20
9725,0000000000000000000000000000000000000000000000000000000000000000000000000000000000000000000000000000000000000000001a10d120d3f1a0
9735,00000000000000000000000000000000000000000000000000000000000000000000000000000000000000000000000000000000000000000039f1bda24e5300
9745,00000000000000000000000000000000000000000000000000000000000000000000000000000000000000000000000000000000000000000030fbeb33062de0
9755,0000000000000000000000000000000000000000000000000000000000000000000000000000000000000000000000000000000000000000002f3972d160cc80
9765,0000000000000000000000000000000000000000000000000000000000000000000000000000000000000000000000000000000000000000002a37eb0058c300
9775,0000000000000000000000000000000000000000000000000000000000000000000000000000000000000000000000000000000000000000006ad05239c4be60
9785,00000000000000000000000000000000000000000000000000000000000000000000000000000000000000000000000000000000000000000022f47b4c68fea0
9795,000000000000000000000000000000000000000000000000000000000000000000000000000000000000000000000000000000000000000000409e4dccb76d00
9805,0000000000000000000000000000000000000000000000000000000000000000000000000000000000000000000000000000000000000000003c5a9c964722e0
9815,0000000000000000000000000000000000000000000000000000000000000000000000000000000000000000000000000000000000000000002760eef64190c0
9825,000000000000000000000000000000000000000000000000000000000000000000000000000000000000000000000000000000000000000000380d3a07e08220
9835,0000000000000000000000000000000000000000000000000000000000000000000000000000000000000000000000000000000000000000002da3226cc1b920
9845,00000000000000000000000000000000000000000000000000000000000000000000000000000000000000000000000000000000000000000056f8ce8631d7c0
9855,0000000000000000000000000000000000000000000000000000000000000000000000000000000000000000000000000000000000000000003eb527bc722c20
9865,0000000000000000000000000000000000000000000000000000000000000000000000000000000000000000000000000000000000000000003955d267e39ea0
9875,00000000000000000000000000000000000000000000000000000000000000000000000000000000000000000000000000000000000000000026d50bd84c2900
9885,0000000000000000000000000000000000000000000000000000000000000000000000000000000000000000000000000000000000000000002a550eeab0dc40
9895,00000000000000000000000000000000000000000000000000000000000000000000000000000000000000000000000000000000000000000028bedcfc371de0
9905,0000000000000000000000000000000000000000000000000000000000000000000000000000000000000000000000000000000000000000003265a5f343e0a0
9915,00000000000000000000000000000000000000000000000000000000000000000000000000000000000000000000000000000000000000000016c6d259906060
9925,0000000000000000000000000000000000000000000000000000000000000000000000000000000000000000000000000000000000000000003a4efb6acad520
9935,0000000000000000000000000000000000000000000000000000000000000000000000000000000000000000000000000000000000000000003a0bf3208a3820
9945,00000000000000000000000000000000000000000000000000000000000000000000000000000000000000000000000000000000000000000036270c0b194500
9955,000000000000000000000000000000000000000000000000000000000000000000000000000000000000000000000000000000000000000000299b42324999c0
9965,0000000000000000000000000000000000000000000000000000000000000000000000000000000000000000000000000000000000000000001d2071d8551ea0
9975,00000000000000000000000000000000000000000000000000000000000000000000000000000000000000000000000000000000000000000035c07fa5b37660
9985,0000000000000000000000000000000000000000000000000000000000000000000000000000000000000000000000000000000000000000002a578b080fd7e0
9995,00000000000000000000000000000000000000000000000000000000000000000000000000000000000000000000000000000000000000000043f828e1ae5240
10005,00000000000000000000000000000000000000000000000000000000000000000000000000000000000000000000000000000000000000000044ca10dd620d20
10015,0000000000000000000000000000000000000000000000000000000000000000000000000000000000000000000000000000000000000000003452ede5b80060
10025,0000000000000000000000000000000000000000000000000000000000000000000000000000000000000000000000000000000000000000005bf8ae4d7dd660
10035,0000000000000000000000000000000000000000000000000000000000000000000000000000000000000000000000000000000000000000002e582907f17c80
10045,000000000000000000000000000000000000000000000000000000000000000000000000000000000000000000000000000000000000000000379d3fd4586d60
10055,00000000000000000000000000000000000000000000000000000000000000000000000000000000000000000000000000000000000000000025f9f08e7236e0
10065,000000000000000000000000000000000000000000000000000000000000000000000000000000000000000000000000000000000000000000313a7ccc58b6a0
10075,00000000000000000000000000000000000000000000000000000000000000000000000000000000000000000000000000000000000000000035e4fe7bdb7420
10085,00000000000000000000000000000000000000000000000000000000000000000000000000000000000000000000000000000000000000000021be3e5777fe00
10095,00000000000000000000000000000000000000000000000000000000000000000000000000000000000000000000000000000000000000000023f86c75f8aea0
10105,000000000000000000000000000000000000000000000000000000000000000000000000000000000000000000000000000000000000000000427e4c4010c0a0
10115,0000000000000000000000000000000000000000000000000000000000000000000000000000000000000000000000000000000000000000003b524131efea20
10125,000000000000000000000000000000000000000000000000000000000000000000000000000000000000000000000000000000000000000000317de9db7ed820
10135,0000000000000000000000000000000000000000000000000000000000000000000000000000000000000000000000000000000000000000003ee4a9b93ea9a0
10145,0000000000000000000000000000000000000000000000000000000000000000000000000000000000000000000000000000000000000000002ec343cf7eda60
10155,000000000000000000000000000000000000000000000000000000000000000000000000000000000000000000000000000000000000000000348a4858248a60
10165,0000000000000000000000000000000000000000000000000000000000000000000000000000000000000000000000000000000000000000002c3b0ddda2a740
10175,0000000000000000000000000000000000000000000000000000000000000000000000000000000000000000000000000000000000000000002aa6086f14a940
10185,0000000000000000000000000000000000000000000000000000000000000000000000000000000000000000000000000000000000000000003a1eada91fc3e0
10195,0000000000000000000000000000000000000000000000000000000000000000000000000000000000000000000000000000000000000000002e9624d2893120
10205,0000000000000000000000000000000000000000000000000000000000000000000000000000000000000000000000000000000000000000004d685683cb82e0
10215,0000000000000000000000000000000000000000000000000000000000000000000000000000000000000000000000000000000000000000003e1b2f0bbe7d80
10225,0000000000000000000000000000000000000000000000000000000000000000000000000000000000000000000000000000000000000000004d0f91c4da7660
10235,00000000000000000000000000000000000000000000000000000000000000000000000000000000000000000000000000000000000000000032e56b7e590b80
10245,00000000000000000000000000000000000000000000000000000000000000000000000000000000000000000000000000000000000000000054d003840f1200
10255,0000000000000000000000000000000000000000000000000000000000000000000000000000000000000000000000000000000000000000002710e399302dc0
10265,0000000000000000000000000000000000000000000000000000000000000000000000000000000000000000000000000000000000000000001a56859c218800
10275,00000000000000000000000000000000000000000000000000000000000000000000000000000000000000000000000000000000000000000032cd9f312ea380
10285,0000000000000000000000000000000000000000000000000000000000000000000000000000000000000000000000000000000000000000003c2d487bcb3540
10295,000000000000000000000000000000000000000000000000000000000000000000000000000000000000000000000000000000000000000000427b0bb6703c60
10305,000000000000000000000000000000000000000000000000000000000000000000000000000000000000000000000000000000000000000000261f6e648905e0
10315,0000000000000000000000000000000000000000000000000000000000000000000000000000000000000000000000000000000000000000001c7df3320d1460
10325,0000000000000000000000000000000000000000000000000000000000000000000000000000000000000000000000000000000000000000003229181ebae5a0
10335,00000000000000000000000000000000000000000000000000000000000000000000000000000000000000000000000000000000000000000024a5c34cc0bb40
10345,0000000000000000000000000000000000000000000000000000000000000000000000000000000000000000000000000000000000000000001c13c9393468e0
10355,000000000000000000000000000000000000000000000000000000000000000000000000000000000000000000000000000000000000000000401866fd1fb140
10365,0000000000000000000000000000000000000000000000000000000000000000000000000000000000000000000000000000000000000000001d9d26288b8180
10375,00000000000000000000000000000000000000000000000000000000000000000000000000000000000000000000000000000000000000000037ac5f8e673b40
10385,000000000000000000000000000000000000000000000000000000000000000000000000000000000000000000000000000000000000000000276d20ce0cbec0
10395,00000000000000000000000000000000000000000000000000000000000000000000000000000000000000000000000000000000000000000028b4a11a717f80
10405,000000000000000000000000000000000000000000000000000000000000000000000000000000000000000000000000000000000000000000389465eb139160
10415,0000000000000000000000000000000000000000000000000000000000000000000000000000000000000000000000000000000000000000002c83cae29487e0
10425,0000000000000000000000000000000000000000000000000000000000000000000000000000000000000000000000000000000000000000002968dea1fd9460
10435,0000000000000000000000000000000000000000000000000000000000000000000000000000000000000000000000000000000000000000002aa30565700020
10445,00000000000000000000000000000000000000000000000000000000000000000000000000000000000000000000000000000000000000000036704e2d8c0600
10455,0000000000000000000000000000000000000000000000000000000000000000000000000000000000000000000000000000000000000000002f6ba1a69cae40
10465,00000000000000000000000000000000000000000000000000000000000000000000000000000000000000000000000000000000000000000026474dce27fcc0
10475,0000000000000000000000000000000000000000000000000000000000000000000000000000000000000000000000000000000000000000001eaccd8c64db40
10485,0000000000000000000000000000000000000000000000000000000000000000000000000000000000000000000000000000000000000000001849e1e6de0880
10495,00000000000000000000000000000000000000000000000000000000000000000000000000000000000000000000000000000000000000000050ebd73d5674c0
10505,0000000000000000000000000000000000000000000000000000000000000000000000000000000000000000000000000000000000000000002abb0728be3060
10515,000000000000000000000000000000000000000000000000000000000000000000000000000000000000000000000000000000000000000000189caa92851640
10525,00000000000000000000000000000000000000000000000000000000000000000000000000000000000000000000000000000000000000000038a1c64ca2fa20
10535,0000000000000000000000000000000000000000000000000000000000000000000000000000000000000000000000000000000000000000002bae5270f6e680
10545,0000000000000000000000000000000000000000000000000000000000000000000000000000000000000000000000000000000000000000003f9da4e7db6d20
10555,0000000000000000000000000000000000000000000000000000000000000000000000000000000000000000000000000000000000000000002afc3ab80ab1c0
10565,000000000000000000000000000000000000000000000000000000000000000000000000000000000000000000000000000000000000000000309a72a5e652c0