Zeit (ns),Daten (Hex)
995,0000000000000000000000000000000000000000000000000000000000000000000000000000000000000000000000000000000000000000002b310e03406100
1005,000000000000000000000000000000000000000000000000000000000000000000000000000000000000000000000000000000000000000000d5778ab1622a80
1015,000000000000000000000000000000000000000000000000000000000000000000000000000000000000000000000000000000000000000000fcbbc595e1a280
1025,00000000000000000000000000000000000000000000000000000000000000000000000000000000000000000000000000000000000000000012e5f2129ee420
1035,0000000000000000000000000000000000000000000000000000000000000000000000000000000000000000000000000000000000000000002cba2323d76400
1045,000000000000000000000000000000000000000000000000000000000000000000000000000000000000000000000000000000000000000000176f2a094c2840
1055,00000000000000000000000000000000000000000000000000000000000000000000000000000000000000000000000000000000000000000016808f0f877d20
1065,00000000000000000000000000000000000000000000000000000000000000000000000000000000000000000000000000000000000000000102c71a99ece5e0
1075,0000000000000000000000000000000000000000000000000000000000000000000000000000000000000000000000000000000000000000000a65b56a2f5320
1085,000000000000000000000000000000000000000000000000000000000000000000000000000000000000000000000000000000000000000000054844aeb9f6a0
1095,0000000000000000000000000000000000000000000000000000000000000000000000000000000000000000000000000000000000000000000ebb9d158cd440
1105,000000000000000000000000000000000000000000000000000000000000000000000000000000000000000000000000000000000000000000ee949da78efc60
1115,000000000000000000000000000000000000000000000000000000000000000000000000000000000000000000000000000000000000000001031b0a9e1d96c0
1125,00000000000000000000000000000000000000000000000000000000000000000000000000000000000000000000000000000000000000000110f37f11bdd540
1135,0000000000000000000000000000000000000000000000000000000000000000000000000000000000000000000000000000000000000000002dc46a7e34d8e0
1145,00000000000000000000000000000000000000000000000000000000000000000000000000000000000000000000000000000000000000000068970e5647f680
1155,000000000000000000000000000000000000000000000000000000000000000000000000000000000000000000000000000000000000000000155a374abf5ea0
1165,000000000000000000000000000000000000000000000000000000000000000000000000000000000000000000000000000000000000000000f34c92389fe380
1175,0000000000000000000000000000000000000000000000000000000000000000000000000000000000000000000000000000000000000000000ed6cbf62e12e0
1185,0000000000000000000000000000000000000000000000000000000000000000000000000000000000000000000000000000000000000000000d3498a60d4500
1195,0000000000000000000000000000000000000000000000000000000000000000000000000000000000000000000000000000000000000000000978bfab61f700
1205,0000000000000000000000000000000000000000000000000000000000000000000000000000000000000000000000000000000000000000000d83460d0eda60
1215,0000000000000000000000000000000000000000000000000000000000000000000000000000000000000000000000000000000000000000010816ca16ebd660
1225,000000000000000000000000000000000000000000000000000000000000000000000000000000000000000000000000000000000000000001029a0a4458b600
1235,0000000000000000000000000000000000000000000000000000000000000000000000000000000000000000000000000000000000000000000a4ee5ce2ef7e0
1245,0000000000000000000000000000000000000000000000000000000000000000000000000000000000000000000000000000000000000000000a330cc636ba40
1255,0000000000000000000000000000000000000000000000000000000000000000000000000000000000000000000000000000000000000000000c23fc737f7de0
1265,0000000000000000000000000000000000000000000000000000000000000000000000000000000000000000000000000000000000000000006f2e4978486de0
1275,0000000000000000000000000000000000000000000000000000000000000000000000000000000000000000000000000000000000000000000f5f330a86f8c0
1285,000000000000000000000000000000000000000000000000000000000000000000000000000000000000000000000000000000000000000000fece9e85cdbd00
1295,00000000000000000000000000000000000000000000000000000000000000000000000000000000000000000000000000000000000000000015ff4222168a40
1305,0000000000000000000000000000000000000000000000000000000000000000000000000000000000000000000000000000000000000000010b6e2ea2349ae0
1315,000000000000000000000000000000000000000000000000000000000000000000000000000000000000000000000000000000000000000000fdc157f09049a0
1325,000000000000000000000000000000000000000000000000000000000000000000000000000000000000000000000000000000000000000000f4e6b61cfcf680
1335,000000000000000000000000000000000000000000000000000000000000000000000000000000000000000000000000000000000000000000127a3adecd4ba0
1345,0000000000000000000000000000000000000000000000000000000000000000000000000000000000000000000000000000000000000000000e86238f4ea740
1355,000000000000000000000000000000000000000000000000000000000000000000000000000000000000000000000000000000000000000000163d24319c4980
1365,000000000000000000000000000000000000000000000000000000000000000000000000000000000000000000000000000000000000000000048e2ee2a665a0
1375,0000000000000000000000000000000000000000000000000000000000000000000000000000000000000000000000000000000000000000000f384f8d25cd20
1385,00000000000000000000000000000000000000000000000000000000000000000000000000000000000000000000000000000000000000000009ffecbfd00560
1395,0000000000000000000000000000000000000000000000000000000000000000000000000000000000000000000000000000000000000000014b4b1dfbf3a600
1405,0000000000000000000000000000000000000000000000000000000000000000000000000000000000000000000000000000000000000000000c01481d389b00
1415,000000000000000000000000000000000000000000000000000000000000000000000000000000000000000000000000000000000000000000104f095cd3ee00
1425,0000000000000000000000000000000000000000000000000000000000000000000000000000000000000000000000000000000000000000002fb71c0dd57360
1435,00000000000000000000000000000000000000000000000000000000000000000000000000000000000000000000000000000000000000000007dc288c1b7680
1445,000000000000000000000000000000000000000000000000000000000000000000000000000000000000000000000000000000000000000000081072e132fde0
1455,0000000000000000000000000000000000000000000000000000000000000000000000000000000000000000000000000000000000000000000b28a170be25e0
1465,000000000000000000000000000000000000000000000000000000000000000000000000000000000000000000000000000000000000000000fd74cf62074280
1475,00000000000000000000000000000000000000000000000000000000000000000000000000000000000000000000000000000000000000000015dfcdd5703440
1485,000000000000000000000000000000000000000000000000000000000000000000000000000000000000000000000000000000000000000000fc0a9c17f91180
1495,00000000000000000000000000000000000000000000000000000000000000000000000000000000000000000000000000000000000000000006bf390b9d6020
1505,0000000000000000000000000000000000000000000000000000000000000000000000000000000000000000000000000000000000000000002a7d268f5fba60
1515,00000000000000000000000000000000000000000000000000000000000000000000000000000000000000000000000000000000000000000106ecaf3eb361e0
1525,0000000000000000000000000000000000000000000000000000000000000000000000000000000000000000000000000000000000000000000e863cfb9bb5a0
1535,00000000000000000000000000000000000000000000000000000000000000000000000000000000000000000000000000000000000000000034e25b03705ba0
1545,00000000000000000000000000000000000000000000000000000000000000000000000000000000000000000000000000000000000000000113ab16cf2d9d80
1555,0000000000000000000000000000000000000000000000000000000000000000000000000000000000000000000000000000000000000000001215ffef66e240
1565,000000000000000000000000000000000000000000000000000000000000000000000000000000000000000000000000000000000000000000f21e9eea826280
1575,0000000000000000000000000000000000000000000000000000000000000000000000000000000000000000000000000000000000000000002fe89e80a6cb60
1585,0000000000000000000000000000000000000000000000000000000000000000000000000000000000000000000000000000000000000000001d3d0ee0402740
1595,0000000000000000000000000000000000000000000000000000000000000000000000000000000000000000000000000000000000000000010d0978fca538e0
1605,0000000000000000000000000000000000000000000000000000000000000000000000000000000000000000000000000000000000000000000c154e1bdf3380
1615,00000000000000000000000000000000000000000000000000000000000000000000000000000000000000000000000000000000000000000006750f909cac00
1625,0000000000000000000000000000000000000000000000000000000000000000000000000000000000000000000000000000000000000000000a9a977077b580
1635,0000000000000000000000000000000000000000000000000000000000000000000000000000000000000000000000000000000000000000000aa707483eb600
1645,00000000000000000000000000000000000000000000000000000000000000000000000000000000000000000000000000000000000000000015b44effc0f680
1655,000000000000000000000000000000000000000000000000000000000000000000000000000000000000000000000000000000000000000001080eba3500c100
1665,00000000000000000000000000000000000000000000000000000000000000000000000000000000000000000000000000000000000000000007f1cfe34379a0
1675,0000000000000000000000000000000000000000000000000000000000000000000000000000000000000000000000000000000000000000000bf7896ca5a0c0
1685,00000000000000000000000000000000000000000000000000000000000000000000000000000000000000000000000000000000000000000027bb8ff9fed460
1695,00000000000000000000000000000000000000000000000000000000000000000000000000000000000000000000000000000000000000000107b0329dd58bc0
1705,00000000000000000000000000000000000000000000000000000000000000000000000000000000000000000000000000000000000000000022ba12da312620
1715,000000000000000000000000000000000000000000000000000000000000000000000000000000000000000000000000000000000000000000043cfb2d0b70c0
1725,0000000000000000000000000000000000000000000000000000000000000000000000000000000000000000000000000000000000000000000e1e31478acec0
1735,00000000000000000000000000000000000000000000000000000000000000000000000000000000000000000000000000000000000000000110541675192c60
1745,00000000000000000000000000000000000000000000000000000000000000000000000000000000000000000000000000000000000000000017c5a76fc6f9a0
1755,000000000000000000000000000000000000000000000000000000000000000000000000000000000000000000000000000000000000000000b716dd511737a0
1765,000000000000000000000000000000000000000000000000000000000000000000000000000000000000000000000000000000000000000000131f8ed3a962a0
1775,000000000000000000000000000000000000000000000000000000000000000000000000000000000000000000000000000000000000000000e5d71f03401de0
1785,00000000000000000000000000000000000000000000000000000000000000000000000000000000000000000000000000000000000000000039e7db5433e680
1795,0000000000000000000000000000000000000000000000000000000000000000000000000000000000000000000000000000000000000000001e7654ad9a5920
1805,00000000000000000000000000000000000000000000000000000000000000000000000000000000000000000000000000000000000000000010b8b8d5b4daa0
1815,000000000000000000000000000000000000000000000000000000000000000000000000000000000000000000000000000000000000000000af292150038e60
1825,000000000000000000000000000000000000000000000000000000000000000000000000000000000000000000000000000000000000000000084e710e40b0c0
1835,000000000000000000000000000000000000000000000000000000000000000000000000000000000000000000000000000000000000000000e816523ef40ee0
1845,000000000000000000000000000000000000000000000000000000000000000000000000000000000000000000000000000000000000000000e6ee5af06f52e0
1855,0000000000000000000000000000000000000000000000000000000000000000000000000000000000000000000000000000000000000000000cb47d4c38f600
1865,0000000000000000000000000000000000000000000000000000000000000000000000000000000000000000000000000000000000000000000fb19f84f92920
1875,0000000000000000000000000000000000000000000000000000000000000000000000000000000000000000000000000000000000000000000dbf182690ca80
1885,000000000000000000000000000000000000000000000000000000000000000000000000000000000000000000000000000000000000000000067aff90364000
1895,0000000000000000000000000000000000000000000000000000000000000000000000000000000000000000000000000000000000000000000d7fc30d4b6e20
1905,0000000000000000000000000000000000000000000000000000000000000000000000000000000000000000000000000000000000000000001c5d982a629940
1915,000000000000000000000000000000000000000000000000000000000000000000000000000000000000000000000000000000000000000000f5b6165dc8a580
1925,0000000000000000000000000000000000000000000000000000000000000000000000000000000000000000000000000000000000000000010decc4d9a32020
1935,0000000000000000000000000000000000000000000000000000000000000000000000000000000000000000000000000000000000000000000572e5e6ee4aa0
1945,00000000000000000000000000000000000000000000000000000000000000000000000000000000000000000000000000000000000000000008548ba188a160
1955,00000000000000000000000000000000000000000000000000000000000000000000000000000000000000000000000000000000000000000006d4b69ddbe500
1965,000000000000000000000000000000000000000000000000000000000000000000000000000000000000000000000000000000000000000000163b4b00811860
1975,0000000000000000000000000000000000000000000000000000000000000000000000000000000000000000000000000000000000000000000fb8344973f1a0
1985,0000000000000000000000000000000000000000000000000000000000000000000000000000000000000000000000000000000000000000001e0009e6cdf740
1995,0000000000000000000000000000000000000000000000000000000000000000000000000000000000000000000000000000000000000000000d5c725498ed80
2005,000000000000000000000000000000000000000000000000000000000000000000000000000000000000000000000000000000000000000000f9c6e03530dfa0
2015,0000000000000000000000000000000000000000000000000000000000000000000000000000000000000000000000000000000000000000000fc6392af844c0
2025,0000000000000000000000000000000000000000000000000000000000000000000000000000000000000000000000000000000000000000002020d390dd4a60
2035,0000000000000000000000000000000000000000000000000000000000000000000000000000000000000000000000000000000000000000000e734086bbd620
2045,000000000000000000000000000000000000000000000000000000000000000000000000000000000000000000000000000000000000000000dd4686e5c35420
2055,0000000000000000000000000000000000000000000000000000000000000000000000000000000000000000000000000000000000000000000db00d6c809260
2065,00000000000000000000000000000000000000000000000000000000000000000000000000000000000000000000000000000000000000000008cf9e858c5fe0
2075,00000000000000000000000000000000000000000000000000000000000000000000000000000000000000000000000000000000000000000009791ca18315e0
2085,0000000000000000000000000000000000000000000000000000000000000000000000000000000000000000000000000000000000000000000b70face544760
2095,000000000000000000000000000000000000000000000000000000000000000000000000000000000000000000000000000000000000000000109e0c2645e9e0
2105,00000000000000000000000000000000000000000000000000000000000000000000000000000000000000000000000000000000000000000027a919678c16c0
2115,00000000000000000000000000000000000000000000000000000000000000000000000000000000000000000000000000000000000000000101b6a753ab21c0
2125,0000000000000000000000000000000000000000000000000000000000000000000000000000000000000000000000000000000000000000000c6ee75ac1ee60
2135,0000000000000000000000000000000000000000000000000000000000000000000000000000000000000000000000000000000000000000001f93b3cb9ac2c0
2145,00000000000000000000000000000000000000000000000000000000000000000000000000000000000000000000000000000000000000000017c3ef34d0f260
2155,0000000000000000000000000000000000000000000000000000000000000000000000000000000000000000000000000000000000000000000be6e6edc493e0
2165,00000000000000000000000000000000000000000000000000000000000000000000000000000000000000000000000000000000000000000109ba05b5bfc140
2175,0000000000000000000000000000000000000000000000000000000000000000000000000000000000000000000000000000000000000000001832f7ad559fc0
2185,0000000000000000000000000000000000000000000000000000000000000000000000000000000000000000000000000000000000000000000cc467a3c3f560
2195,0000000000000000000000000000000000000000000000000000000000000000000000000000000000000000000000000000000000000000006fa9f8f9cb7760
2205,0000000000000000000000000000000000000000000000000000000000000000000000000000000000000000000000000000000000000000000b4f850ba92820
2215,0000000000000000000000000000000000000000000000000000000000000000000000000000000000000000000000000000000000000000004a10addafd7cc0
2225,0000000000000000000000000000000000000000000000000000000000000000000000000000000000000000000000000000000000000000002aa434aa47df80
2235,000000000000000000000000000000000000000000000000000000000000000000000000000000000000000000000000000000000000000001044347f6763820
2245,00000000000000000000000000000000000000000000000000000000000000000000000000000000000000000000000000000000000000000010664b965668c0
2255,0000000000000000000000000000000000000000000000000000000000000000000000000000000000000000000000000000000000000000001107fcbcac4be0
2265,0000000000000000000000000000000000000000000000000000000000000000000000000000000000000000000000000000000000000000011ea9e02f0c57a0
2275,000000000000000000000000000000000000000000000000000000000000000000000000000000000000000000000000000000000000000000039bad5f4c65c0
2285,000000000000000000000000000000000000000000000000000000000000000000000000000000000000000000000000000000000000000000134eb5c6a36500
2295,0000000000000000000000000000000000000000000000000000000000000000000000000000000000000000000000000000000000000000001e097a213ed880
2305,0000000000000000000000000000000000000000000000000000000000000000000000000000000000000000000000000000000000000000000b97624bbdce00
2315,000000000000000000000000000000000000000000000000000000000000000000000000000000000000000000000000000000000000000000e9096a1108da40
2325,00000000000000000000000000000000000000000000000000000000000000000000000000000000000000000000000000000000000000000013b2f2a2587220
2335,000000000000000000000000000000000000000000000000000000000000000000000000000000000000000000000000000000000000000000fd505633415960
2345,000000000000000000000000000000000000000000000000000000000000000000000000000000000000000000000000000000000000000000f7ca1188b4e2c0
2355,00000000000000000000000000000000000000000000000000000000000000000000000000000000000000000000000000000000000000000018f39ec7bcd280
2365,0000000000000000000000000000000000000000000000000000000000000000000000000000000000000000000000000000000000000000000eecad1c171d20
2375,000000000000000000000000000000000000000000000000000000000000000000000000000000000000000000000000000000000000000000093007e1836d60
2385,0000000000000000000000000000000000000000000000000000000000000000000000000000000000000000000000000000000000000000000bf2eeb1e15ca0
2395,0000000000000000000000000000000000000000000000000000000000000000000000000000000000000000000000000000000000000000000ce762d2a39c00
2405,00000000000000000000000000000000000000000000000000000000000000000000000000000000000000000000000000000000000000000014b8ca1a8c49a0
2415,00000000000000000000000000000000000000000000000000000000000000000000000000000000000000000000000000000000000000000100013084d6a040
2425,000000000000000000000000000000000000000000000000000000000000000000000000000000000000000000000000000000000000000000091df44f0a0400
2435,0000000000000000000000000000000000000000000000000000000000000000000000000000000000000000000000000000000000000000000a76f8df2ce9e0
2445,000000000000000000000000000000000000000000000000000000000000000000000000000000000000000000000000000000000000000000123060a8b38ee0
2455,000000000000000000000000000000000000000000000000000000000000000000000000000000000000000000000000000000000000000000e045339e68f220
2465,0000000000000000000000000000000000000000000000000000000000000000000000000000000000000000000000000000000000000000009122ab24b81400
2475,000000000000000000000000000000000000000000000000000000000000000000000000000000000000000000000000000000000000000000fffa6a18fcba20
2485,000000000000000000000000000000000000000000000000000000000000000000000000000000000000000000000000000000000000000000deeec67a681d20
2495,00000000000000000000000000000000000000000000000000000000000000000000000000000000000000000000000000000000000000000107c72474e749c0
2505,000000000000000000000000000000000000000000000000000000000000000000000000000000000000000000000000000000000000000000e939cac8da06e0
2515,0000000000000000000000000000000000000000000000000000000000000000000000000000000000000000000000000000000000000000000f0fe3caf2c160
2525,0000000000000000000000000000000000000000000000000000000000000000000000000000000000000000000000000000000000000000002a8d2c66e8df60
2535,0000000000000000000000000000000000000000000000000000000000000000000000000000000000000000000000000000000000000000003e0af72a601a20
2545,00000000000000000000000000000000000000000000000000000000000000000000000000000000000000000000000000000000000000000003517f509ac580
2555,0000000000000000000000000000000000000000000000000000000000000000000000000000000000000000000000000000000000000000000c673e651eae80
2565,00000000000000000000000000000000000000000000000000000000000000000000000000000000000000000000000000000000000000000105615d3bccd1c0
2575,000000000000000000000000000000000000000000000000000000000000000000000000000000000000000000000000000000000000000000f8e2b44e697380
2585,00000000000000000000000000000000000000000000000000000000000000000000000000000000000000000000000000000000000000000013af03f16133e0
2595,0000000000000000000000000000000000000000000000000000000000000000000000000000000000000000000000000000000000000000000b445582917ea0
2605,0000000000000000000000000000000000000000000000000000000000000000000000000000000000000000000000000000000000000000000c43b540213640
2615,000000000000000000000000000000000000000000000000000000000000000000000000000000000000000000000000000000000000000000124db67f570fe0
2625,0000000000000000000000000000000000000000000000000000000000000000000000000000000000000000000000000000000000000000000be96bb2857060
2635,0000000000000000000000000000000000000000000000000000000000000000000000000000000000000000000000000000000000000000000a2c6201bd6d40
2645,00000000000000000000000000000000000000000000000000000000000000000000000000000000000000000000000000000000000000000058fe973212fc20
2655,000000000000000000000000000000000000000000000000000000000000000000000000000000000000000000000000000000000000000000089a0fce148cc0
2665,0000000000000000000000000000000000000000000000000000000000000000000000000000000000000000000000000000000000000000010997679a8b1020
2675,0000000000000000000000000000000000000000000000000000000000000000000000000000000000000000000000000000000000000000000f15292d0dfbe0
2685,000000000000000000000000000000000000000000000000000000000000000000000000000000000000000000000000000000000000000000159ce8e3cabf60
2695,0000000000000000000000000000000000000000000000000000000000000000000000000000000000000000000000000000000000000000000ee19f1cd5cea0
2705,000000000000000000000000000000000000000000000000000000000000000000000000000000000000000000000000000000000000000000e5a59886966e00
2715,000000000000000000000000000000000000000000000000000000000000000000000000000000000000000000000000000000000000000000fd56052906b1c0
2725,0000000000000000000000000000000000000000000000000000000000000000000000000000000000000000000000000000000000000000001ec6674f978d80
2735,000000000000000000000000000000000000000000000000000000000000000000000000000000000000000000000000000000000000000001103c8176aff6a0
2745,000000000000000000000000000000000000000000000000000000000000000000000000000000000000000000000000000000000000000000067b14f2aaf680
2755,000000000000000000000000000000000000000000000000000000000000000000000000000000000000000000000000000000000000000000f435c5d04b9ea0
2765,0000000000000000000000000000000000000000000000000000000000000000000000000000000000000000000000000000000000000000010cf4fb4ccb9d60
2775,0000000000000000000000000000000000000000000000000000000000000000000000000000000000000000000000000000000000000000011f1f106c1325c0
2785,0000000000000000000000000000000000000000000000000000000000000000000000000000000000000000000000000000000000000000000f38f86f909340
2795,000000000000000000000000000000000000000000000000000000000000000000000000000000000000000000000000000000000000000000fd202422cf7e20
2805,000000000000000000000000000000000000000000000000000000000000000000000000000000000000000000000000000000000000000000126af3e9ad7140
2815,0000000000000000000000000000000000000000000000000000000000000000000000000000000000000000000000000000000000000000000aa88865ae9b60
2825,00000000000000000000000000000000000000000000000000000000000000000000000000000000000000000000000000000000000000000010c9292d36d280
2835,00000000000000000000000000000000000000000000000000000000000000000000000000000000000000000000000000000000000000000108519044310f40
2845,000000000000000000000000000000000000000000000000000000000000000000000000000000000000000000000000000000000000000000fa5ddb5266e960
2855,00000000000000000000000000000000000000000000000000000000000000000000000000000000000000000000000000000000000000000012dadc4e71cce0
2865,000000000000000000000000000000000000000000000000000000000000000000000000000000000000000000000000000000000000000000f8833d68897200
2875,000000000000000000000000000000000000000000000000000000000000000000000000000000000000000000000000000000000000000000b184399d878ae0
2885,00000000000000000000000000000000000000000000000000000000000000000000000000000000000000000000000000000000000000000023bcd9bee8a080
2895,0000000000000000000000000000000000000000000000000000000000000000000000000000000000000000000000000000000000000000004d173761e06620
2905,0000000000000000000000000000000000000000000000000000000000000000000000000000000000000000000000000000000000000000000ccb195e642cc0
2915,00000000000000000000000000000000000000000000000000000000000000000000000000000000000000000000000000000000000000000022991f5c698e80
2925,0000000000000000000000000000000000000000000000000000000000000000000000000000000000000000000000000000000000000000003f082e36d9fc00
2935,0000000000000000000000000000000000000000000000000000000000000000000000000000000000000000000000000000000000000000000cf4bfb4334120
2945,00000000000000000000000000000000000000000000000000000000000000000000000000000000000000000000000000000000000000000059f8e966213fc0
2955,000000000000000000000000000000000000000000000000000000000000000000000000000000000000000000000000000000000000000000084d4cdd194d60
2965,000000000000000000000000000000000000000000000000000000000000000000000000000000000000000000000000000000000000000000dc719b741c3280
2975,000000000000000000000000000000000000000000000000000000000000000000000000000000000000000000000000000000000000000000fdcd5a7999bb60
2985,000000000000000000000000000000000000000000000000000000000000000000000000000000000000000000000000000000000000000001024a90360274c0
2995,000000000000000000000000000000000000000000000000000000000000000000000000000000000000000000000000000000000000000001071611b210e1e0
3005,0000000000000000000000000000000000000000000000000000000000000000000000000000000000000000000000000000000000000000001e23823d07a520
3015,00000000000000000000000000000000000000000000000000000000000000000000000000000000000000000000000000000000000000000022ded375410420
3025,000000000000000000000000000000000000000000000000000000000000000000000000000000000000000000000000000000000000000000ffb2f9cf081f20
3035,00000000000000000000000000000000000000000000000000000000000000000000000000000000000000000000000000000000000000000019214775e44840
3045,000000000000000000000000000000000000000000000000000000000000000000000000000000000000000000000000000000000000000000fa55a2a1b9a7a0
3055,00000000000000000000000000000000000000000000000000000000000000000000000000000000000000000000000000000000000000000011109ccfc8bda0
3065,00000000000000000000000000000000000000000000000000000000000000000000000000000000000000000000000000000000000000000089a5c160f68e60
3075,00000000000000000000000000000000000000000000000000000000000000000000000000000000000000000000000000000000000000000007173dde4c9660
3085,000000000000000000000000000000000000000000000000000000000000000000000000000000000000000000000000000000000000000000ed629bc6063bc0
3095,0000000000000000000000000000000000000000000000000000000000000000000000000000000000000000000000000000000000000000000b31ebb50a3380
3105,0000000000000000000000000000000000000000000000000000000000000000000000000000000000000000000000000000000000000000001610b4efae7a20
3115,0000000000000000000000000000000000000000000000000000000000000000000000000000000000000000000000000000000000000000010f35fa60fe1be0
3125,00000000000000000000000000000000000000000000000000000000000000000000000000000000000000000000000000000000000000000019fd477ac28200
3135,0000000000000000000000000000000000000000000000000000000000000000000000000000000000000000000000000000000000000000003697780d5e9ae0
3145,0000000000000000000000000000000000000000000000000000000000000000000000000000000000000000000000000000000000000000001098461cd0e480
3155,0000000000000000000000000000000000000000000000000000000000000000000000000000000000000000000000000000000000000000001af13ea565ca80
3165,000000000000000000000000000000000000000000000000000000000000000000000000000000000000000000000000000000000000000000f6624ba0f2fa40
3175,00000000000000000000000000000000000000000000000000000000000000000000000000000000000000000000000000000000000000000014936361fdc480
3185,00000000000000000000000000000000000000000000000000000000000000000000000000000000000000000000000000000000000000000011c63deaee17e0
3195,000000000000000000000000000000000000000000000000000000000000000000000000000000000000000000000000000000000000000000fd8c9a25592780
3205,0000000000000000000000000000000000000000000000000000000000000000000000000000000000000000000000000000000000000000000f2b66d2f0ca80
3215,0000000000000000000000000000000000000000000000000000000000000000000000000000000000000000000000000000000000000000002e429944791dc0
3225,0000000000000000000000000000000000000000000000000000000000000000000000000000000000000000000000000000000000000000001118ac0a516820
3235,000000000000000000000000000000000000000000000000000000000000000000000000000000000000000000000000000000000000000000e53805841ff8e0
3245,0000000000000000000000000000000000000000000000000000000000000000000000000000000000000000000000000000000000000000000d7c88175bc4c0
3255,0000000000000000000000000000000000000000000000000000000000000000000000000000000000000000000000000000000000000000000e21386eb90980
3265,0000000000000000000000000000000000000000000000000000000000000000000000000000000000000000000000000000000000000000010c8744f1ba0020
3275,00000000000000000000000000000000000000000000000000000000000000000000000000000000000000000000000000000000000000000040099560957880
3285,000000000000000000000000000000000000000000000000000000000000000000000000000000000000000000000000000000000000000000fe8af327e6e200
3295,000000000000000000000000000000000000000000000000000000000000000000000000000000000000000000000000000000000000000000087b0e502b66a0
3305,00000000000000000000000000000000000000000000000000000000000000000000000000000000000000000000000000000000000000000026b7cbc6937f40
3315,00000000000000000000000000000000000000000000000000000000000000000000000000000000000000000000000000000000000000000108cc4ee34e2ca0
3325,000000000000000000000000000000000000000000000000000000000000000000000000000000000000000000000000000000000000000000127d7dc10b3140
3335,000000000000000000000000000000000000000000000000000000000000000000000000000000000000000000000000000000000000000000264b856b691600
3345,0000000000000000000000000000000000000000000000000000000000000000000000000000000000000000000000000000000000000000002bfd333a6b2ce0
3355,000000000000000000000000000000000000000000000000000000000000000000000000000000000000000000000000000000000000000000d699cb62bf9c00
3365,0000000000000000000000000000000000000000000000000000000000000000000000000000000000000000000000000000000000000000000d1010b25c0be0
3375,00000000000000000000000000000000000000000000000000000000000000000000000000000000000000000000000000000000000000000016f72f4c757f40
3385,000000000000000000000000000000000000000000000000000000000000000000000000000000000000000000000000000000000000000000f46fd373c4a940
3395,0000000000000000000000000000000000000000000000000000000000000000000000000000000000000000000000000000000000000000000d1e58e2a0c240
3405,0000000000000000000000000000000000000000000000000000000000000000000000000000000000000000000000000000000000000000001ca5c4a58599a0
3415,0000000000000000000000000000000000000000000000000000000000000000000000000000000000000000000000000000000000000000001074b25071ade0
3425,0000000000000000000000000000000000000000000000000000000000000000000000000000000000000000000000000000000000000000000e66e8d655ab20
3435,0000000000000000000000000000000000000000000000000000000000000000000000000000000000000000000000000000000000000000000e017b7ab522a0
3445,00000000000000000000000000000000000000000000000000000000000000000000000000000000000000000000000000000000000000000023f5c093b09c40
3455,000000000000000000000000000000000000000000000000000000000000000000000000000000000000000000000000000000000000000000108bfbe29133c0
3465,00000000000000000000000000000000000000000000000000000000000000000000000000000000000000000000000000000000000000000128526ef4bf7280
3475,000000000000000000000000000000000000000000000000000000000000000000000000000000000000000000000000000000000000000000e33d19f50d46e0
3485,000000000000000000000000000000000000000000000000000000000000000000000000000000000000000000000000000000000000000000086a8e8c5bb3e0
3495,000000000000000000000000000000000000000000000000000000000000000000000000000000000000000000000000000000000000000000fcae362a7cc7a0
3505,000000000000000000000000000000000000000000000000000000000000000000000000000000000000000000000000000000000000000000087dfd28965860
3515,000000000000000000000000000000000000000000000000000000000000000000000000000000000000000000000000000000000000000000f7183b323a6d80
3525,0000000000000000000000000000000000000000000000000000000000000000000000000000000000000000000000000000000000000000010b136b0ac870a0
3535,0000000000000000000000000000000000000000000000000000000000000000000000000000000000000000000000000000000000000000000dbac789516080
3545,000000000000000000000000000000000000000000000000000000000000000000000000000000000000000000000000000000000000000000f7eadab7ba67e0
3555,0000000000000000000000000000000000000000000000000000000000000000000000000000000000000000000000000000000000000000000a4c08583901a0
3565,000000000000000000000000000000000000000000000000000000000000000000000000000000000000000000000000000000000000000000abdcfc08e51540
3575,000000000000000000000000000000000000000000000000000000000000000000000000000000000000000000000000000000000000000000a4bdf7700af1c0
3585,000000000000000000000000000000000000000000000000000000000000000000000000000000000000000000000000000000000000000000c8d4a8a8e5cce0
3595,0000000000000000000000000000000000000000000000000000000000000000000000000000000000000000000000000000000000000000000fdebcbd02a220
3605,00000000000000000000000000000000000000000000000000000000000000000000000000000000000000000000000000000000000000000006c0b6f7d268e0
3615,000000000000000000000000000000000000000000000000000000000000000000000000000000000000000000000000000000000000000000c72fedf67a7700
3625,0000000000000000000000000000000000000000000000000000000000000000000000000000000000000000000000000000000000000000000fa4a1d49e2da0
3635,0000000000000000000000000000000000000000000000000000000000000000000000000000000000000000000000000000000000000000002676eead688ce0
3645,0000000000000000000000000000000000000000000000000000000000000000000000000000000000000000000000000000000000000000006ef58efc1aff00
3655,0000000000000000000000000000000000000000000000000000000000000000000000000000000000000000000000000000000000000000000f523d9f17bd60
3665,000000000000000000000000000000000000000000000000000000000000000000000000000000000000000000000000000000000000000000104eccf0893b60
3675,000000000000000000000000000000000000000000000000000000000000000000000000000000000000000000000000000000000000000000e155065adcea00
3685,0000000000000000000000000000000000000000000000000000000000000000000000000000000000000000000000000000000000000000001095b99cfcdc20
3695,000000000000000000000000000000000000000000000000000000000000000000000000000000000000000000000000000000000000000000107097bd073d40
3705,0000000000000000000000000000000000000000000000000000000000000000000000000000000000000000000000000000000000000000001334498d577ec0
3715,000000000000000000000000000000000000000000000000000000000000000000000000000000000000000000000000000000000000000000180755304652e0
3725,0000000000000000000000000000000000000000000000000000000000000000000000000000000000000000000000000000000000000000000c9de212ab3a80
3735,00000000000000000000000000000000000000000000000000000000000000000000000000000000000000000000000000000000000000000012f4e038ffce20
3745,000000000000000000000000000000000000000000000000000000000000000000000000000000000000000000000000000000000000000000083f02de0fc9e0
3755,00000000000000000000000000000000000000000000000000000000000000000000000000000000000000000000000000000000000000000008bcb45f7030e0
3765,0000000000000000000000000000000000000000000000000000000000000000000000000000000000000000000000000000000000000000000a547af5312120
3775,0000000000000000000000000000000000000000000000000000000000000000000000000000000000000000000000000000000000000000000fe5df46602be0
3785,00000000000000000000000000000000000000000000000000000000000000000000000000000000000000000000000000000000000000000013314534edffe0
3795,000000000000000000000000000000000000000000000000000000000000000000000000000000000000000000000000000000000000000000149a3c57af0860
3805,000000000000000000000000000000000000000000000000000000000000000000000000000000000000000000000000000000000000000000fc61d1afa28d40
3815,000000000000000000000000000000000000000000000000000000000000000000000000000000000000000000000000000000000000000000fdf908bb948c00
3825,00000000000000000000000000000000000000000000000000000000000000000000000000000000000000000000000000000000000000000006ace551c5d340
3835,0000000000000000000000000000000000000000000000000000000000000000000000000000000000000000000000000000000000000000000cefcd16fec1a0
3845,00000000000000000000000000000000000000000000000000000000000000000000000000000000000000000000000000000000000000000012720ee932df80
3855,0000000000000000000000000000000000000000000000000000000000000000000000000000000000000000000000000000000000000000000fb3646750cc40
3865,00000000000000000000000000000000000000000000000000000000000000000000000000000000000000000000000000000000000000000017e9d9b242e540
3875,0000000000000000000000000000000000000000000000000000000000000000000000000000000000000000000000000000000000000000003562cca22b2940
3885,000000000000000000000000000000000000000000000000000000000000000000000000000000000000000000000000000000000000000000f93829dc588260
3895,00000000000000000000000000000000000000000000000000000000000000000000000000000000000000000000000000000000000000000009a0d2d01122c0
3905,0000000000000000000000000000000000000000000000000000000000000000000000000000000000000000000000000000000000000000001248dea70d1160
3915,000000000000000000000000000000000000000000000000000000000000000000000000000000000000000000000000000000000000000000e9808cf55084c0
3925,00000000000000000000000000000000000000000000000000000000000000000000000000000000000000000000000000000000000000000015c625eadc0000
3935,00000000000000000000000000000000000000000000000000000000000000000000000000000000000000000000000000000000000000000034ea08ef3aa860
3945,0000000000000000000000000000000000000000000000000000000000000000000000000000000000000000000000000000000000000000001c239aa4725140
3955,0000000000000000000000000000000000000000000000000000000000000000000000000000000000000000000000000000000000000000011665b0b3cbf6c0
3965,00000000000000000000000000000000000000000000000000000000000000000000000000000000000000000000000000000000000000000006ad26d1c16960
3975,00000000000000000000000000000000000000000000000000000000000000000000000000000000000000000000000000000000000000000023499550859b00
3985,0000000000000000000000000000000000000000000000000000000000000000000000000000000000000000000000000000000000000000000f51298b791ca0
3995,0000000000000000000000000000000000000000000000000000000000000000000000000000000000000000000000000000000000000000000fb99b2bd1ea40
4005,0000000000000000000000000000000000000000000000000000000000000000000000000000000000000000000000000000000000000000002aa2dd3e103ea0
4015,00000000000000000000000000000000000000000000000000000000000000000000000000000000000000000000000000000000000000000096da31b8419e60
4025,0000000000000000000000000000000000000000000000000000000000000000000000000000000000000000000000000000000000000000012d2f66be659320
4035,0000000000000000000000000000000000000000000000000000000000000000000000000000000000000000000000000000000000000000000906b9e44beee0
4045,000000000000000000000000000000000000000000000000000000000000000000000000000000000000000000000000000000000000000001053bd6aaa2e820
4055,000000000000000000000000000000000000000000000000000000000000000000000000000000000000000000000000000000000000000000f5951fc2776b00
4065,000000000000000000000000000000000000000000000000000000000000000000000000000000000000000000000000000000000000000000224daf3043ca20
4075,0000000000000000000000000000000000000000000000000000000000000000000000000000000000000000000000000000000000000000000d35ca4d5b22a0
4085,000000000000000000000000000000000000000000000000000000000000000000000000000000000000000000000000000000000000000001212ace2b3ec1a0
4095,0000000000000000000000000000000000000000000000000000000000000000000000000000000000000000000000000000000000000000000bbaad495d0040
4105,00000000000000000000000000000000000000000000000000000000000000000000000000000000000000000000000000000000000000000106f0b4dbf7d9a0
4115,0000000000000000000000000000000000000000000000000000000000000000000000000000000000000000000000000000000000000000000dffc6b5e64220
4125,000000000000000000000000000000000000000000000000000000000000000000000000000000000000000000000000000000000000000000144f58dcbadcc0
4135,00000000000000000000000000000000000000000000000000000000000000000000000000000000000000000000000000000000000000000039996463560820
4145,0000000000000000000000000000000000000000000000000000000000000000000000000000000000000000000000000000000000000000010397cd020441e0
4155,0000000000000000000000000000000000000000000000000000000000000000000000000000000000000000000000000000000000000000000c5e43ef922c80
4165,000000000000000000000000000000000000000000000000000000000000000000000000000000000000000000000000000000000000000000eb3f0f4d619cc0
4175,00000000000000000000000000000000000000000000000000000000000000000000000000000000000000000000000000000000000000000102a9416ab4b4c0
4185,0000000000000000000000000000000000000000000000000000000000000000000000000000000000000000000000000000000000000000001587396f196fa0
4195,00000000000000000000000000000000000000000000000000000000000000000000000000000000000000000000000000000000000000000046717d683c7100
4205,000000000000000000000000000000000000000000000000000000000000000000000000000000000000000000000000000000000000000000fcf590b95f2840
4215,0000000000000000000000000000000000000000000000000000000000000000000000000000000000000000000000000000000000000000000aab49c7f53ae0
4225,000000000000000000000000000000000000000000000000000000000000000000000000000000000000000000000000000000000000000000ce07ed62e2a060
4235,00000000000000000000000000000000000000000000000000000000000000000000000000000000000000000000000000000000000000000107359a6b049c80
4245,0000000000000000000000000000000000000000000000000000000000000000000000000000000000000000000000000000000000000000000ae2a99cd78f60
4255,000000000000000000000000000000000000000000000000000000000000000000000000000000000000000000000000000000000000000000186ac2bd446bc0
4265,0000000000000000000000000000000000000000000000000000000000000000000000000000000000000000000000000000000000000000000c83a98a96ec40
4275,000000000000000000000000000000000000000000000000000000000000000000000000000000000000000000000000000000000000000000097d3183b2d500
4285,0000000000000000000000000000000000000000000000000000000000000000000000000000000000000000000000000000000000000000001f2e6bbebca300
4295,0000000000000000000000000000000000000000000000000000000000000000000000000000000000000000000000000000000000000000000a33821ecc5be0
4305,00000000000000000000000000000000000000000000000000000000000000000000000000000000000000000000000000000000000000000010821ff6ec8080
4315,000000000000000000000000000000000000000000000000000000000000000000000000000000000000000000000000000000000000000000152db9c3e636a0
4325,0000000000000000000000000000000000000000000000000000000000000000000000000000000000000000000000000000000000000000003a46db752f9a00
4335,0000000000000000000000000000000000000000000000000000000000000000000000000000000000000000000000000000000000000000010252b5fa623800
4345,0000000000000000000000000000000000000000000000000000000000000000000000000000000000000000000000000000000000000000000b5269bcb252e0
4355,0000000000000000000000000000000000000000000000000000000000000000000000000000000000000000000000000000000000000000000b6df1b0fecc00
4365,000000000000000000000000000000000000000000000000000000000000000000000000000000000000000000000000000000000000000000fc311c0b8854a0
4375,0000000000000000000000000000000000000000000000000000000000000000000000000000000000000000000000000000000000000000000dafbdcefc1720
4385,000000000000000000000000000000000000000000000000000000000000000000000000000000000000000000000000000000000000000000173234f9b670c0
4395,0000000000000000000000000000000000000000000000000000000000000000000000000000000000000000000000000000000000000000000d1e7d13d965a0
4405,000000000000000000000000000000000000000000000000000000000000000000000000000000000000000000000000000000000000000000fb7d24fa1ee2c0
4415,00000000000000000000000000000000000000000000000000000000000000000000000000000000000000000000000000000000000000000020f0eedb74fc80
4425,000000000000000000000000000000000000000000000000000000000000000000000000000000000000000000000000000000000000000001130fe1f72cc660
4435,0000000000000000000000000000000000000000000000000000000000000000000000000000000000000000000000000000000000000000001ced1720b74a80
4445,00000000000000000000000000000000000000000000000000000000000000000000000000000000000000000000000000000000000000000008db072c2a08c0
4455,000000000000000000000000000000000000000000000000000000000000000000000000000000000000000000000000000000000000000000fb866ed21c32c0
4465,00000000000000000000000000000000000000000000000000000000000000000000000000000000000000000000000000000000000000000011009db352d5c0
4475,0000000000000000000000000000000000000000000000000000000000000000000000000000000000000000000000000000000000000000011b766ddc6b31e0
4485,0000000000000000000000000000000000000000000000000000000000000000000000000000000000000000000000000000000000000000012ea3cc5688cca0
4495,0000000000000000000000000000000000000000000000000000000000000000000000000000000000000000000000000000000000000000000fa48efc01e8e0
4505,0000000000000000000000000000000000000000000000000000000000000000000000000000000000000000000000000000000000000000000fb47736033420
4515,00000000000000000000000000000000000000000000000000000000000000000000000000000000000000000000000000000000000000000017a4fe4a97e960
4525,0000000000000000000000000000000000000000000000000000000000000000000000000000000000000000000000000000000000000000000bc3e88daa10a0
4535,0000000000000000000000000000000000000000000000000000000000000000000000000000000000000000000000000000000000000000000f70e561f33e20
4545,0000000000000000000000000000000000000000000000000000000000000000000000000000000000000000000000000000000000000000000b17337bc36c40
4555,0000000000000000000000000000000000000000000000000000000000000000000000000000000000000000000000000000000000000000000d9b00819cec60
4565,0000000000000000000000000000000000000000000000000000000000000000000000000000000000000000000000000000000000000000000b9974cb9a0ee0
4575,00000000000000000000000000000000000000000000000000000000000000000000000000000000000000000000000000000000000000000011fac136292b20
4585,0000000000000000000000000000000000000000000000000000000000000000000000000000000000000000000000000000000000000000000e51e1d7c063e0
4595,0000000000000000000000000000000000000000000000000000000000000000000000000000000000000000000000000000000000000000010511e1c127e420
4605,0000000000000000000000000000000000000000000000000000000000000000000000000000000000000000000000000000000000000000000784d711fdb460
4615,0000000000000000000000000000000000000000000000000000000000000000000000000000000000000000000000000000000000000000000975ca04328e60
4625,00000000000000000000000000000000000000000000000000000000000000000000000000000000000000000000000000000000000000000009b22dec6f97a0
4635,00000000000000000000000000000000000000000000000000000000000000000000000000000000000000000000000000000000000000000009711570d27e40
4645,0000000000000000000000000000000000000000000000000000000000000000000000000000000000000000000000000000000000000000000d0db20b227680
4655,00000000000000000000000000000000000000000000000000000000000000000000000000000000000000000000000000000000000000000007cf1b03240280
4665,00000000000000000000000000000000000000000000000000000000000000000000000000000000000000000000000000000000000000000013047206b82740
4675,000000000000000000000000000000000000000000000000000000000000000000000000000000000000000000000000000000000000000000123c726ccfab20
4685,000000000000000000000000000000000000000000000000000000000000000000000000000000000000000000000000000000000000000000fdd68d3de75e60
4695,000000000000000000000000000000000000000000000000000000000000000000000000000000000000000000000000000000000000000000f17fc988e77f20
4705,000000000000000000000000000000000000000000000000000000000000000000000000000000000000000000000000000000000000000000127480b7cda0a0
4715,000000000000000000000000000000000000000000000000000000000000000000000000000000000000000000000000000000000000000000f77eafb52bb0c0
4725,00000000000000000000000000000000000000000000000000000000000000000000000000000000000000000000000000000000000000000009a32d4fe889a0
4735,0000000000000000000000000000000000000000000000000000000000000000000000000000000000000000000000000000000000000000001ef95469b2ebe0
4745,000000000000000000000000000000000000000000000000000000000000000000000000000000000000000000000000000000000000000000f6013858b89b00
4755,00000000000000000000000000000000000000000000000000000000000000000000000000000000000000000000000000000000000000000009fe1549c867a0
4765,000000000000000000000000000000000000000000000000000000000000000000000000000000000000000000000000000000000000000000d48cec413158a0
4775,0000000000000000000000000000000000000000000000000000000000000000000000000000000000000000000000000000000000000000011263a4c7b43560
4785,0000000000000000000000000000000000000000000000000000000000000000000000000000000000000000000000000000000000000000000b1c47aca6e3a0
4795,0000000000000000000000000000000000000000000000000000000000000000000000000000000000000000000000000000000000000000000b63fbecbe4cc0
4805,0000000000000000000000000000000000000000000000000000000000000000000000000000000000000000000000000000000000000000010a46605d85b880
4815,00000000000000000000000000000000000000000000000000000000000000000000000000000000000000000000000000000000000000000012a78020acaf80
4825,0000000000000000000000000000000000000000000000000000000000000000000000000000000000000000000000000000000000000000000b670313ec8780
4835,000000000000000000000000000000000000000000000000000000000000000000000000000000000000000000000000000000000000000000367d7d2ca89b40
4845,0000000000000000000000000000000000000000000000000000000000000000000000000000000000000000000000000000000000000000000a643a60704000
4855,00000000000000000000000000000000000000000000000000000000000000000000000000000000000000000000000000000000000000000012e6644daae2e0
4865,0000000000000000000000000000000000000000000000000000000000000000000000000000000000000000000000000000000000000000000d57eb4b0e6960
4875,00000000000000000000000000000000000000000000000000000000000000000000000000000000000000000000000000000000000000000004ddad3fc148e0
4885,0000000000000000000000000000000000000000000000000000000000000000000000000000000000000000000000000000000000000000003c7b2f59018de0
4895,000000000000000000000000000000000000000000000000000000000000000000000000000000000000000000000000000000000000000000075a888afee1a0
4905,0000000000000000000000000000000000000000000000000000000000000000000000000000000000000000000000000000000000000000007d4af2188b3bc0
4915,0000000000000000000000000000000000000000000000000000000000000000000000000000000000000000000000000000000000000000003addba2ff16600
4925,00000000000000000000000000000000000000000000000000000000000000000000000000000000000000000000000000000000000000000003bb57bfa05200
4935,0000000000000000000000000000000000000000000000000000000000000000000000000000000000000000000000000000000000000000000770787fabd8c0
4945,0000000000000000000000000000000000000000000000000000000000000000000000000000000000000000000000000000000000000000010f5a14d4b6b5e0
4955,000000000000000000000000000000000000000000000000000000000000000000000000000000000000000000000000000000000000000000099096bd77f400
4965,00000000000000000000000000000000000000000000000000000000000000000000000000000000000000000000000000000000000000000006f3a44328d7a0
4975,000000000000000000000000000000000000000000000000000000000000000000000000000000000000000000000000000000000000000001101c1e96687900
4985,0000000000000000000000000000000000000000000000000000000000000000000000000000000000000000000000000000000000000000000c0ea5c3b481a0
4995,0000000000000000000000000000000000000000000000000000000000000000000000000000000000000000000000000000000000000000000a958b2be27a60
5005,00000000000000000000000000000000000000000000000000000000000000000000000000000000000000000000000000000000000000000007cf13794be700
5015,00000000000000000000000000000000000000000000000000000000000000000000000000000000000000000000000000000000000000000007caa1a0fb0900
5025,00000000000000000000000000000000000000000000000000000000000000000000000000000000000000000000000000000000000000000016dc3a1d0b7120
5035,0000000000000000000000000000000000000000000000000000000000000000000000000000000000000000000000000000000000000000000c50bee6a2c5e0
5045,0000000000000000000000000000000000000000000000000000000000000000000000000000000000000000000000000000000000000000000c731981dc0360
5055,00000000000000000000000000000000000000000000000000000000000000000000000000000000000000000000000000000000000000000008a9519bd249e0
5065,00000000000000000000000000000000000000000000000000000000000000000000000000000000000000000000000000000000000000000033dc658b3e89a0
5075,0000000000000000000000000000000000000000000000000000000000000000000000000000000000000000000000000000000000000000010368a098e33b40
5085,0000000000000000000000000000000000000000000000000000000000000000000000000000000000000000000000000000000000000000011292dece5e29c0
5095,0000000000000000000000000000000000000000000000000000000000000000000000000000000000000000000000000000000000000000000ea6aa96f62b60
5105,0000000000000000000000000000000000000000000000000000000000000000000000000000000000000000000000000000000000000000000f706ca6e7af80
5115,000000000000000000000000000000000000000000000000000000000000000000000000000000000000000000000000000000000000000000048b0027c99a80
5125,0000000000000000000000000000000000000000000000000000000000000000000000000000000000000000000000000000000000000000001a6ec3fcf57b40
5135,0000000000000000000000000000000000000000000000000000000000000000000000000000000000000000000000000000000000000000003e5e0fd601c3e0
5145,000000000000000000000000000000000000000000000000000000000000000000000000000000000000000000000000000000000000000001034f3955ad21e0
5155,0000000000000000000000000000000000000000000000000000000000000000000000000000000000000000000000000000000000000000000bfb30bb2b8700
5165,0000000000000000000000000000000000000000000000000000000000000000000000000000000000000000000000000000000000000000010db4e3bfdd32c0
5175,0000000000000000000000000000000000000000000000000000000000000000000000000000000000000000000000000000000000000000000c06f8757402e0
5185,0000000000000000000000000000000000000000000000000000000000000000000000000000000000000000000000000000000000000000000d0be1edb7e3e0
5195,000000000000000000000000000000000000000000000000000000000000000000000000000000000000000000000000000000000000000000168e40711170a0
5205,000000000000000000000000000000000000000000000000000000000000000000000000000000000000000000000000000000000000000000048c421402ae40
5215,00000000000000000000000000000000000000000000000000000000000000000000000000000000000000000000000000000000000000000021eded36b79ca0
5225,00000000000000000000000000000000000000000000000000000000000000000000000000000000000000000000000000000000000000000004d710e795c800
5235,0000000000000000000000000000000000000000000000000000000000000000000000000000000000000000000000000000000000000000010431af5a1be820
5245,0000000000000000000000000000000000000000000000000000000000000000000000000000000000000000000000000000000000000000002081251e110640
5255,0000000000000000000000000000000000000000000000000000000000000000000000000000000000000000000000000000000000000000000d2ab24441e3c0
5265,00000000000000000000000000000000000000000000000000000000000000000000000000000000000000000000000000000000000000000005fb47679655a0
5275,000000000000000000000000000000000000000000000000000000000000000000000000000000000000000000000000000000000000000000ff5410f2f72900
5285,0000000000000000000000000000000000000000000000000000000000000000000000000000000000000000000000000000000000000000000a24da95f08860
5295,000000000000000000000000000000000000000000000000000000000000000000000000000000000000000000000000000000000000000000127634f2c3ece0
5305,000000000000000000000000000000000000000000000000000000000000000000000000000000000000000000000000000000000000000000118561be11da80
5315,000000000000000000000000000000000000000000000000000000000000000000000000000000000000000000000000000000000000000001088acc367d2760
5325,0000000000000000000000000000000000000000000000000000000000000000000000000000000000000000000000000000000000000000000ca37043867960
5335,0000000000000000000000000000000000000000000000000000000000000000000000000000000000000000000000000000000000000000000d3e46fe03cf60
5345,00000000000000000000000000000000000000000000000000000000000000000000000000000000000000000000000000000000000000000005671398f54a20
5355,000000000000000000000000000000000000000000000000000000000000000000000000000000000000000000000000000000000000000000e79eacb352bc00
5365,0000000000000000000000000000000000000000000000000000000000000000000000000000000000000000000000000000000000000000000ca14b6b0deb20
5375,0000000000000000000000000000000000000000000000000000000000000000000000000000000000000000000000000000000000000000000c020462183a20
5385,0000000000000000000000000000000000000000000000000000000000000000000000000000000000000000000000000000000000000000010c95888e4dca60
5395,000000000000000000000000000000000000000000000000000000000000000000000000000000000000000000000000000000000000000000f5b4d367b70620
5405,0000000000000000000000000000000000000000000000000000000000000000000000000000000000000000000000000000000000000000000f01df73470280
5415,000000000000000000000000000000000000000000000000000000000000000000000000000000000000000000000000000000000000000000fc59eb6b3e82a0
5425,000000000000000000000000000000000000000000000000000000000000000000000000000000000000000000000000000000000000000000cca3f622418140
5435,00000000000000000000000000000000000000000000000000000000000000000000000000000000000000000000000000000000000000000011c969084148c0
5445,000000000000000000000000000000000000000000000000000000000000000000000000000000000000000000000000000000000000000000060a3cb5593a60
5455,0000000000000000000000000000000000000000000000000000000000000000000000000000000000000000000000000000000000000000000733be1774a3a0
5465,0000000000000000000000000000000000000000000000000000000000000000000000000000000000000000000000000000000000000000000df823366a0680
5475,0000000000000000000000000000000000000000000000000000000000000000000000000000000000000000000000000000000000000000010584ed60c9d140
5485,0000000000000000000000000000000000000000000000000000000000000000000000000000000000000000000000000000000000000000000af9a7565ea7c0
5495,0000000000000000000000000000000000000000000000000000000000000000000000000000000000000000000000000000000000000000000bc0b8a1924660
5505,00000000000000000000000000000000000000000000000000000000000000000000000000000000000000000000000000000000000000000112defc493d2ce0
5515,000000000000000000000000000000000000000000000000000000000000000000000000000000000000000000000000000000000000000000058ae6d19effa0
5525,0000000000000000000000000000000000000000000000000000000000000000000000000000000000000000000000000000000000000000002817f91b2734a0
5535,000000000000000000000000000000000000000000000000000000000000000000000000000000000000000000000000000000000000000001456857e17b8620
5545,000000000000000000000000000000000000000000000000000000000000000000000000000000000000000000000000000000000000000000d89f5a0ea4a8e0
5555,000000000000000000000000000000000000000000000000000000000000000000000000000000000000000000000000000000000000000001043d50a81835e0
5565,0000000000000000000000000000000000000000000000000000000000000000000000000000000000000000000000000000000000000000000ef95c078b18a0
5575,0000000000000000000000000000000000000000000000000000000000000000000000000000000000000000000000000000000000000000001641ad62891ea0
5585,000000000000000000000000000000000000000000000000000000000000000000000000000000000000000000000000000000000000000000f33889fee5c040
5595,00000000000000000000000000000000000000000000000000000000000000000000000000000000000000000000000000000000000000000012bc8e32f2b7c0
5605,0000000000000000000000000000000000000000000000000000000000000000000000000000000000000000000000000000000000000000001302faa45b4b40
5615,000000000000000000000000000000000000000000000000000000000000000000000000000000000000000000000000000000000000000000f140bf834e4ec0
5625,000000000000000000000000000000000000000000000000000000000000000000000000000000000000000000000000000000000000000000a447e9d09ce720
5635,00000000000000000000000000000000000000000000000000000000000000000000000000000000000000000000000000000000000000000011ce4df43ba0c0
5645,0000000000000000000000000000000000000000000000000000000000000000000000000000000000000000000000000000000000000000000be117e45029c0
5655,000000000000000000000000000000000000000000000000000000000000000000000000000000000000000000000000000000000000000000395ca07146da00
5665,0000000000000000000000000000000000000000000000000000000000000000000000000000000000000000000000000000000000000000008cb5631877aa20
5675,0000000000000000000000000000000000000000000000000000000000000000000000000000000000000000000000000000000000000000000f03f5cbc08ae0
5685,0000000000000000000000000000000000000000000000000000000000000000000000000000000000000000000000000000000000000000013911f553d79120
5695,000000000000000000000000000000000000000000000000000000000000000000000000000000000000000000000000000000000000000000112a439cd32c80
5705,000000000000000000000000000000000000000000000000000000000000000000000000000000000000000000000000000000000000000000103aecde2ed9a0
5715,000000000000000000000000000000000000000000000000000000000000000000000000000000000000000000000000000000000000000000f5528182084660
5725,000000000000000000000000000000000000000000000000000000000000000000000000000000000000000000000000000000000000000000fcb67847782bc0
5735,000000000000000000000000000000000000000000000000000000000000000000000000000000000000000000000000000000000000000000d9f3afbca23020
5745,000000000000000000000000000000000000000000000000000000000000000000000000000000000000000000000000000000000000000001053c5034735520
5755,0000000000000000000000000000000000000000000000000000000000000000000000000000000000000000000000000000000000000000000f8b41fdb65920
5765,0000000000000000000000000000000000000000000000000000000000000000000000000000000000000000000000000000000000000000002cb9a70655e860
5775,0000000000000000000000000000000000000000000000000000000000000000000000000000000000000000000000000000000000000000000893a06c0d66c0
5785,00000000000000000000000000000000000000000000000000000000000000000000000000000000000000000000000000000000000000000009248927360640
5795,0000000000000000000000000000000000000000000000000000000000000000000000000000000000000000000000000000000000000000000a0971490474a0
5805,00000000000000000000000000000000000000000000000000000000000000000000000000000000000000000000000000000000000000000018068e3a2c5880
5815,000000000000000000000000000000000000000000000000000000000000000000000000000000000000000000000000000000000000000000227cf4d476cec0
5825,000000000000000000000000000000000000000000000000000000000000000000000000000000000000000000000000000000000000000000f9a808687ffe00
5835,0000000000000000000000000000000000000000000000000000000000000000000000000000000000000000000000000000000000000000002be25146138440
5845,00000000000000000000000000000000000000000000000000000000000000000000000000000000000000000000000000000000000000000014e35b704b8840
5855,000000000000000000000000000000000000000000000000000000000000000000000000000000000000000000000000000000000000000000c98aaa1ca23300
5865,0000000000000000000000000000000000000000000000000000000000000000000000000000000000000000000000000000000000000000000973e884530040
5875,0000000000000000000000000000000000000000000000000000000000000000000000000000000000000000000000000000000000000000000ef6ec918db8e0
5885,00000000000000000000000000000000000000000000000000000000000000000000000000000000000000000000000000000000000000000006d926ec544000
5895,000000000000000000000000000000000000000000000000000000000000000000000000000000000000000000000000000000000000000001051c374a4e3e20
5905,00000000000000000000000000000000000000000000000000000000000000000000000000000000000000000000000000000000000000000010d4f6c01c7360
5915,0000000000000000000000000000000000000000000000000000000000000000000000000000000000000000000000000000000000000000002b903e06af01e0
5925,0000000000000000000000000000000000000000000000000000000000000000000000000000000000000000000000000000000000000000000d6cb20e945360
5935,00000000000000000000000000000000000000000000000000000000000000000000000000000000000000000000000000000000000000000007d054ef5da040
5945,00000000000000000000000000000000000000000000000000000000000000000000000000000000000000000000000000000000000000000123e3cfe8962560
5955,000000000000000000000000000000000000000000000000000000000000000000000000000000000000000000000000000000000000000000085172b56f4a60
5965,00000000000000000000000000000000000000000000000000000000000000000000000000000000000000000000000000000000000000000007a33e23a27d60
5975,0000000000000000000000000000000000000000000000000000000000000000000000000000000000000000000000000000000000000000002b563e45ab2f20
5985,0000000000000000000000000000000000000000000000000000000000000000000000000000000000000000000000000000000000000000000b666a1dcf73a0
5995,0000000000000000000000000000000000000000000000000000000000000000000000000000000000000000000000000000000000000000000eb94bc6efe280
6005,0000000000000000000000000000000000000000000000000000000000000000000000000000000000000000000000000000000000000000000e5b1025e6f160
6015,00000000000000000000000000000000000000000000000000000000000000000000000000000000000000000000000000000000000000000015b1faf61082a0
6025,000000000000000000000000000000000000000000000000000000000000000000000000000000000000000000000000000000000000000000226d8fdf58f9e0
6035,00000000000000000000000000000000000000000000000000000000000000000000000000000000000000000000000000000000000000000101b66bb6254d80
6045,0000000000000000000000000000000000000000000000000000000000000000000000000000000000000000000000000000000000000000000c7ba00b219020
6055,000000000000000000000000000000000000000000000000000000000000000000000000000000000000000000000000000000000000000000125d30fe4c0ec0
6065,0000000000000000000000000000000000000000000000000000000000000000000000000000000000000000000000000000000000000000002897cfb013d720
6075,00000000000000000000000000000000000000000000000000000000000000000000000000000000000000000000000000000000000000000069730229ebeee0
6085,000000000000000000000000000000000000000000000000000000000000000000000000000000000000000000000000000000000000000000203c0d0f07aa80
6095,0000000000000000000000000000000000000000000000000000000000000000000000000000000000000000000000000000000000000000002232c377007b40
6105,000000000000000000000000000000000000000000000000000000000000000000000000000000000000000000000000000000000000000000f553cf8bca61c0
6115,000000000000000000000000000000000000000000000000000000000000000000000000000000000000000000000000000000000000000000093d83609adb00
6125,0000000000000000000000000000000000000000000000000000000000000000000000000000000000000000000000000000000000000000000ce20de6b0d000
6135,000000000000000000000000000000000000000000000000000000000000000000000000000000000000000000000000000000000000000000098fe396219040
6145,000000000000000000000000000000000000000000000000000000000000000000000000000000000000000000000000000000000000000001177f46c8350ec0
6155,0000000000000000000000000000000000000000000000000000000000000000000000000000000000000000000000000000000000000000000bec88773c0ee0
6165,00000000000000000000000000000000000000000000000000000000000000000000000000000000000000000000000000000000000000000008bf8486a22060
6175,00000000000000000000000000000000000000000000000000000000000000000000000000000000000000000000000000000000000000000011c2a34da26a60
6185,00000000000000000000000000000000000000000000000000000000000000000000000000000000000000000000000000000000000000000112dfea17f21300
6195,000000000000000000000000000000000000000000000000000000000000000000000000000000000000000000000000000000000000000000ff928cf899eae0
6205,0000000000000000000000000000000000000000000000000000000000000000000000000000000000000000000000000000000000000000000fa230fc2abe60
6215,0000000000000000000000000000000000000000000000000000000000000000000000000000000000000000000000000000000000000000010e13746ab90680
6225,000000000000000000000000000000000000000000000000000000000000000000000000000000000000000000000000000000000000000000fea2dbc3d44e00
6235,0000000000000000000000000000000000000000000000000000000000000000000000000000000000000000000000000000000000000000010306d47817c6c0
6245,00000000000000000000000000000000000000000000000000000000000000000000000000000000000000000000000000000000000000000103e60b106fce20
6255,0000000000000000000000000000000000000000000000000000000000000000000000000000000000000000000000000000000000000000000babeb5e0ccc80
6265,00000000000000000000000000000000000000000000000000000000000000000000000000000000000000000000000000000000000000000018aba7c2bd9a60
6275,00000000000000000000000000000000000000000000000000000000000000000000000000000000000000000000000000000000000000000109b18105179e80
6285,000000000000000000000000000000000000000000000000000000000000000000000000000000000000000000000000000000000000000001002f7d3ccba5e0
6295,0000000000000000000000000000000000000000000000000000000000000000000000000000000000000000000000000000000000000000000a10752128fc20
6305,0000000000000000000000000000000000000000000000000000000000000000000000000000000000000000000000000000000000000000000be9803c5caba0
6315,0000000000000000000000000000000000000000000000000000000000000000000000000000000000000000000000000000000000000000000db45213996840
6325,0000000000000000000000000000000000000000000000000000000000000000000000000000000000000000000000000000000000000000010bb63689a8d720
6335,000000000000000000000000000000000000000000000000000000000000000000000000000000000000000000000000000000000000000001021fde2f0a5660
6345,000000000000000000000000000000000000000000000000000000000000000000000000000000000000000000000000000000000000000000165612eb01e4a0
6355,0000000000000000000000000000000000000000000000000000000000000000000000000000000000000000000000000000000000000000000539a01c055280
6365,0000000000000000000000000000000000000000000000000000000000000000000000000000000000000000000000000000000000000000000b5d213bf97580
6375,0000000000000000000000000000000000000000000000000000000000000000000000000000000000000000000000000000000000000000000d9f8d14ffae80
6385,0000000000000000000000000000000000000000000000000000000000000000000000000000000000000000000000000000000000000000010b9fa41edf7000
6395,000000000000000000000000000000000000000000000000000000000000000000000000000000000000000000000000000000000000000000538112fd16f000
6405,0000000000000000000000000000000000000000000000000000000000000000000000000000000000000000000000000000000000000000010c091ae6891ae0
6415,0000000000000000000000000000000000000000000000000000000000000000000000000000000000000000000000000000000000000000000f713c4e3c27a0
6425,0000000000000000000000000000000000000000000000000000000000000000000000000000000000000000000000000000000000000000009f333428422aa0
6435,0000000000000000000000000000000000000000000000000000000000000000000000000000000000000000000000000000000000000000000cc1aa7c90be20
6445,000000000000000000000000000000000000000000000000000000000000000000000000000000000000000000000000000000000000000000f7392b089fce00
6455,00000000000000000000000000000000000000000000000000000000000000000000000000000000000000000000000000000000000000000013a0208febdee0
6465,0000000000000000000000000000000000000000000000000000000000000000000000000000000000000000000000000000000000000000000be169da720660
6475,0000000000000000000000000000000000000000000000000000000000000000000000000000000000000000000000000000000000000000000c8dd74ed3a580
6485,00000000000000000000000000000000000000000000000000000000000000000000000000000000000000000000000000000000000000000016fae924d2c340
6495,00000000000000000000000000000000000000000000000000000000000000000000000000000000000000000000000000000000000000000040e097c83ff080
6505,00000000000000000000000000000000000000000000000000000000000000000000000000000000000000000000000000000000000000000109343f34eac480
6515,0000000000000000000000000000000000000000000000000000000000000000000000000000000000000000000000000000000000000000011f1e46938335c0
6525,000000000000000000000000000000000000000000000000000000000000000000000000000000000000000000000000000000000000000000125866afd9c440
6535,0000000000000000000000000000000000000000000000000000000000000000000000000000000000000000000000000000000000000000000b8827a5620ba0
6545,0000000000000000000000000000000000000000000000000000000000000000000000000000000000000000000000000000000000000000000f1ee15da16640
6555,0000000000000000000000000000000000000000000000000000000000000000000000000000000000000000000000000000000000000000012e7a9b6327f6c0
6565,0000000000000000000000000000000000000000000000000000000000000000000000000000000000000000000000000000000000000000010acaaa722592a0
6575,0000000000000000000000000000000000000000000000000000000000000000000000000000000000000000000000000000000000000000001d79eec874d580
6585,000000000000000000000000000000000000000000000000000000000000000000000000000000000000000000000000000000000000000000143053376f8820
6595,000000000000000000000000000000000000000000000000000000000000000000000000000000000000000000000000000000000000000000150532d079ec40
6605,000000000000000000000000000000000000000000000000000000000000000000000000000000000000000000000000000000000000000000fa36645ee84b00
6615,00000000000000000000000000000000000000000000000000000000000000000000000000000000000000000000000000000000000000000007609380be0700
6625,0000000000000000000000000000000000000000000000000000000000000000000000000000000000000000000000000000000000000000001006879cca5dc0
6635,0000000000000000000000000000000000000000000000000000000000000000000000000000000000000000000000000000000000000000000a4a8d58528b60
6645,000000000000000000000000000000000000000000000000000000000000000000000000000000000000000000000000000000000000000000071b2c0f43dd40
6655,0000000000000000000000000000000000000000000000000000000000000000000000000000000000000000000000000000000000000000010b01b20bfa27e0
6665,000000000000000000000000000000000000000000000000000000000000000000000000000000000000000000000000000000000000000000df1a74a8b1b400
6675,000000000000000000000000000000000000000000000000000000000000000000000000000000000000000000000000000000000000000000f23ce45e9f96c0
6685,0000000000000000000000000000000000000000000000000000000000000000000000000000000000000000000000000000000000000000001577e9bee67aa0
6695,000000000000000000000000000000000000000000000000000000000000000000000000000000000000000000000000000000000000000001075bf985f88c60
6705,0000000000000000000000000000000000000000000000000000000000000000000000000000000000000000000000000000000000000000000c98de443ccfe0
6715,00000000000000000000000000000000000000000000000000000000000000000000000000000000000000000000000000000000000000000103a3aa775ef820
6725,000000000000000000000000000000000000000000000000000000000000000000000000000000000000000000000000000000000000000000140743d7bdaa20
6735,0000000000000000000000000000000000000000000000000000000000000000000000000000000000000000000000000000000000000000000a1764d1ec6920
6745,000000000000000000000000000000000000000000000000000000000000000000000000000000000000000000000000000000000000000000f8dadd8a045d80
6755,00000000000000000000000000000000000000000000000000000000000000000000000000000000000000000000000000000000000000000020183e4c850a80
6765,00000000000000000000000000000000000000000000000000000000000000000000000000000000000000000000000000000000000000000129569200c1ed60
6775,0000000000000000000000000000000000000000000000000000000000000000000000000000000000000000000000000000000000000000000f111cad53d380
6785,0000000000000000000000000000000000000000000000000000000000000000000000000000000000000000000000000000000000000000003beacba7a89500
6795,0000000000000000000000000000000000000000000000000000000000000000000000000000000000000000000000000000000000000000000a450cb14f0080
6805,00000000000000000000000000000000000000000000000000000000000000000000000000000000000000000000000000000000000000000009567b864e9880
6815,000000000000000000000000000000000000000000000000000000000000000000000000000000000000000000000000000000000000000000084f0f21e74500
6825,00000000000000000000000000000000000000000000000000000000000000000000000000000000000000000000000000000000000000000008311d903a9120
6835,00000000000000000000000000000000000000000000000000000000000000000000000000000000000000000000000000000000000000000104a62d79a4de20
6845,000000000000000000000000000000000000000000000000000000000000000000000000000000000000000000000000000000000000000000069e4b6672ed80
6855,000000000000000000000000000000000000000000000000000000000000000000000000000000000000000000000000000000000000000001015c31b2611920
6865,0000000000000000000000000000000000000000000000000000000000000000000000000000000000000000000000000000000000000000011e093943b83540
6875,00000000000000000000000000000000000000000000000000000000000000000000000000000000000000000000000000000000000000000012f7cdcc7e8700
6885,0000000000000000000000000000000000000000000000000000000000000000000000000000000000000000000000000000000000000000000a568643d2ca60
6895,0000000000000000000000000000000000000000000000000000000000000000000000000000000000000000000000000000000000000000002f1916ac2c8c00
6905,000000000000000000000000000000000000000000000000000000000000000000000000000000000000000000000000000000000000000000dc78d2c264a4c0
6915,0000000000000000000000000000000000000000000000000000000000000000000000000000000000000000000000000000000000000000000c54d7ab486960
6925,00000000000000000000000000000000000000000000000000000000000000000000000000000000000000000000000000000000000000000007d7eba015cc80
6935,00000000000000000000000000000000000000000000000000000000000000000000000000000000000000000000000000000000000000000034e5ad83370c80
6945,00000000000000000000000000000000000000000000000000000000000000000000000000000000000000000000000000000000000000000007cbce8d358700
6955,00000000000000000000000000000000000000000000000000000000000000000000000000000000000000000000000000000000000000000106c2e441844fa0
6965,00000000000000000000000000000000000000000000000000000000000000000000000000000000000000000000000000000000000000000020eaff833dd360
6975,00000000000000000000000000000000000000000000000000000000000000000000000000000000000000000000000000000000000000000131700a39f6d8e0
6985,000000000000000000000000000000000000000000000000000000000000000000000000000000000000000000000000000000000000000000c102aa12426500
6995,00000000000000000000000000000000000000000000000000000000000000000000000000000000000000000000000000000000000000000106670eb40338c0
7005,00000000000000000000000000000000000000000000000000000000000000000000000000000000000000000000000000000000000000000003e5dd77d68060
7015,000000000000000000000000000000000000000000000000000000000000000000000000000000000000000000000000000000000000000000305ac5bde1f4c0
7025,0000000000000000000000000000000000000000000000000000000000000000000000000000000000000000000000000000000000000000000c402467c12f00
7035,0000000000000000000000000000000000000000000000000000000000000000000000000000000000000000000000000000000000000000000fe5361f091ba0
7045,000000000000000000000000000000000000000000000000000000000000000000000000000000000000000000000000000000000000000000f3485ecc9995a0
7055,00000000000000000000000000000000000000000000000000000000000000000000000000000000000000000000000000000000000000000109e12b01e16a00
7065,00000000000000000000000000000000000000000000000000000000000000000000000000000000000000000000000000000000000000000009e645fc9e3360
7075,000000000000000000000000000000000000000000000000000000000000000000000000000000000000000000000000000000000000000000fe374ff275f080
7085,000000000000000000000000000000000000000000000000000000000000000000000000000000000000000000000000000000000000000000963e491b609580
7095,0000000000000000000000000000000000000000000000000000000000000000000000000000000000000000000000000000000000000000001e959c841c4ba0
7105,0000000000000000000000000000000000000000000000000000000000000000000000000000000000000000000000000000000000000000000896876bdb5600
7115,000000000000000000000000000000000000000000000000000000000000000000000000000000000000000000000000000000000000000000145423177bed80
7125,00000000000000000000000000000000000000000000000000000000000000000000000000000000000000000000000000000000000000000009e73ed52af8a0
7135,000000000000000000000000000000000000000000000000000000000000000000000000000000000000000000000000000000000000000000f28e9776a81da0
7145,0000000000000000000000000000000000000000000000000000000000000000000000000000000000000000000000000000000000000000000a3e456cd79f20
7155,0000000000000000000000000000000000000000000000000000000000000000000000000000000000000000000000000000000000000000000b32c9a14a0440
7165,00000000000000000000000000000000000000000000000000000000000000000000000000000000000000000000000000000000000000000011ce1e9ba147a0
7175,000000000000000000000000000000000000000000000000000000000000000000000000000000000000000000000000000000000000000000f3ef2d68be9f00
7185,0000000000000000000000000000000000000000000000000000000000000000000000000000000000000000000000000000000000000000000b5b6f4fc7edc0
7195,0000000000000000000000000000000000000000000000000000000000000000000000000000000000000000000000000000000000000000001293f5abd66180
7205,000000000000000000000000000000000000000000000000000000000000000000000000000000000000000000000000000000000000000000148af2a77babe0
7215,000000000000000000000000000000000000000000000000000000000000000000000000000000000000000000000000000000000000000000102129a4d79020
7225,0000000000000000000000000000000000000000000000000000000000000000000000000000000000000000000000000000000000000000000ddf0e06dfa060
7235,00000000000000000000000000000000000000000000000000000000000000000000000000000000000000000000000000000000000000000007c3bddc859340
7245,00000000000000000000000000000000000000000000000000000000000000000000000000000000000000000000000000000000000000000013544915082440
7255,0000000000000000000000000000000000000000000000000000000000000000000000000000000000000000000000000000000000000000000d419038ded160
7265,0000000000000000000000000000000000000000000000000000000000000000000000000000000000000000000000000000000000000000010dff97ec0fa220
7275,00000000000000000000000000000000000000000000000000000000000000000000000000000000000000000000000000000000000000000008655351a24060
7285,00000000000000000000000000000000000000000000000000000000000000000000000000000000000000000000000000000000000000000006768469211640
7295,000000000000000000000000000000000000000000000000000000000000000000000000000000000000000000000000000000000000000000da51887b3ba3a0
7305,000000000000000000000000000000000000000000000000000000000000000000000000000000000000000000000000000000000000000000fd459fdb5c9900
7315,0000000000000000000000000000000000000000000000000000000000000000000000000000000000000000000000000000000000000000000fbd29491e6f60
7325,000000000000000000000000000000000000000000000000000000000000000000000000000000000000000000000000000000000000000000150a3bd0231100
7335,00000000000000000000000000000000000000000000000000000000000000000000000000000000000000000000000000000000000000000020dcf8b56adc80
7345,000000000000000000000000000000000000000000000000000000000000000000000000000000000000000000000000000000000000000000127431f2e6a0a0
7355,00000000000000000000000000000000000000000000000000000000000000000000000000000000000000000000000000000000000000000014f9e047649e80
7365,000000000000000000000000000000000000000000000000000000000000000000000000000000000000000000000000000000000000000000126a2d911d44e0
7375,00000000000000000000000000000000000000000000000000000000000000000000000000000000000000000000000000000000000000000105884eaf546f00
7385,0000000000000000000000000000000000000000000000000000000000000000000000000000000000000000000000000000000000000000001a991652b8f8a0
7395,000000000000000000000000000000000000000000000000000000000000000000000000000000000000000000000000000000000000000000f74dd55fd8dd60
7405,00000000000000000000000000000000000000000000000000000000000000000000000000000000000000000000000000000000000000000008eeabaad73320
7415,0000000000000000000000000000000000000000000000000000000000000000000000000000000000000000000000000000000000000000000707ab41cf5ee0
7425,000000000000000000000000000000000000000000000000000000000000000000000000000000000000000000000000000000000000000000a39f473e7003a0
7435,0000000000000000000000000000000000000000000000000000000000000000000000000000000000000000000000000000000000000000001d1b36c4fe1ea0
7445,00000000000000000000000000000000000000000000000000000000000000000000000000000000000000000000000000000000000000000113dfc5ae16fc20
7455,00000000000000000000000000000000000000000000000000000000000000000000000000000000000000000000000000000000000000000104cb07323ce380
7465,0000000000000000000000000000000000000000000000000000000000000000000000000000000000000000000000000000000000000000000b9a4be91568c0
7475,0000000000000000000000000000000000000000000000000000000000000000000000000000000000000000000000000000000000000000002169b1a216c860
7485,0000000000000000000000000000000000000000000000000000000000000000000000000000000000000000000000000000000000000000000d7b1983c33d20
7495,0000000000000000000000000000000000000000000000000000000000000000000000000000000000000000000000000000000000000000000dedf2722d8100
7505,000000000000000000000000000000000000000000000000000000000000000000000000000000000000000000000000000000000000000000130931b7a15040
7515,00000000000000000000000000000000000000000000000000000000000000000000000000000000000000000000000000000000000000000115723309207e60
7525,0000000000000000000000000000000000000000000000000000000000000000000000000000000000000000000000000000000000000000000e13372abe50a0
7535,00000000000000000000000000000000000000000000000000000000000000000000000000000000000000000000000000000000000000000101334d83e765c0
7545,0000000000000000000000000000000000000000000000000000000000000000000000000000000000000000000000000000000000000000001657bf39a9f4a0
7555,000000000000000000000000000000000000000000000000000000000000000000000000000000000000000000000000000000000000000001047deeb76eca20
7565,0000000000000000000000000000000000000000000000000000000000000000000000000000000000000000000000000000000000000000000907cb64398100
7575,0000000000000000000000000000000000000000000000000000000000000000000000000000000000000000000000000000000000000000010288aab1d32ba0
7585,00000000000000000000000000000000000000000000000000000000000000000000000000000000000000000000000000000000000000000011b11f3146b8c0
7595,0000000000000000000000000000000000000000000000000000000000000000000000000000000000000000000000000000000000000000000df173de3fcd60
7605,0000000000000000000000000000000000000000000000000000000000000000000000000000000000000000000000000000000000000000000fa717f1fd90c0
7615,000000000000000000000000000000000000000000000000000000000000000000000000000000000000000000000000000000000000000000092be5d7f21b00
7625,00000000000000000000000000000000000000000000000000000000000000000000000000000000000000000000000000000000000000000015e282d5418200
7635,000000000000000000000000000000000000000000000000000000000000000000000000000000000000000000000000000000000000000000f8116503e68260
7645,00000000000000000000000000000000000000000000000000000000000000000000000000000000000000000000000000000000000000000013888b38e52540
7655,000000000000000000000000000000000000000000000000000000000000000000000000000000000000000000000000000000000000000000e8f4b143a961e0
7665,00000000000000000000000000000000000000000000000000000000000000000000000000000000000000000000000000000000000000000018ad51878d38a0
7675,0000000000000000000000000000000000000000000000000000000000000000000000000000000000000000000000000000000000000000000a0f3652798b40
7685,0000000000000000000000000000000000000000000000000000000000000000000000000000000000000000000000000000000000000000000f3e8a47ce0940
7695,0000000000000000000000000000000000000000000000000000000000000000000000000000000000000000000000000000000000000000000cb403426891a0
7705,0000000000000000000000000000000000000000000000000000000000000000000000000000000000000000000000000000000000000000010e1a269b809860
7715,00000000000000000000000000000000000000000000000000000000000000000000000000000000000000000000000000000000000000000006e23ce1dee7a0
7725,0000000000000000000000000000000000000000000000000000000000000000000000000000000000000000000000000000000000000000000e6b3cc259c860
7735,000000000000000000000000000000000000000000000000000000000000000000000000000000000000000000000000000000000000000000108ba60020d5e0
7745,0000000000000000000000000000000000000000000000000000000000000000000000000000000000000000000000000000000000000000001acf21c53c1560
7755,00000000000000000000000000000000000000000000000000000000000000000000000000000000000000000000000000000000000000000009136c3235d760
7765,0000000000000000000000000000000000000000000000000000000000000000000000000000000000000000000000000000000000000000000eb806a97bf220
7775,0000000000000000000000000000000000000000000000000000000000000000000000000000000000000000000000000000000000000000001400e6620413e0
7785,0000000000000000000000000000000000000000000000000000000000000000000000000000000000000000000000000000000000000000000b4838e4c493a0
7795,000000000000000000000000000000000000000000000000000000000000000000000000000000000000000000000000000000000000000000f8e452e1febf20
7805,000000000000000000000000000000000000000000000000000000000000000000000000000000000000000000000000000000000000000000f577577f8cdae0
7815,000000000000000000000000000000000000000000000000000000000000000000000000000000000000000000000000000000000000000000241d51f37c37c0
7825,00000000000000000000000000000000000000000000000000000000000000000000000000000000000000000000000000000000000000000116b623cbea0da0
7835,00000000000000000000000000000000000000000000000000000000000000000000000000000000000000000000000000000000000000000007101b7278e340
7845,0000000000000000000000000000000000000000000000000000000000000000000000000000000000000000000000000000000000000000000e25b1daba9fe0
7855,000000000000000000000000000000000000000000000000000000000000000000000000000000000000000000000000000000000000000001066a7f78b42e40
7865,0000000000000000000000000000000000000000000000000000000000000000000000000000000000000000000000000000000000000000001d288cc4181320
7875,000000000000000000000000000000000000000000000000000000000000000000000000000000000000000000000000000000000000000000f83da2d988e160
7885,0000000000000000000000000000000000000000000000000000000000000000000000000000000000000000000000000000000000000000000b7815cdd9b5a0
7895,0000000000000000000000000000000000000000000000000000000000000000000000000000000000000000000000000000000000000000001e9bc5213be7a0
7905,000000000000000000000000000000000000000000000000000000000000000000000000000000000000000000000000000000000000000000067d692d967ac0
7915,000000000000000000000000000000000000000000000000000000000000000000000000000000000000000000000000000000000000000000266d39fcd4e620
7925,000000000000000000000000000000000000000000000000000000000000000000000000000000000000000000000000000000000000000000051969631d5160
7935,0000000000000000000000000000000000000000000000000000000000000000000000000000000000000000000000000000000000000000002d9b3e77227300
7945,00000000000000000000000000000000000000000000000000000000000000000000000000000000000000000000000000000000000000000011ce402f503f80
7955,000000000000000000000000000000000000000000000000000000000000000000000000000000000000000000000000000000000000000001157be9573de1e0
7965,0000000000000000000000000000000000000000000000000000000000000000000000000000000000000000000000000000000000000000000df981051760a0
7975,000000000000000000000000000000000000000000000000000000000000000000000000000000000000000000000000000000000000000000186e9ab32980e0
7985,0000000000000000000000000000000000000000000000000000000000000000000000000000000000000000000000000000000000000000000cfc2f5b157140
7995,00000000000000000000000000000000000000000000000000000000000000000000000000000000000000000000000000000000000000000010eb53dc2485c0
8005,00000000000000000000000000000000000000000000000000000000000000000000000000000000000000000000000000000000000000000028edac2a4abb80
8015,0000000000000000000000000000000000000000000000000000000000000000000000000000000000000000000000000000000000000000006f285cdb24c6e0
8025,00000000000000000000000000000000000000000000000000000000000000000000000000000000000000000000000000000000000000000007d91d200136a0
8035,0000000000000000000000000000000000000000000000000000000000000000000000000000000000000000000000000000000000000000000c5ddfd20f12e0
8045,0000000000000000000000000000000000000000000000000000000000000000000000000000000000000000000000000000000000000000005f9d128eaa10c0
8055,0000000000000000000000000000000000000000000000000000000000000000000000000000000000000000000000000000000000000000001248661d3c9320
8065,000000000000000000000000000000000000000000000000000000000000000000000000000000000000000000000000000000000000000000094ae21ac7ea20
8075,000000000000000000000000000000000000000000000000000000000000000000000000000000000000000000000000000000000000000000270774ad842240
8085,000000000000000000000000000000000000000000000000000000000000000000000000000000000000000000000000000000000000000000079523d5d0d6e0
8095,000000000000000000000000000000000000000000000000000000000000000000000000000000000000000000000000000000000000000000f6d012cac861e0
8105,0000000000000000000000000000000000000000000000000000000000000000000000000000000000000000000000000000000000000000000bfd4b4eb877a0
8115,0000000000000000000000000000000000000000000000000000000000000000000000000000000000000000000000000000000000000000000d8698be109ba0
8125,0000000000000000000000000000000000000000000000000000000000000000000000000000000000000000000000000000000000000000002290d72bbd5820
8135,000000000000000000000000000000000000000000000000000000000000000000000000000000000000000000000000000000000000000000199194333f6ac0
8145,000000000000000000000000000000000000000000000000000000000000000000000000000000000000000000000000000000000000000000edcfd5beaa1340
8155,0000000000000000000000000000000000000000000000000000000000000000000000000000000000000000000000000000000000000000000f7ddf0875e1c0
8165,00000000000000000000000000000000000000000000000000000000000000000000000000000000000000000000000000000000000000000007377897345280
8175,000000000000000000000000000000000000000000000000000000000000000000000000000000000000000000000000000000000000000000038fcb38b6ecc0
8185,000000000000000000000000000000000000000000000000000000000000000000000000000000000000000000000000000000000000000000ec21fa47efe3e0
8195,0000000000000000000000000000000000000000000000000000000000000000000000000000000000000000000000000000000000000000000eacf7aa3ab4e0
8205,000000000000000000000000000000000000000000000000000000000000000000000000000000000000000000000000000000000000000001048eff715c1ac0
8215,0000000000000000000000000000000000000000000000000000000000000000000000000000000000000000000000000000000000000000000f3c29c7f709e0
8225,0000000000000000000000000000000000000000000000000000000000000000000000000000000000000000000000000000000000000000010bf44eacdc2ca0
8235,0000000000000000000000000000000000000000000000000000000000000000000000000000000000000000000000000000000000000000000f2ec05c8f9f80
8245,0000000000000000000000000000000000000000000000000000000000000000000000000000000000000000000000000000000000000000000980695c18db80
8255,0000000000000000000000000000000000000000000000000000000000000000000000000000000000000000000000000000000000000000000aef2c6ac4ab40
8265,00000000000000000000000000000000000000000000000000000000000000000000000000000000000000000000000000000000000000000006f59907f36820
8275,00000000000000000000000000000000000000000000000000000000000000000000000000000000000000000000000000000000000000000124c7376cf4a5c0
8285,000000000000000000000000000000000000000000000000000000000000000000000000000000000000000000000000000000000000000000e951ae8c2a3ca0
8295,00000000000000000000000000000000000000000000000000000000000000000000000000000000000000000000000000000000000000000016369e8aaa54e0
8305,00000000000000000000000000000000000000000000000000000000000000000000000000000000000000000000000000000000000000000115ee260a9efb80
8315,000000000000000000000000000000000000000000000000000000000000000000000000000000000000000000000000000000000000000000fca164666d9b60
8325,000000000000000000000000000000000000000000000000000000000000000000000000000000000000000000000000000000000000000000f7ee5619f47ee0
8335,0000000000000000000000000000000000000000000000000000000000000000000000000000000000000000000000000000000000000000000b67bff655f4a0
8345,000000000000000000000000000000000000000000000000000000000000000000000000000000000000000000000000000000000000000000fd88caa59ae2e0
8355,000000000000000000000000000000000000000000000000000000000000000000000000000000000000000000000000000000000000000000110270bd0bfae0
8365,00000000000000000000000000000000000000000000000000000000000000000000000000000000000000000000000000000000000000000014330c19b6ba40
8375,000000000000000000000000000000000000000000000000000000000000000000000000000000000000000000000000000000000000000000ede47602329560
8385,000000000000000000000000000000000000000000000000000000000000000000000000000000000000000000000000000000000000000000cd715176e14040
8395,0000000000000000000000000000000000000000000000000000000000000000000000000000000000000000000000000000000000000000000fd86bb396fa80
8405,00000000000000000000000000000000000000000000000000000000000000000000000000000000000000000000000000000000000000000009204c4ee19600
8415,000000000000000000000000000000000000000000000000000000000000000000000000000000000000000000000000000000000000000000114ecea4356ba0
8425,0000000000000000000000000000000000000000000000000000000000000000000000000000000000000000000000000000000000000000008ea757c5aed780
8435,00000000000000000000000000000000000000000000000000000000000000000000000000000000000000000000000000000000000000000002ee6074d272e0
8445,0000000000000000000000000000000000000000000000000000000000000000000000000000000000000000000000000000000000000000000bd12abe006e80
8455,000000000000000000000000000000000000000000000000000000000000000000000000000000000000000000000000000000000000000000372b28f99250c0
8465,000000000000000000000000000000000000000000000000000000000000000000000000000000000000000000000000000000000000000000fe203d253f08a0
8475,0000000000000000000000000000000000000000000000000000000000000000000000000000000000000000000000000000000000000000009ce4e28b1cde60
8485,00000000000000000000000000000000000000000000000000000000000000000000000000000000000000000000000000000000000000000102a6f24d52b0e0
8495,00000000000000000000000000000000000000000000000000000000000000000000000000000000000000000000000000000000000000000008369f0fdb9740
8505,0000000000000000000000000000000000000000000000000000000000000000000000000000000000000000000000000000000000000000000df98518c85560
8515,000000000000000000000000000000000000000000000000000000000000000000000000000000000000000000000000000000000000000000212fad124e5c40
8525,0000000000000000000000000000000000000000000000000000000000000000000000000000000000000000000000000000000000000000000fc185fa0e4420
8535,00000000000000000000000000000000000000000000000000000000000000000000000000000000000000000000000000000000000000000014c1902da62be0
8545,0000000000000000000000000000000000000000000000000000000000000000000000000000000000000000000000000000000000000000000f4cb301ed7be0
8555,000000000000000000000000000000000000000000000000000000000000000000000000000000000000000000000000000000000000000000ed978d56262fa0
8565,000000000000000000000000000000000000000000000000000000000000000000000000000000000000000000000000000000000000000000dab5ad4d19b1e0
8575,00000000000000000000000000000000000000000000000000000000000000000000000000000000000000000000000000000000000000000111a2aee86602a0
8585,00000000000000000000000000000000000000000000000000000000000000000000000000000000000000000000000000000000000000000047140ddd483460
8595,000000000000000000000000000000000000000000000000000000000000000000000000000000000000000000000000000000000000000000f71ffbecc86220
8605,0000000000000000000000000000000000000000000000000000000000000000000000000000000000000000000000000000000000000000000b0ef1727941e0
8615,000000000000000000000000000000000000000000000000000000000000000000000000000000000000000000000000000000000000000000fe617f0d281c60
8625,0000000000000000000000000000000000000000000000000000000000000000000000000000000000000000000000000000000000000000000887c445778640
8635,0000000000000000000000000000000000000000000000000000000000000000000000000000000000000000000000000000000000000000000799ec73082ae0
8645,000000000000000000000000000000000000000000000000000000000000000000000000000000000000000000000000000000000000000000157c9a8381e020
8655,000000000000000000000000000000000000000000000000000000000000000000000000000000000000000000000000000000000000000000109e53d77c28e0
8665,0000000000000000000000000000000000000000000000000000000000000000000000000000000000000000000000000000000000000000000d0ea57760d460
8675,00000000000000000000000000000000000000000000000000000000000000000000000000000000000000000000000000000000000000000118f9202ebf26e0
8685,0000000000000000000000000000000000000000000000000000000000000000000000000000000000000000000000000000000000000000000c97ec1ceaaae0
8695,000000000000000000000000000000000000000000000000000000000000000000000000000000000000000000000000000000000000000000e173b8b168ef60
8705,0000000000000000000000000000000000000000000000000000000000000000000000000000000000000000000000000000000000000000000d91a495ef9920
8715,000000000000000000000000000000000000000000000000000000000000000000000000000000000000000000000000000000000000000000131313caa80f80
8725,0000000000000000000000000000000000000000000000000000000000000000000000000000000000000000000000000000000000000000000448acf12e0500
8735,00000000000000000000000000000000000000000000000000000000000000000000000000000000000000000000000000000000000000000011e58d5ef95fa0
8745,0000000000000000000000000000000000000000000000000000000000000000000000000000000000000000000000000000000000000000000e508f12eae8e0
8755,00000000000000000000000000000000000000000000000000000000000000000000000000000000000000000000000000000000000000000018714ef7e72a00
8765,0000000000000000000000000000000000000000000000000000000000000000000000000000000000000000000000000000000000000000001fea6580d6fa20
8775,00000000000000000000000000000000000000000000000000000000000000000000000000000000000000000000000000000000000000000012e502ba117b00
8785,000000000000000000000000000000000000000000000000000000000000000000000000000000000000000000000000000000000000000000eac2b786fd9b20
8795,0000000000000000000000000000000000000000000000000000000000000000000000000000000000000000000000000000000000000000001b9bd168ac5260
8805,000000000000000000000000000000000000000000000000000000000000000000000000000000000000000000000000000000000000000000eca380bf3593c0
8815,0000000000000000000000000000000000000000000000000000000000000000000000000000000000000000000000000000000000000000000d671240306bc0
8825,000000000000000000000000000000000000000000000000000000000000000000000000000000000000000000000000000000000000000000ebbcebd897bae0
8835,0000000000000000000000000000000000000000000000000000000000000000000000000000000000000000000000000000000000000000000a232ea9be9920
8845,000000000000000000000000000000000000000000000000000000000000000000000000000000000000000000000000000000000000000000059ac8ee16dbc0
8855,00000000000000000000000000000000000000000000000000000000000000000000000000000000000000000000000000000000000000000022136f82f58120
8865,0000000000000000000000000000000000000000000000000000000000000000000000000000000000000000000000000000000000000000001c3d922c8b00c0
8875,0000000000000000000000000000000000000000000000000000000000000000000000000000000000000000000000000000000000000000000a4098319bda20
8885,00000000000000000000000000000000000000000000000000000000000000000000000000000000000000000000000000000000000000000010443c400467a0
8895,00000000000000000000000000000000000000000000000000000000000000000000000000000000000000000000000000000000000000000124baef46660c40
8905,000000000000000000000000000000000000000000000000000000000000000000000000000000000000000000000000000000000000000000fde73677dba860
8915,000000000000000000000000000000000000000000000000000000000000000000000000000000000000000000000000000000000000000001127cbdd9b47fe0
8925,00000000000000000000000000000000000000000000000000000000000000000000000000000000000000000000000000000000000000000019ae359da04f20
8935,0000000000000000000000000000000000000000000000000000000000000000000000000000000000000000000000000000000000000000000f205aa2744920
8945,000000000000000000000000000000000000000000000000000000000000000000000000000000000000000000000000000000000000000000ff41389b9eb320
8955,000000000000000000000000000000000000000000000000000000000000000000000000000000000000000000000000000000000000000000d1566fd13ac8c0
8965,000000000000000000000000000000000000000000000000000000000000000000000000000000000000000000000000000000000000000000164938620700e0
8975,000000000000000000000000000000000000000000000000000000000000000000000000000000000000000000000000000000000000000000f71cb776d95ca0
8985,00000000000000000000000000000000000000000000000000000000000000000000000000000000000000000000000000000000000000000014a2ab1c09e060
8995,000000000000000000000000000000000000000000000000000000000000000000000000000000000000000000000000000000000000000000dacb5a1a68b940
9005,00000000000000000000000000000000000000000000000000000000000000000000000000000000000000000000000000000000000000000038ea0202d8a500
9015,0000000000000000000000000000000000000000000000000000000000000000000000000000000000000000000000000000000000000000000a2f6c32c41120
9025,0000000000000000000000000000000000000000000000000000000000000000000000000000000000000000000000000000000000000000002f42ab78243160
9035,000000000000000000000000000000000000000000000000000000000000000000000000000000000000000000000000000000000000000000fe68510cb275e0
9045,00000000000000000000000000000000000000000000000000000000000000000000000000000000000000000000000000000000000000000026d0d331328420
9055,000000000000000000000000000000000000000000000000000000000000000000000000000000000000000000000000000000000000000000fe9c9c9304fc60
9065,0000000000000000000000000000000000000000000000000000000000000000000000000000000000000000000000000000000000000000000f50af9f328ee0
9075,000000000000000000000000000000000000000000000000000000000000000000000000000000000000000000000000000000000000000000096aad53b729a0
9085,000000000000000000000000000000000000000000000000000000000000000000000000000000000000000000000000000000000000000000f88b36a3139800
9095,0000000000000000000000000000000000000000000000000000000000000000000000000000000000000000000000000000000000000000000994e63d2d98a0
9105,000000000000000000000000000000000000000000000000000000000000000000000000000000000000000000000000000000000000000000129228b5ce0ea0
9115,00000000000000000000000000000000000000000000000000000000000000000000000000000000000000000000000000000000000000000027877ef3a85cc0
9125,000000000000000000000000000000000000000000000000000000000000000000000000000000000000000000000000000000000000000000b54aa1b5068cc0
9135,000000000000000000000000000000000000000000000000000000000000000000000000000000000000000000000000000000000000000000582013ad601ec0
9145,000000000000000000000000000000000000000000000000000000000000000000000000000000000000000000000000000000000000000000e17fbf6bad2c80
9155,000000000000000000000000000000000000000000000000000000000000000000000000000000000000000000000000000000000000000001126ece5aa4e340
9165,0000000000000000000000000000000000000000000000000000000000000000000000000000000000000000000000000000000000000000002c5840830d73a0
9175,000000000000000000000000000000000000000000000000000000000000000000000000000000000000000000000000000000000000000001139302bd1bbcc0
9185,000000000000000000000000000000000000000000000000000000000000000000000000000000000000000000000000000000000000000000068d7267958cc0
9195,000000000000000000000000000000000000000000000000000000000000000000000000000000000000000000000000000000000000000001094007341f8a80
9205,0000000000000000000000000000000000000000000000000000000000000000000000000000000000000000000000000000000000000000000afc1c56344580
9215,000000000000000000000000000000000000000000000000000000000000000000000000000000000000000000000000000000000000000000149c6c3026d8e0
9225,000000000000000000000000000000000000000000000000000000000000000000000000000000000000000000000000000000000000000000575b87a6ed5400
9235,00000000000000000000000000000000000000000000000000000000000000000000000000000000000000000000000000000000000000000014020609532800
9245,000000000000000000000000000000000000000000000000000000000000000000000000000000000000000000000000000000000000000000e3a2bcd0aa3480
9255,0000000000000000000000000000000000000000000000000000000000000000000000000000000000000000000000000000000000000000001ec3a2b23d7480
9265,000000000000000000000000000000000000000000000000000000000000000000000000000000000000000000000000000000000000000000112a7f891de7c0
9275,000000000000000000000000000000000000000000000000000000000000000000000000000000000000000000000000000000000000000000f6dd8cf1425ce0
9285,00000000000000000000000000000000000000000000000000000000000000000000000000000000000000000000000000000000000000000015b3f2d864b600
9295,000000000000000000000000000000000000000000000000000000000000000000000000000000000000000000000000000000000000000000ff7c1f666b9200
9305,000000000000000000000000000000000000000000000000000000000000000000000000000000000000000000000000000000000000000000045133abaea220
9315,0000000000000000000000000000000000000000000000000000000000000000000000000000000000000000000000000000000000000000000ce74fb51b0d20
9325,0000000000000000000000000000000000000000000000000000000000000000000000000000000000000000000000000000000000000000001aa5750cf747c0
9335,0000000000000000000000000000000000000000000000000000000000000000000000000000000000000000000000000000000000000000000ab3685b1a6680
9345,0000000000000000000000000000000000000000000000000000000000000000000000000000000000000000000000000000000000000000000fbc2ce6b949a0
9355,0000000000000000000000000000000000000000000000000000000000000000000000000000000000000000000000000000000000000000002a884d3601d5c0
9365,000000000000000000000000000000000000000000000000000000000000000000000000000000000000000000000000000000000000000001160b085771a800
9375,0000000000000000000000000000000000000000000000000000000000000000000000000000000000000000000000000000000000000000001d8604652e3940
9385,00000000000000000000000000000000000000000000000000000000000000000000000000000000000000000000000000000000000000000006c07eb2e9e4c0
9395,0000000000000000000000000000000000000000000000000000000000000000000000000000000000000000000000000000000000000000001a1347831f9ee0
9405,00000000000000000000000000000000000000000000000000000000000000000000000000000000000000000000000000000000000000000045f56fc935e660
9415,0000000000000000000000000000000000000000000000000000000000000000000000000000000000000000000000000000000000000000000ef5184cc0f7c0
9425,0000000000000000000000000000000000000000000000000000000000000000000000000000000000000000000000000000000000000000000b808aead1aa00
9435,0000000000000000000000000000000000000000000000000000000000000000000000000000000000000000000000000000000000000000001681c536d50d20
9445,00000000000000000000000000000000000000000000000000000000000000000000000000000000000000000000000000000000000000000009845783378580
9455,0000000000000000000000000000000000000000000000000000000000000000000000000000000000000000000000000000000000000000001a71e1f2e718e0
9465,000000000000000000000000000000000000000000000000000000000000000000000000000000000000000000000000000000000000000001041b4296b26da0
9475,00000000000000000000000000000000000000000000000000000000000000000000000000000000000000000000000000000000000000000007c7d103a1bf00
9485,0000000000000000000000000000000000000000000000000000000000000000000000000000000000000000000000000000000000000000002d8b397836c940
9495,000000000000000000000000000000000000000000000000000000000000000000000000000000000000000000000000000000000000000001034fa21a926160
9505,000000000000000000000000000000000000000000000000000000000000000000000000000000000000000000000000000000000000000000e473bf9159b060
9515,00000000000000000000000000000000000000000000000000000000000000000000000000000000000000000000000000000000000000000015e7097c55e560
9525,0000000000000000000000000000000000000000000000000000000000000000000000000000000000000000000000000000000000000000000bb026ca129060
9535,0000000000000000000000000000000000000000000000000000000000000000000000000000000000000000000000000000000000000000000888e04f3d0020
9545,0000000000000000000000000000000000000000000000000000000000000000000000000000000000000000000000000000000000000000000e2a52c6b98ce0
9555,0000000000000000000000000000000000000000000000000000000000000000000000000000000000000000000000000000000000000000000b15241970ce40
9565,0000000000000000000000000000000000000000000000000000000000000000000000000000000000000000000000000000000000000000001a835c991c0b40
9575,0000000000000000000000000000000000000000000000000000000000000000000000000000000000000000000000000000000000000000002c2b82374c5a20
9585,0000000000000000000000000000000000000000000000000000000000000000000000000000000000000000000000000000000000000000000b78efff061580
9595,00000000000000000000000000000000000000000000000000000000000000000000000000000000000000000000000000000000000000000009c083f550e900
9605,00000000000000000000000000000000000000000000000000000000000000000000000000000000000000000000000000000000000000000010ee8caab1de20
9615,000000000000000000000000000000000000000000000000000000000000000000000000000000000000000000000000000000000000000000ee73d35affb1e0
9625,0000000000000000000000000000000000000000000000000000000000000000000000000000000000000000000000000000000000000000001fffa1d8063300
9635,0000000000000000000000000000000000000000000000000000000000000000000000000000000000000000000000000000000000000000011e66cd33915f60
9645,00000000000000000000000000000000000000000000000000000000000000000000000000000000000000000000000000000000000000000030f59b785f5c00
9655,000000000000000000000000000000000000000000000000000000000000000000000000000000000000000000000000000000000000000000290d984f868800
9665,000000000000000000000000000000000000000000000000000000000000000000000000000000000000000000000000000000000000000000e539e6f04e4d40
9675,0000000000000000000000000000000000000000000000000000000000000000000000000000000000000000000000000000000000000000003ad4dfce13f5c0
9685,000000000000000000000000000000000000000000000000000000000000000000000000000000000000000000000000000000000000000000534d8c27f23c40
9695,00000000000000000000000000000000000000000000000000000000000000000000000000000000000000000000000000000000000000000106ab27f458d3a0
9705,00000000000000000000000000000000000000000000000000000000000000000000000000000000000000000000000000000000000000000107610dca8d3d80
9715,0000000000000000000000000000000000000000000000000000000000000000000000000000000000000000000000000000000000000000010fa4179e7ef1c0
9725,0000000000000000000000000000000000000000000000000000000000000000000000000000000000000000000000000000000000000000000cd70ac00c5040
9735,0000000000000000000000000000000000000000000000000000000000000000000000000000000000000000000000000000000000000000001f6c8d4e3e1ae0
9745,0000000000000000000000000000000000000000000000000000000000000000000000000000000000000000000000000000000000000000000ffdde624c13c0
9755,0000000000000000000000000000000000000000000000000000000000000000000000000000000000000000000000000000000000000000000f8cd30773f0c0
9765,000000000000000000000000000000000000000000000000000000000000000000000000000000000000000000000000000000000000000000086d1629b9e920
9775,0000000000000000000000000000000000000000000000000000000000000000000000000000000000000000000000000000000000000000000c9a82890ccd00
9785,000000000000000000000000000000000000000000000000000000000000000000000000000000000000000000000000000000000000000000284f4134f77140
9795,0000000000000000000000000000000000000000000000000000000000000000000000000000000000000000000000000000000000000000000efda424cb1540
9805,0000000000000000000000000000000000000000000000000000000000000000000000000000000000000000000000000000000000000000000dd249e05961e0
9815,000000000000000000000000000000000000000000000000000000000000000000000000000000000000000000000000000000000000000001180af8c8a3ed20
9825,0000000000000000000000000000000000000000000000000000000000000000000000000000000000000000000000000000000000000000001090d1f5ef0200
9835,000000000000000000000000000000000000000000000000000000000000000000000000000000000000000000000000000000000000000000f8391e289bbea0
9845,0000000000000000000000000000000000000000000000000000000000000000000000000000000000000000000000000000000000000000000b2ee4a18d3280
9855,0000000000000000000000000000000000000000000000000000000000000000000000000000000000000000000000000000000000000000010d0516ae2bec60
9865,0000000000000000000000000000000000000000000000000000000000000000000000000000000000000000000000000000000000000000000c24cca4ac8a40
9875,000000000000000000000000000000000000000000000000000000000000000000000000000000000000000000000000000000000000000000113e2f07ca5460
9885,00000000000000000000000000000000000000000000000000000000000000000000000000000000000000000000000000000000000000000019d51411293420
9895,00000000000000000000000000000000000000000000000000000000000000000000000000000000000000000000000000000000000000000010559bab277e80
9905,0000000000000000000000000000000000000000000000000000000000000000000000000000000000000000000000000000000000000000000fd5942016c620
9915,000000000000000000000000000000000000000000000000000000000000000000000000000000000000000000000000000000000000000000226b4b9a93c4c0
9925,000000000000000000000000000000000000000000000000000000000000000000000000000000000000000000000000000000000000000000da551049c3a940
9935,000000000000000000000000000000000000000000000000000000000000000000000000000000000000000000000000000000000000000000167a49b7561f80
9945,000000000000000000000000000000000000000000000000000000000000000000000000000000000000000000000000000000000000000000145a588d3835c0
9955,000000000000000000000000000000000000000000000000000000000000000000000000000000000000000000000000000000000000000000f2103057ca1ae0
9965,000000000000000000000000000000000000000000000000000000000000000000000000000000000000000000000000000000000000000000c50a324cc07260
9975,000000000000000000000000000000000000000000000000000000000000000000000000000000000000000000000000000000000000000000096de9ac1ce280
9985,00000000000000000000000000000000000000000000000000000000000000000000000000000000000000000000000000000000000000000016546ba6321b40
9995,000000000000000000000000000000000000000000000000000000000000000000000000000000000000000000000000000000000000000001042ecb6dfefee0
10005,00000000000000000000000000000000000000000000000000000000000000000000000000000000000000000000000000000000000000000013df1f8bad3020
10015,0000000000000000000000000000000000000000000000000000000000000000000000000000000000000000000000000000000000000000000d577afc510e60
10025,0000000000000000000000000000000000000000000000000000000000000000000000000000000000000000000000000000000000000000000c5591ab3be0e0
10035,0000000000000000000000000000000000000000000000000000000000000000000000000000000000000000000000000000000000000000001971a4b5664e20
10045,0000000000000000000000000000000000000000000000000000000000000000000000000000000000000000000000000000000000000000011e828ac5641440
10055,000000000000000000000000000000000000000000000000000000000000000000000000000000000000000000000000000000000000000000ae3b48aecf54a0
10065,00000000000000000000000000000000000000000000000000000000000000000000000000000000000000000000000000000000000000000014b54955dc6820
10075,0000000000000000000000000000000000000000000000000000000000000000000000000000000000000000000000000000000000000000000c7a80d02139a0
10085,0000000000000000000000000000000000000000000000000000000000000000000000000000000000000000000000000000000000000000000c9f54264385c0
10095,0000000000000000000000000000000000000000000000000000000000000000000000000000000000000000000000000000000000000000001ec00e81401d20
10105,0000000000000000000000000000000000000000000000000000000000000000000000000000000000000000000000000000000000000000000db9924e528580
10115,0000000000000000000000000000000000000000000000000000000000000000000000000000000000000000000000000000000000000000010104eb421b3620
10125,0000000000000000000000000000000000000000000000000000000000000000000000000000000000000000000000000000000000000000000ad305a7bdf940
10135,000000000000000000000000000000000000000000000000000000000000000000000000000000000000000000000000000000000000000000098ac6e53eab80
10145,000000000000000000000000000000000000000000000000000000000000000000000000000000000000000000000000000000000000000000168e58ac237fe0
10155,0000000000000000000000000000000000000000000000000000000000000000000000000000000000000000000000000000000000000000002f2abedc370a60
10165,000000000000000000000000000000000000000000000000000000000000000000000000000000000000000000000000000000000000000001081063b4e41520
10175,0000000000000000000000000000000000000000000000000000000000000000000000000000000000000000000000000000000000000000000db912620c5f40
10185,00000000000000000000000000000000000000000000000000000000000000000000000000000000000000000000000000000000000000000116f10b657bcae0
10195,0000000000000000000000000000000000000000000000000000000000000000000000000000000000000000000000000000000000000000000a675e252665c0
10205,0000000000000000000000000000000000000000000000000000000000000000000000000000000000000000000000000000000000000000000776a43a5517a0
10215,0000000000000000000000000000000000000000000000000000000000000000000000000000000000000000000000000000000000000000001ab980f7ec3f00
10225,0000000000000000000000000000000000000000000000000000000000000000000000000000000000000000000000000000000000000000011edd360e0cf580
10235,000000000000000000000000000000000000000000000000000000000000000000000000000000000000000000000000000000000000000000223f9e31366f60
10245,000000000000000000000000000000000000000000000000000000000000000000000000000000000000000000000000000000000000000000d725561e44d100
10255,000000000000000000000000000000000000000000000000000000000000000000000000000000000000000000000000000000000000000000297ba9f956ea80
10265,0000000000000000000000000000000000000000000000000000000000000000000000000000000000000000000000000000000000000000000b068cc1cef720