Event_ID,Hex_Data
1,0000000000000000000000000000000000000000000000000000000000000000000000000000000000000000000000000000000000000000005ba172fac10c40
2,0000000000000000000000000000000000000000000000000000000000000000000000000000000000000000000000000000000000000000003c75106d1c5e60
3,0000000000000000000000000000000000000000000000000000000000000000000000000000000000000000000000000000000000000000002dce15fd8e0a80
4,0000000000000000000000000000000000000000000000000000000000000000000000000000000000000000000000000000000000000000003ab89ced855020
5,0000000000000000000000000000000000000000000000000000000000000000000000000000000000000000000000000000000000000000003d230aeb3bda20
6,00000000000000000000000000000000000000000000000000000000000000000000000000000000000000000000000000000000000000000033325f03024000
7,00000000000000000000000000000000000000000000000000000000000000000000000000000000000000000000000000000000000000000032b62ac67476e0
8,0000000000000000000000000000000000000000000000000000000000000000000000000000000000000000000000000000000000000000002cc6dd19233ea0
9,00000000000000000000000000000000000000000000000000000000000000000000000000000000000000000000000000000000000000000020443ac98e46e0
10,00000000000000000000000000000000000000000000000000000000000000000000000000000000000000000000000000000000000000000039307f74401340
11,0000000000000000000000000000000000000000000000000000000000000000000000000000000000000000000000000000000000000000002976d052481ee0
12,0000000000000000000000000000000000000000000000000000000000000000000000000000000000000000000000000000000000000000002632831e539180
13,00000000000000000000000000000000000000000000000000000000000000000000000000000000000000000000000000000000000000000045a1499da66580
14,0000000000000000000000000000000000000000000000000000000000000000000000000000000000000000000000000000000000000000003b64aece3bdfe0
15,0000000000000000000000000000000000000000000000000000000000000000000000000000000000000000000000000000000000000000004cacd806952c20
16,0000000000000000000000000000000000000000000000000000000000000000000000000000000000000000000000000000000000000000001e31144fcec860
17,0000000000000000000000000000000000000000000000000000000000000000000000000000000000000000000000000000000000000000003407eb5714b1c0
18,00000000000000000000000000000000000000000000000000000000000000000000000000000000000000000000000000000000000000000030af92733eda60
19,0000000000000000000000000000000000000000000000000000000000000000000000000000000000000000000000000000000000000000003294c8663e30a0
20,00000000000000000000000000000000000000000000000000000000000000000000000000000000000000000000000000000000000000000035ac417fae3060
21,0000000000000000000000000000000000000000000000000000000000000000000000000000000000000000000000000000000000000000005974f2a040b4e0
22,000000000000000000000000000000000000000000000000000000000000000000000000000000000000000000000000000000000000000000258a430c200ae0
23,00000000000000000000000000000000000000000000000000000000000000000000000000000000000000000000000000000000000000000025c16c12412480
24,00000000000000000000000000000000000000000000000000000000000000000000000000000000000000000000000000000000000000000035c38e6a6b0660
25,0000000000000000000000000000000000000000000000000000000000000000000000000000000000000000000000000000000000000000003214e90c65d6a0
26,00000000000000000000000000000000000000000000000000000000000000000000000000000000000000000000000000000000000000000015aa8e1df30e60
27,00000000000000000000000000000000000000000000000000000000000000000000000000000000000000000000000000000000000000000028353afba4ab80
28,00000000000000000000000000000000000000000000000000000000000000000000000000000000000000000000000000000000000000000019df82adff18a0
29,0000000000000000000000000000000000000000000000000000000000000000000000000000000000000000000000000000000000000000002f3fc829911620
30,0000000000000000000000000000000000000000000000000000000000000000000000000000000000000000000000000000000000000000002d80ca82c360e0
31,0000000000000000000000000000000000000000000000000000000000000000000000000000000000000000000000000000000000000000002c9d007492e6c0
32,000000000000000000000000000000000000000000000000000000000000000000000000000000000000000000000000000000000000000000471aef7082bc40
33,0000000000000000000000000000000000000000000000000000000000000000000000000000000000000000000000000000000000000000006405fa42986ec0
34,000000000000000000000000000000000000000000000000000000000000000000000000000000000000000000000000000000000000000000422574c60d4600
35,0000000000000000000000000000000000000000000000000000000000000000000000000000000000000000000000000000000000000000003ea474eecd4c40
36,000000000000000000000000000000000000000000000000000000000000000000000000000000000000000000000000000000000000000000226dcc73062000
37,00000000000000000000000000000000000000000000000000000000000000000000000000000000000000000000000000000000000000000016fdaac22d1000
38,00000000000000000000000000000000000000000000000000000000000000000000000000000000000000000000000000000000000000000038597a166e6be0
39,00000000000000000000000000000000000000000000000000000000000000000000000000000000000000000000000000000000000000000025542037285a20
40,0000000000000000000000000000000000000000000000000000000000000000000000000000000000000000000000000000000000000000003a0e378cb1e0c0
41,000000000000000000000000000000000000000000000000000000000000000000000000000000000000000000000000000000000000000000308f067f48e640
42,000000000000000000000000000000000000000000000000000000000000000000000000000000000000000000000000000000000000000000393d4010edf140
43,0000000000000000000000000000000000000000000000000000000000000000000000000000000000000000000000000000000000000000003f2854172595e0
44,000000000000000000000000000000000000000000000000000000000000000000000000000000000000000000000000000000000000000000413bc824911540
45,000000000000000000000000000000000000000000000000000000000000000000000000000000000000000000000000000000000000000000413bf1d5c959c0
46,000000000000000000000000000000000000000000000000000000000000000000000000000000000000000000000000000000000000000000320a2765bced00
47,0000000000000000000000000000000000000000000000000000000000000000000000000000000000000000000000000000000000000000004586fc3cf5f500
48,0000000000000000000000000000000000000000000000000000000000000000000000000000000000000000000000000000000000000000002f6e95e17d6a80
49,0000000000000000000000000000000000000000000000000000000000000000000000000000000000000000000000000000000000000000002147987d008420
50,0000000000000000000000000000000000000000000000000000000000000000000000000000000000000000000000000000000000000000003c07af39677a60
51,0000000000000000000000000000000000000000000000000000000000000000000000000000000000000000000000000000000000000000002f50aa14bca1e0
52,0000000000000000000000000000000000000000000000000000000000000000000000000000000000000000000000000000000000000000004fa5475357a8c0
53,0000000000000000000000000000000000000000000000000000000000000000000000000000000000000000000000000000000000000000004df5f0bf2d2c80
54,00000000000000000000000000000000000000000000000000000000000000000000000000000000000000000000000000000000000000000021572605ccd820
55,00000000000000000000000000000000000000000000000000000000000000000000000000000000000000000000000000000000000000000033463677d35dc0
56,0000000000000000000000000000000000000000000000000000000000000000000000000000000000000000000000000000000000000000003287cef0f69d60
57,000000000000000000000000000000000000000000000000000000000000000000000000000000000000000000000000000000000000000000263373281c0260
58,00000000000000000000000000000000000000000000000000000000000000000000000000000000000000000000000000000000000000000032090eaabc2660
59,00000000000000000000000000000000000000000000000000000000000000000000000000000000000000000000000000000000000000000038155324dea980
60,0000000000000000000000000000000000000000000000000000000000000000000000000000000000000000000000000000000000000000003e307245636700
61,0000000000000000000000000000000000000000000000000000000000000000000000000000000000000000000000000000000000000000003a6919cb7e7060
62,00000000000000000000000000000000000000000000000000000000000000000000000000000000000000000000000000000000000000000049335a877133c0
63,0000000000000000000000000000000000000000000000000000000000000000000000000000000000000000000000000000000000000000005b5105ec7b2ac0
64,00000000000000000000000000000000000000000000000000000000000000000000000000000000000000000000000000000000000000000032bbac639f53a0
65,0000000000000000000000000000000000000000000000000000000000000000000000000000000000000000000000000000000000000000003e488539eb8260
66,0000000000000000000000000000000000000000000000000000000000000000000000000000000000000000000000000000000000000000003709ae2d0eeae0
67,00000000000000000000000000000000000000000000000000000000000000000000000000000000000000000000000000000000000000000036d96ef53b7c60
68,00000000000000000000000000000000000000000000000000000000000000000000000000000000000000000000000000000000000000000035b93eb0093480
69,00000000000000000000000000000000000000000000000000000000000000000000000000000000000000000000000000000000000000000051f2d72b9db4c0
70,00000000000000000000000000000000000000000000000000000000000000000000000000000000000000000000000000000000000000000033a565c02e5a00
71,0000000000000000000000000000000000000000000000000000000000000000000000000000000000000000000000000000000000000000003232eb31c2a7a0
72,00000000000000000000000000000000000000000000000000000000000000000000000000000000000000000000000000000000000000000048f73c29081880
73,00000000000000000000000000000000000000000000000000000000000000000000000000000000000000000000000000000000000000000014e6c983c19880
74,0000000000000000000000000000000000000000000000000000000000000000000000000000000000000000000000000000000000000000002c2ab554e40100
75,00000000000000000000000000000000000000000000000000000000000000000000000000000000000000000000000000000000000000000019db55733373a0
76,0000000000000000000000000000000000000000000000000000000000000000000000000000000000000000000000000000000000000000001788e738cb3c60
77,00000000000000000000000000000000000000000000000000000000000000000000000000000000000000000000000000000000000000000062e1294c7ae720
78,0000000000000000000000000000000000000000000000000000000000000000000000000000000000000000000000000000000000000000003f731d0842edc0
79,0000000000000000000000000000000000000000000000000000000000000000000000000000000000000000000000000000000000000000001fdcdbda5e0a80
80,0000000000000000000000000000000000000000000000000000000000000000000000000000000000000000000000000000000000000000002ef6471ad3cda0
81,0000000000000000000000000000000000000000000000000000000000000000000000000000000000000000000000000000000000000000004cec6f47388980
82,00000000000000000000000000000000000000000000000000000000000000000000000000000000000000000000000000000000000000000034221ee901f320
83,000000000000000000000000000000000000000000000000000000000000000000000000000000000000000000000000000000000000000000620cc71fb6d460
84,000000000000000000000000000000000000000000000000000000000000000000000000000000000000000000000000000000000000000000406812d05ee6c0
85,000000000000000000000000000000000000000000000000000000000000000000000000000000000000000000000000000000000000000000206d571f66a7c0
86,0000000000000000000000000000000000000000000000000000000000000000000000000000000000000000000000000000000000000000002ba020fbc45940
87,0000000000000000000000000000000000000000000000000000000000000000000000000000000000000000000000000000000000000000004c7f9f1d527d20
88,0000000000000000000000000000000000000000000000000000000000000000000000000000000000000000000000000000000000000000005701c519487560
89,00000000000000000000000000000000000000000000000000000000000000000000000000000000000000000000000000000000000000000043b723e60fe880
90,00000000000000000000000000000000000000000000000000000000000000000000000000000000000000000000000000000000000000000031fe023f2bf7c0
91,0000000000000000000000000000000000000000000000000000000000000000000000000000000000000000000000000000000000000000004748eb6d698140
92,00000000000000000000000000000000000000000000000000000000000000000000000000000000000000000000000000000000000000000024d6d222100500
93,0000000000000000000000000000000000000000000000000000000000000000000000000000000000000000000000000000000000000000002d18ae6264d060
94,0000000000000000000000000000000000000000000000000000000000000000000000000000000000000000000000000000000000000000002fca9a5b4a1ce0
95,000000000000000000000000000000000000000000000000000000000000000000000000000000000000000000000000000000000000000000168740a2c54100
96,000000000000000000000000000000000000000000000000000000000000000000000000000000000000000000000000000000000000000000332e10a0d660c0
97,0000000000000000000000000000000000000000000000000000000000000000000000000000000000000000000000000000000000000000001a56bde10a0c20
98,0000000000000000000000000000000000000000000000000000000000000000000000000000000000000000000000000000000000000000002829029028b3e0
99,0000000000000000000000000000000000000000000000000000000000000000000000000000000000000000000000000000000000000000001d56d319975f80
100,00000000000000000000000000000000000000000000000000000000000000000000000000000000000000000000000000000000000000000042fc400658ff40
101,0000000000000000000000000000000000000000000000000000000000000000000000000000000000000000000000000000000000000000002d2650ba1729c0
102,000000000000000000000000000000000000000000000000000000000000000000000000000000000000000000000000000000000000000000396b94a17ff960
103,00000000000000000000000000000000000000000000000000000000000000000000000000000000000000000000000000000000000000000026204f333ecc40
104,000000000000000000000000000000000000000000000000000000000000000000000000000000000000000000000000000000000000000000185e2f3444bf40
105,0000000000000000000000000000000000000000000000000000000000000000000000000000000000000000000000000000000000000000003e7e575dad8f60
106,00000000000000000000000000000000000000000000000000000000000000000000000000000000000000000000000000000000000000000059ed17fa9e5760
107,0000000000000000000000000000000000000000000000000000000000000000000000000000000000000000000000000000000000000000002d76ea3e816ec0
108,0000000000000000000000000000000000000000000000000000000000000000000000000000000000000000000000000000000000000000002d98ae461396a0
109,0000000000000000000000000000000000000000000000000000000000000000000000000000000000000000000000000000000000000000001f582ced277220
110,00000000000000000000000000000000000000000000000000000000000000000000000000000000000000000000000000000000000000000023036de8f0fe20
111,0000000000000000000000000000000000000000000000000000000000000000000000000000000000000000000000000000000000000000002a7638caeaf120
112,00000000000000000000000000000000000000000000000000000000000000000000000000000000000000000000000000000000000000000050ef27a96c0e60
113,000000000000000000000000000000000000000000000000000000000000000000000000000000000000000000000000000000000000000000180e7a437c4e60
114,0000000000000000000000000000000000000000000000000000000000000000000000000000000000000000000000000000000000000000005acb6326b776e0
115,00000000000000000000000000000000000000000000000000000000000000000000000000000000000000000000000000000000000000000034e22cf99ad840
116,000000000000000000000000000000000000000000000000000000000000000000000000000000000000000000000000000000000000000000253c30a51403c0
117,000000000000000000000000000000000000000000000000000000000000000000000000000000000000000000000000000000000000000000401fc31a2a94e0
118,000000000000000000000000000000000000000000000000000000000000000000000000000000000000000000000000000000000000000000312ada087a1fa0
119,0000000000000000000000000000000000000000000000000000000000000000000000000000000000000000000000000000000000000000004b67494dc01f40
120,000000000000000000000000000000000000000000000000000000000000000000000000000000000000000000000000000000000000000000313a1169e9cba0
121,0000000000000000000000000000000000000000000000000000000000000000000000000000000000000000000000000000000000000000001f3468e5b7ca40
122,00000000000000000000000000000000000000000000000000000000000000000000000000000000000000000000000000000000000000000014a3672fae6f20
123,000000000000000000000000000000000000000000000000000000000000000000000000000000000000000000000000000000000000000000324a0392aa6a60
124,000000000000000000000000000000000000000000000000000000000000000000000000000000000000000000000000000000000000000000296554fad824c0
125,00000000000000000000000000000000000000000000000000000000000000000000000000000000000000000000000000000000000000000032b4b8d0660240
126,00000000000000000000000000000000000000000000000000000000000000000000000000000000000000000000000000000000000000000017cf852057dd20
127,0000000000000000000000000000000000000000000000000000000000000000000000000000000000000000000000000000000000000000001ba53fd4586680
128,0000000000000000000000000000000000000000000000000000000000000000000000000000000000000000000000000000000000000000005983a0d07e8bc0
129,00000000000000000000000000000000000000000000000000000000000000000000000000000000000000000000000000000000000000000037f0d8b12c8780
130,0000000000000000000000000000000000000000000000000000000000000000000000000000000000000000000000000000000000000000002988d4e4c28b00
131,00000000000000000000000000000000000000000000000000000000000000000000000000000000000000000000000000000000000000000039b4f4eb532860
132,0000000000000000000000000000000000000000000000000000000000000000000000000000000000000000000000000000000000000000004a6429690ea420
133,0000000000000000000000000000000000000000000000000000000000000000000000000000000000000000000000000000000000000000002e1bcab3654e20
134,0000000000000000000000000000000000000000000000000000000000000000000000000000000000000000000000000000000000000000004925d939953e00
135,0000000000000000000000000000000000000000000000000000000000000000000000000000000000000000000000000000000000000000003c624e6e5ff0e0
136,0000000000000000000000000000000000000000000000000000000000000000000000000000000000000000000000000000000000000000001b3f106eec53a0
137,0000000000000000000000000000000000000000000000000000000000000000000000000000000000000000000000000000000000000000003101da329fd320
138,000000000000000000000000000000000000000000000000000000000000000000000000000000000000000000000000000000000000000000244789dcf2b800
139,000000000000000000000000000000000000000000000000000000000000000000000000000000000000000000000000000000000000000000596ada5229ebe0
140,00000000000000000000000000000000000000000000000000000000000000000000000000000000000000000000000000000000000000000022bf23bc4fea40
141,00000000000000000000000000000000000000000000000000000000000000000000000000000000000000000000000000000000000000000034d6d5a1c0f120
142,00000000000000000000000000000000000000000000000000000000000000000000000000000000000000000000000000000000000000000032e4db121401e0
143,00000000000000000000000000000000000000000000000000000000000000000000000000000000000000000000000000000000000000000025e7c44abf63c0
144,0000000000000000000000000000000000000000000000000000000000000000000000000000000000000000000000000000000000000000003b222d66685380
145,0000000000000000000000000000000000000000000000000000000000000000000000000000000000000000000000000000000000000000002ba9a8676ebe20
146,00000000000000000000000000000000000000000000000000000000000000000000000000000000000000000000000000000000000000000027136dca3f71a0
147,00000000000000000000000000000000000000000000000000000000000000000000000000000000000000000000000000000000000000000043562b3b5d96c0
148,000000000000000000000000000000000000000000000000000000000000000000000000000000000000000000000000000000000000000000658c12284f50c0
149,00000000000000000000000000000000000000000000000000000000000000000000000000000000000000000000000000000000000000000025cb28d6857b00
150,0000000000000000000000000000000000000000000000000000000000000000000000000000000000000000000000000000000000000000002a1fe7da948340
151,0000000000000000000000000000000000000000000000000000000000000000000000000000000000000000000000000000000000000000001b334e522d4f80
152,00000000000000000000000000000000000000000000000000000000000000000000000000000000000000000000000000000000000000000033e18f3c208e20
153,0000000000000000000000000000000000000000000000000000000000000000000000000000000000000000000000000000000000000000003c302336ada960
154,0000000000000000000000000000000000000000000000000000000000000000000000000000000000000000000000000000000000000000002c1b9aae8616a0
155,00000000000000000000000000000000000000000000000000000000000000000000000000000000000000000000000000000000000000000023a1d419584be0
156,0000000000000000000000000000000000000000000000000000000000000000000000000000000000000000000000000000000000000000003c0c5fea51a620
157,0000000000000000000000000000000000000000000000000000000000000000000000000000000000000000000000000000000000000000003d3ccb4bf5cae0
158,0000000000000000000000000000000000000000000000000000000000000000000000000000000000000000000000000000000000000000002c996a39bd1500
159,00000000000000000000000000000000000000000000000000000000000000000000000000000000000000000000000000000000000000000022d02d628c79e0
160,0000000000000000000000000000000000000000000000000000000000000000000000000000000000000000000000000000000000000000001ee89aafbfbe80
161,000000000000000000000000000000000000000000000000000000000000000000000000000000000000000000000000000000000000000000144ca67a733a80
162,000000000000000000000000000000000000000000000000000000000000000000000000000000000000000000000000000000000000000000430009cb03f580
163,00000000000000000000000000000000000000000000000000000000000000000000000000000000000000000000000000000000000000000028e795c83d9640
164,0000000000000000000000000000000000000000000000000000000000000000000000000000000000000000000000000000000000000000003dfc87d2bb9100
165,000000000000000000000000000000000000000000000000000000000000000000000000000000000000000000000000000000000000000000240565302c9d40
166,0000000000000000000000000000000000000000000000000000000000000000000000000000000000000000000000000000000000000000002e1053aa527600
167,000000000000000000000000000000000000000000000000000000000000000000000000000000000000000000000000000000000000000000295cb84a31a000
168,000000000000000000000000000000000000000000000000000000000000000000000000000000000000000000000000000000000000000000229bd16fec49c0
169,000000000000000000000000000000000000000000000000000000000000000000000000000000000000000000000000000000000000000000208d71f5da6280
170,0000000000000000000000000000000000000000000000000000000000000000000000000000000000000000000000000000000000000000002747c733073000
171,0000000000000000000000000000000000000000000000000000000000000000000000000000000000000000000000000000000000000000005a54cdfd79f0c0
172,0000000000000000000000000000000000000000000000000000000000000000000000000000000000000000000000000000000000000000005acf7675361620
173,000000000000000000000000000000000000000000000000000000000000000000000000000000000000000000000000000000000000000000639f0970ea9f80
174,0000000000000000000000000000000000000000000000000000000000000000000000000000000000000000000000000000000000000000003c570a2a35fbc0
175,0000000000000000000000000000000000000000000000000000000000000000000000000000000000000000000000000000000000000000004aa995c6d73de0
176,000000000000000000000000000000000000000000000000000000000000000000000000000000000000000000000000000000000000000000322110bccf3da0
177,00000000000000000000000000000000000000000000000000000000000000000000000000000000000000000000000000000000000000000023327fdbec6ac0
178,0000000000000000000000000000000000000000000000000000000000000000000000000000000000000000000000000000000000000000003b813260013d40
179,0000000000000000000000000000000000000000000000000000000000000000000000000000000000000000000000000000000000000000003829b8de927fe0
180,0000000000000000000000000000000000000000000000000000000000000000000000000000000000000000000000000000000000000000002a25488b72d300
181,00000000000000000000000000000000000000000000000000000000000000000000000000000000000000000000000000000000000000000056a81f33041ea0
182,000000000000000000000000000000000000000000000000000000000000000000000000000000000000000000000000000000000000000000298a0bf85ed000
183,00000000000000000000000000000000000000000000000000000000000000000000000000000000000000000000000000000000000000000026f88efd4a08c0
184,00000000000000000000000000000000000000000000000000000000000000000000000000000000000000000000000000000000000000000049728e65a51c20
185,0000000000000000000000000000000000000000000000000000000000000000000000000000000000000000000000000000000000000000005554ceb6301180
186,00000000000000000000000000000000000000000000000000000000000000000000000000000000000000000000000000000000000000000048d4ca48e41da0
187,0000000000000000000000000000000000000000000000000000000000000000000000000000000000000000000000000000000000000000002d9fe1c5975e40
188,0000000000000000000000000000000000000000000000000000000000000000000000000000000000000000000000000000000000000000003ccdea985abe40
189,0000000000000000000000000000000000000000000000000000000000000000000000000000000000000000000000000000000000000000001d36217468e1e0
190,000000000000000000000000000000000000000000000000000000000000000000000000000000000000000000000000000000000000000000168c75f13055c0
191,000000000000000000000000000000000000000000000000000000000000000000000000000000000000000000000000000000000000000000345b61bdc3bbe0
192,0000000000000000000000000000000000000000000000000000000000000000000000000000000000000000000000000000000000000000002f7c8bc302c060
193,0000000000000000000000000000000000000000000000000000000000000000000000000000000000000000000000000000000000000000002c3f887adf3cc0
194,000000000000000000000000000000000000000000000000000000000000000000000000000000000000000000000000000000000000000000444e4a5be09060
195,0000000000000000000000000000000000000000000000000000000000000000000000000000000000000000000000000000000000000000004185170216abe0
196,00000000000000000000000000000000000000000000000000000000000000000000000000000000000000000000000000000000000000000034bddfa36f84a0
197,0000000000000000000000000000000000000000000000000000000000000000000000000000000000000000000000000000000000000000006bd2513c138960
198,00000000000000000000000000000000000000000000000000000000000000000000000000000000000000000000000000000000000000000055be442f14e6a0
199,0000000000000000000000000000000000000000000000000000000000000000000000000000000000000000000000000000000000000000002fe7b7c5a2a640
200,0000000000000000000000000000000000000000000000000000000000000000000000000000000000000000000000000000000000000000002f76412fbe0bc0
201,0000000000000000000000000000000000000000000000000000000000000000000000000000000000000000000000000000000000000000002c3d9484d98aa0
202,00000000000000000000000000000000000000000000000000000000000000000000000000000000000000000000000000000000000000000045c7ed3895b7c0
203,00000000000000000000000000000000000000000000000000000000000000000000000000000000000000000000000000000000000000000032869d5d59f980
204,000000000000000000000000000000000000000000000000000000000000000000000000000000000000000000000000000000000000000000506040bce5bc00
205,0000000000000000000000000000000000000000000000000000000000000000000000000000000000000000000000000000000000000000006adf2d38c47ca0
206,000000000000000000000000000000000000000000000000000000000000000000000000000000000000000000000000000000000000000000230fa2ad0abea0
207,0000000000000000000000000000000000000000000000000000000000000000000000000000000000000000000000000000000000000000001ff7d31d792fe0
208,0000000000000000000000000000000000000000000000000000000000000000000000000000000000000000000000000000000000000000003f458832b7ab80
209,00000000000000000000000000000000000000000000000000000000000000000000000000000000000000000000000000000000000000000024d0ec3fff9b20
210,0000000000000000000000000000000000000000000000000000000000000000000000000000000000000000000000000000000000000000004853eeaa307480
211,00000000000000000000000000000000000000000000000000000000000000000000000000000000000000000000000000000000000000000012bbe077eabb60
212,0000000000000000000000000000000000000000000000000000000000000000000000000000000000000000000000000000000000000000001c84e5805a2ce0
213,0000000000000000000000000000000000000000000000000000000000000000000000000000000000000000000000000000000000000000004abe0ad9279560
214,0000000000000000000000000000000000000000000000000000000000000000000000000000000000000000000000000000000000000000004abee43b8f16e0
215,0000000000000000000000000000000000000000000000000000000000000000000000000000000000000000000000000000000000000000003886c230eb2880
216,000000000000000000000000000000000000000000000000000000000000000000000000000000000000000000000000000000000000000000360990be50e7c0
217,00000000000000000000000000000000000000000000000000000000000000000000000000000000000000000000000000000000000000000018af39d6313da0
218,0000000000000000000000000000000000000000000000000000000000000000000000000000000000000000000000000000000000000000004e06d5be09be40
219,00000000000000000000000000000000000000000000000000000000000000000000000000000000000000000000000000000000000000000049a41844c4b900
220,0000000000000000000000000000000000000000000000000000000000000000000000000000000000000000000000000000000000000000002b5f563b35b440
221,0000000000000000000000000000000000000000000000000000000000000000000000000000000000000000000000000000000000000000003a9ba70d02ba40
222,0000000000000000000000000000000000000000000000000000000000000000000000000000000000000000000000000000000000000000003443720e258ee0
223,00000000000000000000000000000000000000000000000000000000000000000000000000000000000000000000000000000000000000000028899c937ef040
224,0000000000000000000000000000000000000000000000000000000000000000000000000000000000000000000000000000000000000000001231789ec81400
225,0000000000000000000000000000000000000000000000000000000000000000000000000000000000000000000000000000000000000000002f700e08c68800
226,00000000000000000000000000000000000000000000000000000000000000000000000000000000000000000000000000000000000000000010c14a4b486fe0
227,0000000000000000000000000000000000000000000000000000000000000000000000000000000000000000000000000000000000000000001f93704b9f4f20
228,000000000000000000000000000000000000000000000000000000000000000000000000000000000000000000000000000000000000000000270ad5f2362320
229,0000000000000000000000000000000000000000000000000000000000000000000000000000000000000000000000000000000000000000003fbba365d60700
230,00000000000000000000000000000000000000000000000000000000000000000000000000000000000000000000000000000000000000000031c4cc4306db40
231,0000000000000000000000000000000000000000000000000000000000000000000000000000000000000000000000000000000000000000003f634df5a266c0
232,0000000000000000000000000000000000000000000000000000000000000000000000000000000000000000000000000000000000000000002b9f6bad0ba480
233,0000000000000000000000000000000000000000000000000000000000000000000000000000000000000000000000000000000000000000003ecbd6ce9c1b20
234,0000000000000000000000000000000000000000000000000000000000000000000000000000000000000000000000000000000000000000002978b7d2274580
235,000000000000000000000000000000000000000000000000000000000000000000000000000000000000000000000000000000000000000000293ab8f3de8ae0
236,0000000000000000000000000000000000000000000000000000000000000000000000000000000000000000000000000000000000000000003446deab7455e0
237,00000000000000000000000000000000000000000000000000000000000000000000000000000000000000000000000000000000000000000050f7d728d63b00
238,00000000000000000000000000000000000000000000000000000000000000000000000000000000000000000000000000000000000000000041d142df6ade40
239,00000000000000000000000000000000000000000000000000000000000000000000000000000000000000000000000000000000000000000048b3fe99dec3a0
240,00000000000000000000000000000000000000000000000000000000000000000000000000000000000000000000000000000000000000000022271ac68e8580
241,000000000000000000000000000000000000000000000000000000000000000000000000000000000000000000000000000000000000000000277dad6a791dc0
242,000000000000000000000000000000000000000000000000000000000000000000000000000000000000000000000000000000000000000000267bfae8252b20
243,0000000000000000000000000000000000000000000000000000000000000000000000000000000000000000000000000000000000000000002c33228f665600
244,0000000000000000000000000000000000000000000000000000000000000000000000000000000000000000000000000000000000000000002b458364559f80
245,000000000000000000000000000000000000000000000000000000000000000000000000000000000000000000000000000000000000000000312a614395f420
246,00000000000000000000000000000000000000000000000000000000000000000000000000000000000000000000000000000000000000000031c1b160c643a0
247,0000000000000000000000000000000000000000000000000000000000000000000000000000000000000000000000000000000000000000002bf3c6e2703000
248,00000000000000000000000000000000000000000000000000000000000000000000000000000000000000000000000000000000000000000022704837c797c0
249,000000000000000000000000000000000000000000000000000000000000000000000000000000000000000000000000000000000000000000317e4e519f75a0
250,00000000000000000000000000000000000000000000000000000000000000000000000000000000000000000000000000000000000000000048c87af11aec80
251,00000000000000000000000000000000000000000000000000000000000000000000000000000000000000000000000000000000000000000029cfde11344020
252,0000000000000000000000000000000000000000000000000000000000000000000000000000000000000000000000000000000000000000005614e60bb4a580
253,0000000000000000000000000000000000000000000000000000000000000000000000000000000000000000000000000000000000000000003ac2eb59224c40
254,000000000000000000000000000000000000000000000000000000000000000000000000000000000000000000000000000000000000000000486433c6a1a4e0
255,000000000000000000000000000000000000000000000000000000000000000000000000000000000000000000000000000000000000000000365da7b8a65b00
256,000000000000000000000000000000000000000000000000000000000000000000000000000000000000000000000000000000000000000000272348dcdf29a0
257,0000000000000000000000000000000000000000000000000000000000000000000000000000000000000000000000000000000000000000002fc15a16fd62c0
258,000000000000000000000000000000000000000000000000000000000000000000000000000000000000000000000000000000000000000000403aa0e7200f00
259,00000000000000000000000000000000000000000000000000000000000000000000000000000000000000000000000000000000000000000052293b8a699880
260,0000000000000000000000000000000000000000000000000000000000000000000000000000000000000000000000000000000000000000002a33e42800af40
261,00000000000000000000000000000000000000000000000000000000000000000000000000000000000000000000000000000000000000000048d6cb7023ffe0
262,0000000000000000000000000000000000000000000000000000000000000000000000000000000000000000000000000000000000000000003e4a2943a7d240
263,0000000000000000000000000000000000000000000000000000000000000000000000000000000000000000000000000000000000000000005dbd59f3e99220
264,000000000000000000000000000000000000000000000000000000000000000000000000000000000000000000000000000000000000000000236f39d7d4e240
265,00000000000000000000000000000000000000000000000000000000000000000000000000000000000000000000000000000000000000000013c9e6482efd40
266,00000000000000000000000000000000000000000000000000000000000000000000000000000000000000000000000000000000000000000038abfa73556ca0
267,000000000000000000000000000000000000000000000000000000000000000000000000000000000000000000000000000000000000000000360abc51edf320
268,0000000000000000000000000000000000000000000000000000000000000000000000000000000000000000000000000000000000000000003220f85a5abae0
269,0000000000000000000000000000000000000000000000000000000000000000000000000000000000000000000000000000000000000000005aef1b2e27edc0
270,000000000000000000000000000000000000000000000000000000000000000000000000000000000000000000000000000000000000000000199c0b77773020
271,00000000000000000000000000000000000000000000000000000000000000000000000000000000000000000000000000000000000000000040de5da103e580
272,0000000000000000000000000000000000000000000000000000000000000000000000000000000000000000000000000000000000000000002f86ec387722e0
273,0000000000000000000000000000000000000000000000000000000000000000000000000000000000000000000000000000000000000000002ecb4bf656c3e0
274,00000000000000000000000000000000000000000000000000000000000000000000000000000000000000000000000000000000000000000028beebf25d7e40
275,00000000000000000000000000000000000000000000000000000000000000000000000000000000000000000000000000000000000000000048dd5eb49ee240
276,00000000000000000000000000000000000000000000000000000000000000000000000000000000000000000000000000000000000000000055332824c34fe0
277,000000000000000000000000000000000000000000000000000000000000000000000000000000000000000000000000000000000000000000181b89f3d61360
278,000000000000000000000000000000000000000000000000000000000000000000000000000000000000000000000000000000000000000000495f8966ed3260
279,0000000000000000000000000000000000000000000000000000000000000000000000000000000000000000000000000000000000000000004a820b7abc6360
280,0000000000000000000000000000000000000000000000000000000000000000000000000000000000000000000000000000000000000000003c77bb6315bbc0
281,0000000000000000000000000000000000000000000000000000000000000000000000000000000000000000000000000000000000000000001cd1308ee758e0
282,0000000000000000000000000000000000000000000000000000000000000000000000000000000000000000000000000000000000000000003f52d7cf5be6c0
283,00000000000000000000000000000000000000000000000000000000000000000000000000000000000000000000000000000000000000000053f2b857e4b280
284,0000000000000000000000000000000000000000000000000000000000000000000000000000000000000000000000000000000000000000004a89397a4089e0
285,000000000000000000000000000000000000000000000000000000000000000000000000000000000000000000000000000000000000000000326f6cdee9fe20
286,0000000000000000000000000000000000000000000000000000000000000000000000000000000000000000000000000000000000000000001a24d3c6dd3a00
287,00000000000000000000000000000000000000000000000000000000000000000000000000000000000000000000000000000000000000000025fefbaba50fc0
288,000000000000000000000000000000000000000000000000000000000000000000000000000000000000000000000000000000000000000000313e2e5fca3a80
289,0000000000000000000000000000000000000000000000000000000000000000000000000000000000000000000000000000000000000000004020df68dc58e0
290,00000000000000000000000000000000000000000000000000000000000000000000000000000000000000000000000000000000000000000037ccbc82605a20
291,0000000000000000000000000000000000000000000000000000000000000000000000000000000000000000000000000000000000000000002b665f7fa8a320
292,0000000000000000000000000000000000000000000000000000000000000000000000000000000000000000000000000000000000000000003a642e9a9835c0
293,0000000000000000000000000000000000000000000000000000000000000000000000000000000000000000000000000000000000000000005679f584e55a20
294,0000000000000000000000000000000000000000000000000000000000000000000000000000000000000000000000000000000000000000004c028b4d2289a0
295,0000000000000000000000000000000000000000000000000000000000000000000000000000000000000000000000000000000000000000003950478fa5afe0
296,00000000000000000000000000000000000000000000000000000000000000000000000000000000000000000000000000000000000000000014c8848fa45ba0
297,0000000000000000000000000000000000000000000000000000000000000000000000000000000000000000000000000000000000000000003e4b40f4d00d40
298,0000000000000000000000000000000000000000000000000000000000000000000000000000000000000000000000000000000000000000001fc0ef0d7ad320
299,000000000000000000000000000000000000000000000000000000000000000000000000000000000000000000000000000000000000000000262deab25411e0
300,00000000000000000000000000000000000000000000000000000000000000000000000000000000000000000000000000000000000000000034972f2fe38620
301,0000000000000000000000000000000000000000000000000000000000000000000000000000000000000000000000000000000000000000004e2df262c98620
302,000000000000000000000000000000000000000000000000000000000000000000000000000000000000000000000000000000000000000000262240a944a980
303,0000000000000000000000000000000000000000000000000000000000000000000000000000000000000000000000000000000000000000002761361d9f3b80
304,00000000000000000000000000000000000000000000000000000000000000000000000000000000000000000000000000000000000000000031d7fa4b949ea0
305,00000000000000000000000000000000000000000000000000000000000000000000000000000000000000000000000000000000000000000058c81edd210e40
306,00000000000000000000000000000000000000000000000000000000000000000000000000000000000000000000000000000000000000000028dfd5f9fe56a0
307,00000000000000000000000000000000000000000000000000000000000000000000000000000000000000000000000000000000000000000041a2e358b230c0
308,00000000000000000000000000000000000000000000000000000000000000000000000000000000000000000000000000000000000000000060daa8ef6b0fc0
309,0000000000000000000000000000000000000000000000000000000000000000000000000000000000000000000000000000000000000000002edbb2753bdbc0
310,0000000000000000000000000000000000000000000000000000000000000000000000000000000000000000000000000000000000000000001349f3bd1cdaa0
311,0000000000000000000000000000000000000000000000000000000000000000000000000000000000000000000000000000000000000000004769b0b9f92200
312,0000000000000000000000000000000000000000000000000000000000000000000000000000000000000000000000000000000000000000004e519cf41382c0
313,0000000000000000000000000000000000000000000000000000000000000000000000000000000000000000000000000000000000000000003d82bfd117ae20
314,0000000000000000000000000000000000000000000000000000000000000000000000000000000000000000000000000000000000000000002b89715fc1d600
315,0000000000000000000000000000000000000000000000000000000000000000000000000000000000000000000000000000000000000000002a9118491b61c0
316,0000000000000000000000000000000000000000000000000000000000000000000000000000000000000000000000000000000000000000001e199978c645a0
317,0000000000000000000000000000000000000000000000000000000000000000000000000000000000000000000000000000000000000000002884d3ec6eff60
318,000000000000000000000000000000000000000000000000000000000000000000000000000000000000000000000000000000000000000000420d1b653b2480
319,00000000000000000000000000000000000000000000000000000000000000000000000000000000000000000000000000000000000000000054b8bb232a8b40
320,0000000000000000000000000000000000000000000000000000000000000000000000000000000000000000000000000000000000000000002c67d43d147080
321,0000000000000000000000000000000000000000000000000000000000000000000000000000000000000000000000000000000000000000003f09f6058031a0
322,0000000000000000000000000000000000000000000000000000000000000000000000000000000000000000000000000000000000000000003c898c61e26680
323,0000000000000000000000000000000000000000000000000000000000000000000000000000000000000000000000000000000000000000002b35302a5b8a00
324,00000000000000000000000000000000000000000000000000000000000000000000000000000000000000000000000000000000000000000062312e622f2dc0
325,0000000000000000000000000000000000000000000000000000000000000000000000000000000000000000000000000000000000000000002a596b07ef7fe0
326,00000000000000000000000000000000000000000000000000000000000000000000000000000000000000000000000000000000000000000020731f32b42780
327,00000000000000000000000000000000000000000000000000000000000000000000000000000000000000000000000000000000000000000036693cfccadae0
328,0000000000000000000000000000000000000000000000000000000000000000000000000000000000000000000000000000000000000000003bd168647236a0
329,0000000000000000000000000000000000000000000000000000000000000000000000000000000000000000000000000000000000000000003fb0db52dec740
330,0000000000000000000000000000000000000000000000000000000000000000000000000000000000000000000000000000000000000000003ec69a7658e240
331,000000000000000000000000000000000000000000000000000000000000000000000000000000000000000000000000000000000000000000241809aeeb07a0
332,0000000000000000000000000000000000000000000000000000000000000000000000000000000000000000000000000000000000000000004dcda006d0ebe0
333,000000000000000000000000000000000000000000000000000000000000000000000000000000000000000000000000000000000000000000248a1a09b19460
334,00000000000000000000000000000000000000000000000000000000000000000000000000000000000000000000000000000000000000000033d9ee6ddf37c0
335,000000000000000000000000000000000000000000000000000000000000000000000000000000000000000000000000000000000000000000407606b1e45f20
336,0000000000000000000000000000000000000000000000000000000000000000000000000000000000000000000000000000000000000000001cbff486380700
337,000000000000000000000000000000000000000000000000000000000000000000000000000000000000000000000000000000000000000000125bf6af9c5040
338,00000000000000000000000000000000000000000000000000000000000000000000000000000000000000000000000000000000000000000035aec84e478740
339,00000000000000000000000000000000000000000000000000000000000000000000000000000000000000000000000000000000000000000060bc134a182f20
340,000000000000000000000000000000000000000000000000000000000000000000000000000000000000000000000000000000000000000000286c8477eaf7a0
341,0000000000000000000000000000000000000000000000000000000000000000000000000000000000000000000000000000000000000000004f4ef7a7ed73c0
342,000000000000000000000000000000000000000000000000000000000000000000000000000000000000000000000000000000000000000000223b9b4f0579c0
343,000000000000000000000000000000000000000000000000000000000000000000000000000000000000000000000000000000000000000000398a730bba4180
344,000000000000000000000000000000000000000000000000000000000000000000000000000000000000000000000000000000000000000000348390275d6000
345,00000000000000000000000000000000000000000000000000000000000000000000000000000000000000000000000000000000000000000050aa004b9ece60
346,00000000000000000000000000000000000000000000000000000000000000000000000000000000000000000000000000000000000000000015557a8ffd6500
347,00000000000000000000000000000000000000000000000000000000000000000000000000000000000000000000000000000000000000000032048c34e28e60
348,0000000000000000000000000000000000000000000000000000000000000000000000000000000000000000000000000000000000000000002b3742f8fcb1e0
349,000000000000000000000000000000000000000000000000000000000000000000000000000000000000000000000000000000000000000000321a1b5ad11f20
350,0000000000000000000000000000000000000000000000000000000000000000000000000000000000000000000000000000000000000000002f2421c8f7e4e0
351,000000000000000000000000000000000000000000000000000000000000000000000000000000000000000000000000000000000000000000292f647e7a9960
352,0000000000000000000000000000000000000000000000000000000000000000000000000000000000000000000000000000000000000000002b70c2616ba0c0
353,000000000000000000000000000000000000000000000000000000000000000000000000000000000000000000000000000000000000000000554749236816a0
354,00000000000000000000000000000000000000000000000000000000000000000000000000000000000000000000000000000000000000000049004ad9a6eec0
355,000000000000000000000000000000000000000000000000000000000000000000000000000000000000000000000000000000000000000000305e13e50b66c0
356,0000000000000000000000000000000000000000000000000000000000000000000000000000000000000000000000000000000000000000002c514a0d5e2ca0
357,0000000000000000000000000000000000000000000000000000000000000000000000000000000000000000000000000000000000000000001d88b4bd9d6120
358,00000000000000000000000000000000000000000000000000000000000000000000000000000000000000000000000000000000000000000032604cd6164940
359,000000000000000000000000000000000000000000000000000000000000000000000000000000000000000000000000000000000000000000319aa114a330a0
360,000000000000000000000000000000000000000000000000000000000000000000000000000000000000000000000000000000000000000000293defdff5dc60
361,00000000000000000000000000000000000000000000000000000000000000000000000000000000000000000000000000000000000000000013f5729ddd5220
362,0000000000000000000000000000000000000000000000000000000000000000000000000000000000000000000000000000000000000000002fb3687a641200
363,000000000000000000000000000000000000000000000000000000000000000000000000000000000000000000000000000000000000000000403c8622130e00
364,00000000000000000000000000000000000000000000000000000000000000000000000000000000000000000000000000000000000000000055d8712378c180
365,0000000000000000000000000000000000000000000000000000000000000000000000000000000000000000000000000000000000000000003811957dbcbae0
366,0000000000000000000000000000000000000000000000000000000000000000000000000000000000000000000000000000000000000000003a83c53fd9c520
367,000000000000000000000000000000000000000000000000000000000000000000000000000000000000000000000000000000000000000000430789680c74c0
368,0000000000000000000000000000000000000000000000000000000000000000000000000000000000000000000000000000000000000000002e7671c0fac720
369,0000000000000000000000000000000000000000000000000000000000000000000000000000000000000000000000000000000000000000002e67869a99a960
370,00000000000000000000000000000000000000000000000000000000000000000000000000000000000000000000000000000000000000000043c0e3c7dde1e0
371,00000000000000000000000000000000000000000000000000000000000000000000000000000000000000000000000000000000000000000065772bbd6912a0
372,000000000000000000000000000000000000000000000000000000000000000000000000000000000000000000000000000000000000000000232a9a48c367e0
373,000000000000000000000000000000000000000000000000000000000000000000000000000000000000000000000000000000000000000000272e8b837f6200
374,0000000000000000000000000000000000000000000000000000000000000000000000000000000000000000000000000000000000000000002018b09b424300
375,0000000000000000000000000000000000000000000000000000000000000000000000000000000000000000000000000000000000000000002f7084f50d4980
376,0000000000000000000000000000000000000000000000000000000000000000000000000000000000000000000000000000000000000000003cf06f3d69c420
377,0000000000000000000000000000000000000000000000000000000000000000000000000000000000000000000000000000000000000000002c9f1008209520
378,00000000000000000000000000000000000000000000000000000000000000000000000000000000000000000000000000000000000000000041d261f308c140
379,0000000000000000000000000000000000000000000000000000000000000000000000000000000000000000000000000000000000000000004190ce59ea1b00
380,0000000000000000000000000000000000000000000000000000000000000000000000000000000000000000000000000000000000000000004b17343f744fc0
381,00000000000000000000000000000000000000000000000000000000000000000000000000000000000000000000000000000000000000000037179cdd59a920
382,00000000000000000000000000000000000000000000000000000000000000000000000000000000000000000000000000000000000000000041947db2481420
383,0000000000000000000000000000000000000000000000000000000000000000000000000000000000000000000000000000000000000000001b5f66590d4e60
384,00000000000000000000000000000000000000000000000000000000000000000000000000000000000000000000000000000000000000000035cab91151dcc0
385,0000000000000000000000000000000000000000000000000000000000000000000000000000000000000000000000000000000000000000000eab6eb42dcd00
386,00000000000000000000000000000000000000000000000000000000000000000000000000000000000000000000000000000000000000000018a347af9cd8a0
387,000000000000000000000000000000000000000000000000000000000000000000000000000000000000000000000000000000000000000000212e6c888b5800
388,00000000000000000000000000000000000000000000000000000000000000000000000000000000000000000000000000000000000000000016d10593f41de0
389,0000000000000000000000000000000000000000000000000000000000000000000000000000000000000000000000000000000000000000001a5e02e08ca5e0
390,0000000000000000000000000000000000000000000000000000000000000000000000000000000000000000000000000000000000000000003f2c36dbcedce0
391,00000000000000000000000000000000000000000000000000000000000000000000000000000000000000000000000000000000000000000043d39f155faf20
392,0000000000000000000000000000000000000000000000000000000000000000000000000000000000000000000000000000000000000000002c8e02ce330820
393,0000000000000000000000000000000000000000000000000000000000000000000000000000000000000000000000000000000000000000002f1926d38deb80
394,00000000000000000000000000000000000000000000000000000000000000000000000000000000000000000000000000000000000000000025d2ebd5ff9740
395,0000000000000000000000000000000000000000000000000000000000000000000000000000000000000000000000000000000000000000003fc234e564b920
396,0000000000000000000000000000000000000000000000000000000000000000000000000000000000000000000000000000000000000000001d749d216e1fe0
397,00000000000000000000000000000000000000000000000000000000000000000000000000000000000000000000000000000000000000000021571be843ae00
398,00000000000000000000000000000000000000000000000000000000000000000000000000000000000000000000000000000000000000000059acd89c7c7560
399,0000000000000000000000000000000000000000000000000000000000000000000000000000000000000000000000000000000000000000002ba7d70517f2a0
400,0000000000000000000000000000000000000000000000000000000000000000000000000000000000000000000000000000000000000000006f39b0f783b480
401,00000000000000000000000000000000000000000000000000000000000000000000000000000000000000000000000000000000000000000031d001910a7000
402,00000000000000000000000000000000000000000000000000000000000000000000000000000000000000000000000000000000000000000027f457ec52bd80
403,0000000000000000000000000000000000000000000000000000000000000000000000000000000000000000000000000000000000000000002a73c1a3b30260
404,00000000000000000000000000000000000000000000000000000000000000000000000000000000000000000000000000000000000000000040097fd6be4e80
405,00000000000000000000000000000000000000000000000000000000000000000000000000000000000000000000000000000000000000000029ac1be2620240
406,0000000000000000000000000000000000000000000000000000000000000000000000000000000000000000000000000000000000000000002d390d91717a00
407,00000000000000000000000000000000000000000000000000000000000000000000000000000000000000000000000000000000000000000026a69f2a31e840
408,0000000000000000000000000000000000000000000000000000000000000000000000000000000000000000000000000000000000000000003d7aca3defbf40
409,00000000000000000000000000000000000000000000000000000000000000000000000000000000000000000000000000000000000000000025e3ffcb006160
410,0000000000000000000000000000000000000000000000000000000000000000000000000000000000000000000000000000000000000000004541b6adefaa20
411,00000000000000000000000000000000000000000000000000000000000000000000000000000000000000000000000000000000000000000023558245df45e0
412,000000000000000000000000000000000000000000000000000000000000000000000000000000000000000000000000000000000000000000410946f6bd3620
413,00000000000000000000000000000000000000000000000000000000000000000000000000000000000000000000000000000000000000000102724e0bf273c0
414,00000000000000000000000000000000000000000000000000000000000000000000000000000000000000000000000000000000000000000065586621f20ae0
415,0000000000000000000000000000000000000000000000000000000000000000000000000000000000000000000000000000000000000000004052c5e57f90c0
416,00000000000000000000000000000000000000000000000000000000000000000000000000000000000000000000000000000000000000000025192b13bee8e0
417,00000000000000000000000000000000000000000000000000000000000000000000000000000000000000000000000000000000000000000047961154857800
418,000000000000000000000000000000000000000000000000000000000000000000000000000000000000000000000000000000000000000000224efee1683f20
419,000000000000000000000000000000000000000000000000000000000000000000000000000000000000000000000000000000000000000000399ab2633f86a0
420,00000000000000000000000000000000000000000000000000000000000000000000000000000000000000000000000000000000000000000026e81260dc95c0
421,0000000000000000000000000000000000000000000000000000000000000000000000000000000000000000000000000000000000000000001cac4eea011740
422,00000000000000000000000000000000000000000000000000000000000000000000000000000000000000000000000000000000000000000050cca0045d3c40
423,000000000000000000000000000000000000000000000000000000000000000000000000000000000000000000000000000000000000000000323dedbadd5960
424,00000000000000000000000000000000000000000000000000000000000000000000000000000000000000000000000000000000000000000033c19520be5000
425,0000000000000000000000000000000000000000000000000000000000000000000000000000000000000000000000000000000000000000003398cc7c1b5f20
426,00000000000000000000000000000000000000000000000000000000000000000000000000000000000000000000000000000000000000000043a220228e1ac0
427,0000000000000000000000000000000000000000000000000000000000000000000000000000000000000000000000000000000000000000002674dc54eebf80
428,0000000000000000000000000000000000000000000000000000000000000000000000000000000000000000000000000000000000000000002a048a97803d60
429,0000000000000000000000000000000000000000000000000000000000000000000000000000000000000000000000000000000000000000005aab2177a8d060
430,00000000000000000000000000000000000000000000000000000000000000000000000000000000000000000000000000000000000000000031908f290220e0
431,000000000000000000000000000000000000000000000000000000000000000000000000000000000000000000000000000000000000000000694bcc717c9c80
432,00000000000000000000000000000000000000000000000000000000000000000000000000000000000000000000000000000000000000000017c2f483a6c320
433,00000000000000000000000000000000000000000000000000000000000000000000000000000000000000000000000000000000000000000032463989132a00
434,0000000000000000000000000000000000000000000000000000000000000000000000000000000000000000000000000000000000000000000e10fb97339940
435,00000000000000000000000000000000000000000000000000000000000000000000000000000000000000000000000000000000000000000021979ae3eb1f40
436,00000000000000000000000000000000000000000000000000000000000000000000000000000000000000000000000000000000000000000036fa1606b97560
437,0000000000000000000000000000000000000000000000000000000000000000000000000000000000000000000000000000000000000000002df24622804200
438,0000000000000000000000000000000000000000000000000000000000000000000000000000000000000000000000000000000000000000001f1dafbfdd4e00
439,0000000000000000000000000000000000000000000000000000000000000000000000000000000000000000000000000000000000000000003e2f1376b61e20
440,000000000000000000000000000000000000000000000000000000000000000000000000000000000000000000000000000000000000000000422204c6489200
441,0000000000000000000000000000000000000000000000000000000000000000000000000000000000000000000000000000000000000000001ac08eed99f0a0
442,00000000000000000000000000000000000000000000000000000000000000000000000000000000000000000000000000000000000000000033204e7088a2e0
443,00000000000000000000000000000000000000000000000000000000000000000000000000000000000000000000000000000000000000000032f914a4685bc0
444,0000000000000000000000000000000000000000000000000000000000000000000000000000000000000000000000000000000000000000001a321e94bcdbe0
445,0000000000000000000000000000000000000000000000000000000000000000000000000000000000000000000000000000000000000000001a8046de3d90e0
446,00000000000000000000000000000000000000000000000000000000000000000000000000000000000000000000000000000000000000000028d7f6f0ad8080
447,000000000000000000000000000000000000000000000000000000000000000000000000000000000000000000000000000000000000000000245181e61f5ee0
448,000000000000000000000000000000000000000000000000000000000000000000000000000000000000000000000000000000000000000000707b0193181840
449,00000000000000000000000000000000000000000000000000000000000000000000000000000000000000000000000000000000000000000038be75a351b340
450,0000000000000000000000000000000000000000000000000000000000000000000000000000000000000000000000000000000000000000003317fc8ea20000
451,000000000000000000000000000000000000000000000000000000000000000000000000000000000000000000000000000000000000000000292fccd7111b40
452,0000000000000000000000000000000000000000000000000000000000000000000000000000000000000000000000000000000000000000002bbdd66feb4180
453,0000000000000000000000000000000000000000000000000000000000000000000000000000000000000000000000000000000000000000002880314f351be0
454,0000000000000000000000000000000000000000000000000000000000000000000000000000000000000000000000000000000000000000002e911d52dff280
455,0000000000000000000000000000000000000000000000000000000000000000000000000000000000000000000000000000000000000000001671777cda98c0
456,000000000000000000000000000000000000000000000000000000000000000000000000000000000000000000000000000000000000000000362d2000d7cf20
457,0000000000000000000000000000000000000000000000000000000000000000000000000000000000000000000000000000000000000000005f192b3eefdda0
458,00000000000000000000000000000000000000000000000000000000000000000000000000000000000000000000000000000000000000000048d7eeb4fcae40
459,000000000000000000000000000000000000000000000000000000000000000000000000000000000000000000000000000000000000000000529a98db639820
460,0000000000000000000000000000000000000000000000000000000000000000000000000000000000000000000000000000000000000000001dbebd39f94e80
461,00000000000000000000000000000000000000000000000000000000000000000000000000000000000000000000000000000000000000000055a0f06c227ce0
462,0000000000000000000000000000000000000000000000000000000000000000000000000000000000000000000000000000000000000000003185bbc746b7e0
463,0000000000000000000000000000000000000000000000000000000000000000000000000000000000000000000000000000000000000000002d757d524b40c0
464,00000000000000000000000000000000000000000000000000000000000000000000000000000000000000000000000000000000000000000054b49f05e797a0
465,00000000000000000000000000000000000000000000000000000000000000000000000000000000000000000000000000000000000000000031656166fea7a0
466,00000000000000000000000000000000000000000000000000000000000000000000000000000000000000000000000000000000000000000055f27397df7980
467,0000000000000000000000000000000000000000000000000000000000000000000000000000000000000000000000000000000000000000005cba9dca450fe0
468,000000000000000000000000000000000000000000000000000000000000000000000000000000000000000000000000000000000000000000221b50c759e200
469,00000000000000000000000000000000000000000000000000000000000000000000000000000000000000000000000000000000000000000038704d9ebd4860
470,000000000000000000000000000000000000000000000000000000000000000000000000000000000000000000000000000000000000000000170a3399f26140
471,00000000000000000000000000000000000000000000000000000000000000000000000000000000000000000000000000000000000000000037061e40fd98a0
472,00000000000000000000000000000000000000000000000000000000000000000000000000000000000000000000000000000000000000000061934bc5703d60
473,0000000000000000000000000000000000000000000000000000000000000000000000000000000000000000000000000000000000000000003e1840821872c0
474,0000000000000000000000000000000000000000000000000000000000000000000000000000000000000000000000000000000000000000001e2d7414f9a320
475,0000000000000000000000000000000000000000000000000000000000000000000000000000000000000000000000000000000000000000004a1a2f5080e600
476,00000000000000000000000000000000000000000000000000000000000000000000000000000000000000000000000000000000000000000024de7d2b645c20
477,00000000000000000000000000000000000000000000000000000000000000000000000000000000000000000000000000000000000000000045b433cd9b3160
478,000000000000000000000000000000000000000000000000000000000000000000000000000000000000000000000000000000000000000000281c0a1ae10f60
479,0000000000000000000000000000000000000000000000000000000000000000000000000000000000000000000000000000000000000000002b4a0064083340
480,000000000000000000000000000000000000000000000000000000000000000000000000000000000000000000000000000000000000000000410eaf00389100
481,0000000000000000000000000000000000000000000000000000000000000000000000000000000000000000000000000000000000000000003afcddc1897b60
482,0000000000000000000000000000000000000000000000000000000000000000000000000000000000000000000000000000000000000000002aca53d8f15920
483,0000000000000000000000000000000000000000000000000000000000000000000000000000000000000000000000000000000000000000002f2bf9210e2c00
484,0000000000000000000000000000000000000000000000000000000000000000000000000000000000000000000000000000000000000000002f309765aad0a0
485,0000000000000000000000000000000000000000000000000000000000000000000000000000000000000000000000000000000000000000002d69a25317c280
486,0000000000000000000000000000000000000000000000000000000000000000000000000000000000000000000000000000000000000000008d9c9e43f69da0
487,0000000000000000000000000000000000000000000000000000000000000000000000000000000000000000000000000000000000000000005212b13d297e00
488,0000000000000000000000000000000000000000000000000000000000000000000000000000000000000000000000000000000000000000001ea721db8b9940
489,0000000000000000000000000000000000000000000000000000000000000000000000000000000000000000000000000000000000000000002206a597835760
490,000000000000000000000000000000000000000000000000000000000000000000000000000000000000000000000000000000000000000000578f52e85c3060
491,0000000000000000000000000000000000000000000000000000000000000000000000000000000000000000000000000000000000000000002c7262d00f9020
492,0000000000000000000000000000000000000000000000000000000000000000000000000000000000000000000000000000000000000000002805a439ed4580
493,000000000000000000000000000000000000000000000000000000000000000000000000000000000000000000000000000000000000000000346112f8753be0
494,00000000000000000000000000000000000000000000000000000000000000000000000000000000000000000000000000000000000000000030b1505596f640
495,0000000000000000000000000000000000000000000000000000000000000000000000000000000000000000000000000000000000000000004ea2618c2c1bc0
496,00000000000000000000000000000000000000000000000000000000000000000000000000000000000000000000000000000000000000000026137b51a5ebe0
497,0000000000000000000000000000000000000000000000000000000000000000000000000000000000000000000000000000000000000000002be9a33bbca0e0
498,0000000000000000000000000000000000000000000000000000000000000000000000000000000000000000000000000000000000000000002c4e6083b7cba0
499,0000000000000000000000000000000000000000000000000000000000000000000000000000000000000000000000000000000000000000002629995a010340
500,0000000000000000000000000000000000000000000000000000000000000000000000000000000000000000000000000000000000000000002d248512d3aca0
501,000000000000000000000000000000000000000000000000000000000000000000000000000000000000000000000000000000000000000000218c9ea994ed00
502,00000000000000000000000000000000000000000000000000000000000000000000000000000000000000000000000000000000000000000025606c0ef1c7a0
503,0000000000000000000000000000000000000000000000000000000000000000000000000000000000000000000000000000000000000000003bf74c89470d20
504,000000000000000000000000000000000000000000000000000000000000000000000000000000000000000000000000000000000000000000374d994fddc8a0
505,000000000000000000000000000000000000000000000000000000000000000000000000000000000000000000000000000000000000000000327d3a4a4aab80
506,0000000000000000000000000000000000000000000000000000000000000000000000000000000000000000000000000000000000000000004d3236f3bfe880
507,00000000000000000000000000000000000000000000000000000000000000000000000000000000000000000000000000000000000000000025c244ead011c0
508,0000000000000000000000000000000000000000000000000000000000000000000000000000000000000000000000000000000000000000001b1234ad05d3e0
509,0000000000000000000000000000000000000000000000000000000000000000000000000000000000000000000000000000000000000000001d64362c61ad80
510,0000000000000000000000000000000000000000000000000000000000000000000000000000000000000000000000000000000000000000004e38e85833d5c0
511,0000000000000000000000000000000000000000000000000000000000000000000000000000000000000000000000000000000000000000003c9d3756b683e0
512,00000000000000000000000000000000000000000000000000000000000000000000000000000000000000000000000000000000000000000036c33c6ce1c6a0
513,0000000000000000000000000000000000000000000000000000000000000000000000000000000000000000000000000000000000000000001cfb8e9fbdbd20
514,0000000000000000000000000000000000000000000000000000000000000000000000000000000000000000000000000000000000000000002f018eadc27600
515,0000000000000000000000000000000000000000000000000000000000000000000000000000000000000000000000000000000000000000001c1620c2e4a060
516,0000000000000000000000000000000000000000000000000000000000000000000000000000000000000000000000000000000000000000004198ece336a9c0
517,00000000000000000000000000000000000000000000000000000000000000000000000000000000000000000000000000000000000000000027ee824f2d89c0
518,000000000000000000000000000000000000000000000000000000000000000000000000000000000000000000000000000000000000000000312a3beafaee80
519,0000000000000000000000000000000000000000000000000000000000000000000000000000000000000000000000000000000000000000004f4cb031ed6200
520,0000000000000000000000000000000000000000000000000000000000000000000000000000000000000000000000000000000000000000002b0cf471fddf20
521,00000000000000000000000000000000000000000000000000000000000000000000000000000000000000000000000000000000000000000027f8803acff280
522,00000000000000000000000000000000000000000000000000000000000000000000000000000000000000000000000000000000000000000017388d20ab7640
523,0000000000000000000000000000000000000000000000000000000000000000000000000000000000000000000000000000000000000000003851ad65b9e320
524,000000000000000000000000000000000000000000000000000000000000000000000000000000000000000000000000000000000000000000327a7bf1dc7520
525,00000000000000000000000000000000000000000000000000000000000000000000000000000000000000000000000000000000000000000047a05353d48580
526,0000000000000000000000000000000000000000000000000000000000000000000000000000000000000000000000000000000000000000004a5f38a4778ea0
527,0000000000000000000000000000000000000000000000000000000000000000000000000000000000000000000000000000000000000000000fef4b14829480
528,0000000000000000000000000000000000000000000000000000000000000000000000000000000000000000000000000000000000000000003cffb0d9ec70e0
529,0000000000000000000000000000000000000000000000000000000000000000000000000000000000000000000000000000000000000000003179ba2a8bfb20
530,000000000000000000000000000000000000000000000000000000000000000000000000000000000000000000000000000000000000000000317322c8878720
531,00000000000000000000000000000000000000000000000000000000000000000000000000000000000000000000000000000000000000000033c6af3df02620
532,0000000000000000000000000000000000000000000000000000000000000000000000000000000000000000000000000000000000000000001de4e0d4f140c0
533,00000000000000000000000000000000000000000000000000000000000000000000000000000000000000000000000000000000000000000029eb0efbadf920
534,0000000000000000000000000000000000000000000000000000000000000000000000000000000000000000000000000000000000000000001fe6559ea6e4c0
535,000000000000000000000000000000000000000000000000000000000000000000000000000000000000000000000000000000000000000000328f59c9120c20
536,0000000000000000000000000000000000000000000000000000000000000000000000000000000000000000000000000000000000000000003282ad714f1f40
537,00000000000000000000000000000000000000000000000000000000000000000000000000000000000000000000000000000000000000000045ecd38eb6bc20
538,00000000000000000000000000000000000000000000000000000000000000000000000000000000000000000000000000000000000000000051819a15b53a60
539,0000000000000000000000000000000000000000000000000000000000000000000000000000000000000000000000000000000000000000002bbb35f9f12f00
540,0000000000000000000000000000000000000000000000000000000000000000000000000000000000000000000000000000000000000000004f4a7a1489aee0
541,0000000000000000000000000000000000000000000000000000000000000000000000000000000000000000000000000000000000000000002f53d545c10c80
542,000000000000000000000000000000000000000000000000000000000000000000000000000000000000000000000000000000000000000000386f670142f9e0
543,0000000000000000000000000000000000000000000000000000000000000000000000000000000000000000000000000000000000000000002d4eea0ff85e60
544,0000000000000000000000000000000000000000000000000000000000000000000000000000000000000000000000000000000000000000002e6efcdf054000
545,00000000000000000000000000000000000000000000000000000000000000000000000000000000000000000000000000000000000000000035d35c06e44420
546,000000000000000000000000000000000000000000000000000000000000000000000000000000000000000000000000000000000000000000107f4b4fbadea0
547,0000000000000000000000000000000000000000000000000000000000000000000000000000000000000000000000000000000000000000001ee5c51c3f67a0
548,0000000000000000000000000000000000000000000000000000000000000000000000000000000000000000000000000000000000000000001bc0465c5ed340
549,0000000000000000000000000000000000000000000000000000000000000000000000000000000000000000000000000000000000000000004802d6b97fef60
550,000000000000000000000000000000000000000000000000000000000000000000000000000000000000000000000000000000000000000000477822d689ca20
551,0000000000000000000000000000000000000000000000000000000000000000000000000000000000000000000000000000000000000000002007bffedca100
552,00000000000000000000000000000000000000000000000000000000000000000000000000000000000000000000000000000000000000000012dca3ff8e2be0
553,0000000000000000000000000000000000000000000000000000000000000000000000000000000000000000000000000000000000000000001c32eef22ecf40
554,00000000000000000000000000000000000000000000000000000000000000000000000000000000000000000000000000000000000000000052b93ef6dcbf40
555,000000000000000000000000000000000000000000000000000000000000000000000000000000000000000000000000000000000000000000469e4a6f103da0
556,0000000000000000000000000000000000000000000000000000000000000000000000000000000000000000000000000000000000000000003927859264c260
557,000000000000000000000000000000000000000000000000000000000000000000000000000000000000000000000000000000000000000000317b36ef5ea1a0
558,000000000000000000000000000000000000000000000000000000000000000000000000000000000000000000000000000000000000000000349561613db800
559,0000000000000000000000000000000000000000000000000000000000000000000000000000000000000000000000000000000000000000003cf44db34e6920
560,00000000000000000000000000000000000000000000000000000000000000000000000000000000000000000000000000000000000000000023dddf9f252260
561,0000000000000000000000000000000000000000000000000000000000000000000000000000000000000000000000000000000000000000003bb4343f078420
562,00000000000000000000000000000000000000000000000000000000000000000000000000000000000000000000000000000000000000000016f85124ff8140
563,0000000000000000000000000000000000000000000000000000000000000000000000000000000000000000000000000000000000000000002678065e90c7e0
564,00000000000000000000000000000000000000000000000000000000000000000000000000000000000000000000000000000000000000000053382de47687a0
565,00000000000000000000000000000000000000000000000000000000000000000000000000000000000000000000000000000000000000000030d466c9611540
566,00000000000000000000000000000000000000000000000000000000000000000000000000000000000000000000000000000000000000000022d4fb1374b160
567,0000000000000000000000000000000000000000000000000000000000000000000000000000000000000000000000000000000000000000004e92ec65d44a80
568,000000000000000000000000000000000000000000000000000000000000000000000000000000000000000000000000000000000000000000163d59005da6e0
569,00000000000000000000000000000000000000000000000000000000000000000000000000000000000000000000000000000000000000000028cc74ca118f80
570,000000000000000000000000000000000000000000000000000000000000000000000000000000000000000000000000000000000000000000423b5e30e21060
571,00000000000000000000000000000000000000000000000000000000000000000000000000000000000000000000000000000000000000000034ecefdb575de0
572,0000000000000000000000000000000000000000000000000000000000000000000000000000000000000000000000000000000000000000004a37479d4fef00
573,0000000000000000000000000000000000000000000000000000000000000000000000000000000000000000000000000000000000000000001ef4a76a039420
574,00000000000000000000000000000000000000000000000000000000000000000000000000000000000000000000000000000000000000000078cfea0d3801e0
575,0000000000000000000000000000000000000000000000000000000000000000000000000000000000000000000000000000000000000000003a868918479ca0
576,00000000000000000000000000000000000000000000000000000000000000000000000000000000000000000000000000000000000000000015a9f027d650c0
577,000000000000000000000000000000000000000000000000000000000000000000000000000000000000000000000000000000000000000000919947f5578c40
578,00000000000000000000000000000000000000000000000000000000000000000000000000000000000000000000000000000000000000000037c5402a43f140
579,0000000000000000000000000000000000000000000000000000000000000000000000000000000000000000000000000000000000000000002c41f18e66e340
580,0000000000000000000000000000000000000000000000000000000000000000000000000000000000000000000000000000000000000000001fd4b1f874b5a0
581,0000000000000000000000000000000000000000000000000000000000000000000000000000000000000000000000000000000000000000004a0d8d5b336d60
582,0000000000000000000000000000000000000000000000000000000000000000000000000000000000000000000000000000000000000000002dd3eca48bc9e0
583,000000000000000000000000000000000000000000000000000000000000000000000000000000000000000000000000000000000000000000655a25530efc80
584,0000000000000000000000000000000000000000000000000000000000000000000000000000000000000000000000000000000000000000003c7c241404c180
585,0000000000000000000000000000000000000000000000000000000000000000000000000000000000000000000000000000000000000000003c2e9a40a0c180
586,00000000000000000000000000000000000000000000000000000000000000000000000000000000000000000000000000000000000000000038bde2e847e520
587,000000000000000000000000000000000000000000000000000000000000000000000000000000000000000000000000000000000000000000160767b53b3d20
588,0000000000000000000000000000000000000000000000000000000000000000000000000000000000000000000000000000000000000000002decbc4069a520
589,0000000000000000000000000000000000000000000000000000000000000000000000000000000000000000000000000000000000000000002e38eb4ef8b420
590,0000000000000000000000000000000000000000000000000000000000000000000000000000000000000000000000000000000000000000001e22268be3ff20
591,000000000000000000000000000000000000000000000000000000000000000000000000000000000000000000000000000000000000000000309a802fbe06c0
592,0000000000000000000000000000000000000000000000000000000000000000000000000000000000000000000000000000000000000000002158c1de4ea1a0
593,00000000000000000000000000000000000000000000000000000000000000000000000000000000000000000000000000000000000000000046b9ef45d0ebe0
594,000000000000000000000000000000000000000000000000000000000000000000000000000000000000000000000000000000000000000000643bb7f0347a40
595,00000000000000000000000000000000000000000000000000000000000000000000000000000000000000000000000000000000000000000042b9ae00fcb8e0
596,0000000000000000000000000000000000000000000000000000000000000000000000000000000000000000000000000000000000000000002533b9881c31e0
597,0000000000000000000000000000000000000000000000000000000000000000000000000000000000000000000000000000000000000000003c51f45bc8c7a0
598,0000000000000000000000000000000000000000000000000000000000000000000000000000000000000000000000000000000000000000002aaf6229870ea0
599,00000000000000000000000000000000000000000000000000000000000000000000000000000000000000000000000000000000000000000064cbe90ddfa080
600,0000000000000000000000000000000000000000000000000000000000000000000000000000000000000000000000000000000000000000004935f2387f8ec0
601,00000000000000000000000000000000000000000000000000000000000000000000000000000000000000000000000000000000000000000030a99c561bd740
602,00000000000000000000000000000000000000000000000000000000000000000000000000000000000000000000000000000000000000000048d7cb663a2300
603,0000000000000000000000000000000000000000000000000000000000000000000000000000000000000000000000000000000000000000006631841350c560
604,00000000000000000000000000000000000000000000000000000000000000000000000000000000000000000000000000000000000000000016cc9814407ec0
605,000000000000000000000000000000000000000000000000000000000000000000000000000000000000000000000000000000000000000000180c6dafee6c40
606,0000000000000000000000000000000000000000000000000000000000000000000000000000000000000000000000000000000000000000002c45ee044982c0
607,00000000000000000000000000000000000000000000000000000000000000000000000000000000000000000000000000000000000000000048d14097e61120
608,00000000000000000000000000000000000000000000000000000000000000000000000000000000000000000000000000000000000000000049e3115437ab80
609,0000000000000000000000000000000000000000000000000000000000000000000000000000000000000000000000000000000000000000001dcd8b2548b340
610,0000000000000000000000000000000000000000000000000000000000000000000000000000000000000000000000000000000000000000002b5f6ae296c620
611,00000000000000000000000000000000000000000000000000000000000000000000000000000000000000000000000000000000000000000026e7fb6ab6bf60
612,00000000000000000000000000000000000000000000000000000000000000000000000000000000000000000000000000000000000000000052bee6eca29060
613,0000000000000000000000000000000000000000000000000000000000000000000000000000000000000000000000000000000000000000001e893fb62ca040
614,0000000000000000000000000000000000000000000000000000000000000000000000000000000000000000000000000000000000000000002150b7a3c5a0e0
615,0000000000000000000000000000000000000000000000000000000000000000000000000000000000000000000000000000000000000000003b0a0068095bc0
616,000000000000000000000000000000000000000000000000000000000000000000000000000000000000000000000000000000000000000000383117acd848c0
617,0000000000000000000000000000000000000000000000000000000000000000000000000000000000000000000000000000000000000000002bdac0506ea660
618,0000000000000000000000000000000000000000000000000000000000000000000000000000000000000000000000000000000000000000002c615b3d8417c0
619,000000000000000000000000000000000000000000000000000000000000000000000000000000000000000000000000000000000000000000698ed5f6d0d580
620,0000000000000000000000000000000000000000000000000000000000000000000000000000000000000000000000000000000000000000005699c2aa233d60
621,00000000000000000000000000000000000000000000000000000000000000000000000000000000000000000000000000000000000000000021fe2b359f6f20
622,00000000000000000000000000000000000000000000000000000000000000000000000000000000000000000000000000000000000000000057d30b8b2e7540
623,00000000000000000000000000000000000000000000000000000000000000000000000000000000000000000000000000000000000000000049d5249a142de0
624,0000000000000000000000000000000000000000000000000000000000000000000000000000000000000000000000000000000000000000000d3314cd89dd80
625,0000000000000000000000000000000000000000000000000000000000000000000000000000000000000000000000000000000000000000002b83e78783d600
626,0000000000000000000000000000000000000000000000000000000000000000000000000000000000000000000000000000000000000000002c3753a2cf4280
627,0000000000000000000000000000000000000000000000000000000000000000000000000000000000000000000000000000000000000000001846cf70eba480
628,0000000000000000000000000000000000000000000000000000000000000000000000000000000000000000000000000000000000000000004cfa8c8b315f60
629,000000000000000000000000000000000000000000000000000000000000000000000000000000000000000000000000000000000000000000232a6ea163e2c0
630,0000000000000000000000000000000000000000000000000000000000000000000000000000000000000000000000000000000000000000003041a2b5baf3a0
631,0000000000000000000000000000000000000000000000000000000000000000000000000000000000000000000000000000000000000000001ec6f56d17d2a0
632,0000000000000000000000000000000000000000000000000000000000000000000000000000000000000000000000000000000000000000003c105d73e56e20
633,0000000000000000000000000000000000000000000000000000000000000000000000000000000000000000000000000000000000000000005d956fbb866960
634,000000000000000000000000000000000000000000000000000000000000000000000000000000000000000000000000000000000000000000379fb2ca5590c0
635,00000000000000000000000000000000000000000000000000000000000000000000000000000000000000000000000000000000000000000021ae5e626272e0
636,000000000000000000000000000000000000000000000000000000000000000000000000000000000000000000000000000000000000000000230d172d36a500
637,000000000000000000000000000000000000000000000000000000000000000000000000000000000000000000000000000000000000000000291c6c1d4baea0
638,000000000000000000000000000000000000000000000000000000000000000000000000000000000000000000000000000000000000000000325d1169ff4560
639,0000000000000000000000000000000000000000000000000000000000000000000000000000000000000000000000000000000000000000003f15a89867a440
640,0000000000000000000000000000000000000000000000000000000000000000000000000000000000000000000000000000000000000000004c5ce0b35b0d00
641,00000000000000000000000000000000000000000000000000000000000000000000000000000000000000000000000000000000000000000030ad9fdfaf37c0
642,0000000000000000000000000000000000000000000000000000000000000000000000000000000000000000000000000000000000000000004ad0a71cd2dc80
643,00000000000000000000000000000000000000000000000000000000000000000000000000000000000000000000000000000000000000000061ce3de8d9e260
644,0000000000000000000000000000000000000000000000000000000000000000000000000000000000000000000000000000000000000000003a9d0e16c32660
645,0000000000000000000000000000000000000000000000000000000000000000000000000000000000000000000000000000000000000000002934887e21ec60
646,0000000000000000000000000000000000000000000000000000000000000000000000000000000000000000000000000000000000000000005a53c924edfa80
647,000000000000000000000000000000000000000000000000000000000000000000000000000000000000000000000000000000000000000000301bbd6983bae0
648,0000000000000000000000000000000000000000000000000000000000000000000000000000000000000000000000000000000000000000002d73155c4d5fa0
649,00000000000000000000000000000000000000000000000000000000000000000000000000000000000000000000000000000000000000000029b7a444113900
650,0000000000000000000000000000000000000000000000000000000000000000000000000000000000000000000000000000000000000000002866eb784b86e0
651,0000000000000000000000000000000000000000000000000000000000000000000000000000000000000000000000000000000000000000002268b010e82240
652,0000000000000000000000000000000000000000000000000000000000000000000000000000000000000000000000000000000000000000003e8a84357913a0
653,00000000000000000000000000000000000000000000000000000000000000000000000000000000000000000000000000000000000000000033ee98ec7abaa0
654,00000000000000000000000000000000000000000000000000000000000000000000000000000000000000000000000000000000000000000036cb90b13e67c0
655,000000000000000000000000000000000000000000000000000000000000000000000000000000000000000000000000000000000000000000446963bc8341e0
656,000000000000000000000000000000000000000000000000000000000000000000000000000000000000000000000000000000000000000000155aa7fbf2da60
657,0000000000000000000000000000000000000000000000000000000000000000000000000000000000000000000000000000000000000000002528c0d79e6020
658,0000000000000000000000000000000000000000000000000000000000000000000000000000000000000000000000000000000000000000003db5535787daa0
659,00000000000000000000000000000000000000000000000000000000000000000000000000000000000000000000000000000000000000000024167887a39960
660,000000000000000000000000000000000000000000000000000000000000000000000000000000000000000000000000000000000000000000354dd719bc1740
661,000000000000000000000000000000000000000000000000000000000000000000000000000000000000000000000000000000000000000000250d1ac5ca15e0
662,00000000000000000000000000000000000000000000000000000000000000000000000000000000000000000000000000000000000000000029dac82e01d240
663,000000000000000000000000000000000000000000000000000000000000000000000000000000000000000000000000000000000000000000228894989a9980
664,0000000000000000000000000000000000000000000000000000000000000000000000000000000000000000000000000000000000000000003e0dd58ca4c560
665,00000000000000000000000000000000000000000000000000000000000000000000000000000000000000000000000000000000000000000022dc58c430b4e0
666,0000000000000000000000000000000000000000000000000000000000000000000000000000000000000000000000000000000000000000002b728d4d9b7940
667,00000000000000000000000000000000000000000000000000000000000000000000000000000000000000000000000000000000000000000024191bb8b12e00
668,0000000000000000000000000000000000000000000000000000000000000000000000000000000000000000000000000000000000000000002fd2c164961900
669,00000000000000000000000000000000000000000000000000000000000000000000000000000000000000000000000000000000000000000049f83848f22de0
670,0000000000000000000000000000000000000000000000000000000000000000000000000000000000000000000000000000000000000000003bb6f879eb7c60
671,000000000000000000000000000000000000000000000000000000000000000000000000000000000000000000000000000000000000000000454f7f681594c0
672,0000000000000000000000000000000000000000000000000000000000000000000000000000000000000000000000000000000000000000004f17e85cde4f80
673,0000000000000000000000000000000000000000000000000000000000000000000000000000000000000000000000000000000000000000002bbc4f2140b340
674,000000000000000000000000000000000000000000000000000000000000000000000000000000000000000000000000000000000000000000300ea5b92a7fe0
675,00000000000000000000000000000000000000000000000000000000000000000000000000000000000000000000000000000000000000000021f4663647f560
676,000000000000000000000000000000000000000000000000000000000000000000000000000000000000000000000000000000000000000000210494018491c0
677,0000000000000000000000000000000000000000000000000000000000000000000000000000000000000000000000000000000000000000001d71e87a3a5600
678,00000000000000000000000000000000000000000000000000000000000000000000000000000000000000000000000000000000000000000033d0a5e4a6bd80
679,00000000000000000000000000000000000000000000000000000000000000000000000000000000000000000000000000000000000000000035c2fa2f615220
680,0000000000000000000000000000000000000000000000000000000000000000000000000000000000000000000000000000000000000000002f5d042798cb20
681,0000000000000000000000000000000000000000000000000000000000000000000000000000000000000000000000000000000000000000004baaf77a6bb620
682,000000000000000000000000000000000000000000000000000000000000000000000000000000000000000000000000000000000000000000309883a607ad80
683,0000000000000000000000000000000000000000000000000000000000000000000000000000000000000000000000000000000000000000003b16c9c9a2f140
684,00000000000000000000000000000000000000000000000000000000000000000000000000000000000000000000000000000000000000000019bc0f890024e0
685,00000000000000000000000000000000000000000000000000000000000000000000000000000000000000000000000000000000000000000040bec6f1e9b940
686,0000000000000000000000000000000000000000000000000000000000000000000000000000000000000000000000000000000000000000002f29e634e32d80
687,000000000000000000000000000000000000000000000000000000000000000000000000000000000000000000000000000000000000000000651d35572a2880
688,0000000000000000000000000000000000000000000000000000000000000000000000000000000000000000000000000000000000000000004e5bfc10ea72a0
689,0000000000000000000000000000000000000000000000000000000000000000000000000000000000000000000000000000000000000000003b630b5830c120
690,000000000000000000000000000000000000000000000000000000000000000000000000000000000000000000000000000000000000000000150c444ffffe60
691,00000000000000000000000000000000000000000000000000000000000000000000000000000000000000000000000000000000000000000049d9144b0b5ae0
692,000000000000000000000000000000000000000000000000000000000000000000000000000000000000000000000000000000000000000000200f921206f440
693,00000000000000000000000000000000000000000000000000000000000000000000000000000000000000000000000000000000000000000074c9f0fa018540
694,00000000000000000000000000000000000000000000000000000000000000000000000000000000000000000000000000000000000000000025c22fc36f0880
695,000000000000000000000000000000000000000000000000000000000000000000000000000000000000000000000000000000000000000000237c4a3969af00
696,0000000000000000000000000000000000000000000000000000000000000000000000000000000000000000000000000000000000000000003cac6686eba980
697,0000000000000000000000000000000000000000000000000000000000000000000000000000000000000000000000000000000000000000002d0c7b31fc2fc0
698,0000000000000000000000000000000000000000000000000000000000000000000000000000000000000000000000000000000000000000003e4c0774c2ad20
699,000000000000000000000000000000000000000000000000000000000000000000000000000000000000000000000000000000000000000000312b792fd1dc60
700,000000000000000000000000000000000000000000000000000000000000000000000000000000000000000000000000000000000000000000510b81f647e4e0
701,0000000000000000000000000000000000000000000000000000000000000000000000000000000000000000000000000000000000000000002678ccc0f99120
702,0000000000000000000000000000000000000000000000000000000000000000000000000000000000000000000000000000000000000000003046a4c915cae0
703,0000000000000000000000000000000000000000000000000000000000000000000000000000000000000000000000000000000000000000001fdc4bbcdde7e0
704,00000000000000000000000000000000000000000000000000000000000000000000000000000000000000000000000000000000000000000045d65c417559e0
705,0000000000000000000000000000000000000000000000000000000000000000000000000000000000000000000000000000000000000000002ea220b4309f80
706,000000000000000000000000000000000000000000000000000000000000000000000000000000000000000000000000000000000000000000363faa9d21d0a0
707,00000000000000000000000000000000000000000000000000000000000000000000000000000000000000000000000000000000000000000030ab7869acfe00
708,0000000000000000000000000000000000000000000000000000000000000000000000000000000000000000000000000000000000000000001ff26676744c00
709,00000000000000000000000000000000000000000000000000000000000000000000000000000000000000000000000000000000000000000046d95d613c9900
710,0000000000000000000000000000000000000000000000000000000000000000000000000000000000000000000000000000000000000000002c2f97197c1940
711,00000000000000000000000000000000000000000000000000000000000000000000000000000000000000000000000000000000000000000050da8720f74220
712,0000000000000000000000000000000000000000000000000000000000000000000000000000000000000000000000000000000000000000003c2e6b4a7c8920
713,0000000000000000000000000000000000000000000000000000000000000000000000000000000000000000000000000000000000000000002245e34e541fc0
714,000000000000000000000000000000000000000000000000000000000000000000000000000000000000000000000000000000000000000000421977e465e8e0
715,00000000000000000000000000000000000000000000000000000000000000000000000000000000000000000000000000000000000000000030fb83c6be6100
716,0000000000000000000000000000000000000000000000000000000000000000000000000000000000000000000000000000000000000000004432ddfb4376a0
717,0000000000000000000000000000000000000000000000000000000000000000000000000000000000000000000000000000000000000000005d4675a34eeb40
718,0000000000000000000000000000000000000000000000000000000000000000000000000000000000000000000000000000000000000000002f843cd62f4ce0
719,000000000000000000000000000000000000000000000000000000000000000000000000000000000000000000000000000000000000000000348e4aff41d2c0
720,00000000000000000000000000000000000000000000000000000000000000000000000000000000000000000000000000000000000000000054365da21abb40
721,0000000000000000000000000000000000000000000000000000000000000000000000000000000000000000000000000000000000000000003cf97581ba66c0
722,0000000000000000000000000000000000000000000000000000000000000000000000000000000000000000000000000000000000000000003ce09c03670ea0
723,00000000000000000000000000000000000000000000000000000000000000000000000000000000000000000000000000000000000000000062580655b882e0
724,0000000000000000000000000000000000000000000000000000000000000000000000000000000000000000000000000000000000000000004d5b0dbfc45b60
725,00000000000000000000000000000000000000000000000000000000000000000000000000000000000000000000000000000000000000000028adfcb86debc0
726,0000000000000000000000000000000000000000000000000000000000000000000000000000000000000000000000000000000000000000002718803636b8c0
727,00000000000000000000000000000000000000000000000000000000000000000000000000000000000000000000000000000000000000000020878680191dc0
728,0000000000000000000000000000000000000000000000000000000000000000000000000000000000000000000000000000000000000000005b584cce73cb60
729,000000000000000000000000000000000000000000000000000000000000000000000000000000000000000000000000000000000000000000296ba90e1c3580
730,0000000000000000000000000000000000000000000000000000000000000000000000000000000000000000000000000000000000000000004e2256e391c080
731,0000000000000000000000000000000000000000000000000000000000000000000000000000000000000000000000000000000000000000005214cf81f142a0
732,0000000000000000000000000000000000000000000000000000000000000000000000000000000000000000000000000000000000000000004d8da78147cda0
733,0000000000000000000000000000000000000000000000000000000000000000000000000000000000000000000000000000000000000000003c6cd4950cdce0
734,0000000000000000000000000000000000000000000000000000000000000000000000000000000000000000000000000000000000000000002862e0bd7d8ec0
735,0000000000000000000000000000000000000000000000000000000000000000000000000000000000000000000000000000000000000000003cd0270e5b8dc0
736,000000000000000000000000000000000000000000000000000000000000000000000000000000000000000000000000000000000000000000556eea16e3e080
737,00000000000000000000000000000000000000000000000000000000000000000000000000000000000000000000000000000000000000000024e7a16fb2f940
738,00000000000000000000000000000000000000000000000000000000000000000000000000000000000000000000000000000000000000000038edd5b3d1b500
739,0000000000000000000000000000000000000000000000000000000000000000000000000000000000000000000000000000000000000000003785287d5a7640
740,0000000000000000000000000000000000000000000000000000000000000000000000000000000000000000000000000000000000000000003bd4886e14eb80
741,0000000000000000000000000000000000000000000000000000000000000000000000000000000000000000000000000000000000000000004d4fb1c0884e60
742,0000000000000000000000000000000000000000000000000000000000000000000000000000000000000000000000000000000000000000001dd758f3648160
743,0000000000000000000000000000000000000000000000000000000000000000000000000000000000000000000000000000000000000000002fffce1ca0aea0
744,0000000000000000000000000000000000000000000000000000000000000000000000000000000000000000000000000000000000000000002d1f9b759e91e0
745,0000000000000000000000000000000000000000000000000000000000000000000000000000000000000000000000000000000000000000004b959d2d171fa0
746,0000000000000000000000000000000000000000000000000000000000000000000000000000000000000000000000000000000000000000004b22303eb6d4c0
747,000000000000000000000000000000000000000000000000000000000000000000000000000000000000000000000000000000000000000000219dc68ae32460
748,00000000000000000000000000000000000000000000000000000000000000000000000000000000000000000000000000000000000000000039321b7dfced20
749,00000000000000000000000000000000000000000000000000000000000000000000000000000000000000000000000000000000000000000047a24e22774b60
750,00000000000000000000000000000000000000000000000000000000000000000000000000000000000000000000000000000000000000000049c652aec50e20
751,00000000000000000000000000000000000000000000000000000000000000000000000000000000000000000000000000000000000000000055973be2f149a0
752,000000000000000000000000000000000000000000000000000000000000000000000000000000000000000000000000000000000000000000446c2d63b5a180
753,0000000000000000000000000000000000000000000000000000000000000000000000000000000000000000000000000000000000000000001c0f9b25cb48a0
754,0000000000000000000000000000000000000000000000000000000000000000000000000000000000000000000000000000000000000000002d2a551c480580
755,0000000000000000000000000000000000000000000000000000000000000000000000000000000000000000000000000000000000000000001fc68fd2060ca0
756,00000000000000000000000000000000000000000000000000000000000000000000000000000000000000000000000000000000000000000012d67013aa66a0
757,0000000000000000000000000000000000000000000000000000000000000000000000000000000000000000000000000000000000000000001cb039cc33aae0
758,0000000000000000000000000000000000000000000000000000000000000000000000000000000000000000000000000000000000000000002de4900fbb8bc0
759,00000000000000000000000000000000000000000000000000000000000000000000000000000000000000000000000000000000000000000034f65d50dc2020
760,0000000000000000000000000000000000000000000000000000000000000000000000000000000000000000000000000000000000000000002f270521639d00
761,0000000000000000000000000000000000000000000000000000000000000000000000000000000000000000000000000000000000000000004527e774992fa0
762,0000000000000000000000000000000000000000000000000000000000000000000000000000000000000000000000000000000000000000002b3c4a33b9a660
763,00000000000000000000000000000000000000000000000000000000000000000000000000000000000000000000000000000000000000000032931c0dbd83c0
764,00000000000000000000000000000000000000000000000000000000000000000000000000000000000000000000000000000000000000000033c88bf8e3b7c0
765,000000000000000000000000000000000000000000000000000000000000000000000000000000000000000000000000000000000000000000298c03d0da6680
766,0000000000000000000000000000000000000000000000000000000000000000000000000000000000000000000000000000000000000000001f401ee4edc6c0
767,0000000000000000000000000000000000000000000000000000000000000000000000000000000000000000000000000000000000000000002643e727003160
768,000000000000000000000000000000000000000000000000000000000000000000000000000000000000000000000000000000000000000000403d3366f3afe0
769,000000000000000000000000000000000000000000000000000000000000000000000000000000000000000000000000000000000000000000259de8636ab080
770,0000000000000000000000000000000000000000000000000000000000000000000000000000000000000000000000000000000000000000002c6e161f1ea760
771,00000000000000000000000000000000000000000000000000000000000000000000000000000000000000000000000000000000000000000065cf4899ef47c0
772,0000000000000000000000000000000000000000000000000000000000000000000000000000000000000000000000000000000000000000003441fa04664800
773,0000000000000000000000000000000000000000000000000000000000000000000000000000000000000000000000000000000000000000001bd24529ed5420
774,00000000000000000000000000000000000000000000000000000000000000000000000000000000000000000000000000000000000000000022d0cc13bcdc20
775,00000000000000000000000000000000000000000000000000000000000000000000000000000000000000000000000000000000000000000049b1831c7acfc0
776,00000000000000000000000000000000000000000000000000000000000000000000000000000000000000000000000000000000000000000012c208f78080c0
777,00000000000000000000000000000000000000000000000000000000000000000000000000000000000000000000000000000000000000000053bd2f6f316780
778,0000000000000000000000000000000000000000000000000000000000000000000000000000000000000000000000000000000000000000001449dbfaa35fa0
779,000000000000000000000000000000000000000000000000000000000000000000000000000000000000000000000000000000000000000000280234c40125c0
780,0000000000000000000000000000000000000000000000000000000000000000000000000000000000000000000000000000000000000000003dde0072540900
781,00000000000000000000000000000000000000000000000000000000000000000000000000000000000000000000000000000000000000000037889cae59f5a0
782,000000000000000000000000000000000000000000000000000000000000000000000000000000000000000000000000000000000000000000203eb4c9ed8e60
783,00000000000000000000000000000000000000000000000000000000000000000000000000000000000000000000000000000000000000000049e350b6a98d80
784,00000000000000000000000000000000000000000000000000000000000000000000000000000000000000000000000000000000000000000035259e39fbc520
785,00000000000000000000000000000000000000000000000000000000000000000000000000000000000000000000000000000000000000000028f3898c5bb800
786,0000000000000000000000000000000000000000000000000000000000000000000000000000000000000000000000000000000000000000004427f6ad3aa060
787,00000000000000000000000000000000000000000000000000000000000000000000000000000000000000000000000000000000000000000045b558a624ffa0
788,00000000000000000000000000000000000000000000000000000000000000000000000000000000000000000000000000000000000000000050888557b8f500
789,0000000000000000000000000000000000000000000000000000000000000000000000000000000000000000000000000000000000000000001ece224f1233c0
790,00000000000000000000000000000000000000000000000000000000000000000000000000000000000000000000000000000000000000000069c1f4cbfc8b40
791,00000000000000000000000000000000000000000000000000000000000000000000000000000000000000000000000000000000000000000024e23003c218e0
792,0000000000000000000000000000000000000000000000000000000000000000000000000000000000000000000000000000000000000000005115afba849e20
793,000000000000000000000000000000000000000000000000000000000000000000000000000000000000000000000000000000000000000000319355edbe8ae0
794,00000000000000000000000000000000000000000000000000000000000000000000000000000000000000000000000000000000000000000033c91ab3edcae0
795,0000000000000000000000000000000000000000000000000000000000000000000000000000000000000000000000000000000000000000002664a77d68c540
796,000000000000000000000000000000000000000000000000000000000000000000000000000000000000000000000000000000000000000000199f7fc6008620
797,00000000000000000000000000000000000000000000000000000000000000000000000000000000000000000000000000000000000000000053aae652e2fc20
798,00000000000000000000000000000000000000000000000000000000000000000000000000000000000000000000000000000000000000000033956ccb1a7e20
799,0000000000000000000000000000000000000000000000000000000000000000000000000000000000000000000000000000000000000000003489a09d1c2680
800,0000000000000000000000000000000000000000000000000000000000000000000000000000000000000000000000000000000000000000003cd13edd0d9f60
801,0000000000000000000000000000000000000000000000000000000000000000000000000000000000000000000000000000000000000000002c80fcf6762320
802,000000000000000000000000000000000000000000000000000000000000000000000000000000000000000000000000000000000000000000217e7cef7501a0
803,00000000000000000000000000000000000000000000000000000000000000000000000000000000000000000000000000000000000000000030f910b3376700
804,000000000000000000000000000000000000000000000000000000000000000000000000000000000000000000000000000000000000000000321feb01cf5740
805,0000000000000000000000000000000000000000000000000000000000000000000000000000000000000000000000000000000000000000002f6c7261a24ee0
806,0000000000000000000000000000000000000000000000000000000000000000000000000000000000000000000000000000000000000000003125a46b4a23e0
807,0000000000000000000000000000000000000000000000000000000000000000000000000000000000000000000000000000000000000000003ce56e51d8cf20
808,0000000000000000000000000000000000000000000000000000000000000000000000000000000000000000000000000000000000000000005428a0409196c0
809,0000000000000000000000000000000000000000000000000000000000000000000000000000000000000000000000000000000000000000002523a0b09454a0
810,0000000000000000000000000000000000000000000000000000000000000000000000000000000000000000000000000000000000000000003dc16c74410200
811,0000000000000000000000000000000000000000000000000000000000000000000000000000000000000000000000000000000000000000004c3069fb465be0
812,0000000000000000000000000000000000000000000000000000000000000000000000000000000000000000000000000000000000000000004932a74290f960
813,00000000000000000000000000000000000000000000000000000000000000000000000000000000000000000000000000000000000000000021c04e57546a00
814,0000000000000000000000000000000000000000000000000000000000000000000000000000000000000000000000000000000000000000004fa63aabe4cce0
815,0000000000000000000000000000000000000000000000000000000000000000000000000000000000000000000000000000000000000000002899df74dc95e0
816,000000000000000000000000000000000000000000000000000000000000000000000000000000000000000000000000000000000000000000327cde1915ce20
817,0000000000000000000000000000000000000000000000000000000000000000000000000000000000000000000000000000000000000000001bbfa1177da760
818,000000000000000000000000000000000000000000000000000000000000000000000000000000000000000000000000000000000000000000287ac9596afac0
819,0000000000000000000000000000000000000000000000000000000000000000000000000000000000000000000000000000000000000000003680388eefa240
820,0000000000000000000000000000000000000000000000000000000000000000000000000000000000000000000000000000000000000000002a40e8d85b3200
821,0000000000000000000000000000000000000000000000000000000000000000000000000000000000000000000000000000000000000000002f7795397fbfa0
822,0000000000000000000000000000000000000000000000000000000000000000000000000000000000000000000000000000000000000000002a545cf49577a0
823,000000000000000000000000000000000000000000000000000000000000000000000000000000000000000000000000000000000000000000313bc3e9cc8480
824,00000000000000000000000000000000000000000000000000000000000000000000000000000000000000000000000000000000000000000036935c5c6a64e0
825,0000000000000000000000000000000000000000000000000000000000000000000000000000000000000000000000000000000000000000002b4e7fed9338c0
826,00000000000000000000000000000000000000000000000000000000000000000000000000000000000000000000000000000000000000000042c4c9803d1e80
827,00000000000000000000000000000000000000000000000000000000000000000000000000000000000000000000000000000000000000000040d39a3f476880
828,0000000000000000000000000000000000000000000000000000000000000000000000000000000000000000000000000000000000000000003c4f9ca0dd7fc0
829,00000000000000000000000000000000000000000000000000000000000000000000000000000000000000000000000000000000000000000040a32425018560
830,00000000000000000000000000000000000000000000000000000000000000000000000000000000000000000000000000000000000000000037aea484677820
831,0000000000000000000000000000000000000000000000000000000000000000000000000000000000000000000000000000000000000000001bd8392986a320
832,00000000000000000000000000000000000000000000000000000000000000000000000000000000000000000000000000000000000000000029db5fa41f0000
833,00000000000000000000000000000000000000000000000000000000000000000000000000000000000000000000000000000000000000000045286b7e68e780
834,0000000000000000000000000000000000000000000000000000000000000000000000000000000000000000000000000000000000000000004893891c0eae80
835,0000000000000000000000000000000000000000000000000000000000000000000000000000000000000000000000000000000000000000006fbe539fced1c0
836,0000000000000000000000000000000000000000000000000000000000000000000000000000000000000000000000000000000000000000002dd810e930a700
837,00000000000000000000000000000000000000000000000000000000000000000000000000000000000000000000000000000000000000000036e262922aeaa0
838,0000000000000000000000000000000000000000000000000000000000000000000000000000000000000000000000000000000000000000002d46d7d56fe7a0
839,00000000000000000000000000000000000000000000000000000000000000000000000000000000000000000000000000000000000000000031e1c7b73a4c00
840,0000000000000000000000000000000000000000000000000000000000000000000000000000000000000000000000000000000000000000002663411b0ac400
841,000000000000000000000000000000000000000000000000000000000000000000000000000000000000000000000000000000000000000000234a1681b7fa20
842,0000000000000000000000000000000000000000000000000000000000000000000000000000000000000000000000000000000000000000001ff9db272ec2c0
843,0000000000000000000000000000000000000000000000000000000000000000000000000000000000000000000000000000000000000000002aabe164d72d20
844,0000000000000000000000000000000000000000000000000000000000000000000000000000000000000000000000000000000000000000001a10d120d3f1a0
845,0000000000000000000000000000000000000000000000000000000000000000000000000000000000000000000000000000000000000000002e8d80e6cf77e0
846,00000000000000000000000000000000000000000000000000000000000000000000000000000000000000000000000000000000000000000030fbeb33062de0
847,0000000000000000000000000000000000000000000000000000000000000000000000000000000000000000000000000000000000000000002f3972d160cc80
848,0000000000000000000000000000000000000000000000000000000000000000000000000000000000000000000000000000000000000000002a37eb0058c300
849,0000000000000000000000000000000000000000000000000000000000000000000000000000000000000000000000000000000000000000006ad05239c4be60
850,00000000000000000000000000000000000000000000000000000000000000000000000000000000000000000000000000000000000000000022f47b4c68fea0
851,000000000000000000000000000000000000000000000000000000000000000000000000000000000000000000000000000000000000000000409e4dccb76d00
852,0000000000000000000000000000000000000000000000000000000000000000000000000000000000000000000000000000000000000000003c5a9c964722e0
853,0000000000000000000000000000000000000000000000000000000000000000000000000000000000000000000000000000000000000000002760eef64190c0
854,000000000000000000000000000000000000000000000000000000000000000000000000000000000000000000000000000000000000000000380d3a07e08220
855,0000000000000000000000000000000000000000000000000000000000000000000000000000000000000000000000000000000000000000002da3226cc1b920
856,00000000000000000000000000000000000000000000000000000000000000000000000000000000000000000000000000000000000000000056f8ce8631d7c0
857,0000000000000000000000000000000000000000000000000000000000000000000000000000000000000000000000000000000000000000003f152f35f9aac0
858,0000000000000000000000000000000000000000000000000000000000000000000000000000000000000000000000000000000000000000003955d267e39ea0
859,00000000000000000000000000000000000000000000000000000000000000000000000000000000000000000000000000000000000000000026d50bd84c2900
860,00000000000000000000000000000000000000000000000000000000000000000000000000000000000000000000000000000000000000000024846ecefface0
861,00000000000000000000000000000000000000000000000000000000000000000000000000000000000000000000000000000000000000000028bedcfc371de0
862,0000000000000000000000000000000000000000000000000000000000000000000000000000000000000000000000000000000000000000003265a5f343e0a0
863,00000000000000000000000000000000000000000000000000000000000000000000000000000000000000000000000000000000000000000016c6d259906060
864,0000000000000000000000000000000000000000000000000000000000000000000000000000000000000000000000000000000000000000003a4efb6acad520
865,0000000000000000000000000000000000000000000000000000000000000000000000000000000000000000000000000000000000000000003a0bf3208a3820
866,00000000000000000000000000000000000000000000000000000000000000000000000000000000000000000000000000000000000000000036270c0b194500
867,000000000000000000000000000000000000000000000000000000000000000000000000000000000000000000000000000000000000000000299b42324999c0
868,0000000000000000000000000000000000000000000000000000000000000000000000000000000000000000000000000000000000000000001d2071d8551ea0
869,00000000000000000000000000000000000000000000000000000000000000000000000000000000000000000000000000000000000000000035c07fa5b37660
870,0000000000000000000000000000000000000000000000000000000000000000000000000000000000000000000000000000000000000000002a578b080fd7e0
871,00000000000000000000000000000000000000000000000000000000000000000000000000000000000000000000000000000000000000000043f828e1ae5240
872,00000000000000000000000000000000000000000000000000000000000000000000000000000000000000000000000000000000000000000044ca10dd620d20
873,0000000000000000000000000000000000000000000000000000000000000000000000000000000000000000000000000000000000000000003452ede5b80060
874,0000000000000000000000000000000000000000000000000000000000000000000000000000000000000000000000000000000000000000005bf8ae4d7dd660
875,0000000000000000000000000000000000000000000000000000000000000000000000000000000000000000000000000000000000000000002e582907f17c80
876,000000000000000000000000000000000000000000000000000000000000000000000000000000000000000000000000000000000000000000379d3fd4586d60
877,00000000000000000000000000000000000000000000000000000000000000000000000000000000000000000000000000000000000000000025f9f08e7236e0
878,000000000000000000000000000000000000000000000000000000000000000000000000000000000000000000000000000000000000000000313a7ccc58b6a0
879,00000000000000000000000000000000000000000000000000000000000000000000000000000000000000000000000000000000000000000035e4fe7bdb7420
880,00000000000000000000000000000000000000000000000000000000000000000000000000000000000000000000000000000000000000000021be3e5777fe00
881,00000000000000000000000000000000000000000000000000000000000000000000000000000000000000000000000000000000000000000023f86c75f8aea0
882,000000000000000000000000000000000000000000000000000000000000000000000000000000000000000000000000000000000000000000427e4c4010c0a0
883,0000000000000000000000000000000000000000000000000000000000000000000000000000000000000000000000000000000000000000003b524131efea20
884,000000000000000000000000000000000000000000000000000000000000000000000000000000000000000000000000000000000000000000317de9db7ed820
885,0000000000000000000000000000000000000000000000000000000000000000000000000000000000000000000000000000000000000000003ee4a9b93ea9a0
886,0000000000000000000000000000000000000000000000000000000000000000000000000000000000000000000000000000000000000000002ec343cf7eda60
887,000000000000000000000000000000000000000000000000000000000000000000000000000000000000000000000000000000000000000000348a4858248a60
888,0000000000000000000000000000000000000000000000000000000000000000000000000000000000000000000000000000000000000000002c3b0ddda2a740
889,0000000000000000000000000000000000000000000000000000000000000000000000000000000000000000000000000000000000000000002aa6086f14a940
890,0000000000000000000000000000000000000000000000000000000000000000000000000000000000000000000000000000000000000000003a1eada91fc3e0
891,00000000000000000000000000000000000000000000000000000000000000000000000000000000000000000000000000000000000000000032b22d64432260
892,0000000000000000000000000000000000000000000000000000000000000000000000000000000000000000000000000000000000000000004d685683cb82e0
893,0000000000000000000000000000000000000000000000000000000000000000000000000000000000000000000000000000000000000000003e1b2f0bbe7d80
894,0000000000000000000000000000000000000000000000000000000000000000000000000000000000000000000000000000000000000000004d0f91c4da7660
895,00000000000000000000000000000000000000000000000000000000000000000000000000000000000000000000000000000000000000000032e56b7e590b80
896,00000000000000000000000000000000000000000000000000000000000000000000000000000000000000000000000000000000000000000054d003840f1200
897,0000000000000000000000000000000000000000000000000000000000000000000000000000000000000000000000000000000000000000002710e399302dc0
898,0000000000000000000000000000000000000000000000000000000000000000000000000000000000000000000000000000000000000000001a56859c218800
899,00000000000000000000000000000000000000000000000000000000000000000000000000000000000000000000000000000000000000000032cd9f312ea380
900,0000000000000000000000000000000000000000000000000000000000000000000000000000000000000000000000000000000000000000003c2d487bcb3540
901,000000000000000000000000000000000000000000000000000000000000000000000000000000000000000000000000000000000000000000427b0bb6703c60
902,000000000000000000000000000000000000000000000000000000000000000000000000000000000000000000000000000000000000000000261f6e648905e0
903,0000000000000000000000000000000000000000000000000000000000000000000000000000000000000000000000000000000000000000001c7df3320d1460
904,0000000000000000000000000000000000000000000000000000000000000000000000000000000000000000000000000000000000000000003229181ebae5a0
905,00000000000000000000000000000000000000000000000000000000000000000000000000000000000000000000000000000000000000000024a5c34cc0bb40
906,0000000000000000000000000000000000000000000000000000000000000000000000000000000000000000000000000000000000000000001c13c9393468e0
907,000000000000000000000000000000000000000000000000000000000000000000000000000000000000000000000000000000000000000000401866fd1fb140
908,0000000000000000000000000000000000000000000000000000000000000000000000000000000000000000000000000000000000000000001d9d26288b8180
909,00000000000000000000000000000000000000000000000000000000000000000000000000000000000000000000000000000000000000000037ac5f8e673b40
910,000000000000000000000000000000000000000000000000000000000000000000000000000000000000000000000000000000000000000000276d20ce0cbec0
911,00000000000000000000000000000000000000000000000000000000000000000000000000000000000000000000000000000000000000000028b4a11a717f80
912,000000000000000000000000000000000000000000000000000000000000000000000000000000000000000000000000000000000000000000389465eb139160
913,0000000000000000000000000000000000000000000000000000000000000000000000000000000000000000000000000000000000000000002c83cae29487e0
914,0000000000000000000000000000000000000000000000000000000000000000000000000000000000000000000000000000000000000000002968dea1fd9460
915,0000000000000000000000000000000000000000000000000000000000000000000000000000000000000000000000000000000000000000002aa30565700020
916,00000000000000000000000000000000000000000000000000000000000000000000000000000000000000000000000000000000000000000036704e2d8c0600
917,0000000000000000000000000000000000000000000000000000000000000000000000000000000000000000000000000000000000000000002f6ba1a69cae40
918,00000000000000000000000000000000000000000000000000000000000000000000000000000000000000000000000000000000000000000026474dce27fcc0
919,0000000000000000000000000000000000000000000000000000000000000000000000000000000000000000000000000000000000000000001eaccd8c64db40
920,0000000000000000000000000000000000000000000000000000000000000000000000000000000000000000000000000000000000000000001849e1e6de0880
921,00000000000000000000000000000000000000000000000000000000000000000000000000000000000000000000000000000000000000000050ebd73d5674c0
922,0000000000000000000000000000000000000000000000000000000000000000000000000000000000000000000000000000000000000000002abb0728be3060
923,000000000000000000000000000000000000000000000000000000000000000000000000000000000000000000000000000000000000000000189caa92851640
924,00000000000000000000000000000000000000000000000000000000000000000000000000000000000000000000000000000000000000000038a1c64ca2fa20
925,0000000000000000000000000000000000000000000000000000000000000000000000000000000000000000000000000000000000000000002bae5270f6e680
926,0000000000000000000000000000000000000000000000000000000000000000000000000000000000000000000000000000000000000000003ddf6d199dece0
927,00000000000000000000000000000000000000000000000000000000000000000000000000000000000000000000000000000000000000000036e02e9c298880
928,000000000000000000000000000000000000000000000000000000000000000000000000000000000000000000000000000000000000000000309a72a5e652c0
929,0000000000000000000000000000000000000000000000000000000000000000000000000000000000000000000000000000000000000000002a59086a6c4c60
930,00000000000000000000000000000000000000000000000000000000000000000000000000000000000000000000000000000000000000000056f45b7ca5faa0
931,0000000000000000000000000000000000000000000000000000000000000000000000000000000000000000000000000000000000000000003cb306df16e560
932,00000000000000000000000000000000000000000000000000000000000000000000000000000000000000000000000000000000000000000064664d14b86380
933,0000000000000000000000000000000000000000000000000000000000000000000000000000000000000000000000000000000000000000001e4c379cbf93a0
934,00000000000000000000000000000000000000000000000000000000000000000000000000000000000000000000000000000000000000000027bbff17813040
935,0000000000000000000000000000000000000000000000000000000000000000000000000000000000000000000000000000000000000000002b27595c855720
936,00000000000000000000000000000000000000000000000000000000000000000000000000000000000000000000000000000000000000000028f88f15ddb600
937,0000000000000000000000000000000000000000000000000000000000000000000000000000000000000000000000000000000000000000001ef328ea1d5a40
938,0000000000000000000000000000000000000000000000000000000000000000000000000000000000000000000000000000000000000000002ea22fa07e6300
939,0000000000000000000000000000000000000000000000000000000000000000000000000000000000000000000000000000000000000000004de2cc22ed8b80
940,00000000000000000000000000000000000000000000000000000000000000000000000000000000000000000000000000000000000000000036c0a0ed0ec100
941,00000000000000000000000000000000000000000000000000000000000000000000000000000000000000000000000000000000000000000043b66203a6d1a0
942,00000000000000000000000000000000000000000000000000000000000000000000000000000000000000000000000000000000000000000048324dd3d70140
943,0000000000000000000000000000000000000000000000000000000000000000000000000000000000000000000000000000000000000000001b3b67bdf05de0
944,00000000000000000000000000000000000000000000000000000000000000000000000000000000000000000000000000000000000000000047418a28fc8060
945,000000000000000000000000000000000000000000000000000000000000000000000000000000000000000000000000000000000000000000308fcdba4f2ac0
946,000000000000000000000000000000000000000000000000000000000000000000000000000000000000000000000000000000000000000000560281e58f6f00
947,00000000000000000000000000000000000000000000000000000000000000000000000000000000000000000000000000000000000000000038b96c54e3a780
948,0000000000000000000000000000000000000000000000000000000000000000000000000000000000000000000000000000000000000000003d337511832920
949,0000000000000000000000000000000000000000000000000000000000000000000000000000000000000000000000000000000000000000002817b973c90880
950,0000000000000000000000000000000000000000000000000000000000000000000000000000000000000000000000000000000000000000001825fa86d33880
951,0000000000000000000000000000000000000000000000000000000000000000000000000000000000000000000000000000000000000000002fb0272bd74c40
952,0000000000000000000000000000000000000000000000000000000000000000000000000000000000000000000000000000000000000000003892b99292e480
953,00000000000000000000000000000000000000000000000000000000000000000000000000000000000000000000000000000000000000000030707b501cb3a0
954,0000000000000000000000000000000000000000000000000000000000000000000000000000000000000000000000000000000000000000003978ae48007500
955,0000000000000000000000000000000000000000000000000000000000000000000000000000000000000000000000000000000000000000002d9976a87c3d60
956,00000000000000000000000000000000000000000000000000000000000000000000000000000000000000000000000000000000000000000048d6fc8daa8940
957,00000000000000000000000000000000000000000000000000000000000000000000000000000000000000000000000000000000000000000040e772aa3fd820
958,0000000000000000000000000000000000000000000000000000000000000000000000000000000000000000000000000000000000000000003a3e249d286240
