Event_ID,Hex_Data
1,000000000000000000000000000000000000000000000000000000000000000000000000000000000000000000000000000000000000000000265e49cc9b81c0
2,0000000000000000000000000000000000000000000000000000000000000000000000000000000000000000000000000000000000000000001ee5fc439e2660
3,0000000000000000000000000000000000000000000000000000000000000000000000000000000000000000000000000000000000000000001ba0a3f231c020
4,00000000000000000000000000000000000000000000000000000000000000000000000000000000000000000000000000000000000000000014922e26fee980
5,00000000000000000000000000000000000000000000000000000000000000000000000000000000000000000000000000000000000000000012ce15bb9cf340
6,000000000000000000000000000000000000000000000000000000000000000000000000000000000000000000000000000000000000000000273701169eb0e0
7,0000000000000000000000000000000000000000000000000000000000000000000000000000000000000000000000000000000000000000001b7510eb48cb00
8,0000000000000000000000000000000000000000000000000000000000000000000000000000000000000000000000000000000000000000001a92f43598ec80
9,0000000000000000000000000000000000000000000000000000000000000000000000000000000000000000000000000000000000000000001f686162374ba0
10,00000000000000000000000000000000000000000000000000000000000000000000000000000000000000000000000000000000000000000021b1cbd84eb520
11,00000000000000000000000000000000000000000000000000000000000000000000000000000000000000000000000000000000000000000016a824a08de400
12,0000000000000000000000000000000000000000000000000000000000000000000000000000000000000000000000000000000000000000001053d4fa0b0e40
13,00000000000000000000000000000000000000000000000000000000000000000000000000000000000000000000000000000000000000000014a180eae2e480
14,0000000000000000000000000000000000000000000000000000000000000000000000000000000000000000000000000000000000000000003efb0f37bc52c0
15,0000000000000000000000000000000000000000000000000000000000000000000000000000000000000000000000000000000000000000001e83688f2ee980
16,00000000000000000000000000000000000000000000000000000000000000000000000000000000000000000000000000000000000000000015291ca6abf440
17,000000000000000000000000000000000000000000000000000000000000000000000000000000000000000000000000000000000000000000313b8b075a3260
18,00000000000000000000000000000000000000000000000000000000000000000000000000000000000000000000000000000000000000000021004d46baa4a0
19,0000000000000000000000000000000000000000000000000000000000000000000000000000000000000000000000000000000000000000001eb99ba911d060
20,000000000000000000000000000000000000000000000000000000000000000000000000000000000000000000000000000000000000000000186061d1a8aec0
21,0000000000000000000000000000000000000000000000000000000000000000000000000000000000000000000000000000000000000000001d7720176a2f40
22,0000000000000000000000000000000000000000000000000000000000000000000000000000000000000000000000000000000000000000001f47bbe46a7280
23,0000000000000000000000000000000000000000000000000000000000000000000000000000000000000000000000000000000000000000002156237c05a660
24,0000000000000000000000000000000000000000000000000000000000000000000000000000000000000000000000000000000000000000000f82a34d0ff6e0
25,00000000000000000000000000000000000000000000000000000000000000000000000000000000000000000000000000000000000000000017c387839cdb60
26,0000000000000000000000000000000000000000000000000000000000000000000000000000000000000000000000000000000000000000003a1ca43cf42180
27,0000000000000000000000000000000000000000000000000000000000000000000000000000000000000000000000000000000000000000001810c0afa3d480
28,00000000000000000000000000000000000000000000000000000000000000000000000000000000000000000000000000000000000000000015722617e77380
29,000000000000000000000000000000000000000000000000000000000000000000000000000000000000000000000000000000000000000000101a4d4cb05f40
30,0000000000000000000000000000000000000000000000000000000000000000000000000000000000000000000000000000000000000000003020db908de8e0
31,0000000000000000000000000000000000000000000000000000000000000000000000000000000000000000000000000000000000000000001bca3a793cf8e0
32,00000000000000000000000000000000000000000000000000000000000000000000000000000000000000000000000000000000000000000017ab45053f5680
33,0000000000000000000000000000000000000000000000000000000000000000000000000000000000000000000000000000000000000000002cf189f8b93fc0
34,00000000000000000000000000000000000000000000000000000000000000000000000000000000000000000000000000000000000000000033cbe9db1fcba0
35,0000000000000000000000000000000000000000000000000000000000000000000000000000000000000000000000000000000000000000001a41caa75fbea0
36,000000000000000000000000000000000000000000000000000000000000000000000000000000000000000000000000000000000000000000275de9e2c46d40
37,000000000000000000000000000000000000000000000000000000000000000000000000000000000000000000000000000000000000000000157ac1d266a660
38,00000000000000000000000000000000000000000000000000000000000000000000000000000000000000000000000000000000000000000014692ddafd4280
39,0000000000000000000000000000000000000000000000000000000000000000000000000000000000000000000000000000000000000000001f31f520f5c880
40,000000000000000000000000000000000000000000000000000000000000000000000000000000000000000000000000000000000000000000283a944a0d5340
41,0000000000000000000000000000000000000000000000000000000000000000000000000000000000000000000000000000000000000000001d84f1b405a800
42,00000000000000000000000000000000000000000000000000000000000000000000000000000000000000000000000000000000000000000021db5737f83820
43,0000000000000000000000000000000000000000000000000000000000000000000000000000000000000000000000000000000000000000001178f88dacdd60
44,0000000000000000000000000000000000000000000000000000000000000000000000000000000000000000000000000000000000000000000f357f79a51760
45,0000000000000000000000000000000000000000000000000000000000000000000000000000000000000000000000000000000000000000002985db200990c0
46,0000000000000000000000000000000000000000000000000000000000000000000000000000000000000000000000000000000000000000002bf649273137a0
47,0000000000000000000000000000000000000000000000000000000000000000000000000000000000000000000000000000000000000000001cf89db3a1b420
48,0000000000000000000000000000000000000000000000000000000000000000000000000000000000000000000000000000000000000000003b2e2516d4f680
49,0000000000000000000000000000000000000000000000000000000000000000000000000000000000000000000000000000000000000000002271fa23f91f80
50,0000000000000000000000000000000000000000000000000000000000000000000000000000000000000000000000000000000000000000002d39a4cc7afa80
51,00000000000000000000000000000000000000000000000000000000000000000000000000000000000000000000000000000000000000000068ebdb77f399c0
52,000000000000000000000000000000000000000000000000000000000000000000000000000000000000000000000000000000000000000000088e2413ce7de0
53,0000000000000000000000000000000000000000000000000000000000000000000000000000000000000000000000000000000000000000002bb91cbf01b100
54,00000000000000000000000000000000000000000000000000000000000000000000000000000000000000000000000000000000000000000028cb43ddd75680
55,0000000000000000000000000000000000000000000000000000000000000000000000000000000000000000000000000000000000000000001a05fd218ebaa0
56,00000000000000000000000000000000000000000000000000000000000000000000000000000000000000000000000000000000000000000017cc8aaa63db20
57,0000000000000000000000000000000000000000000000000000000000000000000000000000000000000000000000000000000000000000002c40177ad59a00
58,00000000000000000000000000000000000000000000000000000000000000000000000000000000000000000000000000000000000000000019fc5184abb260
59,00000000000000000000000000000000000000000000000000000000000000000000000000000000000000000000000000000000000000000016d156c529b900
60,0000000000000000000000000000000000000000000000000000000000000000000000000000000000000000000000000000000000000000004631cba79adcc0
61,0000000000000000000000000000000000000000000000000000000000000000000000000000000000000000000000000000000000000000002358e480b898a0
62,0000000000000000000000000000000000000000000000000000000000000000000000000000000000000000000000000000000000000000002eee39c2c12a00
63,0000000000000000000000000000000000000000000000000000000000000000000000000000000000000000000000000000000000000000001b0ccdcaecdb40
64,0000000000000000000000000000000000000000000000000000000000000000000000000000000000000000000000000000000000000000003690b097ac2920
65,0000000000000000000000000000000000000000000000000000000000000000000000000000000000000000000000000000000000000000001c4c7d2b89ab00
66,0000000000000000000000000000000000000000000000000000000000000000000000000000000000000000000000000000000000000000003119ce623db280
67,0000000000000000000000000000000000000000000000000000000000000000000000000000000000000000000000000000000000000000003113189dc52340
68,0000000000000000000000000000000000000000000000000000000000000000000000000000000000000000000000000000000000000000002f878d873130a0
69,0000000000000000000000000000000000000000000000000000000000000000000000000000000000000000000000000000000000000000001252f31c8692e0
70,0000000000000000000000000000000000000000000000000000000000000000000000000000000000000000000000000000000000000000001b3c4aaa2fd860
71,00000000000000000000000000000000000000000000000000000000000000000000000000000000000000000000000000000000000000000026e045ba00a9e0
72,00000000000000000000000000000000000000000000000000000000000000000000000000000000000000000000000000000000000000000017b59b2216e1a0
73,0000000000000000000000000000000000000000000000000000000000000000000000000000000000000000000000000000000000000000001d137a8a6fdc60
74,000000000000000000000000000000000000000000000000000000000000000000000000000000000000000000000000000000000000000000160b375c5bf540
75,0000000000000000000000000000000000000000000000000000000000000000000000000000000000000000000000000000000000000000001809361c74afe0
76,0000000000000000000000000000000000000000000000000000000000000000000000000000000000000000000000000000000000000000002199dd8b2697a0
77,0000000000000000000000000000000000000000000000000000000000000000000000000000000000000000000000000000000000000000001f1330d4439680
78,00000000000000000000000000000000000000000000000000000000000000000000000000000000000000000000000000000000000000000020943d09166e80
79,00000000000000000000000000000000000000000000000000000000000000000000000000000000000000000000000000000000000000000034b8310647b020
80,000000000000000000000000000000000000000000000000000000000000000000000000000000000000000000000000000000000000000000343e96c98d0680
81,000000000000000000000000000000000000000000000000000000000000000000000000000000000000000000000000000000000000000000240e8e433fd3c0
82,00000000000000000000000000000000000000000000000000000000000000000000000000000000000000000000000000000000000000000040231f23c93ec0
83,0000000000000000000000000000000000000000000000000000000000000000000000000000000000000000000000000000000000000000002891a79ccccf60
84,0000000000000000000000000000000000000000000000000000000000000000000000000000000000000000000000000000000000000000000c9c1b08f14660
85,0000000000000000000000000000000000000000000000000000000000000000000000000000000000000000000000000000000000000000002265f81aefa520
86,0000000000000000000000000000000000000000000000000000000000000000000000000000000000000000000000000000000000000000001d487741f18600
87,0000000000000000000000000000000000000000000000000000000000000000000000000000000000000000000000000000000000000000003c776e31dfdba0
88,0000000000000000000000000000000000000000000000000000000000000000000000000000000000000000000000000000000000000000003a0dedc7ca8a80
89,0000000000000000000000000000000000000000000000000000000000000000000000000000000000000000000000000000000000000000002d54c3b6f5ea00
90,00000000000000000000000000000000000000000000000000000000000000000000000000000000000000000000000000000000000000000037274d79d4db20
91,0000000000000000000000000000000000000000000000000000000000000000000000000000000000000000000000000000000000000000002bf7e5271574a0
92,00000000000000000000000000000000000000000000000000000000000000000000000000000000000000000000000000000000000000000026fae3d5bf5b00
93,00000000000000000000000000000000000000000000000000000000000000000000000000000000000000000000000000000000000000000021b86b6b8daf80
94,0000000000000000000000000000000000000000000000000000000000000000000000000000000000000000000000000000000000000000004a9cdc518b5aa0
95,0000000000000000000000000000000000000000000000000000000000000000000000000000000000000000000000000000000000000000001d5c442ceabc00
96,0000000000000000000000000000000000000000000000000000000000000000000000000000000000000000000000000000000000000000002256ece0df75a0
97,00000000000000000000000000000000000000000000000000000000000000000000000000000000000000000000000000000000000000000052ceafe1b9a840
98,0000000000000000000000000000000000000000000000000000000000000000000000000000000000000000000000000000000000000000002b25295cab1320
99,0000000000000000000000000000000000000000000000000000000000000000000000000000000000000000000000000000000000000000003a71e605fa5ea0
100,0000000000000000000000000000000000000000000000000000000000000000000000000000000000000000000000000000000000000000002045183fa6bd20
101,0000000000000000000000000000000000000000000000000000000000000000000000000000000000000000000000000000000000000000001078e73c77e1e0
102,00000000000000000000000000000000000000000000000000000000000000000000000000000000000000000000000000000000000000000036d00fa7183c20
103,00000000000000000000000000000000000000000000000000000000000000000000000000000000000000000000000000000000000000000027577ec5a94c60
104,00000000000000000000000000000000000000000000000000000000000000000000000000000000000000000000000000000000000000000026ae03824fef20
105,00000000000000000000000000000000000000000000000000000000000000000000000000000000000000000000000000000000000000000028e5e25c0c2860
106,0000000000000000000000000000000000000000000000000000000000000000000000000000000000000000000000000000000000000000002fa87c7147dc20
107,00000000000000000000000000000000000000000000000000000000000000000000000000000000000000000000000000000000000000000025174d9db7b2a0
108,00000000000000000000000000000000000000000000000000000000000000000000000000000000000000000000000000000000000000000029cc222525e4e0
109,00000000000000000000000000000000000000000000000000000000000000000000000000000000000000000000000000000000000000000029d9f186add2e0
110,000000000000000000000000000000000000000000000000000000000000000000000000000000000000000000000000000000000000000000252549f563fb80
111,00000000000000000000000000000000000000000000000000000000000000000000000000000000000000000000000000000000000000000017d41896304fe0
112,0000000000000000000000000000000000000000000000000000000000000000000000000000000000000000000000000000000000000000003ef61fe94c8680
113,0000000000000000000000000000000000000000000000000000000000000000000000000000000000000000000000000000000000000000001ff8fbec2a1c40
114,0000000000000000000000000000000000000000000000000000000000000000000000000000000000000000000000000000000000000000002d06fdbc338180
115,0000000000000000000000000000000000000000000000000000000000000000000000000000000000000000000000000000000000000000002a177c477487e0
116,0000000000000000000000000000000000000000000000000000000000000000000000000000000000000000000000000000000000000000003b07135e633720
117,00000000000000000000000000000000000000000000000000000000000000000000000000000000000000000000000000000000000000000023f3c309fa5440
118,00000000000000000000000000000000000000000000000000000000000000000000000000000000000000000000000000000000000000000033a3e653f96b20
119,0000000000000000000000000000000000000000000000000000000000000000000000000000000000000000000000000000000000000000002831acd47f8980
120,00000000000000000000000000000000000000000000000000000000000000000000000000000000000000000000000000000000000000000011761117b793a0
121,000000000000000000000000000000000000000000000000000000000000000000000000000000000000000000000000000000000000000000325e9ef3bd1960
122,000000000000000000000000000000000000000000000000000000000000000000000000000000000000000000000000000000000000000000130c46fc587020
123,000000000000000000000000000000000000000000000000000000000000000000000000000000000000000000000000000000000000000000145dac51eb1f80
124,000000000000000000000000000000000000000000000000000000000000000000000000000000000000000000000000000000000000000000225600c3658600
125,0000000000000000000000000000000000000000000000000000000000000000000000000000000000000000000000000000000000000000002dd732fcf0d640
126,000000000000000000000000000000000000000000000000000000000000000000000000000000000000000000000000000000000000000000210074957ceae0
127,0000000000000000000000000000000000000000000000000000000000000000000000000000000000000000000000000000000000000000001ccc8b5dfc66c0
128,0000000000000000000000000000000000000000000000000000000000000000000000000000000000000000000000000000000000000000002e16a46ed1d380
129,0000000000000000000000000000000000000000000000000000000000000000000000000000000000000000000000000000000000000000001aad243dadcd60
130,00000000000000000000000000000000000000000000000000000000000000000000000000000000000000000000000000000000000000000032531f120d5000
131,0000000000000000000000000000000000000000000000000000000000000000000000000000000000000000000000000000000000000000001fe408776c2180
132,0000000000000000000000000000000000000000000000000000000000000000000000000000000000000000000000000000000000000000001ed6c675df9a40
133,0000000000000000000000000000000000000000000000000000000000000000000000000000000000000000000000000000000000000000002a14a4517e32c0
134,0000000000000000000000000000000000000000000000000000000000000000000000000000000000000000000000000000000000000000002fd420334361e0
135,00000000000000000000000000000000000000000000000000000000000000000000000000000000000000000000000000000000000000000034671bb320d680
136,000000000000000000000000000000000000000000000000000000000000000000000000000000000000000000000000000000000000000000471b2c356af2c0
137,0000000000000000000000000000000000000000000000000000000000000000000000000000000000000000000000000000000000000000003fcfb15aa378a0
138,00000000000000000000000000000000000000000000000000000000000000000000000000000000000000000000000000000000000000000028456cfa8d4d00
139,0000000000000000000000000000000000000000000000000000000000000000000000000000000000000000000000000000000000000000001f08b04b202240
140,0000000000000000000000000000000000000000000000000000000000000000000000000000000000000000000000000000000000000000002fa93b2c4eb340
141,0000000000000000000000000000000000000000000000000000000000000000000000000000000000000000000000000000000000000000002feb1d007bc540
142,00000000000000000000000000000000000000000000000000000000000000000000000000000000000000000000000000000000000000000019478490da82a0
143,000000000000000000000000000000000000000000000000000000000000000000000000000000000000000000000000000000000000000000314ecf860dd4c0
144,0000000000000000000000000000000000000000000000000000000000000000000000000000000000000000000000000000000000000000001680c1a3354fc0
145,0000000000000000000000000000000000000000000000000000000000000000000000000000000000000000000000000000000000000000001482aee31dee20
146,0000000000000000000000000000000000000000000000000000000000000000000000000000000000000000000000000000000000000000001440c3c02c9060
147,0000000000000000000000000000000000000000000000000000000000000000000000000000000000000000000000000000000000000000002f595345624f00
148,0000000000000000000000000000000000000000000000000000000000000000000000000000000000000000000000000000000000000000001203178e36e380
149,000000000000000000000000000000000000000000000000000000000000000000000000000000000000000000000000000000000000000000252dc4b9be0480
150,000000000000000000000000000000000000000000000000000000000000000000000000000000000000000000000000000000000000000000178d2107474380
151,000000000000000000000000000000000000000000000000000000000000000000000000000000000000000000000000000000000000000000174a3829534d60
152,000000000000000000000000000000000000000000000000000000000000000000000000000000000000000000000000000000000000000000227d5db6e5e4e0
153,0000000000000000000000000000000000000000000000000000000000000000000000000000000000000000000000000000000000000000004127c8d7251d00
154,0000000000000000000000000000000000000000000000000000000000000000000000000000000000000000000000000000000000000000002be3541e9f9d00
155,0000000000000000000000000000000000000000000000000000000000000000000000000000000000000000000000000000000000000000002f254452bceea0
156,0000000000000000000000000000000000000000000000000000000000000000000000000000000000000000000000000000000000000000000fb0d80edf3760
157,000000000000000000000000000000000000000000000000000000000000000000000000000000000000000000000000000000000000000000243034d4ac9560
158,0000000000000000000000000000000000000000000000000000000000000000000000000000000000000000000000000000000000000000002603f3979e2000
159,0000000000000000000000000000000000000000000000000000000000000000000000000000000000000000000000000000000000000000002ae99256d66300
160,0000000000000000000000000000000000000000000000000000000000000000000000000000000000000000000000000000000000000000001acf993b5b6b20
161,000000000000000000000000000000000000000000000000000000000000000000000000000000000000000000000000000000000000000000334916503f5240
162,0000000000000000000000000000000000000000000000000000000000000000000000000000000000000000000000000000000000000000002a670cb83f6e60
163,00000000000000000000000000000000000000000000000000000000000000000000000000000000000000000000000000000000000000000034b48768fd0560
164,0000000000000000000000000000000000000000000000000000000000000000000000000000000000000000000000000000000000000000002c8f4ce1ce0560
165,0000000000000000000000000000000000000000000000000000000000000000000000000000000000000000000000000000000000000000002c092143760040
166,00000000000000000000000000000000000000000000000000000000000000000000000000000000000000000000000000000000000000000034369cb6656540
167,0000000000000000000000000000000000000000000000000000000000000000000000000000000000000000000000000000000000000000000db37dfff67780
168,000000000000000000000000000000000000000000000000000000000000000000000000000000000000000000000000000000000000000000206751e4bad0c0
169,0000000000000000000000000000000000000000000000000000000000000000000000000000000000000000000000000000000000000000001a6e56e94b99c0
170,0000000000000000000000000000000000000000000000000000000000000000000000000000000000000000000000000000000000000000003155f98f6add20
171,0000000000000000000000000000000000000000000000000000000000000000000000000000000000000000000000000000000000000000001774767f1823c0
172,000000000000000000000000000000000000000000000000000000000000000000000000000000000000000000000000000000000000000000342985060c2a40
173,000000000000000000000000000000000000000000000000000000000000000000000000000000000000000000000000000000000000000000122e254663e7e0
174,0000000000000000000000000000000000000000000000000000000000000000000000000000000000000000000000000000000000000000000d309aba035c40
175,00000000000000000000000000000000000000000000000000000000000000000000000000000000000000000000000000000000000000000036adc21f8f5820
176,00000000000000000000000000000000000000000000000000000000000000000000000000000000000000000000000000000000000000000027c96151ae0300
177,0000000000000000000000000000000000000000000000000000000000000000000000000000000000000000000000000000000000000000001fd991b3345380
178,00000000000000000000000000000000000000000000000000000000000000000000000000000000000000000000000000000000000000000024b2c3e96a4940
179,0000000000000000000000000000000000000000000000000000000000000000000000000000000000000000000000000000000000000000001ff7e531293320
180,0000000000000000000000000000000000000000000000000000000000000000000000000000000000000000000000000000000000000000002f49cf3c955720
181,000000000000000000000000000000000000000000000000000000000000000000000000000000000000000000000000000000000000000000296ca597e3cec0
182,0000000000000000000000000000000000000000000000000000000000000000000000000000000000000000000000000000000000000000002b523a45f07420
183,0000000000000000000000000000000000000000000000000000000000000000000000000000000000000000000000000000000000000000001da6821438d4c0
184,000000000000000000000000000000000000000000000000000000000000000000000000000000000000000000000000000000000000000000207b38b2286fa0
185,00000000000000000000000000000000000000000000000000000000000000000000000000000000000000000000000000000000000000000028addccc214d80
186,00000000000000000000000000000000000000000000000000000000000000000000000000000000000000000000000000000000000000000027ae327ae56140
187,0000000000000000000000000000000000000000000000000000000000000000000000000000000000000000000000000000000000000000001fe4623c5263c0
188,000000000000000000000000000000000000000000000000000000000000000000000000000000000000000000000000000000000000000000242b1a10185460
189,00000000000000000000000000000000000000000000000000000000000000000000000000000000000000000000000000000000000000000033e6df594ec0c0
190,0000000000000000000000000000000000000000000000000000000000000000000000000000000000000000000000000000000000000000002aeeedc2c8bee0
191,00000000000000000000000000000000000000000000000000000000000000000000000000000000000000000000000000000000000000000023f28ee2aca1c0
192,00000000000000000000000000000000000000000000000000000000000000000000000000000000000000000000000000000000000000000025c638cd020a20
193,00000000000000000000000000000000000000000000000000000000000000000000000000000000000000000000000000000000000000000026d966ff637ac0
194,0000000000000000000000000000000000000000000000000000000000000000000000000000000000000000000000000000000000000000002bdffe328a6240
195,0000000000000000000000000000000000000000000000000000000000000000000000000000000000000000000000000000000000000000003d0d2031a23a00
196,0000000000000000000000000000000000000000000000000000000000000000000000000000000000000000000000000000000000000000002b11d58f338c80
197,0000000000000000000000000000000000000000000000000000000000000000000000000000000000000000000000000000000000000000001db018f6099160
198,0000000000000000000000000000000000000000000000000000000000000000000000000000000000000000000000000000000000000000001c065c4dcd3ae0
199,000000000000000000000000000000000000000000000000000000000000000000000000000000000000000000000000000000000000000000262199f814d140
200,0000000000000000000000000000000000000000000000000000000000000000000000000000000000000000000000000000000000000000002831755e5be3c0
201,00000000000000000000000000000000000000000000000000000000000000000000000000000000000000000000000000000000000000000029407569a2fa60
202,00000000000000000000000000000000000000000000000000000000000000000000000000000000000000000000000000000000000000000014d8acac178040
203,000000000000000000000000000000000000000000000000000000000000000000000000000000000000000000000000000000000000000000249a6dcd843e20
204,0000000000000000000000000000000000000000000000000000000000000000000000000000000000000000000000000000000000000000001396e15f504d40
205,0000000000000000000000000000000000000000000000000000000000000000000000000000000000000000000000000000000000000000001e29011f1effc0
206,0000000000000000000000000000000000000000000000000000000000000000000000000000000000000000000000000000000000000000001fd1866ed2c720
207,0000000000000000000000000000000000000000000000000000000000000000000000000000000000000000000000000000000000000000000ff5d77687c640
208,000000000000000000000000000000000000000000000000000000000000000000000000000000000000000000000000000000000000000000101978255c4600
209,00000000000000000000000000000000000000000000000000000000000000000000000000000000000000000000000000000000000000000022145047d2aaa0
210,0000000000000000000000000000000000000000000000000000000000000000000000000000000000000000000000000000000000000000001674afe8f1d060
211,00000000000000000000000000000000000000000000000000000000000000000000000000000000000000000000000000000000000000000037b4b68dd75e80
212,0000000000000000000000000000000000000000000000000000000000000000000000000000000000000000000000000000000000000000001f52eee3a942c0
213,0000000000000000000000000000000000000000000000000000000000000000000000000000000000000000000000000000000000000000002c355771b66d20
214,000000000000000000000000000000000000000000000000000000000000000000000000000000000000000000000000000000000000000000276c32e1ce0200
215,0000000000000000000000000000000000000000000000000000000000000000000000000000000000000000000000000000000000000000001443ebb61d8180
216,00000000000000000000000000000000000000000000000000000000000000000000000000000000000000000000000000000000000000000024dbc5a1ba9ca0
217,0000000000000000000000000000000000000000000000000000000000000000000000000000000000000000000000000000000000000000001baa8836736d40
218,00000000000000000000000000000000000000000000000000000000000000000000000000000000000000000000000000000000000000000032a5b6b3df0e20
219,00000000000000000000000000000000000000000000000000000000000000000000000000000000000000000000000000000000000000000031f6fb6707a400
220,00000000000000000000000000000000000000000000000000000000000000000000000000000000000000000000000000000000000000000029ec4c71bff760
221,000000000000000000000000000000000000000000000000000000000000000000000000000000000000000000000000000000000000000000211cc89d6cdec0
222,00000000000000000000000000000000000000000000000000000000000000000000000000000000000000000000000000000000000000000017777988bccce0
223,0000000000000000000000000000000000000000000000000000000000000000000000000000000000000000000000000000000000000000002983a95b431c80
224,0000000000000000000000000000000000000000000000000000000000000000000000000000000000000000000000000000000000000000001ec5b82840e4c0
225,000000000000000000000000000000000000000000000000000000000000000000000000000000000000000000000000000000000000000000377c522f2dfac0
226,000000000000000000000000000000000000000000000000000000000000000000000000000000000000000000000000000000000000000000216a252be79ce0
227,00000000000000000000000000000000000000000000000000000000000000000000000000000000000000000000000000000000000000000018cab2a31c4600
228,0000000000000000000000000000000000000000000000000000000000000000000000000000000000000000000000000000000000000000002821897cf86160
229,00000000000000000000000000000000000000000000000000000000000000000000000000000000000000000000000000000000000000000027f175c5220480
230,0000000000000000000000000000000000000000000000000000000000000000000000000000000000000000000000000000000000000000001adfd9eb7e22e0
231,00000000000000000000000000000000000000000000000000000000000000000000000000000000000000000000000000000000000000000031a75d00164be0
232,0000000000000000000000000000000000000000000000000000000000000000000000000000000000000000000000000000000000000000001fa26636ec01e0
233,00000000000000000000000000000000000000000000000000000000000000000000000000000000000000000000000000000000000000000030fb81e4485a20
234,0000000000000000000000000000000000000000000000000000000000000000000000000000000000000000000000000000000000000000001b14cd9927cae0
235,000000000000000000000000000000000000000000000000000000000000000000000000000000000000000000000000000000000000000000368b84abb699e0
236,0000000000000000000000000000000000000000000000000000000000000000000000000000000000000000000000000000000000000000001a0dd9172e8ac0
237,000000000000000000000000000000000000000000000000000000000000000000000000000000000000000000000000000000000000000000211ebe2723b0c0
238,0000000000000000000000000000000000000000000000000000000000000000000000000000000000000000000000000000000000000000003af7c510a651a0
239,0000000000000000000000000000000000000000000000000000000000000000000000000000000000000000000000000000000000000000002cd15e986e04c0
240,000000000000000000000000000000000000000000000000000000000000000000000000000000000000000000000000000000000000000000215ea622d54ec0
241,000000000000000000000000000000000000000000000000000000000000000000000000000000000000000000000000000000000000000000297f4816a25ba0
242,0000000000000000000000000000000000000000000000000000000000000000000000000000000000000000000000000000000000000000002579f7d2256b60
243,00000000000000000000000000000000000000000000000000000000000000000000000000000000000000000000000000000000000000000024b63cd57d2840
244,0000000000000000000000000000000000000000000000000000000000000000000000000000000000000000000000000000000000000000002825e372d4b400
245,00000000000000000000000000000000000000000000000000000000000000000000000000000000000000000000000000000000000000000032af75295e5b20
246,0000000000000000000000000000000000000000000000000000000000000000000000000000000000000000000000000000000000000000001df6c23632f840
247,0000000000000000000000000000000000000000000000000000000000000000000000000000000000000000000000000000000000000000002638a027c2ba20
248,000000000000000000000000000000000000000000000000000000000000000000000000000000000000000000000000000000000000000000125f1556c8f5a0
249,00000000000000000000000000000000000000000000000000000000000000000000000000000000000000000000000000000000000000000028dc3cd2d9f260
250,0000000000000000000000000000000000000000000000000000000000000000000000000000000000000000000000000000000000000000002180c9f925ee40
251,000000000000000000000000000000000000000000000000000000000000000000000000000000000000000000000000000000000000000000299870d9dcab20
252,0000000000000000000000000000000000000000000000000000000000000000000000000000000000000000000000000000000000000000002bc2bd20d1c9c0
253,000000000000000000000000000000000000000000000000000000000000000000000000000000000000000000000000000000000000000000185fa1f9181240
254,0000000000000000000000000000000000000000000000000000000000000000000000000000000000000000000000000000000000000000001457368395a360
255,0000000000000000000000000000000000000000000000000000000000000000000000000000000000000000000000000000000000000000002de64d7213b040
256,0000000000000000000000000000000000000000000000000000000000000000000000000000000000000000000000000000000000000000001bde0cf7e709c0
257,00000000000000000000000000000000000000000000000000000000000000000000000000000000000000000000000000000000000000000039872e0bf2a7c0
258,000000000000000000000000000000000000000000000000000000000000000000000000000000000000000000000000000000000000000000114275fda7eec0
259,00000000000000000000000000000000000000000000000000000000000000000000000000000000000000000000000000000000000000000013f48e4f27c820
260,0000000000000000000000000000000000000000000000000000000000000000000000000000000000000000000000000000000000000000006e2551bb5e3440
261,0000000000000000000000000000000000000000000000000000000000000000000000000000000000000000000000000000000000000000003b735e2fb4b5e0
262,00000000000000000000000000000000000000000000000000000000000000000000000000000000000000000000000000000000000000000022a1a920c294c0
263,000000000000000000000000000000000000000000000000000000000000000000000000000000000000000000000000000000000000000000341c1cc2072220
264,0000000000000000000000000000000000000000000000000000000000000000000000000000000000000000000000000000000000000000001b073141750a00
265,000000000000000000000000000000000000000000000000000000000000000000000000000000000000000000000000000000000000000000257c2bbe4e30a0
266,00000000000000000000000000000000000000000000000000000000000000000000000000000000000000000000000000000000000000000027b75221aa7560
267,0000000000000000000000000000000000000000000000000000000000000000000000000000000000000000000000000000000000000000003c3ac45d58c3a0
268,000000000000000000000000000000000000000000000000000000000000000000000000000000000000000000000000000000000000000000277da2fe2b0ca0
269,00000000000000000000000000000000000000000000000000000000000000000000000000000000000000000000000000000000000000000034ee880c76f040
270,0000000000000000000000000000000000000000000000000000000000000000000000000000000000000000000000000000000000000000001b1968ddc4a340
271,00000000000000000000000000000000000000000000000000000000000000000000000000000000000000000000000000000000000000000014dbfa5d1997c0
272,000000000000000000000000000000000000000000000000000000000000000000000000000000000000000000000000000000000000000000317741be67d380
273,0000000000000000000000000000000000000000000000000000000000000000000000000000000000000000000000000000000000000000000fe7771ee23a60
274,0000000000000000000000000000000000000000000000000000000000000000000000000000000000000000000000000000000000000000001cff2481f60b00
275,000000000000000000000000000000000000000000000000000000000000000000000000000000000000000000000000000000000000000000313e8d7d4daa60
276,000000000000000000000000000000000000000000000000000000000000000000000000000000000000000000000000000000000000000000304ef2839a3f40
277,00000000000000000000000000000000000000000000000000000000000000000000000000000000000000000000000000000000000000000033efde9d9fdc20
278,00000000000000000000000000000000000000000000000000000000000000000000000000000000000000000000000000000000000000000044e02d2aa99120
279,0000000000000000000000000000000000000000000000000000000000000000000000000000000000000000000000000000000000000000002d4422df7736c0
280,0000000000000000000000000000000000000000000000000000000000000000000000000000000000000000000000000000000000000000002339926f23a560
281,00000000000000000000000000000000000000000000000000000000000000000000000000000000000000000000000000000000000000000026f0e79b57e8c0
282,00000000000000000000000000000000000000000000000000000000000000000000000000000000000000000000000000000000000000000025ef4a4064ff60
283,00000000000000000000000000000000000000000000000000000000000000000000000000000000000000000000000000000000000000000024f8b315eefee0
284,00000000000000000000000000000000000000000000000000000000000000000000000000000000000000000000000000000000000000000023e5769ea235a0
285,0000000000000000000000000000000000000000000000000000000000000000000000000000000000000000000000000000000000000000001c9f00b9ab8860
286,0000000000000000000000000000000000000000000000000000000000000000000000000000000000000000000000000000000000000000002ceccac7d00e20
287,00000000000000000000000000000000000000000000000000000000000000000000000000000000000000000000000000000000000000000017956106b8f380
288,0000000000000000000000000000000000000000000000000000000000000000000000000000000000000000000000000000000000000000001eedb42f67c6a0
289,00000000000000000000000000000000000000000000000000000000000000000000000000000000000000000000000000000000000000000038e390d20cb1e0
290,0000000000000000000000000000000000000000000000000000000000000000000000000000000000000000000000000000000000000000001827d869292c60
291,0000000000000000000000000000000000000000000000000000000000000000000000000000000000000000000000000000000000000000002aecedb912a200
292,00000000000000000000000000000000000000000000000000000000000000000000000000000000000000000000000000000000000000000028957788d9d1a0
293,00000000000000000000000000000000000000000000000000000000000000000000000000000000000000000000000000000000000000000034bb7819c06120
294,000000000000000000000000000000000000000000000000000000000000000000000000000000000000000000000000000000000000000000318ab36e537e00
295,0000000000000000000000000000000000000000000000000000000000000000000000000000000000000000000000000000000000000000001de1cfadc3b280
296,0000000000000000000000000000000000000000000000000000000000000000000000000000000000000000000000000000000000000000002cf6a91fc35c80
297,0000000000000000000000000000000000000000000000000000000000000000000000000000000000000000000000000000000000000000001aadabe5071f80
298,000000000000000000000000000000000000000000000000000000000000000000000000000000000000000000000000000000000000000000186939e4c15a80
299,0000000000000000000000000000000000000000000000000000000000000000000000000000000000000000000000000000000000000000002a7d63e7f92200
300,0000000000000000000000000000000000000000000000000000000000000000000000000000000000000000000000000000000000000000002e0cdbd1f0bf80
301,0000000000000000000000000000000000000000000000000000000000000000000000000000000000000000000000000000000000000000001fc3ecaad114e0
302,00000000000000000000000000000000000000000000000000000000000000000000000000000000000000000000000000000000000000000048272e99832ac0
303,00000000000000000000000000000000000000000000000000000000000000000000000000000000000000000000000000000000000000000019e6bfad823c60
304,0000000000000000000000000000000000000000000000000000000000000000000000000000000000000000000000000000000000000000002f7eb02f2c9100
305,00000000000000000000000000000000000000000000000000000000000000000000000000000000000000000000000000000000000000000038f4168c036040
306,000000000000000000000000000000000000000000000000000000000000000000000000000000000000000000000000000000000000000000224d28ff11c140
307,00000000000000000000000000000000000000000000000000000000000000000000000000000000000000000000000000000000000000000015aeb5bb353ba0
308,000000000000000000000000000000000000000000000000000000000000000000000000000000000000000000000000000000000000000000581f032399de80
309,0000000000000000000000000000000000000000000000000000000000000000000000000000000000000000000000000000000000000000002b87cb69b6e260
310,000000000000000000000000000000000000000000000000000000000000000000000000000000000000000000000000000000000000000000204db0d2c3b040
311,00000000000000000000000000000000000000000000000000000000000000000000000000000000000000000000000000000000000000000023c1f20d55a980
312,0000000000000000000000000000000000000000000000000000000000000000000000000000000000000000000000000000000000000000000e0369fa93d080
313,000000000000000000000000000000000000000000000000000000000000000000000000000000000000000000000000000000000000000000235dae62dc2580
314,000000000000000000000000000000000000000000000000000000000000000000000000000000000000000000000000000000000000000000669cee6e8a01a0
315,00000000000000000000000000000000000000000000000000000000000000000000000000000000000000000000000000000000000000000020e4e6c8934cc0
316,0000000000000000000000000000000000000000000000000000000000000000000000000000000000000000000000000000000000000000001b06f486657060
317,00000000000000000000000000000000000000000000000000000000000000000000000000000000000000000000000000000000000000000014794a9ed3a100
318,00000000000000000000000000000000000000000000000000000000000000000000000000000000000000000000000000000000000000000020141f1b9110e0
319,00000000000000000000000000000000000000000000000000000000000000000000000000000000000000000000000000000000000000000020cd054a2f3ea0
320,0000000000000000000000000000000000000000000000000000000000000000000000000000000000000000000000000000000000000000002467e99fb092c0
321,000000000000000000000000000000000000000000000000000000000000000000000000000000000000000000000000000000000000000000170aead4f9b9c0
322,0000000000000000000000000000000000000000000000000000000000000000000000000000000000000000000000000000000000000000002bad31e731ba40
323,0000000000000000000000000000000000000000000000000000000000000000000000000000000000000000000000000000000000000000003d1848d84432e0
324,00000000000000000000000000000000000000000000000000000000000000000000000000000000000000000000000000000000000000000019259cf5998560
325,00000000000000000000000000000000000000000000000000000000000000000000000000000000000000000000000000000000000000000020ecd07945e140
326,0000000000000000000000000000000000000000000000000000000000000000000000000000000000000000000000000000000000000000001c8c311d662d20
327,000000000000000000000000000000000000000000000000000000000000000000000000000000000000000000000000000000000000000000492fd8b8e8c6a0
328,0000000000000000000000000000000000000000000000000000000000000000000000000000000000000000000000000000000000000000002c96561c685760
329,00000000000000000000000000000000000000000000000000000000000000000000000000000000000000000000000000000000000000000053bf6c5b599180
330,00000000000000000000000000000000000000000000000000000000000000000000000000000000000000000000000000000000000000000024fef0bce5cd80
331,0000000000000000000000000000000000000000000000000000000000000000000000000000000000000000000000000000000000000000005807209184a7e0
332,0000000000000000000000000000000000000000000000000000000000000000000000000000000000000000000000000000000000000000002858fd6f633380
333,000000000000000000000000000000000000000000000000000000000000000000000000000000000000000000000000000000000000000000185ab54831f180
334,000000000000000000000000000000000000000000000000000000000000000000000000000000000000000000000000000000000000000000211b0193b2eaa0
335,000000000000000000000000000000000000000000000000000000000000000000000000000000000000000000000000000000000000000000327e4adde988a0
336,0000000000000000000000000000000000000000000000000000000000000000000000000000000000000000000000000000000000000000002e9c9f83548060
337,0000000000000000000000000000000000000000000000000000000000000000000000000000000000000000000000000000000000000000001d4295c256f7e0
338,0000000000000000000000000000000000000000000000000000000000000000000000000000000000000000000000000000000000000000001e7b4b40f5f6c0
339,0000000000000000000000000000000000000000000000000000000000000000000000000000000000000000000000000000000000000000000ff1e159424320
340,00000000000000000000000000000000000000000000000000000000000000000000000000000000000000000000000000000000000000000035386a4c68bfe0
341,0000000000000000000000000000000000000000000000000000000000000000000000000000000000000000000000000000000000000000003142a85f7d0200
342,00000000000000000000000000000000000000000000000000000000000000000000000000000000000000000000000000000000000000000022736de8cc6140
343,00000000000000000000000000000000000000000000000000000000000000000000000000000000000000000000000000000000000000000016284877f066a0
344,00000000000000000000000000000000000000000000000000000000000000000000000000000000000000000000000000000000000000000026ef32d6890840
345,00000000000000000000000000000000000000000000000000000000000000000000000000000000000000000000000000000000000000000014ecabe5d23ec0
346,0000000000000000000000000000000000000000000000000000000000000000000000000000000000000000000000000000000000000000003701207c676360
347,000000000000000000000000000000000000000000000000000000000000000000000000000000000000000000000000000000000000000000327ef9718f0040
348,0000000000000000000000000000000000000000000000000000000000000000000000000000000000000000000000000000000000000000003b171ba23af740
349,0000000000000000000000000000000000000000000000000000000000000000000000000000000000000000000000000000000000000000002ad464935769c0
350,0000000000000000000000000000000000000000000000000000000000000000000000000000000000000000000000000000000000000000002aea0f431cbd00
351,000000000000000000000000000000000000000000000000000000000000000000000000000000000000000000000000000000000000000000310efe6cd0d360
352,0000000000000000000000000000000000000000000000000000000000000000000000000000000000000000000000000000000000000000002c9fa91bc77fa0
353,0000000000000000000000000000000000000000000000000000000000000000000000000000000000000000000000000000000000000000001f601dec9e74e0
354,00000000000000000000000000000000000000000000000000000000000000000000000000000000000000000000000000000000000000000041c6b2e0211240
355,0000000000000000000000000000000000000000000000000000000000000000000000000000000000000000000000000000000000000000004541b9d551e9e0
356,0000000000000000000000000000000000000000000000000000000000000000000000000000000000000000000000000000000000000000002d3180cd076780
357,00000000000000000000000000000000000000000000000000000000000000000000000000000000000000000000000000000000000000000012cbd3d94dbc60
358,00000000000000000000000000000000000000000000000000000000000000000000000000000000000000000000000000000000000000000024e49f6fe6dbc0
359,00000000000000000000000000000000000000000000000000000000000000000000000000000000000000000000000000000000000000000028b824fcab03e0
360,00000000000000000000000000000000000000000000000000000000000000000000000000000000000000000000000000000000000000000032c6bd62e06e60
361,00000000000000000000000000000000000000000000000000000000000000000000000000000000000000000000000000000000000000000035ba061271ec80
362,000000000000000000000000000000000000000000000000000000000000000000000000000000000000000000000000000000000000000000225915d6e19580
363,00000000000000000000000000000000000000000000000000000000000000000000000000000000000000000000000000000000000000000014a0b24d66f800
364,0000000000000000000000000000000000000000000000000000000000000000000000000000000000000000000000000000000000000000002d3c0ee9db2ca0
365,0000000000000000000000000000000000000000000000000000000000000000000000000000000000000000000000000000000000000000003b90c486571a40
366,0000000000000000000000000000000000000000000000000000000000000000000000000000000000000000000000000000000000000000004f7d2cfd6de560
367,00000000000000000000000000000000000000000000000000000000000000000000000000000000000000000000000000000000000000000031b39f6b919700
368,0000000000000000000000000000000000000000000000000000000000000000000000000000000000000000000000000000000000000000001f42243d687460
369,00000000000000000000000000000000000000000000000000000000000000000000000000000000000000000000000000000000000000000045cf5541ee92a0
370,000000000000000000000000000000000000000000000000000000000000000000000000000000000000000000000000000000000000000000215ce0191b4960
371,00000000000000000000000000000000000000000000000000000000000000000000000000000000000000000000000000000000000000000029161f316998a0
372,00000000000000000000000000000000000000000000000000000000000000000000000000000000000000000000000000000000000000000018f4bb82bd5420
373,000000000000000000000000000000000000000000000000000000000000000000000000000000000000000000000000000000000000000000126563f3e60220
374,000000000000000000000000000000000000000000000000000000000000000000000000000000000000000000000000000000000000000000278232c2c8ab60
375,0000000000000000000000000000000000000000000000000000000000000000000000000000000000000000000000000000000000000000002261beaee9bec0
376,0000000000000000000000000000000000000000000000000000000000000000000000000000000000000000000000000000000000000000003137bdb8d6dba0
377,00000000000000000000000000000000000000000000000000000000000000000000000000000000000000000000000000000000000000000035d8a5cb755a60
378,0000000000000000000000000000000000000000000000000000000000000000000000000000000000000000000000000000000000000000001b8891fda99380
379,000000000000000000000000000000000000000000000000000000000000000000000000000000000000000000000000000000000000000000303742a2bcb1e0
380,0000000000000000000000000000000000000000000000000000000000000000000000000000000000000000000000000000000000000000001f0ef985c76440
381,00000000000000000000000000000000000000000000000000000000000000000000000000000000000000000000000000000000000000000021e44606230d00
382,0000000000000000000000000000000000000000000000000000000000000000000000000000000000000000000000000000000000000000002c71056db0f3a0
383,00000000000000000000000000000000000000000000000000000000000000000000000000000000000000000000000000000000000000000018b4b7e983b9e0
384,0000000000000000000000000000000000000000000000000000000000000000000000000000000000000000000000000000000000000000001223f182279620
385,000000000000000000000000000000000000000000000000000000000000000000000000000000000000000000000000000000000000000000242192fd0b7360
386,0000000000000000000000000000000000000000000000000000000000000000000000000000000000000000000000000000000000000000003498d2923d6b20
387,0000000000000000000000000000000000000000000000000000000000000000000000000000000000000000000000000000000000000000002a9620beebf240
388,000000000000000000000000000000000000000000000000000000000000000000000000000000000000000000000000000000000000000000210542edc78d40
389,00000000000000000000000000000000000000000000000000000000000000000000000000000000000000000000000000000000000000000021e22d101fd920
390,00000000000000000000000000000000000000000000000000000000000000000000000000000000000000000000000000000000000000000039b502303e9240
391,00000000000000000000000000000000000000000000000000000000000000000000000000000000000000000000000000000000000000000038a121af243920
392,00000000000000000000000000000000000000000000000000000000000000000000000000000000000000000000000000000000000000000031371ad66bae00
393,000000000000000000000000000000000000000000000000000000000000000000000000000000000000000000000000000000000000000000217af18d3bfea0
394,000000000000000000000000000000000000000000000000000000000000000000000000000000000000000000000000000000000000000000235dd1bb774da0
395,00000000000000000000000000000000000000000000000000000000000000000000000000000000000000000000000000000000000000000023ae09539966e0
396,0000000000000000000000000000000000000000000000000000000000000000000000000000000000000000000000000000000000000000002f5e3a2783e7a0
397,00000000000000000000000000000000000000000000000000000000000000000000000000000000000000000000000000000000000000000021a43be3114600
398,00000000000000000000000000000000000000000000000000000000000000000000000000000000000000000000000000000000000000000018b1421121e0e0
399,0000000000000000000000000000000000000000000000000000000000000000000000000000000000000000000000000000000000000000002a84b853c976a0
400,000000000000000000000000000000000000000000000000000000000000000000000000000000000000000000000000000000000000000000252eec6ae52b80
401,00000000000000000000000000000000000000000000000000000000000000000000000000000000000000000000000000000000000000000013dc11e47f6580
402,0000000000000000000000000000000000000000000000000000000000000000000000000000000000000000000000000000000000000000002b5a6de2ecd260
403,0000000000000000000000000000000000000000000000000000000000000000000000000000000000000000000000000000000000000000003f936ead77e360
404,000000000000000000000000000000000000000000000000000000000000000000000000000000000000000000000000000000000000000000159296bd1a5260
405,0000000000000000000000000000000000000000000000000000000000000000000000000000000000000000000000000000000000000000003040dd8e65c660
406,00000000000000000000000000000000000000000000000000000000000000000000000000000000000000000000000000000000000000000022f6e88752d3a0
407,0000000000000000000000000000000000000000000000000000000000000000000000000000000000000000000000000000000000000000002a65621ad254e0
408,0000000000000000000000000000000000000000000000000000000000000000000000000000000000000000000000000000000000000000001af6e57da1d640
409,00000000000000000000000000000000000000000000000000000000000000000000000000000000000000000000000000000000000000000020ef97be0242a0
410,00000000000000000000000000000000000000000000000000000000000000000000000000000000000000000000000000000000000000000012593a886907c0
411,000000000000000000000000000000000000000000000000000000000000000000000000000000000000000000000000000000000000000000274edd95031540
412,00000000000000000000000000000000000000000000000000000000000000000000000000000000000000000000000000000000000000000043c445652d66a0
413,0000000000000000000000000000000000000000000000000000000000000000000000000000000000000000000000000000000000000000001d5aef546429c0
414,000000000000000000000000000000000000000000000000000000000000000000000000000000000000000000000000000000000000000000251ec430e83040
415,0000000000000000000000000000000000000000000000000000000000000000000000000000000000000000000000000000000000000000001d86b902abe640
416,000000000000000000000000000000000000000000000000000000000000000000000000000000000000000000000000000000000000000000329bdaf9756b40
417,000000000000000000000000000000000000000000000000000000000000000000000000000000000000000000000000000000000000000000258e950bd58460
418,00000000000000000000000000000000000000000000000000000000000000000000000000000000000000000000000000000000000000000025a86a8a17e180
419,00000000000000000000000000000000000000000000000000000000000000000000000000000000000000000000000000000000000000000012b4aa6e8e8200
420,000000000000000000000000000000000000000000000000000000000000000000000000000000000000000000000000000000000000000000316ed4e65b9f40
421,00000000000000000000000000000000000000000000000000000000000000000000000000000000000000000000000000000000000000000014438b84e8e920
422,0000000000000000000000000000000000000000000000000000000000000000000000000000000000000000000000000000000000000000002783d2c2aca360
423,0000000000000000000000000000000000000000000000000000000000000000000000000000000000000000000000000000000000000000003d61973fa26f00
424,000000000000000000000000000000000000000000000000000000000000000000000000000000000000000000000000000000000000000000315ab322ca9700
425,0000000000000000000000000000000000000000000000000000000000000000000000000000000000000000000000000000000000000000003081a913e0ace0
426,0000000000000000000000000000000000000000000000000000000000000000000000000000000000000000000000000000000000000000002621bf646110a0
427,0000000000000000000000000000000000000000000000000000000000000000000000000000000000000000000000000000000000000000001b598acf99bbe0
428,000000000000000000000000000000000000000000000000000000000000000000000000000000000000000000000000000000000000000000191220b1fd5640
429,00000000000000000000000000000000000000000000000000000000000000000000000000000000000000000000000000000000000000000066bfa11395ee00
430,0000000000000000000000000000000000000000000000000000000000000000000000000000000000000000000000000000000000000000001faca2b63b6e40
431,00000000000000000000000000000000000000000000000000000000000000000000000000000000000000000000000000000000000000000026102e0cf29200
432,0000000000000000000000000000000000000000000000000000000000000000000000000000000000000000000000000000000000000000000cdc9ab5d3bf60
433,0000000000000000000000000000000000000000000000000000000000000000000000000000000000000000000000000000000000000000001484043ba477c0
434,00000000000000000000000000000000000000000000000000000000000000000000000000000000000000000000000000000000000000000026e568e10a81a0
435,000000000000000000000000000000000000000000000000000000000000000000000000000000000000000000000000000000000000000000136af2ffcff600
436,000000000000000000000000000000000000000000000000000000000000000000000000000000000000000000000000000000000000000000126542a5235460
437,000000000000000000000000000000000000000000000000000000000000000000000000000000000000000000000000000000000000000000347d4b31a22320
438,00000000000000000000000000000000000000000000000000000000000000000000000000000000000000000000000000000000000000000050b6fd370d8860
439,0000000000000000000000000000000000000000000000000000000000000000000000000000000000000000000000000000000000000000002f53cb9e5f3ce0
440,0000000000000000000000000000000000000000000000000000000000000000000000000000000000000000000000000000000000000000003035cb67c24960
441,000000000000000000000000000000000000000000000000000000000000000000000000000000000000000000000000000000000000000000329dcc51f171e0
442,0000000000000000000000000000000000000000000000000000000000000000000000000000000000000000000000000000000000000000003235f394047e60
443,0000000000000000000000000000000000000000000000000000000000000000000000000000000000000000000000000000000000000000001d1bbf627ec2a0
444,000000000000000000000000000000000000000000000000000000000000000000000000000000000000000000000000000000000000000000133b2d5ba59160
445,00000000000000000000000000000000000000000000000000000000000000000000000000000000000000000000000000000000000000000032123d65317180
446,00000000000000000000000000000000000000000000000000000000000000000000000000000000000000000000000000000000000000000022a9a93dc26b60
447,00000000000000000000000000000000000000000000000000000000000000000000000000000000000000000000000000000000000000000020549048748400
448,00000000000000000000000000000000000000000000000000000000000000000000000000000000000000000000000000000000000000000014ce9585631980
449,0000000000000000000000000000000000000000000000000000000000000000000000000000000000000000000000000000000000000000002c9e672f8e6be0
450,00000000000000000000000000000000000000000000000000000000000000000000000000000000000000000000000000000000000000000029da80107cd5a0
451,000000000000000000000000000000000000000000000000000000000000000000000000000000000000000000000000000000000000000000396d293eee8e60
452,0000000000000000000000000000000000000000000000000000000000000000000000000000000000000000000000000000000000000000002b2383491648e0
453,000000000000000000000000000000000000000000000000000000000000000000000000000000000000000000000000000000000000000000303fbb5d3e4080
454,0000000000000000000000000000000000000000000000000000000000000000000000000000000000000000000000000000000000000000002452ee1741e840
455,0000000000000000000000000000000000000000000000000000000000000000000000000000000000000000000000000000000000000000002bae9770f24040
456,0000000000000000000000000000000000000000000000000000000000000000000000000000000000000000000000000000000000000000002d44be2e31ac00
457,00000000000000000000000000000000000000000000000000000000000000000000000000000000000000000000000000000000000000000023233870a535e0
458,0000000000000000000000000000000000000000000000000000000000000000000000000000000000000000000000000000000000000000002530e41bfe4e80
459,00000000000000000000000000000000000000000000000000000000000000000000000000000000000000000000000000000000000000000044105ed63411e0
460,000000000000000000000000000000000000000000000000000000000000000000000000000000000000000000000000000000000000000000c23d47fd0f3f80
461,0000000000000000000000000000000000000000000000000000000000000000000000000000000000000000000000000000000000000000003ec9cd4ebf3f00
462,000000000000000000000000000000000000000000000000000000000000000000000000000000000000000000000000000000000000000000697ceaf805eb40
463,00000000000000000000000000000000000000000000000000000000000000000000000000000000000000000000000000000000000000000023b4cb8e3881a0
464,0000000000000000000000000000000000000000000000000000000000000000000000000000000000000000000000000000000000000000001d010b95867400
465,000000000000000000000000000000000000000000000000000000000000000000000000000000000000000000000000000000000000000000178b03aece33e0
466,0000000000000000000000000000000000000000000000000000000000000000000000000000000000000000000000000000000000000000003b6b2692b89ca0
467,00000000000000000000000000000000000000000000000000000000000000000000000000000000000000000000000000000000000000000025e1ad414fd3a0
468,000000000000000000000000000000000000000000000000000000000000000000000000000000000000000000000000000000000000000000101c44117acd40
469,000000000000000000000000000000000000000000000000000000000000000000000000000000000000000000000000000000000000000000278df09a9baa60
470,00000000000000000000000000000000000000000000000000000000000000000000000000000000000000000000000000000000000000000035a3aae2b87de0
471,0000000000000000000000000000000000000000000000000000000000000000000000000000000000000000000000000000000000000000002829d8ada41f00
472,0000000000000000000000000000000000000000000000000000000000000000000000000000000000000000000000000000000000000000005a855c66831ce0
473,000000000000000000000000000000000000000000000000000000000000000000000000000000000000000000000000000000000000000000524e5ea572d360
474,000000000000000000000000000000000000000000000000000000000000000000000000000000000000000000000000000000000000000000241f9a1ab75140
475,0000000000000000000000000000000000000000000000000000000000000000000000000000000000000000000000000000000000000000002001b2eb93c780
476,00000000000000000000000000000000000000000000000000000000000000000000000000000000000000000000000000000000000000000021f0492cb64cc0
477,00000000000000000000000000000000000000000000000000000000000000000000000000000000000000000000000000000000000000000017f7319dab7d80
478,000000000000000000000000000000000000000000000000000000000000000000000000000000000000000000000000000000000000000000370c00544957e0
479,0000000000000000000000000000000000000000000000000000000000000000000000000000000000000000000000000000000000000000001b644189f49d00
480,00000000000000000000000000000000000000000000000000000000000000000000000000000000000000000000000000000000000000000031328ec308e340
481,0000000000000000000000000000000000000000000000000000000000000000000000000000000000000000000000000000000000000000000cd19eb6913a60
482,0000000000000000000000000000000000000000000000000000000000000000000000000000000000000000000000000000000000000000002b709a7ef82960
483,000000000000000000000000000000000000000000000000000000000000000000000000000000000000000000000000000000000000000000391c10ff792240
484,00000000000000000000000000000000000000000000000000000000000000000000000000000000000000000000000000000000000000000020c926230f91e0
485,000000000000000000000000000000000000000000000000000000000000000000000000000000000000000000000000000000000000000000231e3a4998dfe0
486,000000000000000000000000000000000000000000000000000000000000000000000000000000000000000000000000000000000000000000296bba04427360
487,0000000000000000000000000000000000000000000000000000000000000000000000000000000000000000000000000000000000000000002d8965dacc7300
488,0000000000000000000000000000000000000000000000000000000000000000000000000000000000000000000000000000000000000000001a978e21985240
489,00000000000000000000000000000000000000000000000000000000000000000000000000000000000000000000000000000000000000000023db155a68f4c0
490,0000000000000000000000000000000000000000000000000000000000000000000000000000000000000000000000000000000000000000002c6433e4b574a0
491,00000000000000000000000000000000000000000000000000000000000000000000000000000000000000000000000000000000000000000016810a546b7d80
492,000000000000000000000000000000000000000000000000000000000000000000000000000000000000000000000000000000000000000000192895c42b2dc0
493,00000000000000000000000000000000000000000000000000000000000000000000000000000000000000000000000000000000000000000027f79f6c1a2c20
494,0000000000000000000000000000000000000000000000000000000000000000000000000000000000000000000000000000000000000000002ce9b5aa7b61c0
495,0000000000000000000000000000000000000000000000000000000000000000000000000000000000000000000000000000000000000000002e69607cefe240
496,00000000000000000000000000000000000000000000000000000000000000000000000000000000000000000000000000000000000000000025e090378a6b00
497,00000000000000000000000000000000000000000000000000000000000000000000000000000000000000000000000000000000000000000024d4efface0c00
498,0000000000000000000000000000000000000000000000000000000000000000000000000000000000000000000000000000000000000000003037fe98d76a00
499,000000000000000000000000000000000000000000000000000000000000000000000000000000000000000000000000000000000000000000189250095f1280
500,0000000000000000000000000000000000000000000000000000000000000000000000000000000000000000000000000000000000000000002abdd86d79e540
501,0000000000000000000000000000000000000000000000000000000000000000000000000000000000000000000000000000000000000000001508a163eff3e0
502,0000000000000000000000000000000000000000000000000000000000000000000000000000000000000000000000000000000000000000000d66572c8bcbc0
503,00000000000000000000000000000000000000000000000000000000000000000000000000000000000000000000000000000000000000000005b5e55891f660
504,00000000000000000000000000000000000000000000000000000000000000000000000000000000000000000000000000000000000000000020cd1722cb94a0
505,0000000000000000000000000000000000000000000000000000000000000000000000000000000000000000000000000000000000000000003b88fd24672240
506,00000000000000000000000000000000000000000000000000000000000000000000000000000000000000000000000000000000000000000033d68c5a685880
507,0000000000000000000000000000000000000000000000000000000000000000000000000000000000000000000000000000000000000000001bfbec75e3ba60
508,0000000000000000000000000000000000000000000000000000000000000000000000000000000000000000000000000000000000000000002a9d30170fb360
509,00000000000000000000000000000000000000000000000000000000000000000000000000000000000000000000000000000000000000000021c9ed11c22920
510,0000000000000000000000000000000000000000000000000000000000000000000000000000000000000000000000000000000000000000001d32ce922c1040
511,00000000000000000000000000000000000000000000000000000000000000000000000000000000000000000000000000000000000000000028fd1150a3a0c0
512,00000000000000000000000000000000000000000000000000000000000000000000000000000000000000000000000000000000000000000024c8674a6b2e40
513,0000000000000000000000000000000000000000000000000000000000000000000000000000000000000000000000000000000000000000002f390c02a2cda0
514,0000000000000000000000000000000000000000000000000000000000000000000000000000000000000000000000000000000000000000003182bcf8b57700
515,00000000000000000000000000000000000000000000000000000000000000000000000000000000000000000000000000000000000000000017163a5e0f3b40
516,0000000000000000000000000000000000000000000000000000000000000000000000000000000000000000000000000000000000000000001ebc7f1f075f20
517,0000000000000000000000000000000000000000000000000000000000000000000000000000000000000000000000000000000000000000000e4d82ba81f400
518,0000000000000000000000000000000000000000000000000000000000000000000000000000000000000000000000000000000000000000001798d1419154c0
519,0000000000000000000000000000000000000000000000000000000000000000000000000000000000000000000000000000000000000000001876603c7c0ee0
520,00000000000000000000000000000000000000000000000000000000000000000000000000000000000000000000000000000000000000000037cbcd29d2f100
521,0000000000000000000000000000000000000000000000000000000000000000000000000000000000000000000000000000000000000000002fc5d80cd74860
522,0000000000000000000000000000000000000000000000000000000000000000000000000000000000000000000000000000000000000000005b99327b4f64e0
523,000000000000000000000000000000000000000000000000000000000000000000000000000000000000000000000000000000000000000000229f5a5bfe14c0
524,00000000000000000000000000000000000000000000000000000000000000000000000000000000000000000000000000000000000000000033eaad3b8348a0
525,0000000000000000000000000000000000000000000000000000000000000000000000000000000000000000000000000000000000000000001dc07da629dc20
526,0000000000000000000000000000000000000000000000000000000000000000000000000000000000000000000000000000000000000000002110ab0a8ca1e0
527,00000000000000000000000000000000000000000000000000000000000000000000000000000000000000000000000000000000000000000019eef88591f1a0
528,0000000000000000000000000000000000000000000000000000000000000000000000000000000000000000000000000000000000000000002501bfbcb55ac0
529,0000000000000000000000000000000000000000000000000000000000000000000000000000000000000000000000000000000000000000002aaa49f8a3dc40
530,0000000000000000000000000000000000000000000000000000000000000000000000000000000000000000000000000000000000000000002abdf9b263f620
531,0000000000000000000000000000000000000000000000000000000000000000000000000000000000000000000000000000000000000000001e7aab372821e0
532,000000000000000000000000000000000000000000000000000000000000000000000000000000000000000000000000000000000000000000186470db3b48e0
533,00000000000000000000000000000000000000000000000000000000000000000000000000000000000000000000000000000000000000000050c2f2677a5680
534,00000000000000000000000000000000000000000000000000000000000000000000000000000000000000000000000000000000000000000018c622fc087de0
535,0000000000000000000000000000000000000000000000000000000000000000000000000000000000000000000000000000000000000000001e430da7364500
536,000000000000000000000000000000000000000000000000000000000000000000000000000000000000000000000000000000000000000000188cb0760ed820
537,0000000000000000000000000000000000000000000000000000000000000000000000000000000000000000000000000000000000000000001eae4e475e9fe0
538,0000000000000000000000000000000000000000000000000000000000000000000000000000000000000000000000000000000000000000001dab2f765e4d40
539,0000000000000000000000000000000000000000000000000000000000000000000000000000000000000000000000000000000000000000001acbac27ede9a0
540,0000000000000000000000000000000000000000000000000000000000000000000000000000000000000000000000000000000000000000001dcdfa1b689ba0
541,0000000000000000000000000000000000000000000000000000000000000000000000000000000000000000000000000000000000000000004029a7d4939c80
542,0000000000000000000000000000000000000000000000000000000000000000000000000000000000000000000000000000000000000000003f8820246250a0
543,0000000000000000000000000000000000000000000000000000000000000000000000000000000000000000000000000000000000000000001c89ecc4efbe40
544,0000000000000000000000000000000000000000000000000000000000000000000000000000000000000000000000000000000000000000002303d97c9af980
545,0000000000000000000000000000000000000000000000000000000000000000000000000000000000000000000000000000000000000000001c7531a8cb8160
546,0000000000000000000000000000000000000000000000000000000000000000000000000000000000000000000000000000000000000000001592e78bd9ccc0
547,00000000000000000000000000000000000000000000000000000000000000000000000000000000000000000000000000000000000000000026c02e8aef2640
548,0000000000000000000000000000000000000000000000000000000000000000000000000000000000000000000000000000000000000000001b0f870faa2e20
549,0000000000000000000000000000000000000000000000000000000000000000000000000000000000000000000000000000000000000000003dd38e5f56fdc0
550,0000000000000000000000000000000000000000000000000000000000000000000000000000000000000000000000000000000000000000001c23775f8862e0
551,0000000000000000000000000000000000000000000000000000000000000000000000000000000000000000000000000000000000000000002a52bc61004e80
552,0000000000000000000000000000000000000000000000000000000000000000000000000000000000000000000000000000000000000000002c2bb1cafa6080
553,00000000000000000000000000000000000000000000000000000000000000000000000000000000000000000000000000000000000000000026fc4af33100e0
554,0000000000000000000000000000000000000000000000000000000000000000000000000000000000000000000000000000000000000000001254fe128ab840
555,000000000000000000000000000000000000000000000000000000000000000000000000000000000000000000000000000000000000000000184d31ab913740
556,00000000000000000000000000000000000000000000000000000000000000000000000000000000000000000000000000000000000000000029566b19633fe0
557,0000000000000000000000000000000000000000000000000000000000000000000000000000000000000000000000000000000000000000003385f5fd605340
558,0000000000000000000000000000000000000000000000000000000000000000000000000000000000000000000000000000000000000000002fac2922438ce0
559,000000000000000000000000000000000000000000000000000000000000000000000000000000000000000000000000000000000000000000257f057930b600
560,0000000000000000000000000000000000000000000000000000000000000000000000000000000000000000000000000000000000000000001922a31356b480
561,00000000000000000000000000000000000000000000000000000000000000000000000000000000000000000000000000000000000000000027f5ba9d75eac0
562,0000000000000000000000000000000000000000000000000000000000000000000000000000000000000000000000000000000000000000001ca8ebd68a4940
563,0000000000000000000000000000000000000000000000000000000000000000000000000000000000000000000000000000000000000000002ba600b672b720
564,0000000000000000000000000000000000000000000000000000000000000000000000000000000000000000000000000000000000000000001f0c830fca7d40
565,0000000000000000000000000000000000000000000000000000000000000000000000000000000000000000000000000000000000000000002fce030271c5c0
566,00000000000000000000000000000000000000000000000000000000000000000000000000000000000000000000000000000000000000000018d364401026c0
567,0000000000000000000000000000000000000000000000000000000000000000000000000000000000000000000000000000000000000000001e7a0954bce300
568,0000000000000000000000000000000000000000000000000000000000000000000000000000000000000000000000000000000000000000000ece2527fe6400
569,0000000000000000000000000000000000000000000000000000000000000000000000000000000000000000000000000000000000000000001c269f1a65a6c0
570,0000000000000000000000000000000000000000000000000000000000000000000000000000000000000000000000000000000000000000002e8b6166f41740
571,0000000000000000000000000000000000000000000000000000000000000000000000000000000000000000000000000000000000000000002844c35d0ee240
572,0000000000000000000000000000000000000000000000000000000000000000000000000000000000000000000000000000000000000000001bf8d0ec40b7e0
573,000000000000000000000000000000000000000000000000000000000000000000000000000000000000000000000000000000000000000000429edf02cb2ba0
574,000000000000000000000000000000000000000000000000000000000000000000000000000000000000000000000000000000000000000000103c19d441f480
575,0000000000000000000000000000000000000000000000000000000000000000000000000000000000000000000000000000000000000000003034f98f32e360
576,0000000000000000000000000000000000000000000000000000000000000000000000000000000000000000000000000000000000000000003cc2fa0f3ed600
577,0000000000000000000000000000000000000000000000000000000000000000000000000000000000000000000000000000000000000000002175410d9e2340
578,0000000000000000000000000000000000000000000000000000000000000000000000000000000000000000000000000000000000000000002b1827f13ca6c0
579,0000000000000000000000000000000000000000000000000000000000000000000000000000000000000000000000000000000000000000001fc13134d8d420
580,00000000000000000000000000000000000000000000000000000000000000000000000000000000000000000000000000000000000000000032c0b3e3489240
581,00000000000000000000000000000000000000000000000000000000000000000000000000000000000000000000000000000000000000000011833d5bc0a6c0
582,0000000000000000000000000000000000000000000000000000000000000000000000000000000000000000000000000000000000000000002f796111fe4d20
583,000000000000000000000000000000000000000000000000000000000000000000000000000000000000000000000000000000000000000000283a44fb4dbf00
584,00000000000000000000000000000000000000000000000000000000000000000000000000000000000000000000000000000000000000000017c512486e9060
585,0000000000000000000000000000000000000000000000000000000000000000000000000000000000000000000000000000000000000000003493c0750b0b00
586,000000000000000000000000000000000000000000000000000000000000000000000000000000000000000000000000000000000000000000300fba742b8b80
587,00000000000000000000000000000000000000000000000000000000000000000000000000000000000000000000000000000000000000000023de0a01986ea0
588,00000000000000000000000000000000000000000000000000000000000000000000000000000000000000000000000000000000000000000023f1ede2b77b00
589,000000000000000000000000000000000000000000000000000000000000000000000000000000000000000000000000000000000000000000236c897f65ba60
590,0000000000000000000000000000000000000000000000000000000000000000000000000000000000000000000000000000000000000000002466c9823a2420
591,00000000000000000000000000000000000000000000000000000000000000000000000000000000000000000000000000000000000000000051db15cac15540
592,00000000000000000000000000000000000000000000000000000000000000000000000000000000000000000000000000000000000000000029e0c6b7730900
593,0000000000000000000000000000000000000000000000000000000000000000000000000000000000000000000000000000000000000000000e491744a6cf40
594,000000000000000000000000000000000000000000000000000000000000000000000000000000000000000000000000000000000000000000205707be7159c0
595,000000000000000000000000000000000000000000000000000000000000000000000000000000000000000000000000000000000000000000181c44915358e0
596,00000000000000000000000000000000000000000000000000000000000000000000000000000000000000000000000000000000000000000025c61be0b53820
597,0000000000000000000000000000000000000000000000000000000000000000000000000000000000000000000000000000000000000000002410cafe2ced60
598,00000000000000000000000000000000000000000000000000000000000000000000000000000000000000000000000000000000000000000017f5ca58d76420
599,000000000000000000000000000000000000000000000000000000000000000000000000000000000000000000000000000000000000000000146a286e9d9b20
600,00000000000000000000000000000000000000000000000000000000000000000000000000000000000000000000000000000000000000000014cc314a78a940
601,000000000000000000000000000000000000000000000000000000000000000000000000000000000000000000000000000000000000000000286e5301a46a60
602,00000000000000000000000000000000000000000000000000000000000000000000000000000000000000000000000000000000000000000038163773943380
603,000000000000000000000000000000000000000000000000000000000000000000000000000000000000000000000000000000000000000000288d2f75b771e0
604,0000000000000000000000000000000000000000000000000000000000000000000000000000000000000000000000000000000000000000002ac64e5936b800
605,00000000000000000000000000000000000000000000000000000000000000000000000000000000000000000000000000000000000000000062f8644aea2d60
606,00000000000000000000000000000000000000000000000000000000000000000000000000000000000000000000000000000000000000000038273286208380
607,0000000000000000000000000000000000000000000000000000000000000000000000000000000000000000000000000000000000000000001000fda7028720
608,00000000000000000000000000000000000000000000000000000000000000000000000000000000000000000000000000000000000000000034566f6f542360
609,00000000000000000000000000000000000000000000000000000000000000000000000000000000000000000000000000000000000000000015398956cbb500
610,0000000000000000000000000000000000000000000000000000000000000000000000000000000000000000000000000000000000000000001bdb7b1f75d3c0
611,00000000000000000000000000000000000000000000000000000000000000000000000000000000000000000000000000000000000000000045e62567c78220
612,000000000000000000000000000000000000000000000000000000000000000000000000000000000000000000000000000000000000000000316dbc35337580
613,00000000000000000000000000000000000000000000000000000000000000000000000000000000000000000000000000000000000000000022b35df82eaf00
614,000000000000000000000000000000000000000000000000000000000000000000000000000000000000000000000000000000000000000000519553bbc36e00
615,0000000000000000000000000000000000000000000000000000000000000000000000000000000000000000000000000000000000000000002f6aba4e0ebb20
616,0000000000000000000000000000000000000000000000000000000000000000000000000000000000000000000000000000000000000000001c1a63e9fd9020
617,0000000000000000000000000000000000000000000000000000000000000000000000000000000000000000000000000000000000000000002c5d4a1667c980
618,000000000000000000000000000000000000000000000000000000000000000000000000000000000000000000000000000000000000000000295447f225a820
619,0000000000000000000000000000000000000000000000000000000000000000000000000000000000000000000000000000000000000000003a4f372fb31ce0
620,000000000000000000000000000000000000000000000000000000000000000000000000000000000000000000000000000000000000000000251b2389c44d60
621,00000000000000000000000000000000000000000000000000000000000000000000000000000000000000000000000000000000000000000023ff83ff56f620
622,0000000000000000000000000000000000000000000000000000000000000000000000000000000000000000000000000000000000000000003403a02623af20
623,0000000000000000000000000000000000000000000000000000000000000000000000000000000000000000000000000000000000000000000d675d0517b0c0
624,0000000000000000000000000000000000000000000000000000000000000000000000000000000000000000000000000000000000000000001d6642e7520320
625,00000000000000000000000000000000000000000000000000000000000000000000000000000000000000000000000000000000000000000038ced58e860180
626,000000000000000000000000000000000000000000000000000000000000000000000000000000000000000000000000000000000000000000299f1c8aa4ad20
627,0000000000000000000000000000000000000000000000000000000000000000000000000000000000000000000000000000000000000000001df5004029e7a0
628,0000000000000000000000000000000000000000000000000000000000000000000000000000000000000000000000000000000000000000003064c802219c60
629,0000000000000000000000000000000000000000000000000000000000000000000000000000000000000000000000000000000000000000001770cfba6ad1c0
630,0000000000000000000000000000000000000000000000000000000000000000000000000000000000000000000000000000000000000000002070d61f2a5900
631,00000000000000000000000000000000000000000000000000000000000000000000000000000000000000000000000000000000000000000017dba4d0c1ce20
632,00000000000000000000000000000000000000000000000000000000000000000000000000000000000000000000000000000000000000000023071ef289edc0
633,000000000000000000000000000000000000000000000000000000000000000000000000000000000000000000000000000000000000000000229f9a5bf9c4c0
634,000000000000000000000000000000000000000000000000000000000000000000000000000000000000000000000000000000000000000000131ac5f185c480
635,0000000000000000000000000000000000000000000000000000000000000000000000000000000000000000000000000000000000000000001cfa001fd89740
636,0000000000000000000000000000000000000000000000000000000000000000000000000000000000000000000000000000000000000000002dd2f055d7dde0
637,0000000000000000000000000000000000000000000000000000000000000000000000000000000000000000000000000000000000000000001d17d893fd23c0
638,0000000000000000000000000000000000000000000000000000000000000000000000000000000000000000000000000000000000000000001e6964ae798520
639,0000000000000000000000000000000000000000000000000000000000000000000000000000000000000000000000000000000000000000002357b48aa5b180
640,0000000000000000000000000000000000000000000000000000000000000000000000000000000000000000000000000000000000000000002aa0f93e30dba0
641,000000000000000000000000000000000000000000000000000000000000000000000000000000000000000000000000000000000000000000557a0d5b100ee0
642,000000000000000000000000000000000000000000000000000000000000000000000000000000000000000000000000000000000000000000535be626faabc0
643,000000000000000000000000000000000000000000000000000000000000000000000000000000000000000000000000000000000000000000266febade180a0
644,0000000000000000000000000000000000000000000000000000000000000000000000000000000000000000000000000000000000000000003a742a99847ac0
645,000000000000000000000000000000000000000000000000000000000000000000000000000000000000000000000000000000000000000000254de24b454160
646,00000000000000000000000000000000000000000000000000000000000000000000000000000000000000000000000000000000000000000023de123cab91e0
647,0000000000000000000000000000000000000000000000000000000000000000000000000000000000000000000000000000000000000000003c83e709a640e0
648,00000000000000000000000000000000000000000000000000000000000000000000000000000000000000000000000000000000000000000025bb2b43e81620
649,00000000000000000000000000000000000000000000000000000000000000000000000000000000000000000000000000000000000000000025af9a899be580
650,00000000000000000000000000000000000000000000000000000000000000000000000000000000000000000000000000000000000000000022ccff804d2a00
651,000000000000000000000000000000000000000000000000000000000000000000000000000000000000000000000000000000000000000000181c18c2916040
652,00000000000000000000000000000000000000000000000000000000000000000000000000000000000000000000000000000000000000000018687a5af5a500
653,0000000000000000000000000000000000000000000000000000000000000000000000000000000000000000000000000000000000000000000e2953f805cc00
654,0000000000000000000000000000000000000000000000000000000000000000000000000000000000000000000000000000000000000000005688f252a7bd80
655,00000000000000000000000000000000000000000000000000000000000000000000000000000000000000000000000000000000000000000030e267be96e720
656,0000000000000000000000000000000000000000000000000000000000000000000000000000000000000000000000000000000000000000001b7e056aae5160
657,00000000000000000000000000000000000000000000000000000000000000000000000000000000000000000000000000000000000000000020a582743b45e0
658,0000000000000000000000000000000000000000000000000000000000000000000000000000000000000000000000000000000000000000005c7fda4e3abc40
659,00000000000000000000000000000000000000000000000000000000000000000000000000000000000000000000000000000000000000000021335f60d384c0
660,00000000000000000000000000000000000000000000000000000000000000000000000000000000000000000000000000000000000000000015ff4d7ab35060
661,0000000000000000000000000000000000000000000000000000000000000000000000000000000000000000000000000000000000000000001fb0d4c9a44980
662,00000000000000000000000000000000000000000000000000000000000000000000000000000000000000000000000000000000000000000028032c6b52ebe0
663,00000000000000000000000000000000000000000000000000000000000000000000000000000000000000000000000000000000000000000028e91b51fbf440
664,00000000000000000000000000000000000000000000000000000000000000000000000000000000000000000000000000000000000000000023dc50bcc9dbc0
665,0000000000000000000000000000000000000000000000000000000000000000000000000000000000000000000000000000000000000000002edac5305f89e0
666,00000000000000000000000000000000000000000000000000000000000000000000000000000000000000000000000000000000000000000033233335430760
667,000000000000000000000000000000000000000000000000000000000000000000000000000000000000000000000000000000000000000000301c83df9dbde0
668,00000000000000000000000000000000000000000000000000000000000000000000000000000000000000000000000000000000000000000020dd8f2b881b80
669,0000000000000000000000000000000000000000000000000000000000000000000000000000000000000000000000000000000000000000006db996cc792ae0
670,0000000000000000000000000000000000000000000000000000000000000000000000000000000000000000000000000000000000000000003f365cc76e93a0
671,0000000000000000000000000000000000000000000000000000000000000000000000000000000000000000000000000000000000000000000f2d112b7199e0
672,0000000000000000000000000000000000000000000000000000000000000000000000000000000000000000000000000000000000000000001f738cb03b8ce0
673,000000000000000000000000000000000000000000000000000000000000000000000000000000000000000000000000000000000000000000231c8d49b5c820
674,0000000000000000000000000000000000000000000000000000000000000000000000000000000000000000000000000000000000000000001b56fb6d4fbde0
675,000000000000000000000000000000000000000000000000000000000000000000000000000000000000000000000000000000000000000000325721f43e45a0
676,0000000000000000000000000000000000000000000000000000000000000000000000000000000000000000000000000000000000000000001c34d0caabe140
677,0000000000000000000000000000000000000000000000000000000000000000000000000000000000000000000000000000000000000000000fd8a533931aa0
678,0000000000000000000000000000000000000000000000000000000000000000000000000000000000000000000000000000000000000000001e967a2b6fd240
679,0000000000000000000000000000000000000000000000000000000000000000000000000000000000000000000000000000000000000000003a2e5380af60e0
680,00000000000000000000000000000000000000000000000000000000000000000000000000000000000000000000000000000000000000000030ba9fa3bb4a80
681,0000000000000000000000000000000000000000000000000000000000000000000000000000000000000000000000000000000000000000005d4be60f3fdce0
682,00000000000000000000000000000000000000000000000000000000000000000000000000000000000000000000000000000000000000000020c971c0945220
683,000000000000000000000000000000000000000000000000000000000000000000000000000000000000000000000000000000000000000000255777c0c751a0
684,00000000000000000000000000000000000000000000000000000000000000000000000000000000000000000000000000000000000000000017806b9bd3b820
685,00000000000000000000000000000000000000000000000000000000000000000000000000000000000000000000000000000000000000000021536ff25ba1e0
686,000000000000000000000000000000000000000000000000000000000000000000000000000000000000000000000000000000000000000000366d3d72ad3560
687,0000000000000000000000000000000000000000000000000000000000000000000000000000000000000000000000000000000000000000003a1e7bbcd45c20
688,000000000000000000000000000000000000000000000000000000000000000000000000000000000000000000000000000000000000000000330f24ca4e3b40
689,000000000000000000000000000000000000000000000000000000000000000000000000000000000000000000000000000000000000000000324a359c7fa8c0
690,0000000000000000000000000000000000000000000000000000000000000000000000000000000000000000000000000000000000000000001a1636ef3bc1c0
691,00000000000000000000000000000000000000000000000000000000000000000000000000000000000000000000000000000000000000000010b5315fca58e0
692,0000000000000000000000000000000000000000000000000000000000000000000000000000000000000000000000000000000000000000001db039baf3aae0
693,00000000000000000000000000000000000000000000000000000000000000000000000000000000000000000000000000000000000000000029b4ab757f90a0
694,000000000000000000000000000000000000000000000000000000000000000000000000000000000000000000000000000000000000000000277b21af9156e0
695,0000000000000000000000000000000000000000000000000000000000000000000000000000000000000000000000000000000000000000002ab5c85a53bf80
696,0000000000000000000000000000000000000000000000000000000000000000000000000000000000000000000000000000000000000000000f79624daf9820
697,000000000000000000000000000000000000000000000000000000000000000000000000000000000000000000000000000000000000000000234d45d045f660
698,0000000000000000000000000000000000000000000000000000000000000000000000000000000000000000000000000000000000000000001e1a7da0195c20
699,0000000000000000000000000000000000000000000000000000000000000000000000000000000000000000000000000000000000000000002add8d88e0c9a0
700,000000000000000000000000000000000000000000000000000000000000000000000000000000000000000000000000000000000000000000277e132f5e9100
701,0000000000000000000000000000000000000000000000000000000000000000000000000000000000000000000000000000000000000000001fa551992fcce0
702,00000000000000000000000000000000000000000000000000000000000000000000000000000000000000000000000000000000000000000033622a9d53a040
703,00000000000000000000000000000000000000000000000000000000000000000000000000000000000000000000000000000000000000000013ad8bf17a89e0
704,0000000000000000000000000000000000000000000000000000000000000000000000000000000000000000000000000000000000000000001395b57315be00
705,0000000000000000000000000000000000000000000000000000000000000000000000000000000000000000000000000000000000000000003b9578e87c1a00
706,000000000000000000000000000000000000000000000000000000000000000000000000000000000000000000000000000000000000000000182aa12de573e0
707,00000000000000000000000000000000000000000000000000000000000000000000000000000000000000000000000000000000000000000023cf536ee50100
708,0000000000000000000000000000000000000000000000000000000000000000000000000000000000000000000000000000000000000000001a5c16d6d53000
709,0000000000000000000000000000000000000000000000000000000000000000000000000000000000000000000000000000000000000000001e5ea411a92720
710,00000000000000000000000000000000000000000000000000000000000000000000000000000000000000000000000000000000000000000015c3af74df1900
711,0000000000000000000000000000000000000000000000000000000000000000000000000000000000000000000000000000000000000000002e210fa931cb00
712,00000000000000000000000000000000000000000000000000000000000000000000000000000000000000000000000000000000000000000022e0e888ce53a0
713,0000000000000000000000000000000000000000000000000000000000000000000000000000000000000000000000000000000000000000000d0648292c31a0
714,0000000000000000000000000000000000000000000000000000000000000000000000000000000000000000000000000000000000000000002201030e0beda0
715,000000000000000000000000000000000000000000000000000000000000000000000000000000000000000000000000000000000000000000299f986339dea0
716,0000000000000000000000000000000000000000000000000000000000000000000000000000000000000000000000000000000000000000004896857e515440
717,0000000000000000000000000000000000000000000000000000000000000000000000000000000000000000000000000000000000000000003d1ab9b0b7a220
718,000000000000000000000000000000000000000000000000000000000000000000000000000000000000000000000000000000000000000000353e40422b7780
719,0000000000000000000000000000000000000000000000000000000000000000000000000000000000000000000000000000000000000000005288e1d2bc9000
720,0000000000000000000000000000000000000000000000000000000000000000000000000000000000000000000000000000000000000000001fc2caa10c0280
721,0000000000000000000000000000000000000000000000000000000000000000000000000000000000000000000000000000000000000000001ae9799c1333e0
722,0000000000000000000000000000000000000000000000000000000000000000000000000000000000000000000000000000000000000000001d10dcc5b0af20
723,00000000000000000000000000000000000000000000000000000000000000000000000000000000000000000000000000000000000000000015311b9c4968a0
724,0000000000000000000000000000000000000000000000000000000000000000000000000000000000000000000000000000000000000000001aa3efef87a760
725,0000000000000000000000000000000000000000000000000000000000000000000000000000000000000000000000000000000000000000002e254f1f0fe6c0
726,0000000000000000000000000000000000000000000000000000000000000000000000000000000000000000000000000000000000000000002ff637d859c000
727,0000000000000000000000000000000000000000000000000000000000000000000000000000000000000000000000000000000000000000002d142813edf0e0
728,00000000000000000000000000000000000000000000000000000000000000000000000000000000000000000000000000000000000000000037f27ac4c196c0
729,0000000000000000000000000000000000000000000000000000000000000000000000000000000000000000000000000000000000000000003408de121807e0
730,0000000000000000000000000000000000000000000000000000000000000000000000000000000000000000000000000000000000000000003e6723ae02b760
731,0000000000000000000000000000000000000000000000000000000000000000000000000000000000000000000000000000000000000000002f1909ac2d6c40
732,0000000000000000000000000000000000000000000000000000000000000000000000000000000000000000000000000000000000000000001f2fbb79b9b4e0
733,0000000000000000000000000000000000000000000000000000000000000000000000000000000000000000000000000000000000000000004eebe991104ea0
734,00000000000000000000000000000000000000000000000000000000000000000000000000000000000000000000000000000000000000000038e82e47e47820
735,000000000000000000000000000000000000000000000000000000000000000000000000000000000000000000000000000000000000000000417ca2a0325c20
736,00000000000000000000000000000000000000000000000000000000000000000000000000000000000000000000000000000000000000000045b109ba208c20
737,00000000000000000000000000000000000000000000000000000000000000000000000000000000000000000000000000000000000000000012e6cfcda3a480
738,0000000000000000000000000000000000000000000000000000000000000000000000000000000000000000000000000000000000000000002afffd6904e700
739,00000000000000000000000000000000000000000000000000000000000000000000000000000000000000000000000000000000000000000019800383335700
740,0000000000000000000000000000000000000000000000000000000000000000000000000000000000000000000000000000000000000000003a1c10a94cd820
741,0000000000000000000000000000000000000000000000000000000000000000000000000000000000000000000000000000000000000000001edc7f092e2560
742,0000000000000000000000000000000000000000000000000000000000000000000000000000000000000000000000000000000000000000001a3197bc286820
743,00000000000000000000000000000000000000000000000000000000000000000000000000000000000000000000000000000000000000000033cd9d16162920
744,00000000000000000000000000000000000000000000000000000000000000000000000000000000000000000000000000000000000000000026f353e9f308c0
745,00000000000000000000000000000000000000000000000000000000000000000000000000000000000000000000000000000000000000000022324880e161e0
746,000000000000000000000000000000000000000000000000000000000000000000000000000000000000000000000000000000000000000000309c0f12194d60
747,00000000000000000000000000000000000000000000000000000000000000000000000000000000000000000000000000000000000000000024bba8d51fa140
748,000000000000000000000000000000000000000000000000000000000000000000000000000000000000000000000000000000000000000000294ae1c18cb740
749,0000000000000000000000000000000000000000000000000000000000000000000000000000000000000000000000000000000000000000001f5ddb0a4f4f40
750,00000000000000000000000000000000000000000000000000000000000000000000000000000000000000000000000000000000000000000017e793c61b5680
751,0000000000000000000000000000000000000000000000000000000000000000000000000000000000000000000000000000000000000000001d36f956d07d40
752,0000000000000000000000000000000000000000000000000000000000000000000000000000000000000000000000000000000000000000001e736c1042ad20
753,0000000000000000000000000000000000000000000000000000000000000000000000000000000000000000000000000000000000000000003b326baa3c7020
754,000000000000000000000000000000000000000000000000000000000000000000000000000000000000000000000000000000000000000000270e54a334ed60
755,000000000000000000000000000000000000000000000000000000000000000000000000000000000000000000000000000000000000000000122acef7d88c60
756,00000000000000000000000000000000000000000000000000000000000000000000000000000000000000000000000000000000000000000021c4f4397a63e0
757,0000000000000000000000000000000000000000000000000000000000000000000000000000000000000000000000000000000000000000001e73a2f2b521c0
758,0000000000000000000000000000000000000000000000000000000000000000000000000000000000000000000000000000000000000000002cd384dd353f60
759,00000000000000000000000000000000000000000000000000000000000000000000000000000000000000000000000000000000000000000038a22b7dd73c40
760,00000000000000000000000000000000000000000000000000000000000000000000000000000000000000000000000000000000000000000021b538b0b12960
761,00000000000000000000000000000000000000000000000000000000000000000000000000000000000000000000000000000000000000000026d1ed311f83a0
762,0000000000000000000000000000000000000000000000000000000000000000000000000000000000000000000000000000000000000000001dcff060331240
763,0000000000000000000000000000000000000000000000000000000000000000000000000000000000000000000000000000000000000000002bcbf58c818160
764,0000000000000000000000000000000000000000000000000000000000000000000000000000000000000000000000000000000000000000001df546051182e0
765,0000000000000000000000000000000000000000000000000000000000000000000000000000000000000000000000000000000000000000001beff027ed8e60
766,0000000000000000000000000000000000000000000000000000000000000000000000000000000000000000000000000000000000000000001fa7d171a23960
767,0000000000000000000000000000000000000000000000000000000000000000000000000000000000000000000000000000000000000000002cb9445efa1800
768,0000000000000000000000000000000000000000000000000000000000000000000000000000000000000000000000000000000000000000002bafea183de4a0
769,0000000000000000000000000000000000000000000000000000000000000000000000000000000000000000000000000000000000000000003c6bfd28cc9c00
770,000000000000000000000000000000000000000000000000000000000000000000000000000000000000000000000000000000000000000000380468e11623e0
771,00000000000000000000000000000000000000000000000000000000000000000000000000000000000000000000000000000000000000000036003066551be0
772,0000000000000000000000000000000000000000000000000000000000000000000000000000000000000000000000000000000000000000002d79fda0c287c0
773,0000000000000000000000000000000000000000000000000000000000000000000000000000000000000000000000000000000000000000001555cfad818160
774,00000000000000000000000000000000000000000000000000000000000000000000000000000000000000000000000000000000000000000019c76f921489c0
775,0000000000000000000000000000000000000000000000000000000000000000000000000000000000000000000000000000000000000000002f081e05eed720
776,0000000000000000000000000000000000000000000000000000000000000000000000000000000000000000000000000000000000000000001bebeb9481a240
777,0000000000000000000000000000000000000000000000000000000000000000000000000000000000000000000000000000000000000000003426c1728a9ce0
778,0000000000000000000000000000000000000000000000000000000000000000000000000000000000000000000000000000000000000000007369cfaf459dc0
779,0000000000000000000000000000000000000000000000000000000000000000000000000000000000000000000000000000000000000000002af774ae846c60
780,000000000000000000000000000000000000000000000000000000000000000000000000000000000000000000000000000000000000000000485bd815f6bee0
781,000000000000000000000000000000000000000000000000000000000000000000000000000000000000000000000000000000000000000000146a83f8700da0
782,0000000000000000000000000000000000000000000000000000000000000000000000000000000000000000000000000000000000000000003e81d3e74a08a0
783,0000000000000000000000000000000000000000000000000000000000000000000000000000000000000000000000000000000000000000003ad63ee1ad88c0
784,00000000000000000000000000000000000000000000000000000000000000000000000000000000000000000000000000000000000000000025796ebe7d6ce0
785,00000000000000000000000000000000000000000000000000000000000000000000000000000000000000000000000000000000000000000024cf5dd3cbaf00
786,0000000000000000000000000000000000000000000000000000000000000000000000000000000000000000000000000000000000000000003806cc60ecef80
787,0000000000000000000000000000000000000000000000000000000000000000000000000000000000000000000000000000000000000000003f049c37179280
788,0000000000000000000000000000000000000000000000000000000000000000000000000000000000000000000000000000000000000000002ed497ce53f160
789,00000000000000000000000000000000000000000000000000000000000000000000000000000000000000000000000000000000000000000014ab982f2121e0
790,0000000000000000000000000000000000000000000000000000000000000000000000000000000000000000000000000000000000000000002b9743cb222d20
791,0000000000000000000000000000000000000000000000000000000000000000000000000000000000000000000000000000000000000000006258825f88c4c0
792,00000000000000000000000000000000000000000000000000000000000000000000000000000000000000000000000000000000000000000033e42d1e699200
793,000000000000000000000000000000000000000000000000000000000000000000000000000000000000000000000000000000000000000000291b74587011e0
794,0000000000000000000000000000000000000000000000000000000000000000000000000000000000000000000000000000000000000000001e0b0221246e80
795,000000000000000000000000000000000000000000000000000000000000000000000000000000000000000000000000000000000000000000268278053f1580
796,0000000000000000000000000000000000000000000000000000000000000000000000000000000000000000000000000000000000000000002fe84931e79ea0
797,00000000000000000000000000000000000000000000000000000000000000000000000000000000000000000000000000000000000000000031336dea5c5000
798,000000000000000000000000000000000000000000000000000000000000000000000000000000000000000000000000000000000000000000332c0defbdfb80
799,0000000000000000000000000000000000000000000000000000000000000000000000000000000000000000000000000000000000000000003150e8685fcee0
800,00000000000000000000000000000000000000000000000000000000000000000000000000000000000000000000000000000000000000000011892ee532bdc0
801,0000000000000000000000000000000000000000000000000000000000000000000000000000000000000000000000000000000000000000002d9697814b50a0
802,0000000000000000000000000000000000000000000000000000000000000000000000000000000000000000000000000000000000000000001a229b9fa10c80
803,00000000000000000000000000000000000000000000000000000000000000000000000000000000000000000000000000000000000000000017a05754c0c700
804,00000000000000000000000000000000000000000000000000000000000000000000000000000000000000000000000000000000000000000035dc4dc15dab80
805,00000000000000000000000000000000000000000000000000000000000000000000000000000000000000000000000000000000000000000021c037aff37aa0
806,00000000000000000000000000000000000000000000000000000000000000000000000000000000000000000000000000000000000000000038c4f7ddf51e00
807,00000000000000000000000000000000000000000000000000000000000000000000000000000000000000000000000000000000000000000032c5c2f6a28940
808,00000000000000000000000000000000000000000000000000000000000000000000000000000000000000000000000000000000000000000023fbaa8971fae0
809,0000000000000000000000000000000000000000000000000000000000000000000000000000000000000000000000000000000000000000001901ba50a21500
810,0000000000000000000000000000000000000000000000000000000000000000000000000000000000000000000000000000000000000000001b728f7f253ea0
811,0000000000000000000000000000000000000000000000000000000000000000000000000000000000000000000000000000000000000000001a59f77e5c42e0
812,0000000000000000000000000000000000000000000000000000000000000000000000000000000000000000000000000000000000000000002b8f9b7308bb40
813,0000000000000000000000000000000000000000000000000000000000000000000000000000000000000000000000000000000000000000001b203b5d4ef420
814,0000000000000000000000000000000000000000000000000000000000000000000000000000000000000000000000000000000000000000001a05f58dde0240
815,000000000000000000000000000000000000000000000000000000000000000000000000000000000000000000000000000000000000000000293945ea1eedc0
816,0000000000000000000000000000000000000000000000000000000000000000000000000000000000000000000000000000000000000000002ab29b3d00b120
817,0000000000000000000000000000000000000000000000000000000000000000000000000000000000000000000000000000000000000000002b948edf021920
818,00000000000000000000000000000000000000000000000000000000000000000000000000000000000000000000000000000000000000000034b65a06676ce0
819,0000000000000000000000000000000000000000000000000000000000000000000000000000000000000000000000000000000000000000002808116125e0c0
820,0000000000000000000000000000000000000000000000000000000000000000000000000000000000000000000000000000000000000000001a8f89f0e786e0
821,00000000000000000000000000000000000000000000000000000000000000000000000000000000000000000000000000000000000000000015b6a3d83648c0
822,0000000000000000000000000000000000000000000000000000000000000000000000000000000000000000000000000000000000000000003538c64c628ce0
823,00000000000000000000000000000000000000000000000000000000000000000000000000000000000000000000000000000000000000000014628bf8f983a0
824,00000000000000000000000000000000000000000000000000000000000000000000000000000000000000000000000000000000000000000023f3e3315a9fc0
825,00000000000000000000000000000000000000000000000000000000000000000000000000000000000000000000000000000000000000000012a1b00d5fb9c0
826,0000000000000000000000000000000000000000000000000000000000000000000000000000000000000000000000000000000000000000001d6541b6284400
827,0000000000000000000000000000000000000000000000000000000000000000000000000000000000000000000000000000000000000000002d3f931ad99800
828,00000000000000000000000000000000000000000000000000000000000000000000000000000000000000000000000000000000000000000044a3039b176340
829,00000000000000000000000000000000000000000000000000000000000000000000000000000000000000000000000000000000000000000018e7a9039ed340
830,0000000000000000000000000000000000000000000000000000000000000000000000000000000000000000000000000000000000000000002cccf7f1577960
831,000000000000000000000000000000000000000000000000000000000000000000000000000000000000000000000000000000000000000000260a0679ab81a0
832,000000000000000000000000000000000000000000000000000000000000000000000000000000000000000000000000000000000000000000267a7b197a1b80
833,00000000000000000000000000000000000000000000000000000000000000000000000000000000000000000000000000000000000000000020fc6695c2dc60
834,0000000000000000000000000000000000000000000000000000000000000000000000000000000000000000000000000000000000000000002850d234dc6c00
835,000000000000000000000000000000000000000000000000000000000000000000000000000000000000000000000000000000000000000000108411b1dea7e0
836,00000000000000000000000000000000000000000000000000000000000000000000000000000000000000000000000000000000000000000009d7ee4c5a8860
837,00000000000000000000000000000000000000000000000000000000000000000000000000000000000000000000000000000000000000000036426cf58fc200
838,00000000000000000000000000000000000000000000000000000000000000000000000000000000000000000000000000000000000000000015205c9391aa80
839,0000000000000000000000000000000000000000000000000000000000000000000000000000000000000000000000000000000000000000003595dd6d7f33a0
840,0000000000000000000000000000000000000000000000000000000000000000000000000000000000000000000000000000000000000000001103cfc6ccf100
841,0000000000000000000000000000000000000000000000000000000000000000000000000000000000000000000000000000000000000000000cdd9c2be9c8a0
842,00000000000000000000000000000000000000000000000000000000000000000000000000000000000000000000000000000000000000000019359ccd2311e0
843,00000000000000000000000000000000000000000000000000000000000000000000000000000000000000000000000000000000000000000014f82adb335320
844,0000000000000000000000000000000000000000000000000000000000000000000000000000000000000000000000000000000000000000002ea04b16c66bc0
845,0000000000000000000000000000000000000000000000000000000000000000000000000000000000000000000000000000000000000000001beab1ed344ea0
846,000000000000000000000000000000000000000000000000000000000000000000000000000000000000000000000000000000000000000000235f8062bcbf00
847,0000000000000000000000000000000000000000000000000000000000000000000000000000000000000000000000000000000000000000001cfd2bdab59620
848,0000000000000000000000000000000000000000000000000000000000000000000000000000000000000000000000000000000000000000001c5b6d96d6bca0
849,0000000000000000000000000000000000000000000000000000000000000000000000000000000000000000000000000000000000000000001dd0c44c738f80
850,0000000000000000000000000000000000000000000000000000000000000000000000000000000000000000000000000000000000000000003a5564af488c00
851,000000000000000000000000000000000000000000000000000000000000000000000000000000000000000000000000000000000000000000326e50cb4be760
852,0000000000000000000000000000000000000000000000000000000000000000000000000000000000000000000000000000000000000000002d5a290f365fa0
853,00000000000000000000000000000000000000000000000000000000000000000000000000000000000000000000000000000000000000000035dab6cb51b520
854,0000000000000000000000000000000000000000000000000000000000000000000000000000000000000000000000000000000000000000002730d9aaba1400
855,0000000000000000000000000000000000000000000000000000000000000000000000000000000000000000000000000000000000000000003b5200d956b640
856,00000000000000000000000000000000000000000000000000000000000000000000000000000000000000000000000000000000000000000019ea1a85e5e720
857,0000000000000000000000000000000000000000000000000000000000000000000000000000000000000000000000000000000000000000003165f6e6f494c0
858,0000000000000000000000000000000000000000000000000000000000000000000000000000000000000000000000000000000000000000002ce501d22ef640
859,0000000000000000000000000000000000000000000000000000000000000000000000000000000000000000000000000000000000000000004a82ee49720740
860,0000000000000000000000000000000000000000000000000000000000000000000000000000000000000000000000000000000000000000003aa0d447bd1f40
861,00000000000000000000000000000000000000000000000000000000000000000000000000000000000000000000000000000000000000000020405bf1338120
862,0000000000000000000000000000000000000000000000000000000000000000000000000000000000000000000000000000000000000000002e273832a02d40
863,00000000000000000000000000000000000000000000000000000000000000000000000000000000000000000000000000000000000000000033303cdbc49700
864,0000000000000000000000000000000000000000000000000000000000000000000000000000000000000000000000000000000000000000001cc62b197e14a0
865,00000000000000000000000000000000000000000000000000000000000000000000000000000000000000000000000000000000000000000016b939ee2c20c0
866,00000000000000000000000000000000000000000000000000000000000000000000000000000000000000000000000000000000000000000033ca88a023e7a0
867,0000000000000000000000000000000000000000000000000000000000000000000000000000000000000000000000000000000000000000002962c4675327a0
868,0000000000000000000000000000000000000000000000000000000000000000000000000000000000000000000000000000000000000000001b385447fe0b20
869,0000000000000000000000000000000000000000000000000000000000000000000000000000000000000000000000000000000000000000001dc17c12677c40
870,00000000000000000000000000000000000000000000000000000000000000000000000000000000000000000000000000000000000000000027d943bceac620
871,00000000000000000000000000000000000000000000000000000000000000000000000000000000000000000000000000000000000000000015615aacba63a0
872,0000000000000000000000000000000000000000000000000000000000000000000000000000000000000000000000000000000000000000002cf7556e7cac80
873,0000000000000000000000000000000000000000000000000000000000000000000000000000000000000000000000000000000000000000002a232581bf11e0
874,0000000000000000000000000000000000000000000000000000000000000000000000000000000000000000000000000000000000000000003e9de4d1b4a9a0
875,0000000000000000000000000000000000000000000000000000000000000000000000000000000000000000000000000000000000000000005db92f1b93eb60
876,00000000000000000000000000000000000000000000000000000000000000000000000000000000000000000000000000000000000000000035191a9d49cae0
877,0000000000000000000000000000000000000000000000000000000000000000000000000000000000000000000000000000000000000000002966da1847c520
878,00000000000000000000000000000000000000000000000000000000000000000000000000000000000000000000000000000000000000000017e12c3cb13300
879,0000000000000000000000000000000000000000000000000000000000000000000000000000000000000000000000000000000000000000002b8bdc9aabcd80
880,00000000000000000000000000000000000000000000000000000000000000000000000000000000000000000000000000000000000000000021c2334d5b1ee0
881,0000000000000000000000000000000000000000000000000000000000000000000000000000000000000000000000000000000000000000001e3a3127cf20a0
882,0000000000000000000000000000000000000000000000000000000000000000000000000000000000000000000000000000000000000000002f6927ebb3b0e0
883,0000000000000000000000000000000000000000000000000000000000000000000000000000000000000000000000000000000000000000003738ace4f7f200
884,00000000000000000000000000000000000000000000000000000000000000000000000000000000000000000000000000000000000000000021c60cfe53c760
885,0000000000000000000000000000000000000000000000000000000000000000000000000000000000000000000000000000000000000000001f7be660e69560
886,000000000000000000000000000000000000000000000000000000000000000000000000000000000000000000000000000000000000000000250dd6596ead40
887,00000000000000000000000000000000000000000000000000000000000000000000000000000000000000000000000000000000000000000016fc1aae96ca40
888,0000000000000000000000000000000000000000000000000000000000000000000000000000000000000000000000000000000000000000001f6aa344868280
889,0000000000000000000000000000000000000000000000000000000000000000000000000000000000000000000000000000000000000000002c94bf7ef9e4e0
890,0000000000000000000000000000000000000000000000000000000000000000000000000000000000000000000000000000000000000000001f6c414e4339e0
891,00000000000000000000000000000000000000000000000000000000000000000000000000000000000000000000000000000000000000000015d14e2f07d820
892,000000000000000000000000000000000000000000000000000000000000000000000000000000000000000000000000000000000000000000241b8e24d5bd20
893,000000000000000000000000000000000000000000000000000000000000000000000000000000000000000000000000000000000000000000312e4bafa12d40
894,000000000000000000000000000000000000000000000000000000000000000000000000000000000000000000000000000000000000000000321d6f95ab6360
895,000000000000000000000000000000000000000000000000000000000000000000000000000000000000000000000000000000000000000000101f61fd93ce00
896,00000000000000000000000000000000000000000000000000000000000000000000000000000000000000000000000000000000000000000042df7df497d800
897,0000000000000000000000000000000000000000000000000000000000000000000000000000000000000000000000000000000000000000001de2e737897a00
898,0000000000000000000000000000000000000000000000000000000000000000000000000000000000000000000000000000000000000000003af0c9fd6d81a0
899,0000000000000000000000000000000000000000000000000000000000000000000000000000000000000000000000000000000000000000001b0bc441262240
900,00000000000000000000000000000000000000000000000000000000000000000000000000000000000000000000000000000000000000000026bb7fa8c9c7a0
901,0000000000000000000000000000000000000000000000000000000000000000000000000000000000000000000000000000000000000000001f36b06f6915c0
902,000000000000000000000000000000000000000000000000000000000000000000000000000000000000000000000000000000000000000000251060631b7da0
903,00000000000000000000000000000000000000000000000000000000000000000000000000000000000000000000000000000000000000000027f55193a46120
904,000000000000000000000000000000000000000000000000000000000000000000000000000000000000000000000000000000000000000000256a2c3f84a800
905,00000000000000000000000000000000000000000000000000000000000000000000000000000000000000000000000000000000000000000027caf95b6b21e0
906,000000000000000000000000000000000000000000000000000000000000000000000000000000000000000000000000000000000000000000101decf3d45360
907,00000000000000000000000000000000000000000000000000000000000000000000000000000000000000000000000000000000000000000020af76a4caa540
908,00000000000000000000000000000000000000000000000000000000000000000000000000000000000000000000000000000000000000000034914512bfb400
909,0000000000000000000000000000000000000000000000000000000000000000000000000000000000000000000000000000000000000000003436befb4f64e0
910,00000000000000000000000000000000000000000000000000000000000000000000000000000000000000000000000000000000000000000017444402578ae0
911,000000000000000000000000000000000000000000000000000000000000000000000000000000000000000000000000000000000000000000229c62a11d94e0
912,0000000000000000000000000000000000000000000000000000000000000000000000000000000000000000000000000000000000000000003deff05d6d6340
913,0000000000000000000000000000000000000000000000000000000000000000000000000000000000000000000000000000000000000000001eb0b60c2170a0
914,00000000000000000000000000000000000000000000000000000000000000000000000000000000000000000000000000000000000000000015a643cf7823e0
915,0000000000000000000000000000000000000000000000000000000000000000000000000000000000000000000000000000000000000000001070433d0ceee0
916,000000000000000000000000000000000000000000000000000000000000000000000000000000000000000000000000000000000000000000357eb9bdd347a0
917,00000000000000000000000000000000000000000000000000000000000000000000000000000000000000000000000000000000000000000027d684334190a0
918,0000000000000000000000000000000000000000000000000000000000000000000000000000000000000000000000000000000000000000002161b053dbf2a0
919,0000000000000000000000000000000000000000000000000000000000000000000000000000000000000000000000000000000000000000002a7392062c5f20
920,0000000000000000000000000000000000000000000000000000000000000000000000000000000000000000000000000000000000000000002218e033d2bce0
921,0000000000000000000000000000000000000000000000000000000000000000000000000000000000000000000000000000000000000000002afcfb909b3d00
922,0000000000000000000000000000000000000000000000000000000000000000000000000000000000000000000000000000000000000000002f6f4b75226960
923,0000000000000000000000000000000000000000000000000000000000000000000000000000000000000000000000000000000000000000003717f604b61d60
924,0000000000000000000000000000000000000000000000000000000000000000000000000000000000000000000000000000000000000000002861ac962fdc40
925,000000000000000000000000000000000000000000000000000000000000000000000000000000000000000000000000000000000000000000228dfed350e240
926,0000000000000000000000000000000000000000000000000000000000000000000000000000000000000000000000000000000000000000001194760bd2a880
927,00000000000000000000000000000000000000000000000000000000000000000000000000000000000000000000000000000000000000000020162742d07a60
928,0000000000000000000000000000000000000000000000000000000000000000000000000000000000000000000000000000000000000000001c60cadb668280
929,0000000000000000000000000000000000000000000000000000000000000000000000000000000000000000000000000000000000000000001636ae320bbd00
930,0000000000000000000000000000000000000000000000000000000000000000000000000000000000000000000000000000000000000000003801a94d945180
931,00000000000000000000000000000000000000000000000000000000000000000000000000000000000000000000000000000000000000000025c02f6af404a0
932,0000000000000000000000000000000000000000000000000000000000000000000000000000000000000000000000000000000000000000002ef13a563e9b20
933,0000000000000000000000000000000000000000000000000000000000000000000000000000000000000000000000000000000000000000002161cb051539e0
934,0000000000000000000000000000000000000000000000000000000000000000000000000000000000000000000000000000000000000000002f83642edb7000
935,00000000000000000000000000000000000000000000000000000000000000000000000000000000000000000000000000000000000000000027f8511d4946a0
936,0000000000000000000000000000000000000000000000000000000000000000000000000000000000000000000000000000000000000000002bb32dd3194580
937,00000000000000000000000000000000000000000000000000000000000000000000000000000000000000000000000000000000000000000037dc4d0153dd80
938,00000000000000000000000000000000000000000000000000000000000000000000000000000000000000000000000000000000000000000016ae8beee45a40
939,000000000000000000000000000000000000000000000000000000000000000000000000000000000000000000000000000000000000000000317a90be2ec0c0
940,0000000000000000000000000000000000000000000000000000000000000000000000000000000000000000000000000000000000000000002f5f51b149af20
941,0000000000000000000000000000000000000000000000000000000000000000000000000000000000000000000000000000000000000000001de89005ecc660
942,00000000000000000000000000000000000000000000000000000000000000000000000000000000000000000000000000000000000000000036a7a1b3aa4280
943,000000000000000000000000000000000000000000000000000000000000000000000000000000000000000000000000000000000000000000302447f2c902a0
944,00000000000000000000000000000000000000000000000000000000000000000000000000000000000000000000000000000000000000000017e568501961c0
945,0000000000000000000000000000000000000000000000000000000000000000000000000000000000000000000000000000000000000000001c9ab4f50954a0
946,000000000000000000000000000000000000000000000000000000000000000000000000000000000000000000000000000000000000000000257daeef6f2d40
947,00000000000000000000000000000000000000000000000000000000000000000000000000000000000000000000000000000000000000000030077092445ea0
948,0000000000000000000000000000000000000000000000000000000000000000000000000000000000000000000000000000000000000000002072b96dceb440
949,0000000000000000000000000000000000000000000000000000000000000000000000000000000000000000000000000000000000000000001a2e36d9ec8800
950,0000000000000000000000000000000000000000000000000000000000000000000000000000000000000000000000000000000000000000001476d7c6605440
951,0000000000000000000000000000000000000000000000000000000000000000000000000000000000000000000000000000000000000000003752338aa21560
952,0000000000000000000000000000000000000000000000000000000000000000000000000000000000000000000000000000000000000000002fb8dc0db74360
953,000000000000000000000000000000000000000000000000000000000000000000000000000000000000000000000000000000000000000000197fd396e7ccc0
954,000000000000000000000000000000000000000000000000000000000000000000000000000000000000000000000000000000000000000000439495a377afe0
955,000000000000000000000000000000000000000000000000000000000000000000000000000000000000000000000000000000000000000000181fae873fd780
956,000000000000000000000000000000000000000000000000000000000000000000000000000000000000000000000000000000000000000000314677fcc51d40
957,0000000000000000000000000000000000000000000000000000000000000000000000000000000000000000000000000000000000000000002d5615ca905d40
958,00000000000000000000000000000000000000000000000000000000000000000000000000000000000000000000000000000000000000000030d866707e9160
959,000000000000000000000000000000000000000000000000000000000000000000000000000000000000000000000000000000000000000000347553d98e0400
960,0000000000000000000000000000000000000000000000000000000000000000000000000000000000000000000000000000000000000000002289580eb4d040
961,00000000000000000000000000000000000000000000000000000000000000000000000000000000000000000000000000000000000000000025357207fe8340
962,0000000000000000000000000000000000000000000000000000000000000000000000000000000000000000000000000000000000000000002be418772febe0
963,000000000000000000000000000000000000000000000000000000000000000000000000000000000000000000000000000000000000000000240f7360ba3c20
964,0000000000000000000000000000000000000000000000000000000000000000000000000000000000000000000000000000000000000000001a7d8f99801b80
965,00000000000000000000000000000000000000000000000000000000000000000000000000000000000000000000000000000000000000000035cd4b69c30a20
966,00000000000000000000000000000000000000000000000000000000000000000000000000000000000000000000000000000000000000000020bf6f4140fd40
967,0000000000000000000000000000000000000000000000000000000000000000000000000000000000000000000000000000000000000000001cc3738fd45520
968,00000000000000000000000000000000000000000000000000000000000000000000000000000000000000000000000000000000000000000026df174dc645c0
969,0000000000000000000000000000000000000000000000000000000000000000000000000000000000000000000000000000000000000000002b9cbc684da520
970,0000000000000000000000000000000000000000000000000000000000000000000000000000000000000000000000000000000000000000001966d298971e00
971,000000000000000000000000000000000000000000000000000000000000000000000000000000000000000000000000000000000000000000231d9b98687da0
972,00000000000000000000000000000000000000000000000000000000000000000000000000000000000000000000000000000000000000000044fb098177c200
973,0000000000000000000000000000000000000000000000000000000000000000000000000000000000000000000000000000000000000000003d1361bb0eed00
974,0000000000000000000000000000000000000000000000000000000000000000000000000000000000000000000000000000000000000000001ee16d3a142c40
975,00000000000000000000000000000000000000000000000000000000000000000000000000000000000000000000000000000000000000000029654267282a20
976,00000000000000000000000000000000000000000000000000000000000000000000000000000000000000000000000000000000000000000025cd9038d22b00
977,0000000000000000000000000000000000000000000000000000000000000000000000000000000000000000000000000000000000000000005d8507b2c8ce80
978,00000000000000000000000000000000000000000000000000000000000000000000000000000000000000000000000000000000000000000039f2f3ac120c60
979,0000000000000000000000000000000000000000000000000000000000000000000000000000000000000000000000000000000000000000002c679bee534f80
980,00000000000000000000000000000000000000000000000000000000000000000000000000000000000000000000000000000000000000000022c25e772be660
981,00000000000000000000000000000000000000000000000000000000000000000000000000000000000000000000000000000000000000000035aef77f7f6ce0
982,00000000000000000000000000000000000000000000000000000000000000000000000000000000000000000000000000000000000000000015a4f33204f9e0
983,0000000000000000000000000000000000000000000000000000000000000000000000000000000000000000000000000000000000000000002c00c3f5415d80
984,0000000000000000000000000000000000000000000000000000000000000000000000000000000000000000000000000000000000000000001340b8bdbc1460
985,00000000000000000000000000000000000000000000000000000000000000000000000000000000000000000000000000000000000000000017345265e0ba20
986,0000000000000000000000000000000000000000000000000000000000000000000000000000000000000000000000000000000000000000004686d68e2ea540
987,000000000000000000000000000000000000000000000000000000000000000000000000000000000000000000000000000000000000000000285670b47b7de0
988,00000000000000000000000000000000000000000000000000000000000000000000000000000000000000000000000000000000000000000020eea55b9c7060
989,000000000000000000000000000000000000000000000000000000000000000000000000000000000000000000000000000000000000000000397d8d653644e0
990,0000000000000000000000000000000000000000000000000000000000000000000000000000000000000000000000000000000000000000001dc9613941c180
991,0000000000000000000000000000000000000000000000000000000000000000000000000000000000000000000000000000000000000000002e49294407e9c0
992,00000000000000000000000000000000000000000000000000000000000000000000000000000000000000000000000000000000000000000022c54ec5be2160
993,0000000000000000000000000000000000000000000000000000000000000000000000000000000000000000000000000000000000000000004fd1b932cf23a0
994,000000000000000000000000000000000000000000000000000000000000000000000000000000000000000000000000000000000000000000396c4c3efd72a0
995,0000000000000000000000000000000000000000000000000000000000000000000000000000000000000000000000000000000000000000002a480792f41120
996,0000000000000000000000000000000000000000000000000000000000000000000000000000000000000000000000000000000000000000002548d5ae128260
997,0000000000000000000000000000000000000000000000000000000000000000000000000000000000000000000000000000000000000000001a65c1a4f359e0
998,0000000000000000000000000000000000000000000000000000000000000000000000000000000000000000000000000000000000000000001a2813ee079d80
999,0000000000000000000000000000000000000000000000000000000000000000000000000000000000000000000000000000000000000000002c3b6d6774d4c0
1000,000000000000000000000000000000000000000000000000000000000000000000000000000000000000000000000000000000000000000000306d7e9f1526e0
