Event_ID,Hex_Data
1,0000000000000000000000000000000000000000000000000000000000000000000000000000000000000000000000000000000000000000001cdfa5668b8320
2,0000000000000000000000000000000000000000000000000000000000000000000000000000000000000000000000000000000000000000002271e12dd36ba0
3,00000000000000000000000000000000000000000000000000000000000000000000000000000000000000000000000000000000000000000023797dd723cd40
4,0000000000000000000000000000000000000000000000000000000000000000000000000000000000000000000000000000000000000000001416c591c5dd80
5,0000000000000000000000000000000000000000000000000000000000000000000000000000000000000000000000000000000000000000003f7e46fda9bc60
6,000000000000000000000000000000000000000000000000000000000000000000000000000000000000000000000000000000000000000000232e210d72e1e0
7,000000000000000000000000000000000000000000000000000000000000000000000000000000000000000000000000000000000000000000250f11e33207c0
8,0000000000000000000000000000000000000000000000000000000000000000000000000000000000000000000000000000000000000000001ffd14a6f722e0
9,0000000000000000000000000000000000000000000000000000000000000000000000000000000000000000000000000000000000000000001834a09987c2c0
10,0000000000000000000000000000000000000000000000000000000000000000000000000000000000000000000000000000000000000000001514926321f6a0
11,0000000000000000000000000000000000000000000000000000000000000000000000000000000000000000000000000000000000000000000fec7b6d509c60
12,0000000000000000000000000000000000000000000000000000000000000000000000000000000000000000000000000000000000000000003abf3ec5b07220
13,0000000000000000000000000000000000000000000000000000000000000000000000000000000000000000000000000000000000000000001f371a6f61f140
14,00000000000000000000000000000000000000000000000000000000000000000000000000000000000000000000000000000000000000000026ffaa5f4597c0
15,000000000000000000000000000000000000000000000000000000000000000000000000000000000000000000000000000000000000000000237059a68669e0
16,0000000000000000000000000000000000000000000000000000000000000000000000000000000000000000000000000000000000000000004302966861d480
17,0000000000000000000000000000000000000000000000000000000000000000000000000000000000000000000000000000000000000000001e6ee7b7f30e40
18,0000000000000000000000000000000000000000000000000000000000000000000000000000000000000000000000000000000000000000001c1a38aeecc8a0
19,000000000000000000000000000000000000000000000000000000000000000000000000000000000000000000000000000000000000000000221dd1bd5613e0
20,0000000000000000000000000000000000000000000000000000000000000000000000000000000000000000000000000000000000000000001a6859c2507280
21,00000000000000000000000000000000000000000000000000000000000000000000000000000000000000000000000000000000000000000015d030ea2ec240
22,000000000000000000000000000000000000000000000000000000000000000000000000000000000000000000000000000000000000000000137c39eaf4b380
23,00000000000000000000000000000000000000000000000000000000000000000000000000000000000000000000000000000000000000000013f90cec6418a0
24,0000000000000000000000000000000000000000000000000000000000000000000000000000000000000000000000000000000000000000001d57da8fad0140
25,00000000000000000000000000000000000000000000000000000000000000000000000000000000000000000000000000000000000000000011b682135ff660
26,0000000000000000000000000000000000000000000000000000000000000000000000000000000000000000000000000000000000000000002661ce73c147a0
27,00000000000000000000000000000000000000000000000000000000000000000000000000000000000000000000000000000000000000000015cf97254cd000
28,00000000000000000000000000000000000000000000000000000000000000000000000000000000000000000000000000000000000000000019318074cc7100
29,00000000000000000000000000000000000000000000000000000000000000000000000000000000000000000000000000000000000000000012977d5cd49080
30,00000000000000000000000000000000000000000000000000000000000000000000000000000000000000000000000000000000000000000016f8e3a4f5a220
31,0000000000000000000000000000000000000000000000000000000000000000000000000000000000000000000000000000000000000000000e3883283af1a0
32,000000000000000000000000000000000000000000000000000000000000000000000000000000000000000000000000000000000000000000166f44d59e0c60
33,00000000000000000000000000000000000000000000000000000000000000000000000000000000000000000000000000000000000000000018e7b5beb1a8e0
34,00000000000000000000000000000000000000000000000000000000000000000000000000000000000000000000000000000000000000000010a389c3710ba0
35,00000000000000000000000000000000000000000000000000000000000000000000000000000000000000000000000000000000000000000010a6e1af8623e0
36,0000000000000000000000000000000000000000000000000000000000000000000000000000000000000000000000000000000000000000001c8a876c47c8a0
37,0000000000000000000000000000000000000000000000000000000000000000000000000000000000000000000000000000000000000000001ff14f58fd4220
38,000000000000000000000000000000000000000000000000000000000000000000000000000000000000000000000000000000000000000000126b58b86b92a0
39,0000000000000000000000000000000000000000000000000000000000000000000000000000000000000000000000000000000000000000002e77c9370b04e0
40,00000000000000000000000000000000000000000000000000000000000000000000000000000000000000000000000000000000000000000016ddabce2d9ba0
41,00000000000000000000000000000000000000000000000000000000000000000000000000000000000000000000000000000000000000000085751d81db27e0
42,0000000000000000000000000000000000000000000000000000000000000000000000000000000000000000000000000000000000000000001b55a5b2531380
43,000000000000000000000000000000000000000000000000000000000000000000000000000000000000000000000000000000000000000000165127c3f446e0
44,0000000000000000000000000000000000000000000000000000000000000000000000000000000000000000000000000000000000000000002f9fd2fbb5e4e0
45,0000000000000000000000000000000000000000000000000000000000000000000000000000000000000000000000000000000000000000001710f7197db4e0
46,00000000000000000000000000000000000000000000000000000000000000000000000000000000000000000000000000000000000000000016fc952e8e8920
47,0000000000000000000000000000000000000000000000000000000000000000000000000000000000000000000000000000000000000000001cadcea4faed20
48,0000000000000000000000000000000000000000000000000000000000000000000000000000000000000000000000000000000000000000001f9d46ad6bc460
49,00000000000000000000000000000000000000000000000000000000000000000000000000000000000000000000000000000000000000000013a026ad754e00
50,0000000000000000000000000000000000000000000000000000000000000000000000000000000000000000000000000000000000000000001a39a70a624c60
51,0000000000000000000000000000000000000000000000000000000000000000000000000000000000000000000000000000000000000000001036147233aa00
52,00000000000000000000000000000000000000000000000000000000000000000000000000000000000000000000000000000000000000000013ee211482f320
53,0000000000000000000000000000000000000000000000000000000000000000000000000000000000000000000000000000000000000000001b9077ae5c6d00
54,0000000000000000000000000000000000000000000000000000000000000000000000000000000000000000000000000000000000000000001a0289492cbf20
55,0000000000000000000000000000000000000000000000000000000000000000000000000000000000000000000000000000000000000000001a4290761756c0
56,0000000000000000000000000000000000000000000000000000000000000000000000000000000000000000000000000000000000000000001f8793e01d2480
57,000000000000000000000000000000000000000000000000000000000000000000000000000000000000000000000000000000000000000000275dc9a7b2e800
58,00000000000000000000000000000000000000000000000000000000000000000000000000000000000000000000000000000000000000000011dbb3fd2d1e20
59,00000000000000000000000000000000000000000000000000000000000000000000000000000000000000000000000000000000000000000022e46039cd96a0
60,00000000000000000000000000000000000000000000000000000000000000000000000000000000000000000000000000000000000000000020566bc85479a0
61,0000000000000000000000000000000000000000000000000000000000000000000000000000000000000000000000000000000000000000001b4d9f3cb62080
62,00000000000000000000000000000000000000000000000000000000000000000000000000000000000000000000000000000000000000000014e0c9c91562a0
63,0000000000000000000000000000000000000000000000000000000000000000000000000000000000000000000000000000000000000000000e700bc206d5a0
64,000000000000000000000000000000000000000000000000000000000000000000000000000000000000000000000000000000000000000000105bd620e37080
65,0000000000000000000000000000000000000000000000000000000000000000000000000000000000000000000000000000000000000000001a66504c4c3340
66,00000000000000000000000000000000000000000000000000000000000000000000000000000000000000000000000000000000000000000032bc51cfe2f300
67,0000000000000000000000000000000000000000000000000000000000000000000000000000000000000000000000000000000000000000002c6f0532bfc660
68,00000000000000000000000000000000000000000000000000000000000000000000000000000000000000000000000000000000000000000016e27a9c9f9880
69,00000000000000000000000000000000000000000000000000000000000000000000000000000000000000000000000000000000000000000017e579d9f0d0c0
70,000000000000000000000000000000000000000000000000000000000000000000000000000000000000000000000000000000000000000000129f9848978500
71,000000000000000000000000000000000000000000000000000000000000000000000000000000000000000000000000000000000000000000179a404b5136e0
72,0000000000000000000000000000000000000000000000000000000000000000000000000000000000000000000000000000000000000000002855a5034e23e0
73,0000000000000000000000000000000000000000000000000000000000000000000000000000000000000000000000000000000000000000001cc808f1fb6ba0
74,000000000000000000000000000000000000000000000000000000000000000000000000000000000000000000000000000000000000000000106ba6510dbce0
75,0000000000000000000000000000000000000000000000000000000000000000000000000000000000000000000000000000000000000000001c43650e9cb260
76,000000000000000000000000000000000000000000000000000000000000000000000000000000000000000000000000000000000000000000293bbff3ccd220
77,00000000000000000000000000000000000000000000000000000000000000000000000000000000000000000000000000000000000000000053cc5c1f66b840
78,0000000000000000000000000000000000000000000000000000000000000000000000000000000000000000000000000000000000000000003ea4cb513da180
79,0000000000000000000000000000000000000000000000000000000000000000000000000000000000000000000000000000000000000000001c8c325879c920
80,000000000000000000000000000000000000000000000000000000000000000000000000000000000000000000000000000000000000000000296e3e0defab40
81,000000000000000000000000000000000000000000000000000000000000000000000000000000000000000000000000000000000000000000129823842bd480
82,000000000000000000000000000000000000000000000000000000000000000000000000000000000000000000000000000000000000000000153bbcb91be600
83,00000000000000000000000000000000000000000000000000000000000000000000000000000000000000000000000000000000000000000034c0caa33d2ee0
84,0000000000000000000000000000000000000000000000000000000000000000000000000000000000000000000000000000000000000000001698f8b544d4c0
85,000000000000000000000000000000000000000000000000000000000000000000000000000000000000000000000000000000000000000000366b694191ae00
86,0000000000000000000000000000000000000000000000000000000000000000000000000000000000000000000000000000000000000000001dd469560d4e20
87,0000000000000000000000000000000000000000000000000000000000000000000000000000000000000000000000000000000000000000001e139bf92d9a80
88,0000000000000000000000000000000000000000000000000000000000000000000000000000000000000000000000000000000000000000002720aca1f87f60
89,00000000000000000000000000000000000000000000000000000000000000000000000000000000000000000000000000000000000000000035aefa8957d600
90,000000000000000000000000000000000000000000000000000000000000000000000000000000000000000000000000000000000000000000126fcf1a94bfe0
91,00000000000000000000000000000000000000000000000000000000000000000000000000000000000000000000000000000000000000000011121c149b3900
92,0000000000000000000000000000000000000000000000000000000000000000000000000000000000000000000000000000000000000000002bc665aa6b4c00
93,00000000000000000000000000000000000000000000000000000000000000000000000000000000000000000000000000000000000000000015f115e7f75400
94,0000000000000000000000000000000000000000000000000000000000000000000000000000000000000000000000000000000000000000001b19fb5dbac420
95,00000000000000000000000000000000000000000000000000000000000000000000000000000000000000000000000000000000000000000017ca1f34663660
96,00000000000000000000000000000000000000000000000000000000000000000000000000000000000000000000000000000000000000000019dd461a747280
97,0000000000000000000000000000000000000000000000000000000000000000000000000000000000000000000000000000000000000000001164e53669a140
98,00000000000000000000000000000000000000000000000000000000000000000000000000000000000000000000000000000000000000000041218512a4df40
99,0000000000000000000000000000000000000000000000000000000000000000000000000000000000000000000000000000000000000000001ffbc94e6fecc0
100,00000000000000000000000000000000000000000000000000000000000000000000000000000000000000000000000000000000000000000017c549aae0fc60
101,0000000000000000000000000000000000000000000000000000000000000000000000000000000000000000000000000000000000000000000d7936f0328680
102,0000000000000000000000000000000000000000000000000000000000000000000000000000000000000000000000000000000000000000001c1943603863e0
103,00000000000000000000000000000000000000000000000000000000000000000000000000000000000000000000000000000000000000000042e32e2f6be940
104,000000000000000000000000000000000000000000000000000000000000000000000000000000000000000000000000000000000000000000202d0aa3bbcf60
105,00000000000000000000000000000000000000000000000000000000000000000000000000000000000000000000000000000000000000000012761e24008a00
106,00000000000000000000000000000000000000000000000000000000000000000000000000000000000000000000000000000000000000000013ff56d8466260
107,000000000000000000000000000000000000000000000000000000000000000000000000000000000000000000000000000000000000000000148aa089f75bc0
108,00000000000000000000000000000000000000000000000000000000000000000000000000000000000000000000000000000000000000000018716fd0827d40
109,0000000000000000000000000000000000000000000000000000000000000000000000000000000000000000000000000000000000000000001a2e7e63c05380
110,00000000000000000000000000000000000000000000000000000000000000000000000000000000000000000000000000000000000000000022c0edcfe24780
111,00000000000000000000000000000000000000000000000000000000000000000000000000000000000000000000000000000000000000000027f02d58e960e0
112,000000000000000000000000000000000000000000000000000000000000000000000000000000000000000000000000000000000000000000190cf9bc2ed3e0
113,00000000000000000000000000000000000000000000000000000000000000000000000000000000000000000000000000000000000000000023dfe14664fc00
114,00000000000000000000000000000000000000000000000000000000000000000000000000000000000000000000000000000000000000000021c7f71bbc9980
115,000000000000000000000000000000000000000000000000000000000000000000000000000000000000000000000000000000000000000000263d821d95e2c0
116,00000000000000000000000000000000000000000000000000000000000000000000000000000000000000000000000000000000000000000020d00d2c711e00
117,000000000000000000000000000000000000000000000000000000000000000000000000000000000000000000000000000000000000000000103d6ea2efe9e0
118,000000000000000000000000000000000000000000000000000000000000000000000000000000000000000000000000000000000000000000188b5b4ec35ee0
119,000000000000000000000000000000000000000000000000000000000000000000000000000000000000000000000000000000000000000000189a3c579b5280
120,00000000000000000000000000000000000000000000000000000000000000000000000000000000000000000000000000000000000000000017b38bf0ff5400
121,0000000000000000000000000000000000000000000000000000000000000000000000000000000000000000000000000000000000000000003e5e77424990c0
122,00000000000000000000000000000000000000000000000000000000000000000000000000000000000000000000000000000000000000000010d6d4a2726740
123,0000000000000000000000000000000000000000000000000000000000000000000000000000000000000000000000000000000000000000002fa6e92c76b9c0
124,0000000000000000000000000000000000000000000000000000000000000000000000000000000000000000000000000000000000000000001690c598486de0
125,00000000000000000000000000000000000000000000000000000000000000000000000000000000000000000000000000000000000000000020adabb89accc0
126,0000000000000000000000000000000000000000000000000000000000000000000000000000000000000000000000000000000000000000001475abc6748b40
127,00000000000000000000000000000000000000000000000000000000000000000000000000000000000000000000000000000000000000000018f67d829f01a0
128,0000000000000000000000000000000000000000000000000000000000000000000000000000000000000000000000000000000000000000002648d9ce0d4dc0
129,00000000000000000000000000000000000000000000000000000000000000000000000000000000000000000000000000000000000000000013990a7cb4e0a0
130,00000000000000000000000000000000000000000000000000000000000000000000000000000000000000000000000000000000000000000025f74604c79720
131,00000000000000000000000000000000000000000000000000000000000000000000000000000000000000000000000000000000000000000050d6af2b122d00
132,00000000000000000000000000000000000000000000000000000000000000000000000000000000000000000000000000000000000000000026f4bbcc50f020
133,0000000000000000000000000000000000000000000000000000000000000000000000000000000000000000000000000000000000000000003280acb65dfaa0
134,0000000000000000000000000000000000000000000000000000000000000000000000000000000000000000000000000000000000000000004b83ea41f9a920
135,00000000000000000000000000000000000000000000000000000000000000000000000000000000000000000000000000000000000000000017230dd3595e00
136,0000000000000000000000000000000000000000000000000000000000000000000000000000000000000000000000000000000000000000000f82cbd6e5d920
137,0000000000000000000000000000000000000000000000000000000000000000000000000000000000000000000000000000000000000000002ea8e464f70380
138,0000000000000000000000000000000000000000000000000000000000000000000000000000000000000000000000000000000000000000001026a34bdb93c0
139,00000000000000000000000000000000000000000000000000000000000000000000000000000000000000000000000000000000000000000011bdb62694ef20
140,0000000000000000000000000000000000000000000000000000000000000000000000000000000000000000000000000000000000000000000fa680547def80
141,00000000000000000000000000000000000000000000000000000000000000000000000000000000000000000000000000000000000000000012cb82a8182140
142,0000000000000000000000000000000000000000000000000000000000000000000000000000000000000000000000000000000000000000001879e84617c1c0
143,0000000000000000000000000000000000000000000000000000000000000000000000000000000000000000000000000000000000000000001bc47e8d511da0
144,00000000000000000000000000000000000000000000000000000000000000000000000000000000000000000000000000000000000000000009df9a86e9dea0
145,00000000000000000000000000000000000000000000000000000000000000000000000000000000000000000000000000000000000000000016e819b9c87860
146,00000000000000000000000000000000000000000000000000000000000000000000000000000000000000000000000000000000000000000015d47d876e7140
147,0000000000000000000000000000000000000000000000000000000000000000000000000000000000000000000000000000000000000000003aa7f5160715a0
148,0000000000000000000000000000000000000000000000000000000000000000000000000000000000000000000000000000000000000000002def270f04df00
149,00000000000000000000000000000000000000000000000000000000000000000000000000000000000000000000000000000000000000000021c188a6042880
150,00000000000000000000000000000000000000000000000000000000000000000000000000000000000000000000000000000000000000000035525aad1f74a0
151,00000000000000000000000000000000000000000000000000000000000000000000000000000000000000000000000000000000000000000022da82a6c689c0
152,0000000000000000000000000000000000000000000000000000000000000000000000000000000000000000000000000000000000000000002661c27d9ab380
153,00000000000000000000000000000000000000000000000000000000000000000000000000000000000000000000000000000000000000000018494ad336fb80
154,0000000000000000000000000000000000000000000000000000000000000000000000000000000000000000000000000000000000000000001c7d8e8ab16680
155,0000000000000000000000000000000000000000000000000000000000000000000000000000000000000000000000000000000000000000004a9160bea03340
156,0000000000000000000000000000000000000000000000000000000000000000000000000000000000000000000000000000000000000000000c074e92f80e00
157,00000000000000000000000000000000000000000000000000000000000000000000000000000000000000000000000000000000000000000012b3ed024c80a0
158,0000000000000000000000000000000000000000000000000000000000000000000000000000000000000000000000000000000000000000001f30e26fcd3740
159,00000000000000000000000000000000000000000000000000000000000000000000000000000000000000000000000000000000000000000017a2410fb37860
160,00000000000000000000000000000000000000000000000000000000000000000000000000000000000000000000000000000000000000000037dcd4c6370640
161,000000000000000000000000000000000000000000000000000000000000000000000000000000000000000000000000000000000000000000287d2b0a7cf940
162,00000000000000000000000000000000000000000000000000000000000000000000000000000000000000000000000000000000000000000019a747e30422c0
163,00000000000000000000000000000000000000000000000000000000000000000000000000000000000000000000000000000000000000000012af81e50edfc0
164,000000000000000000000000000000000000000000000000000000000000000000000000000000000000000000000000000000000000000000108cc0000dd560
165,00000000000000000000000000000000000000000000000000000000000000000000000000000000000000000000000000000000000000000014a1d79c1820c0
166,00000000000000000000000000000000000000000000000000000000000000000000000000000000000000000000000000000000000000000020c61ade57c580
167,00000000000000000000000000000000000000000000000000000000000000000000000000000000000000000000000000000000000000000013141540be18c0
168,00000000000000000000000000000000000000000000000000000000000000000000000000000000000000000000000000000000000000000022da3de1dedd40
169,0000000000000000000000000000000000000000000000000000000000000000000000000000000000000000000000000000000000000000001068e6f89f97c0
170,000000000000000000000000000000000000000000000000000000000000000000000000000000000000000000000000000000000000000000266405b8875d00
171,0000000000000000000000000000000000000000000000000000000000000000000000000000000000000000000000000000000000000000002a939197b5a180
172,00000000000000000000000000000000000000000000000000000000000000000000000000000000000000000000000000000000000000000020db940447d1c0
173,00000000000000000000000000000000000000000000000000000000000000000000000000000000000000000000000000000000000000000018f9e3512951c0
174,000000000000000000000000000000000000000000000000000000000000000000000000000000000000000000000000000000000000000000469100dc4437c0
175,00000000000000000000000000000000000000000000000000000000000000000000000000000000000000000000000000000000000000000021a3a65942bc00
176,000000000000000000000000000000000000000000000000000000000000000000000000000000000000000000000000000000000000000000113bc4f442bf20
177,0000000000000000000000000000000000000000000000000000000000000000000000000000000000000000000000000000000000000000001684d7a2eed440
178,00000000000000000000000000000000000000000000000000000000000000000000000000000000000000000000000000000000000000000019bf5b3a025ee0
179,00000000000000000000000000000000000000000000000000000000000000000000000000000000000000000000000000000000000000000028375eb6937460
180,0000000000000000000000000000000000000000000000000000000000000000000000000000000000000000000000000000000000000000001cc7aea33c9520
181,00000000000000000000000000000000000000000000000000000000000000000000000000000000000000000000000000000000000000000011218f9d694d80
182,00000000000000000000000000000000000000000000000000000000000000000000000000000000000000000000000000000000000000000024cf9e67789020
183,0000000000000000000000000000000000000000000000000000000000000000000000000000000000000000000000000000000000000000001bf60af6492c40
184,000000000000000000000000000000000000000000000000000000000000000000000000000000000000000000000000000000000000000000188a016c648600
185,0000000000000000000000000000000000000000000000000000000000000000000000000000000000000000000000000000000000000000000e741f5571bf00
186,00000000000000000000000000000000000000000000000000000000000000000000000000000000000000000000000000000000000000000033bb44eff023a0
187,0000000000000000000000000000000000000000000000000000000000000000000000000000000000000000000000000000000000000000001b4859295fde40
188,000000000000000000000000000000000000000000000000000000000000000000000000000000000000000000000000000000000000000000198f894713e240
189,0000000000000000000000000000000000000000000000000000000000000000000000000000000000000000000000000000000000000000001d2cf06b2ed240
190,00000000000000000000000000000000000000000000000000000000000000000000000000000000000000000000000000000000000000000029b3ccb0a244a0
191,00000000000000000000000000000000000000000000000000000000000000000000000000000000000000000000000000000000000000000051aaed12ec62a0
192,0000000000000000000000000000000000000000000000000000000000000000000000000000000000000000000000000000000000000000000ea6f00d18dfa0
193,0000000000000000000000000000000000000000000000000000000000000000000000000000000000000000000000000000000000000000001333326fe074e0
194,00000000000000000000000000000000000000000000000000000000000000000000000000000000000000000000000000000000000000000040813ae25e2e80
195,00000000000000000000000000000000000000000000000000000000000000000000000000000000000000000000000000000000000000000017d71bc7376c80
196,0000000000000000000000000000000000000000000000000000000000000000000000000000000000000000000000000000000000000000001807024dd5c140
197,0000000000000000000000000000000000000000000000000000000000000000000000000000000000000000000000000000000000000000000ba953fbc35880
198,0000000000000000000000000000000000000000000000000000000000000000000000000000000000000000000000000000000000000000001c8b50ffeb6e80
199,0000000000000000000000000000000000000000000000000000000000000000000000000000000000000000000000000000000000000000001638bd00ad29e0
200,000000000000000000000000000000000000000000000000000000000000000000000000000000000000000000000000000000000000000000162c2ab2c11960
201,00000000000000000000000000000000000000000000000000000000000000000000000000000000000000000000000000000000000000000021177b4f036800
202,0000000000000000000000000000000000000000000000000000000000000000000000000000000000000000000000000000000000000000003b381a33b30ae0
203,000000000000000000000000000000000000000000000000000000000000000000000000000000000000000000000000000000000000000000149cfe26446580
204,00000000000000000000000000000000000000000000000000000000000000000000000000000000000000000000000000000000000000000013f27145739f80
205,0000000000000000000000000000000000000000000000000000000000000000000000000000000000000000000000000000000000000000000dafcd45226ee0
206,000000000000000000000000000000000000000000000000000000000000000000000000000000000000000000000000000000000000000000275663c5bc5e20
207,0000000000000000000000000000000000000000000000000000000000000000000000000000000000000000000000000000000000000000002d2da5fe84f9a0
208,0000000000000000000000000000000000000000000000000000000000000000000000000000000000000000000000000000000000000000003eb816ed7aa1c0
209,0000000000000000000000000000000000000000000000000000000000000000000000000000000000000000000000000000000000000000001047f3ac131080
210,00000000000000000000000000000000000000000000000000000000000000000000000000000000000000000000000000000000000000000010edd45bf95d20
211,0000000000000000000000000000000000000000000000000000000000000000000000000000000000000000000000000000000000000000001b6e41c45bca40
212,00000000000000000000000000000000000000000000000000000000000000000000000000000000000000000000000000000000000000000024f4cda00ad2a0
213,00000000000000000000000000000000000000000000000000000000000000000000000000000000000000000000000000000000000000000015bb3e12fa9580
214,0000000000000000000000000000000000000000000000000000000000000000000000000000000000000000000000000000000000000000002f0359fc686f40
215,0000000000000000000000000000000000000000000000000000000000000000000000000000000000000000000000000000000000000000002953757c0c7420
216,000000000000000000000000000000000000000000000000000000000000000000000000000000000000000000000000000000000000000000309e2dfe437ce0
217,000000000000000000000000000000000000000000000000000000000000000000000000000000000000000000000000000000000000000000141c112ef45dc0
218,000000000000000000000000000000000000000000000000000000000000000000000000000000000000000000000000000000000000000000113816c3472840
219,00000000000000000000000000000000000000000000000000000000000000000000000000000000000000000000000000000000000000000011151da81898e0
220,00000000000000000000000000000000000000000000000000000000000000000000000000000000000000000000000000000000000000000015ffdc04825320
221,00000000000000000000000000000000000000000000000000000000000000000000000000000000000000000000000000000000000000000016e2a1cdd80820
222,00000000000000000000000000000000000000000000000000000000000000000000000000000000000000000000000000000000000000000014c271100d2c00
223,0000000000000000000000000000000000000000000000000000000000000000000000000000000000000000000000000000000000000000002065b3eeaf5320
224,0000000000000000000000000000000000000000000000000000000000000000000000000000000000000000000000000000000000000000001dec1499615280
225,00000000000000000000000000000000000000000000000000000000000000000000000000000000000000000000000000000000000000000036930103d302c0
226,00000000000000000000000000000000000000000000000000000000000000000000000000000000000000000000000000000000000000000012c5abd9b7ee60
227,00000000000000000000000000000000000000000000000000000000000000000000000000000000000000000000000000000000000000000010105bc3834840
228,00000000000000000000000000000000000000000000000000000000000000000000000000000000000000000000000000000000000000000029366fe0773c60
229,00000000000000000000000000000000000000000000000000000000000000000000000000000000000000000000000000000000000000000035084b949320c0
230,00000000000000000000000000000000000000000000000000000000000000000000000000000000000000000000000000000000000000000029bab13a03fbe0
231,00000000000000000000000000000000000000000000000000000000000000000000000000000000000000000000000000000000000000000011b1b800015920
232,00000000000000000000000000000000000000000000000000000000000000000000000000000000000000000000000000000000000000000012d87a58738440
233,000000000000000000000000000000000000000000000000000000000000000000000000000000000000000000000000000000000000000000190c426d7641a0
234,000000000000000000000000000000000000000000000000000000000000000000000000000000000000000000000000000000000000000000210b3b6387f1c0
235,0000000000000000000000000000000000000000000000000000000000000000000000000000000000000000000000000000000000000000001b1486e7f17aa0
236,0000000000000000000000000000000000000000000000000000000000000000000000000000000000000000000000000000000000000000001bb5775340a920
237,0000000000000000000000000000000000000000000000000000000000000000000000000000000000000000000000000000000000000000002b6139c4edbcc0
238,000000000000000000000000000000000000000000000000000000000000000000000000000000000000000000000000000000000000000000129830042afce0
239,0000000000000000000000000000000000000000000000000000000000000000000000000000000000000000000000000000000000000000001869370c2401c0
240,0000000000000000000000000000000000000000000000000000000000000000000000000000000000000000000000000000000000000000003b52c81e3597a0
241,00000000000000000000000000000000000000000000000000000000000000000000000000000000000000000000000000000000000000000019453fd5edf300
242,0000000000000000000000000000000000000000000000000000000000000000000000000000000000000000000000000000000000000000002e0263665697e0
243,00000000000000000000000000000000000000000000000000000000000000000000000000000000000000000000000000000000000000000010f8d9478a0d20
244,000000000000000000000000000000000000000000000000000000000000000000000000000000000000000000000000000000000000000000160daf48802580
245,0000000000000000000000000000000000000000000000000000000000000000000000000000000000000000000000000000000000000000001ec9ed144718c0
246,00000000000000000000000000000000000000000000000000000000000000000000000000000000000000000000000000000000000000000019808865a08a20
247,00000000000000000000000000000000000000000000000000000000000000000000000000000000000000000000000000000000000000000020b2f7c2180aa0
248,000000000000000000000000000000000000000000000000000000000000000000000000000000000000000000000000000000000000000000379a6037002620
249,0000000000000000000000000000000000000000000000000000000000000000000000000000000000000000000000000000000000000000003199a33c16c1a0
250,00000000000000000000000000000000000000000000000000000000000000000000000000000000000000000000000000000000000000000013709e131f6a00
251,0000000000000000000000000000000000000000000000000000000000000000000000000000000000000000000000000000000000000000001cfd79334de9c0
252,00000000000000000000000000000000000000000000000000000000000000000000000000000000000000000000000000000000000000000011b032cee07f00
253,0000000000000000000000000000000000000000000000000000000000000000000000000000000000000000000000000000000000000000006fc05a335d1b60
254,0000000000000000000000000000000000000000000000000000000000000000000000000000000000000000000000000000000000000000001cc625ad2fad40
255,0000000000000000000000000000000000000000000000000000000000000000000000000000000000000000000000000000000000000000002376ffeb000480
256,00000000000000000000000000000000000000000000000000000000000000000000000000000000000000000000000000000000000000000016bb863cc968c0
257,0000000000000000000000000000000000000000000000000000000000000000000000000000000000000000000000000000000000000000002d57d80585b800
258,0000000000000000000000000000000000000000000000000000000000000000000000000000000000000000000000000000000000000000002afd7641ce0c40
259,0000000000000000000000000000000000000000000000000000000000000000000000000000000000000000000000000000000000000000002ae1c974e684e0
260,0000000000000000000000000000000000000000000000000000000000000000000000000000000000000000000000000000000000000000001de57272714980
261,0000000000000000000000000000000000000000000000000000000000000000000000000000000000000000000000000000000000000000002ea269db8e27c0
262,0000000000000000000000000000000000000000000000000000000000000000000000000000000000000000000000000000000000000000000ea535be71c120
263,0000000000000000000000000000000000000000000000000000000000000000000000000000000000000000000000000000000000000000004db039cdb85e20
264,0000000000000000000000000000000000000000000000000000000000000000000000000000000000000000000000000000000000000000001a75514b496200
265,0000000000000000000000000000000000000000000000000000000000000000000000000000000000000000000000000000000000000000002742f729819720
266,000000000000000000000000000000000000000000000000000000000000000000000000000000000000000000000000000000000000000000267de836c8d9e0
267,000000000000000000000000000000000000000000000000000000000000000000000000000000000000000000000000000000000000000000123e659de91bc0
268,000000000000000000000000000000000000000000000000000000000000000000000000000000000000000000000000000000000000000000135a2b45ddba20
269,000000000000000000000000000000000000000000000000000000000000000000000000000000000000000000000000000000000000000000105b7fa0e944a0
270,0000000000000000000000000000000000000000000000000000000000000000000000000000000000000000000000000000000000000000000f4bda295e8ea0
271,00000000000000000000000000000000000000000000000000000000000000000000000000000000000000000000000000000000000000000015acf6d8dd3100
272,0000000000000000000000000000000000000000000000000000000000000000000000000000000000000000000000000000000000000000001302d85598aec0
273,00000000000000000000000000000000000000000000000000000000000000000000000000000000000000000000000000000000000000000011ef2b19673000
274,0000000000000000000000000000000000000000000000000000000000000000000000000000000000000000000000000000000000000000001ba9aa4a339c80
275,000000000000000000000000000000000000000000000000000000000000000000000000000000000000000000000000000000000000000000191cbc09e3e860
276,0000000000000000000000000000000000000000000000000000000000000000000000000000000000000000000000000000000000000000000d37b925d75460
277,0000000000000000000000000000000000000000000000000000000000000000000000000000000000000000000000000000000000000000003017d9a4da8520
278,000000000000000000000000000000000000000000000000000000000000000000000000000000000000000000000000000000000000000000102fff68c3f760
279,00000000000000000000000000000000000000000000000000000000000000000000000000000000000000000000000000000000000000000010d1a8a2cb9e40
280,0000000000000000000000000000000000000000000000000000000000000000000000000000000000000000000000000000000000000000003a6baae8dc01c0
281,0000000000000000000000000000000000000000000000000000000000000000000000000000000000000000000000000000000000000000001e15dd2a41c9a0
282,0000000000000000000000000000000000000000000000000000000000000000000000000000000000000000000000000000000000000000001885599defe860
283,0000000000000000000000000000000000000000000000000000000000000000000000000000000000000000000000000000000000000000001fac1567800780
284,00000000000000000000000000000000000000000000000000000000000000000000000000000000000000000000000000000000000000000013ee85147c3620
285,00000000000000000000000000000000000000000000000000000000000000000000000000000000000000000000000000000000000000000012b7c864801fa0
286,0000000000000000000000000000000000000000000000000000000000000000000000000000000000000000000000000000000000000000002648e012f93060
287,0000000000000000000000000000000000000000000000000000000000000000000000000000000000000000000000000000000000000000001550de7c9bae40
288,0000000000000000000000000000000000000000000000000000000000000000000000000000000000000000000000000000000000000000004d80749fb55400
289,0000000000000000000000000000000000000000000000000000000000000000000000000000000000000000000000000000000000000000001f1ef83fc72b60
290,00000000000000000000000000000000000000000000000000000000000000000000000000000000000000000000000000000000000000000032648d1ab94360
291,00000000000000000000000000000000000000000000000000000000000000000000000000000000000000000000000000000000000000000012d88b44c12540
292,0000000000000000000000000000000000000000000000000000000000000000000000000000000000000000000000000000000000000000000ec05b0189cd00
293,0000000000000000000000000000000000000000000000000000000000000000000000000000000000000000000000000000000000000000001f079e23d02540
294,0000000000000000000000000000000000000000000000000000000000000000000000000000000000000000000000000000000000000000001711d67be4cee0
295,00000000000000000000000000000000000000000000000000000000000000000000000000000000000000000000000000000000000000000045c861aeb54140
296,0000000000000000000000000000000000000000000000000000000000000000000000000000000000000000000000000000000000000000002b892bdfc684e0
297,000000000000000000000000000000000000000000000000000000000000000000000000000000000000000000000000000000000000000000215d8971ad6a00
298,00000000000000000000000000000000000000000000000000000000000000000000000000000000000000000000000000000000000000000017651e6296fb20
299,00000000000000000000000000000000000000000000000000000000000000000000000000000000000000000000000000000000000000000028536daad6d4c0
300,00000000000000000000000000000000000000000000000000000000000000000000000000000000000000000000000000000000000000000016137d346aca40
301,00000000000000000000000000000000000000000000000000000000000000000000000000000000000000000000000000000000000000000012238ee4a462a0
302,00000000000000000000000000000000000000000000000000000000000000000000000000000000000000000000000000000000000000000021d1af2ec62d40
303,000000000000000000000000000000000000000000000000000000000000000000000000000000000000000000000000000000000000000000239ebda3662ce0
304,00000000000000000000000000000000000000000000000000000000000000000000000000000000000000000000000000000000000000000026cd4800349180
305,00000000000000000000000000000000000000000000000000000000000000000000000000000000000000000000000000000000000000000014a5b39bd58dc0
306,00000000000000000000000000000000000000000000000000000000000000000000000000000000000000000000000000000000000000000022f291b8d8c0c0
307,000000000000000000000000000000000000000000000000000000000000000000000000000000000000000000000000000000000000000000200e9060dd3dc0
308,000000000000000000000000000000000000000000000000000000000000000000000000000000000000000000000000000000000000000000183a9ede0caf60
309,0000000000000000000000000000000000000000000000000000000000000000000000000000000000000000000000000000000000000000001db92530812fa0
310,0000000000000000000000000000000000000000000000000000000000000000000000000000000000000000000000000000000000000000002c71ee28b4f640
311,00000000000000000000000000000000000000000000000000000000000000000000000000000000000000000000000000000000000000000011fdc0224442a0
312,000000000000000000000000000000000000000000000000000000000000000000000000000000000000000000000000000000000000000000197248fa478b40
313,00000000000000000000000000000000000000000000000000000000000000000000000000000000000000000000000000000000000000000028dd15d2cb5320
314,0000000000000000000000000000000000000000000000000000000000000000000000000000000000000000000000000000000000000000001b42a851247f00
315,00000000000000000000000000000000000000000000000000000000000000000000000000000000000000000000000000000000000000000012f3d307d6de00
316,0000000000000000000000000000000000000000000000000000000000000000000000000000000000000000000000000000000000000000000f5cdf9487b600
317,000000000000000000000000000000000000000000000000000000000000000000000000000000000000000000000000000000000000000000178ee04c156ee0
318,00000000000000000000000000000000000000000000000000000000000000000000000000000000000000000000000000000000000000000023633944f2b120
319,0000000000000000000000000000000000000000000000000000000000000000000000000000000000000000000000000000000000000000001d123e145dcce0
320,0000000000000000000000000000000000000000000000000000000000000000000000000000000000000000000000000000000000000000000db77c75d8f480
321,000000000000000000000000000000000000000000000000000000000000000000000000000000000000000000000000000000000000000000383bb80e972180
322,00000000000000000000000000000000000000000000000000000000000000000000000000000000000000000000000000000000000000000020868a93db5280
323,0000000000000000000000000000000000000000000000000000000000000000000000000000000000000000000000000000000000000000001108c91f14ada0
324,0000000000000000000000000000000000000000000000000000000000000000000000000000000000000000000000000000000000000000002e544ecd203fc0
325,0000000000000000000000000000000000000000000000000000000000000000000000000000000000000000000000000000000000000000001be74e8af899a0
326,0000000000000000000000000000000000000000000000000000000000000000000000000000000000000000000000000000000000000000002be0b950079f20
327,0000000000000000000000000000000000000000000000000000000000000000000000000000000000000000000000000000000000000000002ab63577d63de0
328,0000000000000000000000000000000000000000000000000000000000000000000000000000000000000000000000000000000000000000002363600003c640
329,00000000000000000000000000000000000000000000000000000000000000000000000000000000000000000000000000000000000000000012d060d8ff3c20
330,0000000000000000000000000000000000000000000000000000000000000000000000000000000000000000000000000000000000000000006d68c3e59c9c60
331,00000000000000000000000000000000000000000000000000000000000000000000000000000000000000000000000000000000000000000011134b45c1dea0
332,00000000000000000000000000000000000000000000000000000000000000000000000000000000000000000000000000000000000000000017956bdf55c240
333,000000000000000000000000000000000000000000000000000000000000000000000000000000000000000000000000000000000000000000340f669b7ff220
334,0000000000000000000000000000000000000000000000000000000000000000000000000000000000000000000000000000000000000000004821b15ece29c0
335,0000000000000000000000000000000000000000000000000000000000000000000000000000000000000000000000000000000000000000001bcdb0e5500300
336,0000000000000000000000000000000000000000000000000000000000000000000000000000000000000000000000000000000000000000001f0409240def80
337,0000000000000000000000000000000000000000000000000000000000000000000000000000000000000000000000000000000000000000001cdc6ee6c2ef40
338,0000000000000000000000000000000000000000000000000000000000000000000000000000000000000000000000000000000000000000001b718c6b8578a0
339,0000000000000000000000000000000000000000000000000000000000000000000000000000000000000000000000000000000000000000001873728b737f60
340,00000000000000000000000000000000000000000000000000000000000000000000000000000000000000000000000000000000000000000015363b7e672a00
341,00000000000000000000000000000000000000000000000000000000000000000000000000000000000000000000000000000000000000000023c9b13e0b1b20
342,00000000000000000000000000000000000000000000000000000000000000000000000000000000000000000000000000000000000000000013e29f81983340
343,0000000000000000000000000000000000000000000000000000000000000000000000000000000000000000000000000000000000000000001c5f6f1691a2c0
344,0000000000000000000000000000000000000000000000000000000000000000000000000000000000000000000000000000000000000000002b5e8d9db96040
345,0000000000000000000000000000000000000000000000000000000000000000000000000000000000000000000000000000000000000000002153b1fc2fcc40
346,00000000000000000000000000000000000000000000000000000000000000000000000000000000000000000000000000000000000000000014a9d191b5eb60
347,00000000000000000000000000000000000000000000000000000000000000000000000000000000000000000000000000000000000000000026ad3e960e6f20
348,0000000000000000000000000000000000000000000000000000000000000000000000000000000000000000000000000000000000000000001624a10be0a9c0
349,0000000000000000000000000000000000000000000000000000000000000000000000000000000000000000000000000000000000000000001e823f7b91b300
350,00000000000000000000000000000000000000000000000000000000000000000000000000000000000000000000000000000000000000000046b12d77a30ec0
351,000000000000000000000000000000000000000000000000000000000000000000000000000000000000000000000000000000000000000000134ffa6deffae0
352,0000000000000000000000000000000000000000000000000000000000000000000000000000000000000000000000000000000000000000002705d65edb20c0
353,000000000000000000000000000000000000000000000000000000000000000000000000000000000000000000000000000000000000000000130d957c41e600
354,000000000000000000000000000000000000000000000000000000000000000000000000000000000000000000000000000000000000000000188683f67957c0
355,00000000000000000000000000000000000000000000000000000000000000000000000000000000000000000000000000000000000000000031ee808efc6140
356,0000000000000000000000000000000000000000000000000000000000000000000000000000000000000000000000000000000000000000001ae71939c60b20
357,0000000000000000000000000000000000000000000000000000000000000000000000000000000000000000000000000000000000000000001bd8b8821b9840
358,0000000000000000000000000000000000000000000000000000000000000000000000000000000000000000000000000000000000000000000b3cbfd1d94120
359,0000000000000000000000000000000000000000000000000000000000000000000000000000000000000000000000000000000000000000001c695e823505a0
360,00000000000000000000000000000000000000000000000000000000000000000000000000000000000000000000000000000000000000000032bfbdcfa7ec00
361,00000000000000000000000000000000000000000000000000000000000000000000000000000000000000000000000000000000000000000011c875a5db87c0
362,000000000000000000000000000000000000000000000000000000000000000000000000000000000000000000000000000000000000000000145e3548094760
363,0000000000000000000000000000000000000000000000000000000000000000000000000000000000000000000000000000000000000000000b8a5c253c0200
364,0000000000000000000000000000000000000000000000000000000000000000000000000000000000000000000000000000000000000000001447749856afa0
365,000000000000000000000000000000000000000000000000000000000000000000000000000000000000000000000000000000000000000000200817614ce500
366,00000000000000000000000000000000000000000000000000000000000000000000000000000000000000000000000000000000000000000014e11b0dfc3780
367,00000000000000000000000000000000000000000000000000000000000000000000000000000000000000000000000000000000000000000016662f563abf40
368,0000000000000000000000000000000000000000000000000000000000000000000000000000000000000000000000000000000000000000002ccb2b4a140d80
369,0000000000000000000000000000000000000000000000000000000000000000000000000000000000000000000000000000000000000000001433348fdb62c0
370,00000000000000000000000000000000000000000000000000000000000000000000000000000000000000000000000000000000000000000024ab67e0109f60
371,0000000000000000000000000000000000000000000000000000000000000000000000000000000000000000000000000000000000000000001fc924f93bf5e0
372,0000000000000000000000000000000000000000000000000000000000000000000000000000000000000000000000000000000000000000001ef35cf3f27620
373,00000000000000000000000000000000000000000000000000000000000000000000000000000000000000000000000000000000000000000029d71990b77dc0
374,00000000000000000000000000000000000000000000000000000000000000000000000000000000000000000000000000000000000000000019b75febc721a0
375,0000000000000000000000000000000000000000000000000000000000000000000000000000000000000000000000000000000000000000002276884b0d0180
376,0000000000000000000000000000000000000000000000000000000000000000000000000000000000000000000000000000000000000000001f448f822b08c0
377,000000000000000000000000000000000000000000000000000000000000000000000000000000000000000000000000000000000000000000131b302c924d40
378,00000000000000000000000000000000000000000000000000000000000000000000000000000000000000000000000000000000000000000031cc28c287dfa0
379,0000000000000000000000000000000000000000000000000000000000000000000000000000000000000000000000000000000000000000001b7dea60d78640
380,00000000000000000000000000000000000000000000000000000000000000000000000000000000000000000000000000000000000000000013b6ede7001280
381,00000000000000000000000000000000000000000000000000000000000000000000000000000000000000000000000000000000000000000013c8622abf4ba0
382,0000000000000000000000000000000000000000000000000000000000000000000000000000000000000000000000000000000000000000001fc4b665d72e40
383,00000000000000000000000000000000000000000000000000000000000000000000000000000000000000000000000000000000000000000014f0f3344d5d00
384,0000000000000000000000000000000000000000000000000000000000000000000000000000000000000000000000000000000000000000001c688364b9f0c0
385,0000000000000000000000000000000000000000000000000000000000000000000000000000000000000000000000000000000000000000001e8e50849a2aa0
386,000000000000000000000000000000000000000000000000000000000000000000000000000000000000000000000000000000000000000000376b2b92cbfc40
387,00000000000000000000000000000000000000000000000000000000000000000000000000000000000000000000000000000000000000000016e5ade154b2e0
388,00000000000000000000000000000000000000000000000000000000000000000000000000000000000000000000000000000000000000000018efc6ef619400
389,0000000000000000000000000000000000000000000000000000000000000000000000000000000000000000000000000000000000000000001160b85e141d00
390,00000000000000000000000000000000000000000000000000000000000000000000000000000000000000000000000000000000000000000051e306a2d5e480
391,0000000000000000000000000000000000000000000000000000000000000000000000000000000000000000000000000000000000000000001672c6869ca2e0
392,0000000000000000000000000000000000000000000000000000000000000000000000000000000000000000000000000000000000000000002205dcc8cbf300
393,0000000000000000000000000000000000000000000000000000000000000000000000000000000000000000000000000000000000000000002d1eac5824d600
394,00000000000000000000000000000000000000000000000000000000000000000000000000000000000000000000000000000000000000000017e8a6e392a560
395,0000000000000000000000000000000000000000000000000000000000000000000000000000000000000000000000000000000000000000001ce447a14f45e0
396,00000000000000000000000000000000000000000000000000000000000000000000000000000000000000000000000000000000000000000021c3317e8511c0
397,00000000000000000000000000000000000000000000000000000000000000000000000000000000000000000000000000000000000000000009c526eb285060
398,0000000000000000000000000000000000000000000000000000000000000000000000000000000000000000000000000000000000000000000cef5c6fa3e2c0
399,0000000000000000000000000000000000000000000000000000000000000000000000000000000000000000000000000000000000000000003f994de82649e0
400,0000000000000000000000000000000000000000000000000000000000000000000000000000000000000000000000000000000000000000000f4707338a6340
401,000000000000000000000000000000000000000000000000000000000000000000000000000000000000000000000000000000000000000000389a6daf97da20
402,0000000000000000000000000000000000000000000000000000000000000000000000000000000000000000000000000000000000000000001ffcc0ebe91600
403,0000000000000000000000000000000000000000000000000000000000000000000000000000000000000000000000000000000000000000001b4599f8542ca0
404,00000000000000000000000000000000000000000000000000000000000000000000000000000000000000000000000000000000000000000016d188003a1900
405,0000000000000000000000000000000000000000000000000000000000000000000000000000000000000000000000000000000000000000001d508f4b3e84e0
406,00000000000000000000000000000000000000000000000000000000000000000000000000000000000000000000000000000000000000000012d198bb605f80
407,00000000000000000000000000000000000000000000000000000000000000000000000000000000000000000000000000000000000000000010acd19b6e7e20
408,0000000000000000000000000000000000000000000000000000000000000000000000000000000000000000000000000000000000000000000f6f9826f60120
409,0000000000000000000000000000000000000000000000000000000000000000000000000000000000000000000000000000000000000000001b34ac483d1d20
410,00000000000000000000000000000000000000000000000000000000000000000000000000000000000000000000000000000000000000000049697af9f2e640
411,000000000000000000000000000000000000000000000000000000000000000000000000000000000000000000000000000000000000000000272c84488ead80
412,0000000000000000000000000000000000000000000000000000000000000000000000000000000000000000000000000000000000000000001e2cf3bc64bf40
413,0000000000000000000000000000000000000000000000000000000000000000000000000000000000000000000000000000000000000000001a26d877f57cc0
414,00000000000000000000000000000000000000000000000000000000000000000000000000000000000000000000000000000000000000000049aaa0ebb679e0
415,0000000000000000000000000000000000000000000000000000000000000000000000000000000000000000000000000000000000000000003ceeaf789ba160
416,0000000000000000000000000000000000000000000000000000000000000000000000000000000000000000000000000000000000000000001c483053364ec0
417,0000000000000000000000000000000000000000000000000000000000000000000000000000000000000000000000000000000000000000001fd4f6e4bed5a0
418,000000000000000000000000000000000000000000000000000000000000000000000000000000000000000000000000000000000000000000172b57fa2cd500
419,0000000000000000000000000000000000000000000000000000000000000000000000000000000000000000000000000000000000000000000dea64a3a5e2e0
420,0000000000000000000000000000000000000000000000000000000000000000000000000000000000000000000000000000000000000000002dbca2f4e26d60
421,0000000000000000000000000000000000000000000000000000000000000000000000000000000000000000000000000000000000000000001bd2aff8ab0e00
422,000000000000000000000000000000000000000000000000000000000000000000000000000000000000000000000000000000000000000000117450b55fa2e0
423,00000000000000000000000000000000000000000000000000000000000000000000000000000000000000000000000000000000000000000025511619d2f000
424,000000000000000000000000000000000000000000000000000000000000000000000000000000000000000000000000000000000000000000113287aff5d140
425,0000000000000000000000000000000000000000000000000000000000000000000000000000000000000000000000000000000000000000001a72e55f2462c0
426,0000000000000000000000000000000000000000000000000000000000000000000000000000000000000000000000000000000000000000001ebabc0b748920
427,000000000000000000000000000000000000000000000000000000000000000000000000000000000000000000000000000000000000000000139df54b24fa80
428,0000000000000000000000000000000000000000000000000000000000000000000000000000000000000000000000000000000000000000001319c22caaf6c0
429,00000000000000000000000000000000000000000000000000000000000000000000000000000000000000000000000000000000000000000021599d05a25360
430,0000000000000000000000000000000000000000000000000000000000000000000000000000000000000000000000000000000000000000001458099738a560
431,0000000000000000000000000000000000000000000000000000000000000000000000000000000000000000000000000000000000000000001d35519bd95960
432,0000000000000000000000000000000000000000000000000000000000000000000000000000000000000000000000000000000000000000001c20705fbc9ba0
433,00000000000000000000000000000000000000000000000000000000000000000000000000000000000000000000000000000000000000000015530de8c4c120
434,0000000000000000000000000000000000000000000000000000000000000000000000000000000000000000000000000000000000000000001ae222cdcce100
435,0000000000000000000000000000000000000000000000000000000000000000000000000000000000000000000000000000000000000000000ce3712b852e60
436,000000000000000000000000000000000000000000000000000000000000000000000000000000000000000000000000000000000000000000113c03ea65e380
437,0000000000000000000000000000000000000000000000000000000000000000000000000000000000000000000000000000000000000000001e9d72039528c0
438,0000000000000000000000000000000000000000000000000000000000000000000000000000000000000000000000000000000000000000000c46750eb6b5e0
439,00000000000000000000000000000000000000000000000000000000000000000000000000000000000000000000000000000000000000000010ecb0036f8640
440,0000000000000000000000000000000000000000000000000000000000000000000000000000000000000000000000000000000000000000002324aa5cdb0da0
441,0000000000000000000000000000000000000000000000000000000000000000000000000000000000000000000000000000000000000000002fa30c8f2f7ec0
442,0000000000000000000000000000000000000000000000000000000000000000000000000000000000000000000000000000000000000000002ed94061b4d080
443,000000000000000000000000000000000000000000000000000000000000000000000000000000000000000000000000000000000000000000160c2f03adbb60
444,000000000000000000000000000000000000000000000000000000000000000000000000000000000000000000000000000000000000000000284b0d97b61300
445,0000000000000000000000000000000000000000000000000000000000000000000000000000000000000000000000000000000000000000001c3404197e9880
446,000000000000000000000000000000000000000000000000000000000000000000000000000000000000000000000000000000000000000000119be3da176ea0
447,0000000000000000000000000000000000000000000000000000000000000000000000000000000000000000000000000000000000000000001e512ca642ae40
448,000000000000000000000000000000000000000000000000000000000000000000000000000000000000000000000000000000000000000000116fa604750fa0
449,0000000000000000000000000000000000000000000000000000000000000000000000000000000000000000000000000000000000000000002163e298a25e40
450,0000000000000000000000000000000000000000000000000000000000000000000000000000000000000000000000000000000000000000001617fed1a6e700
451,0000000000000000000000000000000000000000000000000000000000000000000000000000000000000000000000000000000000000000000ed294804f6d20
452,0000000000000000000000000000000000000000000000000000000000000000000000000000000000000000000000000000000000000000002d29ad88a21520
453,000000000000000000000000000000000000000000000000000000000000000000000000000000000000000000000000000000000000000000109bcc92bb7780
454,0000000000000000000000000000000000000000000000000000000000000000000000000000000000000000000000000000000000000000002c44995cfe00e0
455,0000000000000000000000000000000000000000000000000000000000000000000000000000000000000000000000000000000000000000002c14617dc79d80
456,00000000000000000000000000000000000000000000000000000000000000000000000000000000000000000000000000000000000000000019a953cf2f9a00
457,0000000000000000000000000000000000000000000000000000000000000000000000000000000000000000000000000000000000000000001ad178bb3b1bc0
458,00000000000000000000000000000000000000000000000000000000000000000000000000000000000000000000000000000000000000000024a68eccb304e0
459,0000000000000000000000000000000000000000000000000000000000000000000000000000000000000000000000000000000000000000001d7d1297039820
460,00000000000000000000000000000000000000000000000000000000000000000000000000000000000000000000000000000000000000000017ef913bb8e4c0
461,0000000000000000000000000000000000000000000000000000000000000000000000000000000000000000000000000000000000000000002200097a6b83c0
462,000000000000000000000000000000000000000000000000000000000000000000000000000000000000000000000000000000000000000000235a380a7a5520
463,0000000000000000000000000000000000000000000000000000000000000000000000000000000000000000000000000000000000000000003bbb4a5c171f40
464,0000000000000000000000000000000000000000000000000000000000000000000000000000000000000000000000000000000000000000001fe32eb28e7f40
465,000000000000000000000000000000000000000000000000000000000000000000000000000000000000000000000000000000000000000000348763f5e046a0
466,00000000000000000000000000000000000000000000000000000000000000000000000000000000000000000000000000000000000000000031d2e15f9dc7a0
467,0000000000000000000000000000000000000000000000000000000000000000000000000000000000000000000000000000000000000000001f2d9834f24680
468,0000000000000000000000000000000000000000000000000000000000000000000000000000000000000000000000000000000000000000002a558060d09980
469,00000000000000000000000000000000000000000000000000000000000000000000000000000000000000000000000000000000000000000040c210acc4b2a0
470,00000000000000000000000000000000000000000000000000000000000000000000000000000000000000000000000000000000000000000016ec4b4d315c40
471,0000000000000000000000000000000000000000000000000000000000000000000000000000000000000000000000000000000000000000002ebd8f94cd8e20
472,00000000000000000000000000000000000000000000000000000000000000000000000000000000000000000000000000000000000000000038703214e685e0
473,0000000000000000000000000000000000000000000000000000000000000000000000000000000000000000000000000000000000000000002775c6a6151bc0
474,00000000000000000000000000000000000000000000000000000000000000000000000000000000000000000000000000000000000000000015d613e9c93680
475,0000000000000000000000000000000000000000000000000000000000000000000000000000000000000000000000000000000000000000001b503ae3eb99a0
476,000000000000000000000000000000000000000000000000000000000000000000000000000000000000000000000000000000000000000000338089cc82c9e0
477,00000000000000000000000000000000000000000000000000000000000000000000000000000000000000000000000000000000000000000017ab010543eb80
478,00000000000000000000000000000000000000000000000000000000000000000000000000000000000000000000000000000000000000000047691eb02a5ba0
479,000000000000000000000000000000000000000000000000000000000000000000000000000000000000000000000000000000000000000000119d753299ed40
480,0000000000000000000000000000000000000000000000000000000000000000000000000000000000000000000000000000000000000000001e9e9c2ae387c0
481,0000000000000000000000000000000000000000000000000000000000000000000000000000000000000000000000000000000000000000001b503a01758180
482,0000000000000000000000000000000000000000000000000000000000000000000000000000000000000000000000000000000000000000002917491da44a60
483,0000000000000000000000000000000000000000000000000000000000000000000000000000000000000000000000000000000000000000002ae87f395f1420
484,00000000000000000000000000000000000000000000000000000000000000000000000000000000000000000000000000000000000000000013950ff320e4e0
485,00000000000000000000000000000000000000000000000000000000000000000000000000000000000000000000000000000000000000000016921e98312ea0
486,00000000000000000000000000000000000000000000000000000000000000000000000000000000000000000000000000000000000000000017575328713ba0
487,0000000000000000000000000000000000000000000000000000000000000000000000000000000000000000000000000000000000000000004abf3e31b06980
488,000000000000000000000000000000000000000000000000000000000000000000000000000000000000000000000000000000000000000000268befc9881240
489,000000000000000000000000000000000000000000000000000000000000000000000000000000000000000000000000000000000000000000104c5b84649b00
490,000000000000000000000000000000000000000000000000000000000000000000000000000000000000000000000000000000000000000000087fcdf73bf2c0
491,0000000000000000000000000000000000000000000000000000000000000000000000000000000000000000000000000000000000000000000ea77d8336b9e0
492,00000000000000000000000000000000000000000000000000000000000000000000000000000000000000000000000000000000000000000010bd8990757b40
493,0000000000000000000000000000000000000000000000000000000000000000000000000000000000000000000000000000000000000000004a1389bd425320
494,0000000000000000000000000000000000000000000000000000000000000000000000000000000000000000000000000000000000000000001a4211d8960640
495,0000000000000000000000000000000000000000000000000000000000000000000000000000000000000000000000000000000000000000000e759e9a443a60
496,0000000000000000000000000000000000000000000000000000000000000000000000000000000000000000000000000000000000000000001ea9a86f1142e0
497,0000000000000000000000000000000000000000000000000000000000000000000000000000000000000000000000000000000000000000001a262de44fc020
498,0000000000000000000000000000000000000000000000000000000000000000000000000000000000000000000000000000000000000000001440d971662de0
499,0000000000000000000000000000000000000000000000000000000000000000000000000000000000000000000000000000000000000000001ad6a109a710c0
500,0000000000000000000000000000000000000000000000000000000000000000000000000000000000000000000000000000000000000000001c91ad09565860
501,000000000000000000000000000000000000000000000000000000000000000000000000000000000000000000000000000000000000000000125208266f0580
502,0000000000000000000000000000000000000000000000000000000000000000000000000000000000000000000000000000000000000000001effc56943cea0
503,0000000000000000000000000000000000000000000000000000000000000000000000000000000000000000000000000000000000000000001f1f7c7ad1f3a0
504,0000000000000000000000000000000000000000000000000000000000000000000000000000000000000000000000000000000000000000001bd4e9dafacee0
505,0000000000000000000000000000000000000000000000000000000000000000000000000000000000000000000000000000000000000000001484fccf44f2e0
506,000000000000000000000000000000000000000000000000000000000000000000000000000000000000000000000000000000000000000000107906151357a0
507,00000000000000000000000000000000000000000000000000000000000000000000000000000000000000000000000000000000000000000019c9a9ea8ba520
508,000000000000000000000000000000000000000000000000000000000000000000000000000000000000000000000000000000000000000000240524eb44a320
509,00000000000000000000000000000000000000000000000000000000000000000000000000000000000000000000000000000000000000000016bb733ccab080
510,000000000000000000000000000000000000000000000000000000000000000000000000000000000000000000000000000000000000000000216bfb35a08e40
511,000000000000000000000000000000000000000000000000000000000000000000000000000000000000000000000000000000000000000000465abeaeb119e0
512,0000000000000000000000000000000000000000000000000000000000000000000000000000000000000000000000000000000000000000001a54b1b9cae7a0
513,0000000000000000000000000000000000000000000000000000000000000000000000000000000000000000000000000000000000000000001851fffa033cc0
514,000000000000000000000000000000000000000000000000000000000000000000000000000000000000000000000000000000000000000000196424fb3b7840
515,0000000000000000000000000000000000000000000000000000000000000000000000000000000000000000000000000000000000000000002204bf217cbc60
516,00000000000000000000000000000000000000000000000000000000000000000000000000000000000000000000000000000000000000000020baa14b6c7ba0
517,00000000000000000000000000000000000000000000000000000000000000000000000000000000000000000000000000000000000000000013f896277fcaa0
518,00000000000000000000000000000000000000000000000000000000000000000000000000000000000000000000000000000000000000000022aa51f8cabe00
519,0000000000000000000000000000000000000000000000000000000000000000000000000000000000000000000000000000000000000000000c00e77fb54500
520,0000000000000000000000000000000000000000000000000000000000000000000000000000000000000000000000000000000000000000002faff67a9f8080
521,0000000000000000000000000000000000000000000000000000000000000000000000000000000000000000000000000000000000000000002249e6e1c01d20
522,00000000000000000000000000000000000000000000000000000000000000000000000000000000000000000000000000000000000000000011c2457ee3d040
523,00000000000000000000000000000000000000000000000000000000000000000000000000000000000000000000000000000000000000000028b8852ddf9c40
524,0000000000000000000000000000000000000000000000000000000000000000000000000000000000000000000000000000000000000000001cf1c6a0667720
525,0000000000000000000000000000000000000000000000000000000000000000000000000000000000000000000000000000000000000000001d260c092f8e80
526,00000000000000000000000000000000000000000000000000000000000000000000000000000000000000000000000000000000000000000013d6fa3d74c760
527,0000000000000000000000000000000000000000000000000000000000000000000000000000000000000000000000000000000000000000001402f57591cae0
528,0000000000000000000000000000000000000000000000000000000000000000000000000000000000000000000000000000000000000000002a49333a425640
529,00000000000000000000000000000000000000000000000000000000000000000000000000000000000000000000000000000000000000000027b4e770991220
530,0000000000000000000000000000000000000000000000000000000000000000000000000000000000000000000000000000000000000000002bb2157a8e9fa0
531,0000000000000000000000000000000000000000000000000000000000000000000000000000000000000000000000000000000000000000000dba319d0cb5c0
532,0000000000000000000000000000000000000000000000000000000000000000000000000000000000000000000000000000000000000000002ec5b1d92d8dc0
533,00000000000000000000000000000000000000000000000000000000000000000000000000000000000000000000000000000000000000000017f989313451e0
534,000000000000000000000000000000000000000000000000000000000000000000000000000000000000000000000000000000000000000000148d5a13a0f8c0
535,000000000000000000000000000000000000000000000000000000000000000000000000000000000000000000000000000000000000000000284b5f17b09520
536,00000000000000000000000000000000000000000000000000000000000000000000000000000000000000000000000000000000000000000045d0bcae251f80
537,00000000000000000000000000000000000000000000000000000000000000000000000000000000000000000000000000000000000000000019db80c1f574e0
538,00000000000000000000000000000000000000000000000000000000000000000000000000000000000000000000000000000000000000000022a39d48035740
539,0000000000000000000000000000000000000000000000000000000000000000000000000000000000000000000000000000000000000000002b4806e42a4320
540,00000000000000000000000000000000000000000000000000000000000000000000000000000000000000000000000000000000000000000016f06aaf606640
541,000000000000000000000000000000000000000000000000000000000000000000000000000000000000000000000000000000000000000000229330c91ea6e0
542,00000000000000000000000000000000000000000000000000000000000000000000000000000000000000000000000000000000000000000017604cb1af08a0
543,00000000000000000000000000000000000000000000000000000000000000000000000000000000000000000000000000000000000000000020ccc3c05b0ba0
544,0000000000000000000000000000000000000000000000000000000000000000000000000000000000000000000000000000000000000000002768349d269560
545,00000000000000000000000000000000000000000000000000000000000000000000000000000000000000000000000000000000000000000020c3eefc071320
546,0000000000000000000000000000000000000000000000000000000000000000000000000000000000000000000000000000000000000000002b90412e1141a0
547,0000000000000000000000000000000000000000000000000000000000000000000000000000000000000000000000000000000000000000001c191cc2b12560
548,000000000000000000000000000000000000000000000000000000000000000000000000000000000000000000000000000000000000000000289bea086a9a80
549,000000000000000000000000000000000000000000000000000000000000000000000000000000000000000000000000000000000000000000120ea83eaa7740
550,0000000000000000000000000000000000000000000000000000000000000000000000000000000000000000000000000000000000000000002166cb710db780
551,0000000000000000000000000000000000000000000000000000000000000000000000000000000000000000000000000000000000000000002d2111c44a4560
552,0000000000000000000000000000000000000000000000000000000000000000000000000000000000000000000000000000000000000000002d40e7cbfdb6c0
553,0000000000000000000000000000000000000000000000000000000000000000000000000000000000000000000000000000000000000000001ecda13b69ab40
554,00000000000000000000000000000000000000000000000000000000000000000000000000000000000000000000000000000000000000000012854a67e71d20
555,0000000000000000000000000000000000000000000000000000000000000000000000000000000000000000000000000000000000000000000eb1bb514afc00
556,0000000000000000000000000000000000000000000000000000000000000000000000000000000000000000000000000000000000000000000bc57079de6ce0
557,00000000000000000000000000000000000000000000000000000000000000000000000000000000000000000000000000000000000000000023cb4fe551a080
558,000000000000000000000000000000000000000000000000000000000000000000000000000000000000000000000000000000000000000000153a8a87f57420
559,00000000000000000000000000000000000000000000000000000000000000000000000000000000000000000000000000000000000000000024988fcda473a0
560,00000000000000000000000000000000000000000000000000000000000000000000000000000000000000000000000000000000000000000037124c18c90ba0
561,0000000000000000000000000000000000000000000000000000000000000000000000000000000000000000000000000000000000000000003e1eaf290bf420
562,0000000000000000000000000000000000000000000000000000000000000000000000000000000000000000000000000000000000000000000e6fc4a481c7c0
563,0000000000000000000000000000000000000000000000000000000000000000000000000000000000000000000000000000000000000000000d4b4410d4fce0
564,00000000000000000000000000000000000000000000000000000000000000000000000000000000000000000000000000000000000000000017505a15384920
565,000000000000000000000000000000000000000000000000000000000000000000000000000000000000000000000000000000000000000000108343a813ec80
566,0000000000000000000000000000000000000000000000000000000000000000000000000000000000000000000000000000000000000000001c5493839bb360
567,000000000000000000000000000000000000000000000000000000000000000000000000000000000000000000000000000000000000000000196cbdf0ce8c20
568,00000000000000000000000000000000000000000000000000000000000000000000000000000000000000000000000000000000000000000013685ef623d220
569,0000000000000000000000000000000000000000000000000000000000000000000000000000000000000000000000000000000000000000000f81242f9fef00
570,0000000000000000000000000000000000000000000000000000000000000000000000000000000000000000000000000000000000000000001e6a5090dfc780
571,000000000000000000000000000000000000000000000000000000000000000000000000000000000000000000000000000000000000000000243bd58ef7b200
572,0000000000000000000000000000000000000000000000000000000000000000000000000000000000000000000000000000000000000000002a806b8f275420
573,00000000000000000000000000000000000000000000000000000000000000000000000000000000000000000000000000000000000000000022785ff24fafa0
574,0000000000000000000000000000000000000000000000000000000000000000000000000000000000000000000000000000000000000000002ba1e2de1c3020
575,0000000000000000000000000000000000000000000000000000000000000000000000000000000000000000000000000000000000000000001a14f3343de0e0
576,00000000000000000000000000000000000000000000000000000000000000000000000000000000000000000000000000000000000000000027c0c8f9a4bd20
577,0000000000000000000000000000000000000000000000000000000000000000000000000000000000000000000000000000000000000000001b44ad78641c40
578,000000000000000000000000000000000000000000000000000000000000000000000000000000000000000000000000000000000000000000310ff2c55de640
579,000000000000000000000000000000000000000000000000000000000000000000000000000000000000000000000000000000000000000000173ab620863300
580,00000000000000000000000000000000000000000000000000000000000000000000000000000000000000000000000000000000000000000035e929d4311240
581,000000000000000000000000000000000000000000000000000000000000000000000000000000000000000000000000000000000000000000136a2df6049f60
582,00000000000000000000000000000000000000000000000000000000000000000000000000000000000000000000000000000000000000000011a47759837e40
583,0000000000000000000000000000000000000000000000000000000000000000000000000000000000000000000000000000000000000000000e5133e1a4ba40
584,000000000000000000000000000000000000000000000000000000000000000000000000000000000000000000000000000000000000000000180c9a9c3a2a40
585,00000000000000000000000000000000000000000000000000000000000000000000000000000000000000000000000000000000000000000020489e531b2f60
586,0000000000000000000000000000000000000000000000000000000000000000000000000000000000000000000000000000000000000000000f613245783740
587,00000000000000000000000000000000000000000000000000000000000000000000000000000000000000000000000000000000000000000017181322dbaec0
588,0000000000000000000000000000000000000000000000000000000000000000000000000000000000000000000000000000000000000000002de7bbe8226140
589,000000000000000000000000000000000000000000000000000000000000000000000000000000000000000000000000000000000000000000190b1c1ec52a20
590,0000000000000000000000000000000000000000000000000000000000000000000000000000000000000000000000000000000000000000001297d97a583420
591,0000000000000000000000000000000000000000000000000000000000000000000000000000000000000000000000000000000000000000004f43d746373b00
592,0000000000000000000000000000000000000000000000000000000000000000000000000000000000000000000000000000000000000000003116b209d5d1a0
593,00000000000000000000000000000000000000000000000000000000000000000000000000000000000000000000000000000000000000000010974844447580
594,0000000000000000000000000000000000000000000000000000000000000000000000000000000000000000000000000000000000000000001b349ed216a2e0
595,0000000000000000000000000000000000000000000000000000000000000000000000000000000000000000000000000000000000000000002aca1ab192bce0
596,00000000000000000000000000000000000000000000000000000000000000000000000000000000000000000000000000000000000000000016012453312020
597,00000000000000000000000000000000000000000000000000000000000000000000000000000000000000000000000000000000000000000012e142442ad080
598,0000000000000000000000000000000000000000000000000000000000000000000000000000000000000000000000000000000000000000005af3f755368e40
599,0000000000000000000000000000000000000000000000000000000000000000000000000000000000000000000000000000000000000000002ad780ebbf4aa0
600,00000000000000000000000000000000000000000000000000000000000000000000000000000000000000000000000000000000000000000056c381f61805a0
601,000000000000000000000000000000000000000000000000000000000000000000000000000000000000000000000000000000000000000000196e530e3d1880
602,0000000000000000000000000000000000000000000000000000000000000000000000000000000000000000000000000000000000000000000e3d6a1e0dc400
603,00000000000000000000000000000000000000000000000000000000000000000000000000000000000000000000000000000000000000000024224afcff0d60
604,0000000000000000000000000000000000000000000000000000000000000000000000000000000000000000000000000000000000000000001b3df5e526bfe0
605,0000000000000000000000000000000000000000000000000000000000000000000000000000000000000000000000000000000000000000001345148c35d100
606,00000000000000000000000000000000000000000000000000000000000000000000000000000000000000000000000000000000000000000027e0611ee632a0
607,00000000000000000000000000000000000000000000000000000000000000000000000000000000000000000000000000000000000000000022467c447133a0
608,00000000000000000000000000000000000000000000000000000000000000000000000000000000000000000000000000000000000000000009e3541a5ad880
609,00000000000000000000000000000000000000000000000000000000000000000000000000000000000000000000000000000000000000000015b05d44f14f20
610,00000000000000000000000000000000000000000000000000000000000000000000000000000000000000000000000000000000000000000029282e3a0ab2c0
611,000000000000000000000000000000000000000000000000000000000000000000000000000000000000000000000000000000000000000000176dfb61fe16e0
612,0000000000000000000000000000000000000000000000000000000000000000000000000000000000000000000000000000000000000000001dcf7238d91c40
613,0000000000000000000000000000000000000000000000000000000000000000000000000000000000000000000000000000000000000000001b13b4c09d2da0
614,000000000000000000000000000000000000000000000000000000000000000000000000000000000000000000000000000000000000000000180b61889e07c0
615,00000000000000000000000000000000000000000000000000000000000000000000000000000000000000000000000000000000000000000012f62e73fcf9e0
616,0000000000000000000000000000000000000000000000000000000000000000000000000000000000000000000000000000000000000000001c5bd67945d2c0
617,0000000000000000000000000000000000000000000000000000000000000000000000000000000000000000000000000000000000000000002789e3737f1720
618,00000000000000000000000000000000000000000000000000000000000000000000000000000000000000000000000000000000000000000013cab2be4898c0
619,00000000000000000000000000000000000000000000000000000000000000000000000000000000000000000000000000000000000000000019ebfc8f9e0980
620,00000000000000000000000000000000000000000000000000000000000000000000000000000000000000000000000000000000000000000014d4572c624320
621,00000000000000000000000000000000000000000000000000000000000000000000000000000000000000000000000000000000000000000036d083e2241860
622,0000000000000000000000000000000000000000000000000000000000000000000000000000000000000000000000000000000000000000002627c0504845a0
623,0000000000000000000000000000000000000000000000000000000000000000000000000000000000000000000000000000000000000000001840bf36408b40
624,00000000000000000000000000000000000000000000000000000000000000000000000000000000000000000000000000000000000000000029cca41b448580
625,00000000000000000000000000000000000000000000000000000000000000000000000000000000000000000000000000000000000000000014161f39338920
626,000000000000000000000000000000000000000000000000000000000000000000000000000000000000000000000000000000000000000000189daf2624c260
627,00000000000000000000000000000000000000000000000000000000000000000000000000000000000000000000000000000000000000000014275624595aa0
628,000000000000000000000000000000000000000000000000000000000000000000000000000000000000000000000000000000000000000000166d6086f9c260
629,00000000000000000000000000000000000000000000000000000000000000000000000000000000000000000000000000000000000000000018b1c6e9b67720
630,00000000000000000000000000000000000000000000000000000000000000000000000000000000000000000000000000000000000000000013c17b03d3e8e0
631,0000000000000000000000000000000000000000000000000000000000000000000000000000000000000000000000000000000000000000001ed17558b178e0
632,0000000000000000000000000000000000000000000000000000000000000000000000000000000000000000000000000000000000000000004824d172497b80
633,000000000000000000000000000000000000000000000000000000000000000000000000000000000000000000000000000000000000000000330afcfbd0fda0
634,00000000000000000000000000000000000000000000000000000000000000000000000000000000000000000000000000000000000000000013bde097c34bc0
635,000000000000000000000000000000000000000000000000000000000000000000000000000000000000000000000000000000000000000000212b9be1597120
636,0000000000000000000000000000000000000000000000000000000000000000000000000000000000000000000000000000000000000000000e092dab6b7480
637,000000000000000000000000000000000000000000000000000000000000000000000000000000000000000000000000000000000000000000137221f57b6e60
638,0000000000000000000000000000000000000000000000000000000000000000000000000000000000000000000000000000000000000000002e1bc6b3659320
639,0000000000000000000000000000000000000000000000000000000000000000000000000000000000000000000000000000000000000000001b81cd1ba83060
640,0000000000000000000000000000000000000000000000000000000000000000000000000000000000000000000000000000000000000000001f6f043a625c60
641,0000000000000000000000000000000000000000000000000000000000000000000000000000000000000000000000000000000000000000001f9faf4acc1060
642,0000000000000000000000000000000000000000000000000000000000000000000000000000000000000000000000000000000000000000000f7286309c1480
643,00000000000000000000000000000000000000000000000000000000000000000000000000000000000000000000000000000000000000000010fabf5141ea80
644,00000000000000000000000000000000000000000000000000000000000000000000000000000000000000000000000000000000000000000026c1cfa85ce3a0
645,000000000000000000000000000000000000000000000000000000000000000000000000000000000000000000000000000000000000000000167925decc4000
646,0000000000000000000000000000000000000000000000000000000000000000000000000000000000000000000000000000000000000000001a952adcd533e0
647,00000000000000000000000000000000000000000000000000000000000000000000000000000000000000000000000000000000000000000018021df58c9a60
648,0000000000000000000000000000000000000000000000000000000000000000000000000000000000000000000000000000000000000000001d4c3b7cc43e40
649,0000000000000000000000000000000000000000000000000000000000000000000000000000000000000000000000000000000000000000002d0461c6392160
650,0000000000000000000000000000000000000000000000000000000000000000000000000000000000000000000000000000000000000000000c40a8aca49420
651,0000000000000000000000000000000000000000000000000000000000000000000000000000000000000000000000000000000000000000002d02758b469b20
652,0000000000000000000000000000000000000000000000000000000000000000000000000000000000000000000000000000000000000000002453c80381fe00
653,0000000000000000000000000000000000000000000000000000000000000000000000000000000000000000000000000000000000000000002c630a0c2bfca0
654,0000000000000000000000000000000000000000000000000000000000000000000000000000000000000000000000000000000000000000001da1c3634f9a80
655,0000000000000000000000000000000000000000000000000000000000000000000000000000000000000000000000000000000000000000001d1876cf062b80
656,00000000000000000000000000000000000000000000000000000000000000000000000000000000000000000000000000000000000000000016dca60952f060
657,000000000000000000000000000000000000000000000000000000000000000000000000000000000000000000000000000000000000000000128a98ddb2f620
658,0000000000000000000000000000000000000000000000000000000000000000000000000000000000000000000000000000000000000000000db4291d74c860
659,0000000000000000000000000000000000000000000000000000000000000000000000000000000000000000000000000000000000000000001672b7df3b2980
660,00000000000000000000000000000000000000000000000000000000000000000000000000000000000000000000000000000000000000000015da905fa33600
661,0000000000000000000000000000000000000000000000000000000000000000000000000000000000000000000000000000000000000000000eeacc74d50a40
662,00000000000000000000000000000000000000000000000000000000000000000000000000000000000000000000000000000000000000000033cf0b33875640
663,0000000000000000000000000000000000000000000000000000000000000000000000000000000000000000000000000000000000000000002048577a826ba0
664,00000000000000000000000000000000000000000000000000000000000000000000000000000000000000000000000000000000000000000011f78253eb0080
665,00000000000000000000000000000000000000000000000000000000000000000000000000000000000000000000000000000000000000000025e826ad2eea00
666,000000000000000000000000000000000000000000000000000000000000000000000000000000000000000000000000000000000000000000285780f9557400
667,0000000000000000000000000000000000000000000000000000000000000000000000000000000000000000000000000000000000000000004a41c1ff115740
668,0000000000000000000000000000000000000000000000000000000000000000000000000000000000000000000000000000000000000000002bc6d7b43c3a60
669,0000000000000000000000000000000000000000000000000000000000000000000000000000000000000000000000000000000000000000000e01f05d2369c0
670,00000000000000000000000000000000000000000000000000000000000000000000000000000000000000000000000000000000000000000015089f5a177980
671,0000000000000000000000000000000000000000000000000000000000000000000000000000000000000000000000000000000000000000002112f89e1622c0
672,0000000000000000000000000000000000000000000000000000000000000000000000000000000000000000000000000000000000000000001d936ae4471120
673,00000000000000000000000000000000000000000000000000000000000000000000000000000000000000000000000000000000000000000013ed7c6d2b9540
674,000000000000000000000000000000000000000000000000000000000000000000000000000000000000000000000000000000000000000000223d50cee7fee0
675,0000000000000000000000000000000000000000000000000000000000000000000000000000000000000000000000000000000000000000002d864b51295f40
676,000000000000000000000000000000000000000000000000000000000000000000000000000000000000000000000000000000000000000000260ae565eb4120
677,00000000000000000000000000000000000000000000000000000000000000000000000000000000000000000000000000000000000000000018d4ea7130efa0
678,0000000000000000000000000000000000000000000000000000000000000000000000000000000000000000000000000000000000000000003e600dae7cf2e0
679,0000000000000000000000000000000000000000000000000000000000000000000000000000000000000000000000000000000000000000002791b510820fe0
680,0000000000000000000000000000000000000000000000000000000000000000000000000000000000000000000000000000000000000000001aae0c65009ee0
681,0000000000000000000000000000000000000000000000000000000000000000000000000000000000000000000000000000000000000000001fa31f5e41fe20
682,00000000000000000000000000000000000000000000000000000000000000000000000000000000000000000000000000000000000000000021e5b937451da0
683,0000000000000000000000000000000000000000000000000000000000000000000000000000000000000000000000000000000000000000002a96f5c8b634e0
684,00000000000000000000000000000000000000000000000000000000000000000000000000000000000000000000000000000000000000000022915f66c7db60
685,0000000000000000000000000000000000000000000000000000000000000000000000000000000000000000000000000000000000000000001e7c3b99834ea0
686,00000000000000000000000000000000000000000000000000000000000000000000000000000000000000000000000000000000000000000011ba2675974a20
687,00000000000000000000000000000000000000000000000000000000000000000000000000000000000000000000000000000000000000000014344999a15560
688,00000000000000000000000000000000000000000000000000000000000000000000000000000000000000000000000000000000000000000023748a6b2a6f60
689,000000000000000000000000000000000000000000000000000000000000000000000000000000000000000000000000000000000000000000126c3c55e614e0
690,00000000000000000000000000000000000000000000000000000000000000000000000000000000000000000000000000000000000000000013f0c53bb7d9a0
691,000000000000000000000000000000000000000000000000000000000000000000000000000000000000000000000000000000000000000000132a37dcca1c40
692,0000000000000000000000000000000000000000000000000000000000000000000000000000000000000000000000000000000000000000002690e6fa6d7de0
693,00000000000000000000000000000000000000000000000000000000000000000000000000000000000000000000000000000000000000000037328b6561b3e0
694,00000000000000000000000000000000000000000000000000000000000000000000000000000000000000000000000000000000000000000019300dfebe0500
695,0000000000000000000000000000000000000000000000000000000000000000000000000000000000000000000000000000000000000000001b0f47235fb7e0
696,000000000000000000000000000000000000000000000000000000000000000000000000000000000000000000000000000000000000000000380bfd11ce7b40
697,0000000000000000000000000000000000000000000000000000000000000000000000000000000000000000000000000000000000000000001a7a5adea3b7e0
698,0000000000000000000000000000000000000000000000000000000000000000000000000000000000000000000000000000000000000000001f2068c986f3a0
699,00000000000000000000000000000000000000000000000000000000000000000000000000000000000000000000000000000000000000000013a9b4c081b640
700,00000000000000000000000000000000000000000000000000000000000000000000000000000000000000000000000000000000000000000011d392916a99c0
701,00000000000000000000000000000000000000000000000000000000000000000000000000000000000000000000000000000000000000000013b1557b11d2e0
702,000000000000000000000000000000000000000000000000000000000000000000000000000000000000000000000000000000000000000000697d57c6c382a0
703,00000000000000000000000000000000000000000000000000000000000000000000000000000000000000000000000000000000000000000029766a173b5120
704,00000000000000000000000000000000000000000000000000000000000000000000000000000000000000000000000000000000000000000020713b505e9b20
705,0000000000000000000000000000000000000000000000000000000000000000000000000000000000000000000000000000000000000000000f404eef11ff20
706,00000000000000000000000000000000000000000000000000000000000000000000000000000000000000000000000000000000000000000036ebdc91877220
707,0000000000000000000000000000000000000000000000000000000000000000000000000000000000000000000000000000000000000000001945ecd5e24ac0
708,00000000000000000000000000000000000000000000000000000000000000000000000000000000000000000000000000000000000000000016abbaaa28a560
709,0000000000000000000000000000000000000000000000000000000000000000000000000000000000000000000000000000000000000000003fa37db63b7d80
710,00000000000000000000000000000000000000000000000000000000000000000000000000000000000000000000000000000000000000000014b0ebd627b500
711,0000000000000000000000000000000000000000000000000000000000000000000000000000000000000000000000000000000000000000005377c7ea060400
712,0000000000000000000000000000000000000000000000000000000000000000000000000000000000000000000000000000000000000000000df6940549d8e0
713,00000000000000000000000000000000000000000000000000000000000000000000000000000000000000000000000000000000000000000026e08a92999020
714,0000000000000000000000000000000000000000000000000000000000000000000000000000000000000000000000000000000000000000001e9472c91caa40
715,0000000000000000000000000000000000000000000000000000000000000000000000000000000000000000000000000000000000000000001a415c1d8e93e0
716,0000000000000000000000000000000000000000000000000000000000000000000000000000000000000000000000000000000000000000001d61ecf1756b80
717,0000000000000000000000000000000000000000000000000000000000000000000000000000000000000000000000000000000000000000001e18ef2a0cd320
718,0000000000000000000000000000000000000000000000000000000000000000000000000000000000000000000000000000000000000000001c7d4d63535440
719,00000000000000000000000000000000000000000000000000000000000000000000000000000000000000000000000000000000000000000012c558b25b12a0
720,0000000000000000000000000000000000000000000000000000000000000000000000000000000000000000000000000000000000000000004afd17dec09200
721,0000000000000000000000000000000000000000000000000000000000000000000000000000000000000000000000000000000000000000003c2f067bad27c0
722,0000000000000000000000000000000000000000000000000000000000000000000000000000000000000000000000000000000000000000002324a666b3ef80
723,00000000000000000000000000000000000000000000000000000000000000000000000000000000000000000000000000000000000000000025ecbea3070f20
724,00000000000000000000000000000000000000000000000000000000000000000000000000000000000000000000000000000000000000000019fcd4ac055220
725,0000000000000000000000000000000000000000000000000000000000000000000000000000000000000000000000000000000000000000001ad5743af66960
726,0000000000000000000000000000000000000000000000000000000000000000000000000000000000000000000000000000000000000000000fc46fa13e7bc0
727,00000000000000000000000000000000000000000000000000000000000000000000000000000000000000000000000000000000000000000012a4075bfc4400
728,0000000000000000000000000000000000000000000000000000000000000000000000000000000000000000000000000000000000000000001d2657892a7820
729,0000000000000000000000000000000000000000000000000000000000000000000000000000000000000000000000000000000000000000001af406a535d080
730,0000000000000000000000000000000000000000000000000000000000000000000000000000000000000000000000000000000000000000001256a9089555a0
731,000000000000000000000000000000000000000000000000000000000000000000000000000000000000000000000000000000000000000000171082f2231260
732,000000000000000000000000000000000000000000000000000000000000000000000000000000000000000000000000000000000000000000172d520dbbf640
733,00000000000000000000000000000000000000000000000000000000000000000000000000000000000000000000000000000000000000000018a5df9bbee0e0
734,0000000000000000000000000000000000000000000000000000000000000000000000000000000000000000000000000000000000000000001e0068abb3e340
735,00000000000000000000000000000000000000000000000000000000000000000000000000000000000000000000000000000000000000000013779a92a6e660
736,00000000000000000000000000000000000000000000000000000000000000000000000000000000000000000000000000000000000000000024bbe40656b7e0
737,0000000000000000000000000000000000000000000000000000000000000000000000000000000000000000000000000000000000000000001f9165c1e9e760
738,000000000000000000000000000000000000000000000000000000000000000000000000000000000000000000000000000000000000000000161496be306f40
739,00000000000000000000000000000000000000000000000000000000000000000000000000000000000000000000000000000000000000000014c411a3a25520
740,0000000000000000000000000000000000000000000000000000000000000000000000000000000000000000000000000000000000000000002a8f26abb31100
741,0000000000000000000000000000000000000000000000000000000000000000000000000000000000000000000000000000000000000000000ed7da9d7e4c40
742,0000000000000000000000000000000000000000000000000000000000000000000000000000000000000000000000000000000000000000001026fa06e96ce0
743,0000000000000000000000000000000000000000000000000000000000000000000000000000000000000000000000000000000000000000000f091d4b67a180
744,0000000000000000000000000000000000000000000000000000000000000000000000000000000000000000000000000000000000000000001d86541663ee40
745,000000000000000000000000000000000000000000000000000000000000000000000000000000000000000000000000000000000000000000115206b7af1f60
746,00000000000000000000000000000000000000000000000000000000000000000000000000000000000000000000000000000000000000000016af84c7711f80
747,0000000000000000000000000000000000000000000000000000000000000000000000000000000000000000000000000000000000000000002078ae77408ee0
748,00000000000000000000000000000000000000000000000000000000000000000000000000000000000000000000000000000000000000000019964c0b8b9140
749,00000000000000000000000000000000000000000000000000000000000000000000000000000000000000000000000000000000000000000026aae8a9e7f460
750,00000000000000000000000000000000000000000000000000000000000000000000000000000000000000000000000000000000000000000012d63d6c4b5a40
751,0000000000000000000000000000000000000000000000000000000000000000000000000000000000000000000000000000000000000000001265ecb8c919a0
752,0000000000000000000000000000000000000000000000000000000000000000000000000000000000000000000000000000000000000000000fd9ee15f318c0
753,000000000000000000000000000000000000000000000000000000000000000000000000000000000000000000000000000000000000000000161baf2a04cee0
754,0000000000000000000000000000000000000000000000000000000000000000000000000000000000000000000000000000000000000000001fc72196e888e0
755,000000000000000000000000000000000000000000000000000000000000000000000000000000000000000000000000000000000000000000164bfe61d72960
756,00000000000000000000000000000000000000000000000000000000000000000000000000000000000000000000000000000000000000000018064a7f1d37a0
757,0000000000000000000000000000000000000000000000000000000000000000000000000000000000000000000000000000000000000000001a4b8c13063b00
758,00000000000000000000000000000000000000000000000000000000000000000000000000000000000000000000000000000000000000000022cee38a0529e0
759,0000000000000000000000000000000000000000000000000000000000000000000000000000000000000000000000000000000000000000001dba13ba49ba60
760,00000000000000000000000000000000000000000000000000000000000000000000000000000000000000000000000000000000000000000020c9a4de1ab900
761,00000000000000000000000000000000000000000000000000000000000000000000000000000000000000000000000000000000000000000016de5cce21ae60
762,0000000000000000000000000000000000000000000000000000000000000000000000000000000000000000000000000000000000000000002390495f7333c0
763,0000000000000000000000000000000000000000000000000000000000000000000000000000000000000000000000000000000000000000001ae8869c2393a0
764,0000000000000000000000000000000000000000000000000000000000000000000000000000000000000000000000000000000000000000000cb9a486f3c280
765,00000000000000000000000000000000000000000000000000000000000000000000000000000000000000000000000000000000000000000016f554d66e1540
766,000000000000000000000000000000000000000000000000000000000000000000000000000000000000000000000000000000000000000000163f6d1dc3a480
767,0000000000000000000000000000000000000000000000000000000000000000000000000000000000000000000000000000000000000000003ce88d51a2f860
768,00000000000000000000000000000000000000000000000000000000000000000000000000000000000000000000000000000000000000000015c2f3afff7140
769,00000000000000000000000000000000000000000000000000000000000000000000000000000000000000000000000000000000000000000027e8748aa9a880
770,000000000000000000000000000000000000000000000000000000000000000000000000000000000000000000000000000000000000000000161d40b3c25de0
771,000000000000000000000000000000000000000000000000000000000000000000000000000000000000000000000000000000000000000000234de21527bd80
772,0000000000000000000000000000000000000000000000000000000000000000000000000000000000000000000000000000000000000000000d333212743360
773,000000000000000000000000000000000000000000000000000000000000000000000000000000000000000000000000000000000000000000194c45c1c391c0
774,0000000000000000000000000000000000000000000000000000000000000000000000000000000000000000000000000000000000000000000ee966b000d700
775,00000000000000000000000000000000000000000000000000000000000000000000000000000000000000000000000000000000000000000017837787edef60
776,0000000000000000000000000000000000000000000000000000000000000000000000000000000000000000000000000000000000000000001d758be64a57e0
777,0000000000000000000000000000000000000000000000000000000000000000000000000000000000000000000000000000000000000000001a25a229457940
778,00000000000000000000000000000000000000000000000000000000000000000000000000000000000000000000000000000000000000000028983012837fe0
779,0000000000000000000000000000000000000000000000000000000000000000000000000000000000000000000000000000000000000000002fa0d87ba44600
780,0000000000000000000000000000000000000000000000000000000000000000000000000000000000000000000000000000000000000000002845cb5cfd1840
781,00000000000000000000000000000000000000000000000000000000000000000000000000000000000000000000000000000000000000000022d86c0960b740
782,0000000000000000000000000000000000000000000000000000000000000000000000000000000000000000000000000000000000000000001ec5ad63554fc0
783,00000000000000000000000000000000000000000000000000000000000000000000000000000000000000000000000000000000000000000012c62f8aea2260
784,0000000000000000000000000000000000000000000000000000000000000000000000000000000000000000000000000000000000000000003d81a229c87780
785,00000000000000000000000000000000000000000000000000000000000000000000000000000000000000000000000000000000000000000012d2ccbb4b9e80
786,000000000000000000000000000000000000000000000000000000000000000000000000000000000000000000000000000000000000000000166c207d36b580
787,0000000000000000000000000000000000000000000000000000000000000000000000000000000000000000000000000000000000000000002ef5ae11058000
788,00000000000000000000000000000000000000000000000000000000000000000000000000000000000000000000000000000000000000000019a17bb22d1160
789,0000000000000000000000000000000000000000000000000000000000000000000000000000000000000000000000000000000000000000001aa700c7f04ea0
790,00000000000000000000000000000000000000000000000000000000000000000000000000000000000000000000000000000000000000000020b2fdae666960
791,00000000000000000000000000000000000000000000000000000000000000000000000000000000000000000000000000000000000000000034dcdb3ee2e8e0
792,00000000000000000000000000000000000000000000000000000000000000000000000000000000000000000000000000000000000000000015011b295e0e20
793,0000000000000000000000000000000000000000000000000000000000000000000000000000000000000000000000000000000000000000003aff6dfc70f4a0
794,0000000000000000000000000000000000000000000000000000000000000000000000000000000000000000000000000000000000000000001dc432399b2c40
795,000000000000000000000000000000000000000000000000000000000000000000000000000000000000000000000000000000000000000000180fc04d3ef3c0
796,0000000000000000000000000000000000000000000000000000000000000000000000000000000000000000000000000000000000000000001b44385ae227e0
797,00000000000000000000000000000000000000000000000000000000000000000000000000000000000000000000000000000000000000000024a0b0af8e63c0
798,0000000000000000000000000000000000000000000000000000000000000000000000000000000000000000000000000000000000000000001fa21d5e5360a0
799,000000000000000000000000000000000000000000000000000000000000000000000000000000000000000000000000000000000000000000144173715bcd60
800,000000000000000000000000000000000000000000000000000000000000000000000000000000000000000000000000000000000000000000334b466da36ce0
801,000000000000000000000000000000000000000000000000000000000000000000000000000000000000000000000000000000000000000000256c3aabaff420
802,0000000000000000000000000000000000000000000000000000000000000000000000000000000000000000000000000000000000000000001c61d016689980
803,00000000000000000000000000000000000000000000000000000000000000000000000000000000000000000000000000000000000000000013cdfa208630c0
804,0000000000000000000000000000000000000000000000000000000000000000000000000000000000000000000000000000000000000000001bbddbe6611d40
805,000000000000000000000000000000000000000000000000000000000000000000000000000000000000000000000000000000000000000000175a31597ad680
806,0000000000000000000000000000000000000000000000000000000000000000000000000000000000000000000000000000000000000000002315385de57c20
807,0000000000000000000000000000000000000000000000000000000000000000000000000000000000000000000000000000000000000000001a3ba8768e78c0
808,000000000000000000000000000000000000000000000000000000000000000000000000000000000000000000000000000000000000000000135c4b3be07540
809,000000000000000000000000000000000000000000000000000000000000000000000000000000000000000000000000000000000000000000189d6efec69ee0
810,00000000000000000000000000000000000000000000000000000000000000000000000000000000000000000000000000000000000000000019550d0ff11000
811,0000000000000000000000000000000000000000000000000000000000000000000000000000000000000000000000000000000000000000000b045f10b977a0
812,0000000000000000000000000000000000000000000000000000000000000000000000000000000000000000000000000000000000000000001a752b2dc21ae0
813,0000000000000000000000000000000000000000000000000000000000000000000000000000000000000000000000000000000000000000002e7bb4993d8fe0
814,0000000000000000000000000000000000000000000000000000000000000000000000000000000000000000000000000000000000000000003cafd69a619740
815,00000000000000000000000000000000000000000000000000000000000000000000000000000000000000000000000000000000000000000023974e3797aa00
816,0000000000000000000000000000000000000000000000000000000000000000000000000000000000000000000000000000000000000000003288f4bfa7bd80
817,0000000000000000000000000000000000000000000000000000000000000000000000000000000000000000000000000000000000000000001514c8d945ada0
818,0000000000000000000000000000000000000000000000000000000000000000000000000000000000000000000000000000000000000000000ff2c29446c720
819,000000000000000000000000000000000000000000000000000000000000000000000000000000000000000000000000000000000000000000269e03dc017300
820,000000000000000000000000000000000000000000000000000000000000000000000000000000000000000000000000000000000000000000111e9bb14d7840
821,0000000000000000000000000000000000000000000000000000000000000000000000000000000000000000000000000000000000000000001407d14402e780
822,000000000000000000000000000000000000000000000000000000000000000000000000000000000000000000000000000000000000000000280154d7c17780
823,0000000000000000000000000000000000000000000000000000000000000000000000000000000000000000000000000000000000000000001a0698a1844040
824,00000000000000000000000000000000000000000000000000000000000000000000000000000000000000000000000000000000000000000027c59e34651020
825,00000000000000000000000000000000000000000000000000000000000000000000000000000000000000000000000000000000000000000015e8687265a1c0
826,000000000000000000000000000000000000000000000000000000000000000000000000000000000000000000000000000000000000000000241d295fcdb8a0
827,00000000000000000000000000000000000000000000000000000000000000000000000000000000000000000000000000000000000000000023d7f995b24500
828,0000000000000000000000000000000000000000000000000000000000000000000000000000000000000000000000000000000000000000002ed69df5937d60
829,00000000000000000000000000000000000000000000000000000000000000000000000000000000000000000000000000000000000000000014b89ddf7b9360
830,000000000000000000000000000000000000000000000000000000000000000000000000000000000000000000000000000000000000000000159021f85861e0
831,0000000000000000000000000000000000000000000000000000000000000000000000000000000000000000000000000000000000000000001b079790331180
832,00000000000000000000000000000000000000000000000000000000000000000000000000000000000000000000000000000000000000000010d0470f323660
833,0000000000000000000000000000000000000000000000000000000000000000000000000000000000000000000000000000000000000000000e5fba6a82c700
834,000000000000000000000000000000000000000000000000000000000000000000000000000000000000000000000000000000000000000000193f1bfdba5380
835,00000000000000000000000000000000000000000000000000000000000000000000000000000000000000000000000000000000000000000016f4844ca38500
836,0000000000000000000000000000000000000000000000000000000000000000000000000000000000000000000000000000000000000000000f1f7367702ca0
837,000000000000000000000000000000000000000000000000000000000000000000000000000000000000000000000000000000000000000000329d8bb46bf3e0
838,0000000000000000000000000000000000000000000000000000000000000000000000000000000000000000000000000000000000000000001d37bf11d6dba0
839,00000000000000000000000000000000000000000000000000000000000000000000000000000000000000000000000000000000000000000025f1c7e79c7e00
840,0000000000000000000000000000000000000000000000000000000000000000000000000000000000000000000000000000000000000000000e401227b88ee0
841,000000000000000000000000000000000000000000000000000000000000000000000000000000000000000000000000000000000000000000573a7501c55fa0
842,0000000000000000000000000000000000000000000000000000000000000000000000000000000000000000000000000000000000000000007c2ae40e6a56a0
843,00000000000000000000000000000000000000000000000000000000000000000000000000000000000000000000000000000000000000000016eb5960f2e480
844,0000000000000000000000000000000000000000000000000000000000000000000000000000000000000000000000000000000000000000000d0d906d9ae1c0
845,000000000000000000000000000000000000000000000000000000000000000000000000000000000000000000000000000000000000000000190fc90ac34820
846,0000000000000000000000000000000000000000000000000000000000000000000000000000000000000000000000000000000000000000001492d613425dc0
847,0000000000000000000000000000000000000000000000000000000000000000000000000000000000000000000000000000000000000000001dcb2fc2fb3440
848,0000000000000000000000000000000000000000000000000000000000000000000000000000000000000000000000000000000000000000002af7345fc3d560
849,0000000000000000000000000000000000000000000000000000000000000000000000000000000000000000000000000000000000000000001d19a5ec7b9760
850,00000000000000000000000000000000000000000000000000000000000000000000000000000000000000000000000000000000000000000014fb835120ffa0
851,00000000000000000000000000000000000000000000000000000000000000000000000000000000000000000000000000000000000000000024fd9d8bc194e0
852,0000000000000000000000000000000000000000000000000000000000000000000000000000000000000000000000000000000000000000001df90467471620
853,00000000000000000000000000000000000000000000000000000000000000000000000000000000000000000000000000000000000000000045bf74743b8c40
854,00000000000000000000000000000000000000000000000000000000000000000000000000000000000000000000000000000000000000000020a0839bf3e820
855,0000000000000000000000000000000000000000000000000000000000000000000000000000000000000000000000000000000000000000001248b73ac0f480
856,0000000000000000000000000000000000000000000000000000000000000000000000000000000000000000000000000000000000000000004582321fbebae0
857,0000000000000000000000000000000000000000000000000000000000000000000000000000000000000000000000000000000000000000000d70b7abd8cb20
858,0000000000000000000000000000000000000000000000000000000000000000000000000000000000000000000000000000000000000000001e75f8ada08c20
859,0000000000000000000000000000000000000000000000000000000000000000000000000000000000000000000000000000000000000000001f6de361d84920
860,0000000000000000000000000000000000000000000000000000000000000000000000000000000000000000000000000000000000000000001cba91cb813ce0
861,00000000000000000000000000000000000000000000000000000000000000000000000000000000000000000000000000000000000000000010d7897b03c180
862,00000000000000000000000000000000000000000000000000000000000000000000000000000000000000000000000000000000000000000018eb4f6faea160
863,00000000000000000000000000000000000000000000000000000000000000000000000000000000000000000000000000000000000000000022b3cb5a9d7780
864,0000000000000000000000000000000000000000000000000000000000000000000000000000000000000000000000000000000000000000001b9232c1efcd00
865,0000000000000000000000000000000000000000000000000000000000000000000000000000000000000000000000000000000000000000001ca7abaf3d65c0
866,000000000000000000000000000000000000000000000000000000000000000000000000000000000000000000000000000000000000000000174e023cc32aa0
867,0000000000000000000000000000000000000000000000000000000000000000000000000000000000000000000000000000000000000000001bfff17f770100
868,000000000000000000000000000000000000000000000000000000000000000000000000000000000000000000000000000000000000000000213fc5389b31c0
869,0000000000000000000000000000000000000000000000000000000000000000000000000000000000000000000000000000000000000000001de295def16b60
870,000000000000000000000000000000000000000000000000000000000000000000000000000000000000000000000000000000000000000000401eba1063d340
871,0000000000000000000000000000000000000000000000000000000000000000000000000000000000000000000000000000000000000000001c01936ba99cc0
872,000000000000000000000000000000000000000000000000000000000000000000000000000000000000000000000000000000000000000000224a4fe1b909e0
873,00000000000000000000000000000000000000000000000000000000000000000000000000000000000000000000000000000000000000000015cf34e0672060
874,00000000000000000000000000000000000000000000000000000000000000000000000000000000000000000000000000000000000000000015e97ef252dda0
875,0000000000000000000000000000000000000000000000000000000000000000000000000000000000000000000000000000000000000000003443aaabab96e0
876,0000000000000000000000000000000000000000000000000000000000000000000000000000000000000000000000000000000000000000000fcb3ae5b59820
877,00000000000000000000000000000000000000000000000000000000000000000000000000000000000000000000000000000000000000000022766354e81ca0
878,0000000000000000000000000000000000000000000000000000000000000000000000000000000000000000000000000000000000000000000fd79078920f00
879,000000000000000000000000000000000000000000000000000000000000000000000000000000000000000000000000000000000000000000276bf957f94500
880,00000000000000000000000000000000000000000000000000000000000000000000000000000000000000000000000000000000000000000031f9a970b20760
881,0000000000000000000000000000000000000000000000000000000000000000000000000000000000000000000000000000000000000000002470031f24dae0
882,0000000000000000000000000000000000000000000000000000000000000000000000000000000000000000000000000000000000000000001344526eb90ce0
883,00000000000000000000000000000000000000000000000000000000000000000000000000000000000000000000000000000000000000000027b8d30406ad80
884,00000000000000000000000000000000000000000000000000000000000000000000000000000000000000000000000000000000000000000024289f5f080520
885,000000000000000000000000000000000000000000000000000000000000000000000000000000000000000000000000000000000000000000153ef91b5a3bc0
886,0000000000000000000000000000000000000000000000000000000000000000000000000000000000000000000000000000000000000000001a0f268366d820
887,0000000000000000000000000000000000000000000000000000000000000000000000000000000000000000000000000000000000000000002555db1980a9c0
888,0000000000000000000000000000000000000000000000000000000000000000000000000000000000000000000000000000000000000000001941fadffef620
889,000000000000000000000000000000000000000000000000000000000000000000000000000000000000000000000000000000000000000000287ad19e56bae0
890,000000000000000000000000000000000000000000000000000000000000000000000000000000000000000000000000000000000000000000274943469ecec0
891,000000000000000000000000000000000000000000000000000000000000000000000000000000000000000000000000000000000000000000158653c7c67300
892,00000000000000000000000000000000000000000000000000000000000000000000000000000000000000000000000000000000000000000016ef3e60afb640
893,0000000000000000000000000000000000000000000000000000000000000000000000000000000000000000000000000000000000000000003ecab3939c09a0
894,0000000000000000000000000000000000000000000000000000000000000000000000000000000000000000000000000000000000000000003d58d8d3ea7ee0
895,00000000000000000000000000000000000000000000000000000000000000000000000000000000000000000000000000000000000000000047b1b66659d380
896,000000000000000000000000000000000000000000000000000000000000000000000000000000000000000000000000000000000000000000219c14bc3b7340
897,0000000000000000000000000000000000000000000000000000000000000000000000000000000000000000000000000000000000000000002bbef0f9b0d540
898,0000000000000000000000000000000000000000000000000000000000000000000000000000000000000000000000000000000000000000001ad52f44d3ac80
899,00000000000000000000000000000000000000000000000000000000000000000000000000000000000000000000000000000000000000000011c7af60fc9520
900,000000000000000000000000000000000000000000000000000000000000000000000000000000000000000000000000000000000000000000242184c1f8b7a0
901,00000000000000000000000000000000000000000000000000000000000000000000000000000000000000000000000000000000000000000026134bbdf7e580
902,00000000000000000000000000000000000000000000000000000000000000000000000000000000000000000000000000000000000000000015a14af7305ea0
903,00000000000000000000000000000000000000000000000000000000000000000000000000000000000000000000000000000000000000000026d926131915c0
904,0000000000000000000000000000000000000000000000000000000000000000000000000000000000000000000000000000000000000000000e56b41280eaa0
905,0000000000000000000000000000000000000000000000000000000000000000000000000000000000000000000000000000000000000000001a7d95997fb400
906,0000000000000000000000000000000000000000000000000000000000000000000000000000000000000000000000000000000000000000002816c111639dc0
907,00000000000000000000000000000000000000000000000000000000000000000000000000000000000000000000000000000000000000000036fd705f1d28c0
908,00000000000000000000000000000000000000000000000000000000000000000000000000000000000000000000000000000000000000000019d8445fb71f20
909,00000000000000000000000000000000000000000000000000000000000000000000000000000000000000000000000000000000000000000017f40227bb0dc0
910,00000000000000000000000000000000000000000000000000000000000000000000000000000000000000000000000000000000000000000018b8ce86c70c60
911,00000000000000000000000000000000000000000000000000000000000000000000000000000000000000000000000000000000000000000034da5c2b5cbde0
912,00000000000000000000000000000000000000000000000000000000000000000000000000000000000000000000000000000000000000000023b1df67087520
913,00000000000000000000000000000000000000000000000000000000000000000000000000000000000000000000000000000000000000000024da688e20e720
914,00000000000000000000000000000000000000000000000000000000000000000000000000000000000000000000000000000000000000000017f7ebbb28cba0
915,00000000000000000000000000000000000000000000000000000000000000000000000000000000000000000000000000000000000000000020da203f749000
916,00000000000000000000000000000000000000000000000000000000000000000000000000000000000000000000000000000000000000000024cffcdd999520
917,000000000000000000000000000000000000000000000000000000000000000000000000000000000000000000000000000000000000000000393a1bd6107100
918,000000000000000000000000000000000000000000000000000000000000000000000000000000000000000000000000000000000000000000169ce6528aea80
919,00000000000000000000000000000000000000000000000000000000000000000000000000000000000000000000000000000000000000000027865073bcbee0
920,0000000000000000000000000000000000000000000000000000000000000000000000000000000000000000000000000000000000000000003710f88f074f20
921,00000000000000000000000000000000000000000000000000000000000000000000000000000000000000000000000000000000000000000012ed1b4d370e20
922,0000000000000000000000000000000000000000000000000000000000000000000000000000000000000000000000000000000000000000000a2c6d6e0b6d20
923,0000000000000000000000000000000000000000000000000000000000000000000000000000000000000000000000000000000000000000002ba703c039e040
924,00000000000000000000000000000000000000000000000000000000000000000000000000000000000000000000000000000000000000000023d5d9d0ea9a40
925,0000000000000000000000000000000000000000000000000000000000000000000000000000000000000000000000000000000000000000003fe165320fa420
926,00000000000000000000000000000000000000000000000000000000000000000000000000000000000000000000000000000000000000000035066eed50c8e0
927,0000000000000000000000000000000000000000000000000000000000000000000000000000000000000000000000000000000000000000006b68797e4904a0
928,0000000000000000000000000000000000000000000000000000000000000000000000000000000000000000000000000000000000000000000d47ca9ae989a0
929,00000000000000000000000000000000000000000000000000000000000000000000000000000000000000000000000000000000000000000014e101fa4cad00
930,00000000000000000000000000000000000000000000000000000000000000000000000000000000000000000000000000000000000000000019dcb8731b87e0
931,00000000000000000000000000000000000000000000000000000000000000000000000000000000000000000000000000000000000000000012653125248240
932,00000000000000000000000000000000000000000000000000000000000000000000000000000000000000000000000000000000000000000014cc6436c3ffc0
933,0000000000000000000000000000000000000000000000000000000000000000000000000000000000000000000000000000000000000000001128b858018020
934,00000000000000000000000000000000000000000000000000000000000000000000000000000000000000000000000000000000000000000013dc84b33c9560
935,000000000000000000000000000000000000000000000000000000000000000000000000000000000000000000000000000000000000000000155e8a4a74c6e0
936,000000000000000000000000000000000000000000000000000000000000000000000000000000000000000000000000000000000000000000223c3462ac6440
937,0000000000000000000000000000000000000000000000000000000000000000000000000000000000000000000000000000000000000000001e173082c875c0
938,00000000000000000000000000000000000000000000000000000000000000000000000000000000000000000000000000000000000000000013c3b5975eb180
939,00000000000000000000000000000000000000000000000000000000000000000000000000000000000000000000000000000000000000000020685182337000
940,0000000000000000000000000000000000000000000000000000000000000000000000000000000000000000000000000000000000000000001e674dd6000560
941,00000000000000000000000000000000000000000000000000000000000000000000000000000000000000000000000000000000000000000012364f80eac0a0
942,000000000000000000000000000000000000000000000000000000000000000000000000000000000000000000000000000000000000000000229a2d8d926d60
943,0000000000000000000000000000000000000000000000000000000000000000000000000000000000000000000000000000000000000000003707aefbf64940
944,00000000000000000000000000000000000000000000000000000000000000000000000000000000000000000000000000000000000000000026bfed8af38780
945,0000000000000000000000000000000000000000000000000000000000000000000000000000000000000000000000000000000000000000002883098a17bb20
946,00000000000000000000000000000000000000000000000000000000000000000000000000000000000000000000000000000000000000000054a2989acfc180
947,00000000000000000000000000000000000000000000000000000000000000000000000000000000000000000000000000000000000000000022968517aa24e0
948,0000000000000000000000000000000000000000000000000000000000000000000000000000000000000000000000000000000000000000003b43c7da4c0d80
949,0000000000000000000000000000000000000000000000000000000000000000000000000000000000000000000000000000000000000000001d76d066347a40
950,0000000000000000000000000000000000000000000000000000000000000000000000000000000000000000000000000000000000000000002c23136918e540
951,00000000000000000000000000000000000000000000000000000000000000000000000000000000000000000000000000000000000000000031d02f4c1b0c60
952,0000000000000000000000000000000000000000000000000000000000000000000000000000000000000000000000000000000000000000001a73d1add962c0
953,00000000000000000000000000000000000000000000000000000000000000000000000000000000000000000000000000000000000000000010927c09838740
