Event_ID,Hex_Data
1,0000000000000000000000000000000000000000000000000000000000000000000000000000000000000000000000000000000000000000003343f095846be0
2,0000000000000000000000000000000000000000000000000000000000000000000000000000000000000000000000000000000000000000002ba3e0ca4898e0
3,0000000000000000000000000000000000000000000000000000000000000000000000000000000000000000000000000000000000000000002934217e28dd20
4,00000000000000000000000000000000000000000000000000000000000000000000000000000000000000000000000000000000000000000016529a6b3dc340
5,00000000000000000000000000000000000000000000000000000000000000000000000000000000000000000000000000000000000000000025e17fb77a47a0
6,0000000000000000000000000000000000000000000000000000000000000000000000000000000000000000000000000000000000000000002196095a2d9040
7,0000000000000000000000000000000000000000000000000000000000000000000000000000000000000000000000000000000000000000001e978db535dec0
8,00000000000000000000000000000000000000000000000000000000000000000000000000000000000000000000000000000000000000000037ec52ec8e3c40
9,0000000000000000000000000000000000000000000000000000000000000000000000000000000000000000000000000000000000000000005c396df0836280
10,0000000000000000000000000000000000000000000000000000000000000000000000000000000000000000000000000000000000000000002fa1c4a2f6d280
11,00000000000000000000000000000000000000000000000000000000000000000000000000000000000000000000000000000000000000000068bed57afc4140
12,0000000000000000000000000000000000000000000000000000000000000000000000000000000000000000000000000000000000000000003834c205369820
13,00000000000000000000000000000000000000000000000000000000000000000000000000000000000000000000000000000000000000000024e0bc83db2140
14,0000000000000000000000000000000000000000000000000000000000000000000000000000000000000000000000000000000000000000002f5075010efa60
15,0000000000000000000000000000000000000000000000000000000000000000000000000000000000000000000000000000000000000000002b6bc0b086ea40
16,00000000000000000000000000000000000000000000000000000000000000000000000000000000000000000000000000000000000000000038fd8f28e9d840
17,00000000000000000000000000000000000000000000000000000000000000000000000000000000000000000000000000000000000000000024e7385c08d2c0
18,0000000000000000000000000000000000000000000000000000000000000000000000000000000000000000000000000000000000000000003aa83864c778e0
19,000000000000000000000000000000000000000000000000000000000000000000000000000000000000000000000000000000000000000000392571cd9c48a0
20,00000000000000000000000000000000000000000000000000000000000000000000000000000000000000000000000000000000000000000020f1cb3403ad60
21,0000000000000000000000000000000000000000000000000000000000000000000000000000000000000000000000000000000000000000002fee9258dda6e0
22,0000000000000000000000000000000000000000000000000000000000000000000000000000000000000000000000000000000000000000002af05a1b4dbbc0
23,0000000000000000000000000000000000000000000000000000000000000000000000000000000000000000000000000000000000000000005087daba3a9b80
24,00000000000000000000000000000000000000000000000000000000000000000000000000000000000000000000000000000000000000000030077dc37e8ec0
25,0000000000000000000000000000000000000000000000000000000000000000000000000000000000000000000000000000000000000000002d053214f00460
26,00000000000000000000000000000000000000000000000000000000000000000000000000000000000000000000000000000000000000000045accbce1af360
27,0000000000000000000000000000000000000000000000000000000000000000000000000000000000000000000000000000000000000000002579ea03616d40
28,00000000000000000000000000000000000000000000000000000000000000000000000000000000000000000000000000000000000000000017f0b2b1ccc600
29,0000000000000000000000000000000000000000000000000000000000000000000000000000000000000000000000000000000000000000003149ef72b0b300
30,000000000000000000000000000000000000000000000000000000000000000000000000000000000000000000000000000000000000000000229621353ab880
31,0000000000000000000000000000000000000000000000000000000000000000000000000000000000000000000000000000000000000000002eb22029440b40
32,0000000000000000000000000000000000000000000000000000000000000000000000000000000000000000000000000000000000000000003a6a5acb68cf20
33,0000000000000000000000000000000000000000000000000000000000000000000000000000000000000000000000000000000000000000002877a7c5efc2e0
34,000000000000000000000000000000000000000000000000000000000000000000000000000000000000000000000000000000000000000000380b74f44dcea0
35,0000000000000000000000000000000000000000000000000000000000000000000000000000000000000000000000000000000000000000002b7d4ed6ba8c40
36,0000000000000000000000000000000000000000000000000000000000000000000000000000000000000000000000000000000000000000004b859ad58dbe40
37,000000000000000000000000000000000000000000000000000000000000000000000000000000000000000000000000000000000000000000195790d4b1fdc0
38,0000000000000000000000000000000000000000000000000000000000000000000000000000000000000000000000000000000000000000002405d308c2c040
39,0000000000000000000000000000000000000000000000000000000000000000000000000000000000000000000000000000000000000000001fcb5e65645c40
40,00000000000000000000000000000000000000000000000000000000000000000000000000000000000000000000000000000000000000000024350b680a5b00
41,0000000000000000000000000000000000000000000000000000000000000000000000000000000000000000000000000000000000000000007d65da0309e000
42,00000000000000000000000000000000000000000000000000000000000000000000000000000000000000000000000000000000000000000036a19e519bd580
43,00000000000000000000000000000000000000000000000000000000000000000000000000000000000000000000000000000000000000000020718f01940b20
44,0000000000000000000000000000000000000000000000000000000000000000000000000000000000000000000000000000000000000000001af679601f46a0
45,00000000000000000000000000000000000000000000000000000000000000000000000000000000000000000000000000000000000000000024d59c8e73a620
46,0000000000000000000000000000000000000000000000000000000000000000000000000000000000000000000000000000000000000000002a7067c176a980
47,000000000000000000000000000000000000000000000000000000000000000000000000000000000000000000000000000000000000000000344afe3ede7040
48,00000000000000000000000000000000000000000000000000000000000000000000000000000000000000000000000000000000000000000018d876e71b1b20
49,00000000000000000000000000000000000000000000000000000000000000000000000000000000000000000000000000000000000000000024e7d51711f460
50,000000000000000000000000000000000000000000000000000000000000000000000000000000000000000000000000000000000000000000206c7ef812c240
51,0000000000000000000000000000000000000000000000000000000000000000000000000000000000000000000000000000000000000000002619f416229760
52,0000000000000000000000000000000000000000000000000000000000000000000000000000000000000000000000000000000000000000001f656093a62d40
53,0000000000000000000000000000000000000000000000000000000000000000000000000000000000000000000000000000000000000000001daef113a75a00
54,0000000000000000000000000000000000000000000000000000000000000000000000000000000000000000000000000000000000000000003ee03eeac5efc0
55,00000000000000000000000000000000000000000000000000000000000000000000000000000000000000000000000000000000000000000022e67e086e00c0
56,000000000000000000000000000000000000000000000000000000000000000000000000000000000000000000000000000000000000000000274c9ef79ff4c0
57,00000000000000000000000000000000000000000000000000000000000000000000000000000000000000000000000000000000000000000024ee28f91af4c0
58,00000000000000000000000000000000000000000000000000000000000000000000000000000000000000000000000000000000000000000056befbec8d7040
59,000000000000000000000000000000000000000000000000000000000000000000000000000000000000000000000000000000000000000000348c7c4e25ec80
60,0000000000000000000000000000000000000000000000000000000000000000000000000000000000000000000000000000000000000000002d2372755c5520
61,00000000000000000000000000000000000000000000000000000000000000000000000000000000000000000000000000000000000000000023e984f6f9c800
62,0000000000000000000000000000000000000000000000000000000000000000000000000000000000000000000000000000000000000000001e16f15191a420
63,00000000000000000000000000000000000000000000000000000000000000000000000000000000000000000000000000000000000000000022632d56338020
64,00000000000000000000000000000000000000000000000000000000000000000000000000000000000000000000000000000000000000000019e099df275c40
65,00000000000000000000000000000000000000000000000000000000000000000000000000000000000000000000000000000000000000000013c1db177eaaa0
66,00000000000000000000000000000000000000000000000000000000000000000000000000000000000000000000000000000000000000000019f6f1c9f4b480
67,00000000000000000000000000000000000000000000000000000000000000000000000000000000000000000000000000000000000000000013156d8f6bd1c0
68,00000000000000000000000000000000000000000000000000000000000000000000000000000000000000000000000000000000000000000023c3c4d2228480
69,00000000000000000000000000000000000000000000000000000000000000000000000000000000000000000000000000000000000000000019382d11e32800
70,0000000000000000000000000000000000000000000000000000000000000000000000000000000000000000000000000000000000000000001b5b10e330ae20
71,000000000000000000000000000000000000000000000000000000000000000000000000000000000000000000000000000000000000000000230784e8aa7160
72,00000000000000000000000000000000000000000000000000000000000000000000000000000000000000000000000000000000000000000012ab47a06b7e20
73,0000000000000000000000000000000000000000000000000000000000000000000000000000000000000000000000000000000000000000000f41bcdb481be0
74,00000000000000000000000000000000000000000000000000000000000000000000000000000000000000000000000000000000000000000012b32c7880dc60
75,00000000000000000000000000000000000000000000000000000000000000000000000000000000000000000000000000000000000000000015fac249c69dc0
76,00000000000000000000000000000000000000000000000000000000000000000000000000000000000000000000000000000000000000000012f52356852100
77,00000000000000000000000000000000000000000000000000000000000000000000000000000000000000000000000000000000000000000016bf1d1f01a560
78,0000000000000000000000000000000000000000000000000000000000000000000000000000000000000000000000000000000000000000001c8d9a272676c0
79,00000000000000000000000000000000000000000000000000000000000000000000000000000000000000000000000000000000000000000022680455e00360
80,00000000000000000000000000000000000000000000000000000000000000000000000000000000000000000000000000000000000000000018a5e4e0aad4c0
81,00000000000000000000000000000000000000000000000000000000000000000000000000000000000000000000000000000000000000000022977df036ea20
82,000000000000000000000000000000000000000000000000000000000000000000000000000000000000000000000000000000000000000000188b2262786fe0
83,000000000000000000000000000000000000000000000000000000000000000000000000000000000000000000000000000000000000000000728055e66389c0
84,0000000000000000000000000000000000000000000000000000000000000000000000000000000000000000000000000000000000000000001447b1bfb506e0
85,0000000000000000000000000000000000000000000000000000000000000000000000000000000000000000000000000000000000000000003466d3959bd9e0
86,000000000000000000000000000000000000000000000000000000000000000000000000000000000000000000000000000000000000000000252db574d2bd20
87,0000000000000000000000000000000000000000000000000000000000000000000000000000000000000000000000000000000000000000002309b6b7498280
88,000000000000000000000000000000000000000000000000000000000000000000000000000000000000000000000000000000000000000000338e6786a74a40
89,000000000000000000000000000000000000000000000000000000000000000000000000000000000000000000000000000000000000000000270a3b237ba540
90,0000000000000000000000000000000000000000000000000000000000000000000000000000000000000000000000000000000000000000001f55d32863afe0
91,0000000000000000000000000000000000000000000000000000000000000000000000000000000000000000000000000000000000000000002a69cb5599eee0
92,000000000000000000000000000000000000000000000000000000000000000000000000000000000000000000000000000000000000000000196ece3f6fdf20
93,00000000000000000000000000000000000000000000000000000000000000000000000000000000000000000000000000000000000000000034a3a21182efc0
94,000000000000000000000000000000000000000000000000000000000000000000000000000000000000000000000000000000000000000000142f1f2dabac40
95,0000000000000000000000000000000000000000000000000000000000000000000000000000000000000000000000000000000000000000001a9bd179ec5260
96,0000000000000000000000000000000000000000000000000000000000000000000000000000000000000000000000000000000000000000001c6b1e0bef7b20
97,0000000000000000000000000000000000000000000000000000000000000000000000000000000000000000000000000000000000000000001bd0a6db4452a0
98,0000000000000000000000000000000000000000000000000000000000000000000000000000000000000000000000000000000000000000001b8de81ad75ea0
99,000000000000000000000000000000000000000000000000000000000000000000000000000000000000000000000000000000000000000000284b0b354014c0
100,00000000000000000000000000000000000000000000000000000000000000000000000000000000000000000000000000000000000000000012545ab01f9340
101,000000000000000000000000000000000000000000000000000000000000000000000000000000000000000000000000000000000000000000221ff8c7099000
102,0000000000000000000000000000000000000000000000000000000000000000000000000000000000000000000000000000000000000000002393545f3eb600
103,0000000000000000000000000000000000000000000000000000000000000000000000000000000000000000000000000000000000000000001859de8d2cb860
104,00000000000000000000000000000000000000000000000000000000000000000000000000000000000000000000000000000000000000000023fe8493196740
105,0000000000000000000000000000000000000000000000000000000000000000000000000000000000000000000000000000000000000000003546e45547a440
106,00000000000000000000000000000000000000000000000000000000000000000000000000000000000000000000000000000000000000000017762ac3e70ce0
107,000000000000000000000000000000000000000000000000000000000000000000000000000000000000000000000000000000000000000000178b4f0766aa00
108,00000000000000000000000000000000000000000000000000000000000000000000000000000000000000000000000000000000000000000027703092c43d80
109,0000000000000000000000000000000000000000000000000000000000000000000000000000000000000000000000000000000000000000002bd67e0bcbcec0
110,00000000000000000000000000000000000000000000000000000000000000000000000000000000000000000000000000000000000000000013c9780d22b980
111,0000000000000000000000000000000000000000000000000000000000000000000000000000000000000000000000000000000000000000002a44419d0dc580
112,000000000000000000000000000000000000000000000000000000000000000000000000000000000000000000000000000000000000000000134c9ec6c771c0
113,00000000000000000000000000000000000000000000000000000000000000000000000000000000000000000000000000000000000000000017e0c7b2df5bc0
114,0000000000000000000000000000000000000000000000000000000000000000000000000000000000000000000000000000000000000000003a6d5ddee61520
115,0000000000000000000000000000000000000000000000000000000000000000000000000000000000000000000000000000000000000000000efbef875ea840
116,0000000000000000000000000000000000000000000000000000000000000000000000000000000000000000000000000000000000000000001869c329a46960
117,0000000000000000000000000000000000000000000000000000000000000000000000000000000000000000000000000000000000000000001b1d6918935080
118,0000000000000000000000000000000000000000000000000000000000000000000000000000000000000000000000000000000000000000002464fbeea80340
119,00000000000000000000000000000000000000000000000000000000000000000000000000000000000000000000000000000000000000000031881395e33980
120,00000000000000000000000000000000000000000000000000000000000000000000000000000000000000000000000000000000000000000053fb10612d6160
121,0000000000000000000000000000000000000000000000000000000000000000000000000000000000000000000000000000000000000000001947f27d21df60
122,00000000000000000000000000000000000000000000000000000000000000000000000000000000000000000000000000000000000000000022ef95f41fe900
123,00000000000000000000000000000000000000000000000000000000000000000000000000000000000000000000000000000000000000000014b83b4bd0fcc0
124,0000000000000000000000000000000000000000000000000000000000000000000000000000000000000000000000000000000000000000001a4836ebdd41c0
125,0000000000000000000000000000000000000000000000000000000000000000000000000000000000000000000000000000000000000000004945e67c58a7e0
126,000000000000000000000000000000000000000000000000000000000000000000000000000000000000000000000000000000000000000000254144f38151c0
127,0000000000000000000000000000000000000000000000000000000000000000000000000000000000000000000000000000000000000000003478de80b36260
128,0000000000000000000000000000000000000000000000000000000000000000000000000000000000000000000000000000000000000000001f9ccfa39b2c40
129,0000000000000000000000000000000000000000000000000000000000000000000000000000000000000000000000000000000000000000002086c1d8c3e7e0
130,0000000000000000000000000000000000000000000000000000000000000000000000000000000000000000000000000000000000000000002c300585c36d60
131,0000000000000000000000000000000000000000000000000000000000000000000000000000000000000000000000000000000000000000002bbd215c463a00
132,000000000000000000000000000000000000000000000000000000000000000000000000000000000000000000000000000000000000000000115723e891fb80
133,000000000000000000000000000000000000000000000000000000000000000000000000000000000000000000000000000000000000000000174c2346bc0e40
134,0000000000000000000000000000000000000000000000000000000000000000000000000000000000000000000000000000000000000000002e0dd78cf37a60
135,00000000000000000000000000000000000000000000000000000000000000000000000000000000000000000000000000000000000000000015066e1f299980
136,0000000000000000000000000000000000000000000000000000000000000000000000000000000000000000000000000000000000000000001997333cb710e0
137,00000000000000000000000000000000000000000000000000000000000000000000000000000000000000000000000000000000000000000022135f96a7cee0
138,0000000000000000000000000000000000000000000000000000000000000000000000000000000000000000000000000000000000000000001ab5ae5aa45780
139,000000000000000000000000000000000000000000000000000000000000000000000000000000000000000000000000000000000000000000125ca0af90dbc0
140,0000000000000000000000000000000000000000000000000000000000000000000000000000000000000000000000000000000000000000002c916fcdf7efe0
141,000000000000000000000000000000000000000000000000000000000000000000000000000000000000000000000000000000000000000000447ca458c0ffe0
142,00000000000000000000000000000000000000000000000000000000000000000000000000000000000000000000000000000000000000000017f59f45291020
143,00000000000000000000000000000000000000000000000000000000000000000000000000000000000000000000000000000000000000000010787732a6d100
144,0000000000000000000000000000000000000000000000000000000000000000000000000000000000000000000000000000000000000000001e884318b3cd40
145,00000000000000000000000000000000000000000000000000000000000000000000000000000000000000000000000000000000000000000052e62511601660
146,00000000000000000000000000000000000000000000000000000000000000000000000000000000000000000000000000000000000000000021db9873078420
147,0000000000000000000000000000000000000000000000000000000000000000000000000000000000000000000000000000000000000000004068216de7c340
148,000000000000000000000000000000000000000000000000000000000000000000000000000000000000000000000000000000000000000000137c1ea60a3b20
149,0000000000000000000000000000000000000000000000000000000000000000000000000000000000000000000000000000000000000000001c86d3ec87a100
150,000000000000000000000000000000000000000000000000000000000000000000000000000000000000000000000000000000000000000000179a85379b56e0
151,0000000000000000000000000000000000000000000000000000000000000000000000000000000000000000000000000000000000000000001921da27157980
152,000000000000000000000000000000000000000000000000000000000000000000000000000000000000000000000000000000000000000000214feb415d3f20
153,00000000000000000000000000000000000000000000000000000000000000000000000000000000000000000000000000000000000000000027f191f65b31e0
154,0000000000000000000000000000000000000000000000000000000000000000000000000000000000000000000000000000000000000000001c82649e0f34c0
155,000000000000000000000000000000000000000000000000000000000000000000000000000000000000000000000000000000000000000000219a53f76d61c0
156,0000000000000000000000000000000000000000000000000000000000000000000000000000000000000000000000000000000000000000001d17db1dd59580
157,0000000000000000000000000000000000000000000000000000000000000000000000000000000000000000000000000000000000000000001b5b363bcbb3c0
158,000000000000000000000000000000000000000000000000000000000000000000000000000000000000000000000000000000000000000000506f32b20b50a0
159,0000000000000000000000000000000000000000000000000000000000000000000000000000000000000000000000000000000000000000001171c553155fe0
160,00000000000000000000000000000000000000000000000000000000000000000000000000000000000000000000000000000000000000000016329d8116c940
161,00000000000000000000000000000000000000000000000000000000000000000000000000000000000000000000000000000000000000000019f64ac0275860
162,00000000000000000000000000000000000000000000000000000000000000000000000000000000000000000000000000000000000000000016460ab102c160
163,0000000000000000000000000000000000000000000000000000000000000000000000000000000000000000000000000000000000000000004f8a541a14db40
164,000000000000000000000000000000000000000000000000000000000000000000000000000000000000000000000000000000000000000000205ef8f8fc09c0
165,0000000000000000000000000000000000000000000000000000000000000000000000000000000000000000000000000000000000000000003206b2f9a9c060
166,0000000000000000000000000000000000000000000000000000000000000000000000000000000000000000000000000000000000000000001ad263ec665660
167,000000000000000000000000000000000000000000000000000000000000000000000000000000000000000000000000000000000000000000208587bb4f39c0
168,0000000000000000000000000000000000000000000000000000000000000000000000000000000000000000000000000000000000000000001744ae8c28faa0
169,0000000000000000000000000000000000000000000000000000000000000000000000000000000000000000000000000000000000000000001af326c2cebf20
170,00000000000000000000000000000000000000000000000000000000000000000000000000000000000000000000000000000000000000000035d1e5cbe9ca60
171,00000000000000000000000000000000000000000000000000000000000000000000000000000000000000000000000000000000000000000026668110fa1720
172,0000000000000000000000000000000000000000000000000000000000000000000000000000000000000000000000000000000000000000002a774c85ec0e00
173,00000000000000000000000000000000000000000000000000000000000000000000000000000000000000000000000000000000000000000043d3d33cbea1a0
174,00000000000000000000000000000000000000000000000000000000000000000000000000000000000000000000000000000000000000000025834f51844600
175,00000000000000000000000000000000000000000000000000000000000000000000000000000000000000000000000000000000000000000035671adcf49500
176,00000000000000000000000000000000000000000000000000000000000000000000000000000000000000000000000000000000000000000054c8fa5d25f9c0
177,00000000000000000000000000000000000000000000000000000000000000000000000000000000000000000000000000000000000000000013ad8167a2a220
178,0000000000000000000000000000000000000000000000000000000000000000000000000000000000000000000000000000000000000000000e80672d3b7180
179,0000000000000000000000000000000000000000000000000000000000000000000000000000000000000000000000000000000000000000002d632f49ae6560
180,000000000000000000000000000000000000000000000000000000000000000000000000000000000000000000000000000000000000000000247e76d93f3fc0
181,0000000000000000000000000000000000000000000000000000000000000000000000000000000000000000000000000000000000000000001b3f78d15b7260
182,0000000000000000000000000000000000000000000000000000000000000000000000000000000000000000000000000000000000000000001c4f4db531bb40
183,000000000000000000000000000000000000000000000000000000000000000000000000000000000000000000000000000000000000000000175ba059621bc0
184,000000000000000000000000000000000000000000000000000000000000000000000000000000000000000000000000000000000000000000193010f4e53460
185,0000000000000000000000000000000000000000000000000000000000000000000000000000000000000000000000000000000000000000001a002d35a43860
186,0000000000000000000000000000000000000000000000000000000000000000000000000000000000000000000000000000000000000000000ed88c760fda40
187,00000000000000000000000000000000000000000000000000000000000000000000000000000000000000000000000000000000000000000035a4a8c51d89c0
188,00000000000000000000000000000000000000000000000000000000000000000000000000000000000000000000000000000000000000000017ab7d404f3dc0
189,000000000000000000000000000000000000000000000000000000000000000000000000000000000000000000000000000000000000000000394b85f26de320
190,0000000000000000000000000000000000000000000000000000000000000000000000000000000000000000000000000000000000000000004cfddc774701a0
191,00000000000000000000000000000000000000000000000000000000000000000000000000000000000000000000000000000000000000000021076b463fdf20
192,00000000000000000000000000000000000000000000000000000000000000000000000000000000000000000000000000000000000000000023d679297d6760
193,00000000000000000000000000000000000000000000000000000000000000000000000000000000000000000000000000000000000000000020fd9950c1e280
194,0000000000000000000000000000000000000000000000000000000000000000000000000000000000000000000000000000000000000000002384b938d83440
195,0000000000000000000000000000000000000000000000000000000000000000000000000000000000000000000000000000000000000000001932d96103f800
196,00000000000000000000000000000000000000000000000000000000000000000000000000000000000000000000000000000000000000000022edcdea660620
197,0000000000000000000000000000000000000000000000000000000000000000000000000000000000000000000000000000000000000000004c6c25b253a6c0
198,0000000000000000000000000000000000000000000000000000000000000000000000000000000000000000000000000000000000000000001fa616de0ed0c0
199,0000000000000000000000000000000000000000000000000000000000000000000000000000000000000000000000000000000000000000001c14db56abc900
200,0000000000000000000000000000000000000000000000000000000000000000000000000000000000000000000000000000000000000000002065fe51207760
201,0000000000000000000000000000000000000000000000000000000000000000000000000000000000000000000000000000000000000000001811f4eaa2c0c0
202,00000000000000000000000000000000000000000000000000000000000000000000000000000000000000000000000000000000000000000059fc520d48e8a0
203,0000000000000000000000000000000000000000000000000000000000000000000000000000000000000000000000000000000000000000005c4a0bdbb38340
204,000000000000000000000000000000000000000000000000000000000000000000000000000000000000000000000000000000000000000000568c1fc8984fc0
205,00000000000000000000000000000000000000000000000000000000000000000000000000000000000000000000000000000000000000000014013cba9bcc40
206,0000000000000000000000000000000000000000000000000000000000000000000000000000000000000000000000000000000000000000001d21e8a700c980
207,0000000000000000000000000000000000000000000000000000000000000000000000000000000000000000000000000000000000000000001eb70bd0a077e0
208,000000000000000000000000000000000000000000000000000000000000000000000000000000000000000000000000000000000000000000200d527e7c81e0
209,00000000000000000000000000000000000000000000000000000000000000000000000000000000000000000000000000000000000000000018ac5b5662bbc0
210,00000000000000000000000000000000000000000000000000000000000000000000000000000000000000000000000000000000000000000039e9b3a2d8ff80
211,0000000000000000000000000000000000000000000000000000000000000000000000000000000000000000000000000000000000000000001201e1d3381120
212,0000000000000000000000000000000000000000000000000000000000000000000000000000000000000000000000000000000000000000002f097db7123820
213,000000000000000000000000000000000000000000000000000000000000000000000000000000000000000000000000000000000000000000216ce0abb87a80
214,0000000000000000000000000000000000000000000000000000000000000000000000000000000000000000000000000000000000000000004198a9282788e0
215,0000000000000000000000000000000000000000000000000000000000000000000000000000000000000000000000000000000000000000002a566f60c07ec0
216,000000000000000000000000000000000000000000000000000000000000000000000000000000000000000000000000000000000000000000578d6ae87d1260
217,0000000000000000000000000000000000000000000000000000000000000000000000000000000000000000000000000000000000000000001ef9f54c1e3c00
218,000000000000000000000000000000000000000000000000000000000000000000000000000000000000000000000000000000000000000000182566c1f0dec0
219,00000000000000000000000000000000000000000000000000000000000000000000000000000000000000000000000000000000000000000015f14a4a69f3c0
220,000000000000000000000000000000000000000000000000000000000000000000000000000000000000000000000000000000000000000000177978127303a0
221,00000000000000000000000000000000000000000000000000000000000000000000000000000000000000000000000000000000000000000026817f368aed20
222,0000000000000000000000000000000000000000000000000000000000000000000000000000000000000000000000000000000000000000003219041fd03ea0
223,000000000000000000000000000000000000000000000000000000000000000000000000000000000000000000000000000000000000000000129b29c8e3f720
224,0000000000000000000000000000000000000000000000000000000000000000000000000000000000000000000000000000000000000000006076f36271d0e0
225,0000000000000000000000000000000000000000000000000000000000000000000000000000000000000000000000000000000000000000001bb4dfdd237b60
226,000000000000000000000000000000000000000000000000000000000000000000000000000000000000000000000000000000000000000000459817946c6720
227,0000000000000000000000000000000000000000000000000000000000000000000000000000000000000000000000000000000000000000000c9e41eb424f00
228,00000000000000000000000000000000000000000000000000000000000000000000000000000000000000000000000000000000000000000024d9a3dcf31460
229,0000000000000000000000000000000000000000000000000000000000000000000000000000000000000000000000000000000000000000003b911868c79aa0
230,00000000000000000000000000000000000000000000000000000000000000000000000000000000000000000000000000000000000000000016524e26569820
231,00000000000000000000000000000000000000000000000000000000000000000000000000000000000000000000000000000000000000000018c57585eccba0
232,0000000000000000000000000000000000000000000000000000000000000000000000000000000000000000000000000000000000000000004322c33ed458c0
233,0000000000000000000000000000000000000000000000000000000000000000000000000000000000000000000000000000000000000000002109ee8b00d580
234,0000000000000000000000000000000000000000000000000000000000000000000000000000000000000000000000000000000000000000001318ffca41e880
235,00000000000000000000000000000000000000000000000000000000000000000000000000000000000000000000000000000000000000000011be17a68e5d40
236,0000000000000000000000000000000000000000000000000000000000000000000000000000000000000000000000000000000000000000003b9e544080dc20
237,00000000000000000000000000000000000000000000000000000000000000000000000000000000000000000000000000000000000000000019837ab432a2a0
238,000000000000000000000000000000000000000000000000000000000000000000000000000000000000000000000000000000000000000000286aab0bbc1940
239,00000000000000000000000000000000000000000000000000000000000000000000000000000000000000000000000000000000000000000016d18a0a129360
240,00000000000000000000000000000000000000000000000000000000000000000000000000000000000000000000000000000000000000000019e3835ef52060
241,0000000000000000000000000000000000000000000000000000000000000000000000000000000000000000000000000000000000000000001570273f6c55c0
242,000000000000000000000000000000000000000000000000000000000000000000000000000000000000000000000000000000000000000000169de648a10da0
243,0000000000000000000000000000000000000000000000000000000000000000000000000000000000000000000000000000000000000000001c115e7e4a68c0
244,0000000000000000000000000000000000000000000000000000000000000000000000000000000000000000000000000000000000000000004894dc435a4a40
245,000000000000000000000000000000000000000000000000000000000000000000000000000000000000000000000000000000000000000000127a6219de5820
246,00000000000000000000000000000000000000000000000000000000000000000000000000000000000000000000000000000000000000000011faa4c9dc5080
247,00000000000000000000000000000000000000000000000000000000000000000000000000000000000000000000000000000000000000000017c0720daaab20
248,00000000000000000000000000000000000000000000000000000000000000000000000000000000000000000000000000000000000000000028903757f95140
249,000000000000000000000000000000000000000000000000000000000000000000000000000000000000000000000000000000000000000000265e79c2bfa8e0
250,00000000000000000000000000000000000000000000000000000000000000000000000000000000000000000000000000000000000000000031baf7889cbfa0
251,00000000000000000000000000000000000000000000000000000000000000000000000000000000000000000000000000000000000000000019346d435ee860
252,00000000000000000000000000000000000000000000000000000000000000000000000000000000000000000000000000000000000000000013a3d40fac0680
253,0000000000000000000000000000000000000000000000000000000000000000000000000000000000000000000000000000000000000000003a4e0488655080
254,0000000000000000000000000000000000000000000000000000000000000000000000000000000000000000000000000000000000000000001fa918f18c2800
255,000000000000000000000000000000000000000000000000000000000000000000000000000000000000000000000000000000000000000000183964ace6c780
256,000000000000000000000000000000000000000000000000000000000000000000000000000000000000000000000000000000000000000000294e72c14f3200
257,0000000000000000000000000000000000000000000000000000000000000000000000000000000000000000000000000000000000000000001d1f9475ede220
258,0000000000000000000000000000000000000000000000000000000000000000000000000000000000000000000000000000000000000000001f6c2513316fa0
259,0000000000000000000000000000000000000000000000000000000000000000000000000000000000000000000000000000000000000000001cf17b0cba53c0
260,00000000000000000000000000000000000000000000000000000000000000000000000000000000000000000000000000000000000000000010fb63962327a0
261,00000000000000000000000000000000000000000000000000000000000000000000000000000000000000000000000000000000000000000019ab5f31827d00
262,00000000000000000000000000000000000000000000000000000000000000000000000000000000000000000000000000000000000000000013c388489cd2c0
263,000000000000000000000000000000000000000000000000000000000000000000000000000000000000000000000000000000000000000000170c66061b4060
264,00000000000000000000000000000000000000000000000000000000000000000000000000000000000000000000000000000000000000000012f962a500c940
265,000000000000000000000000000000000000000000000000000000000000000000000000000000000000000000000000000000000000000000180f172fc08060
266,0000000000000000000000000000000000000000000000000000000000000000000000000000000000000000000000000000000000000000001ca71a9b95f140
267,000000000000000000000000000000000000000000000000000000000000000000000000000000000000000000000000000000000000000000419702e357ae40
268,00000000000000000000000000000000000000000000000000000000000000000000000000000000000000000000000000000000000000000043c81f0c4d7240
269,00000000000000000000000000000000000000000000000000000000000000000000000000000000000000000000000000000000000000000011a3666d471d40
270,00000000000000000000000000000000000000000000000000000000000000000000000000000000000000000000000000000000000000000027a326ca68d740
271,0000000000000000000000000000000000000000000000000000000000000000000000000000000000000000000000000000000000000000002a8c05534b8660
272,000000000000000000000000000000000000000000000000000000000000000000000000000000000000000000000000000000000000000000257fd8ef49d8c0
273,00000000000000000000000000000000000000000000000000000000000000000000000000000000000000000000000000000000000000000013084e7c9ceec0
274,00000000000000000000000000000000000000000000000000000000000000000000000000000000000000000000000000000000000000000013b477bfc81280
275,000000000000000000000000000000000000000000000000000000000000000000000000000000000000000000000000000000000000000000162135a9a57ec0
276,00000000000000000000000000000000000000000000000000000000000000000000000000000000000000000000000000000000000000000022f502d6387a20
277,000000000000000000000000000000000000000000000000000000000000000000000000000000000000000000000000000000000000000000269745ab3ab020
278,0000000000000000000000000000000000000000000000000000000000000000000000000000000000000000000000000000000000000000001d0f2b3bf54820
279,00000000000000000000000000000000000000000000000000000000000000000000000000000000000000000000000000000000000000000031a0bb6cd77400
280,000000000000000000000000000000000000000000000000000000000000000000000000000000000000000000000000000000000000000000284241fac3f2c0
281,00000000000000000000000000000000000000000000000000000000000000000000000000000000000000000000000000000000000000000019e8606879d900
282,00000000000000000000000000000000000000000000000000000000000000000000000000000000000000000000000000000000000000000032405f2701f9c0
283,0000000000000000000000000000000000000000000000000000000000000000000000000000000000000000000000000000000000000000001dce3342c737e0
284,0000000000000000000000000000000000000000000000000000000000000000000000000000000000000000000000000000000000000000002c8e81ff6589c0
285,0000000000000000000000000000000000000000000000000000000000000000000000000000000000000000000000000000000000000000001f506a815e8700
286,00000000000000000000000000000000000000000000000000000000000000000000000000000000000000000000000000000000000000000031f3bd49b5bae0
287,0000000000000000000000000000000000000000000000000000000000000000000000000000000000000000000000000000000000000000001abec6bc7d9a40
288,0000000000000000000000000000000000000000000000000000000000000000000000000000000000000000000000000000000000000000002050dbe63e4440
289,00000000000000000000000000000000000000000000000000000000000000000000000000000000000000000000000000000000000000000026a52d655e8400
290,000000000000000000000000000000000000000000000000000000000000000000000000000000000000000000000000000000000000000000342142c1ae52a0
291,000000000000000000000000000000000000000000000000000000000000000000000000000000000000000000000000000000000000000000309d21747cf7a0
292,00000000000000000000000000000000000000000000000000000000000000000000000000000000000000000000000000000000000000000021eadda33b2e40
293,0000000000000000000000000000000000000000000000000000000000000000000000000000000000000000000000000000000000000000001ccad2f1cb4f20
294,0000000000000000000000000000000000000000000000000000000000000000000000000000000000000000000000000000000000000000001c9288094796a0
295,0000000000000000000000000000000000000000000000000000000000000000000000000000000000000000000000000000000000000000009d4b5c843525e0
296,0000000000000000000000000000000000000000000000000000000000000000000000000000000000000000000000000000000000000000001c23da246e09e0
297,0000000000000000000000000000000000000000000000000000000000000000000000000000000000000000000000000000000000000000003036827b672e60
298,00000000000000000000000000000000000000000000000000000000000000000000000000000000000000000000000000000000000000000031851b64db5f20
299,0000000000000000000000000000000000000000000000000000000000000000000000000000000000000000000000000000000000000000002e5625ea8a59a0
300,0000000000000000000000000000000000000000000000000000000000000000000000000000000000000000000000000000000000000000001ff4a7278883c0
301,0000000000000000000000000000000000000000000000000000000000000000000000000000000000000000000000000000000000000000002536ba25723fe0
302,0000000000000000000000000000000000000000000000000000000000000000000000000000000000000000000000000000000000000000001c3326ad3ebf20
303,0000000000000000000000000000000000000000000000000000000000000000000000000000000000000000000000000000000000000000002329ef48ceeda0
304,0000000000000000000000000000000000000000000000000000000000000000000000000000000000000000000000000000000000000000001c3cf185335de0
305,000000000000000000000000000000000000000000000000000000000000000000000000000000000000000000000000000000000000000000911a709194cb60
306,0000000000000000000000000000000000000000000000000000000000000000000000000000000000000000000000000000000000000000001f06b3102ec140
307,00000000000000000000000000000000000000000000000000000000000000000000000000000000000000000000000000000000000000000021c5fd1bdeb200
308,00000000000000000000000000000000000000000000000000000000000000000000000000000000000000000000000000000000000000000028c24dad36d9a0
309,0000000000000000000000000000000000000000000000000000000000000000000000000000000000000000000000000000000000000000003ff85a6b974f20
310,0000000000000000000000000000000000000000000000000000000000000000000000000000000000000000000000000000000000000000001d0518a8f1cd80
311,00000000000000000000000000000000000000000000000000000000000000000000000000000000000000000000000000000000000000000010963144574240
312,0000000000000000000000000000000000000000000000000000000000000000000000000000000000000000000000000000000000000000003c70febc277be0
313,000000000000000000000000000000000000000000000000000000000000000000000000000000000000000000000000000000000000000000240c428853bce0
314,000000000000000000000000000000000000000000000000000000000000000000000000000000000000000000000000000000000000000000160bdc2b15c6a0
315,0000000000000000000000000000000000000000000000000000000000000000000000000000000000000000000000000000000000000000002344ed5aae89e0
316,0000000000000000000000000000000000000000000000000000000000000000000000000000000000000000000000000000000000000000002f1a3dd37b1ec0
317,00000000000000000000000000000000000000000000000000000000000000000000000000000000000000000000000000000000000000000020f2c40c9072a0
318,00000000000000000000000000000000000000000000000000000000000000000000000000000000000000000000000000000000000000000011c1bd75145d60
319,000000000000000000000000000000000000000000000000000000000000000000000000000000000000000000000000000000000000000000362ca83bf39260
320,000000000000000000000000000000000000000000000000000000000000000000000000000000000000000000000000000000000000000000120e64beaf03a0
321,00000000000000000000000000000000000000000000000000000000000000000000000000000000000000000000000000000000000000000017c2b4e62133e0
322,00000000000000000000000000000000000000000000000000000000000000000000000000000000000000000000000000000000000000000033db4f32b3c140
323,000000000000000000000000000000000000000000000000000000000000000000000000000000000000000000000000000000000000000000147a08a89f7060
324,0000000000000000000000000000000000000000000000000000000000000000000000000000000000000000000000000000000000000000001e977dd2c0c960
325,00000000000000000000000000000000000000000000000000000000000000000000000000000000000000000000000000000000000000000014d8b7c9a09920
326,00000000000000000000000000000000000000000000000000000000000000000000000000000000000000000000000000000000000000000020aeed2eac8600
327,0000000000000000000000000000000000000000000000000000000000000000000000000000000000000000000000000000000000000000001357c96d694820
328,00000000000000000000000000000000000000000000000000000000000000000000000000000000000000000000000000000000000000000026af2eb376d9c0
329,00000000000000000000000000000000000000000000000000000000000000000000000000000000000000000000000000000000000000000016b97501d960c0
330,00000000000000000000000000000000000000000000000000000000000000000000000000000000000000000000000000000000000000000035a1cf80625ee0
331,0000000000000000000000000000000000000000000000000000000000000000000000000000000000000000000000000000000000000000002c09e9922d6d40
332,0000000000000000000000000000000000000000000000000000000000000000000000000000000000000000000000000000000000000000002b0f1836c544e0
333,000000000000000000000000000000000000000000000000000000000000000000000000000000000000000000000000000000000000000000132a09a1b98880
334,00000000000000000000000000000000000000000000000000000000000000000000000000000000000000000000000000000000000000000019db8341f549c0
335,0000000000000000000000000000000000000000000000000000000000000000000000000000000000000000000000000000000000000000001d315e086c4800
336,000000000000000000000000000000000000000000000000000000000000000000000000000000000000000000000000000000000000000000158c4ae4e964e0
337,0000000000000000000000000000000000000000000000000000000000000000000000000000000000000000000000000000000000000000004cbf83d41804c0
338,0000000000000000000000000000000000000000000000000000000000000000000000000000000000000000000000000000000000000000004d2c04af3e7ce0
339,0000000000000000000000000000000000000000000000000000000000000000000000000000000000000000000000000000000000000000002175108da167e0
340,0000000000000000000000000000000000000000000000000000000000000000000000000000000000000000000000000000000000000000002a30ad634bd140
341,00000000000000000000000000000000000000000000000000000000000000000000000000000000000000000000000000000000000000000026908ce6c254a0
342,00000000000000000000000000000000000000000000000000000000000000000000000000000000000000000000000000000000000000000024c46acaaff1e0
343,000000000000000000000000000000000000000000000000000000000000000000000000000000000000000000000000000000000000000000321c4650d31c80
344,0000000000000000000000000000000000000000000000000000000000000000000000000000000000000000000000000000000000000000001c6ad8021b95c0
345,0000000000000000000000000000000000000000000000000000000000000000000000000000000000000000000000000000000000000000001e5459e11f9340
346,00000000000000000000000000000000000000000000000000000000000000000000000000000000000000000000000000000000000000000020e1e65c784f20
347,000000000000000000000000000000000000000000000000000000000000000000000000000000000000000000000000000000000000000000154ebf690f0b40
348,0000000000000000000000000000000000000000000000000000000000000000000000000000000000000000000000000000000000000000002385bbb8c6c920
349,0000000000000000000000000000000000000000000000000000000000000000000000000000000000000000000000000000000000000000001ccc00d42d1f00
350,00000000000000000000000000000000000000000000000000000000000000000000000000000000000000000000000000000000000000000022f3f19b373220
351,0000000000000000000000000000000000000000000000000000000000000000000000000000000000000000000000000000000000000000001cb00224d4f4c0
352,00000000000000000000000000000000000000000000000000000000000000000000000000000000000000000000000000000000000000000023b93e7a3a8820
353,0000000000000000000000000000000000000000000000000000000000000000000000000000000000000000000000000000000000000000001dc65e25c47b80
354,000000000000000000000000000000000000000000000000000000000000000000000000000000000000000000000000000000000000000000134db401c874c0
355,00000000000000000000000000000000000000000000000000000000000000000000000000000000000000000000000000000000000000000039f14d04cc1100
356,0000000000000000000000000000000000000000000000000000000000000000000000000000000000000000000000000000000000000000001deef87ba59ee0
357,000000000000000000000000000000000000000000000000000000000000000000000000000000000000000000000000000000000000000000454ee2e8202060
358,000000000000000000000000000000000000000000000000000000000000000000000000000000000000000000000000000000000000000000107ae001422d60
359,0000000000000000000000000000000000000000000000000000000000000000000000000000000000000000000000000000000000000000004eb31cb26df580
360,00000000000000000000000000000000000000000000000000000000000000000000000000000000000000000000000000000000000000000022761219d9e4a0
361,0000000000000000000000000000000000000000000000000000000000000000000000000000000000000000000000000000000000000000001a3d13ec9d5d80
362,00000000000000000000000000000000000000000000000000000000000000000000000000000000000000000000000000000000000000000012ec5a7e7f1fc0
363,000000000000000000000000000000000000000000000000000000000000000000000000000000000000000000000000000000000000000000367a94192994c0
364,0000000000000000000000000000000000000000000000000000000000000000000000000000000000000000000000000000000000000000001dbc1961894f00
365,0000000000000000000000000000000000000000000000000000000000000000000000000000000000000000000000000000000000000000001840e5f151a060
366,0000000000000000000000000000000000000000000000000000000000000000000000000000000000000000000000000000000000000000002e8a3fbfa525a0
367,0000000000000000000000000000000000000000000000000000000000000000000000000000000000000000000000000000000000000000001f9640105b1de0
368,0000000000000000000000000000000000000000000000000000000000000000000000000000000000000000000000000000000000000000002655193988cca0
369,00000000000000000000000000000000000000000000000000000000000000000000000000000000000000000000000000000000000000000029b936d7a753a0
370,0000000000000000000000000000000000000000000000000000000000000000000000000000000000000000000000000000000000000000001d3d1bea17e3e0
371,00000000000000000000000000000000000000000000000000000000000000000000000000000000000000000000000000000000000000000015ffa6bf999b40
372,00000000000000000000000000000000000000000000000000000000000000000000000000000000000000000000000000000000000000000024af3a9ae25d80
373,0000000000000000000000000000000000000000000000000000000000000000000000000000000000000000000000000000000000000000001230e7bc5bafe0
374,00000000000000000000000000000000000000000000000000000000000000000000000000000000000000000000000000000000000000000023fcfdebd143e0
375,0000000000000000000000000000000000000000000000000000000000000000000000000000000000000000000000000000000000000000002732ae5bd592c0
376,00000000000000000000000000000000000000000000000000000000000000000000000000000000000000000000000000000000000000000049b4552ffb6300
377,0000000000000000000000000000000000000000000000000000000000000000000000000000000000000000000000000000000000000000001c51aad292cda0
378,000000000000000000000000000000000000000000000000000000000000000000000000000000000000000000000000000000000000000000223233d9805000
379,0000000000000000000000000000000000000000000000000000000000000000000000000000000000000000000000000000000000000000001c09b23009d8c0
380,00000000000000000000000000000000000000000000000000000000000000000000000000000000000000000000000000000000000000000019728b7a431020
381,0000000000000000000000000000000000000000000000000000000000000000000000000000000000000000000000000000000000000000001cd5eadd5ab760
382,0000000000000000000000000000000000000000000000000000000000000000000000000000000000000000000000000000000000000000002a9676d2976080
383,0000000000000000000000000000000000000000000000000000000000000000000000000000000000000000000000000000000000000000001c6ba0d0d2fa20
384,00000000000000000000000000000000000000000000000000000000000000000000000000000000000000000000000000000000000000000013dee06e279840
385,00000000000000000000000000000000000000000000000000000000000000000000000000000000000000000000000000000000000000000019a2ac3bf129a0
386,000000000000000000000000000000000000000000000000000000000000000000000000000000000000000000000000000000000000000000223f1de27a2860
387,0000000000000000000000000000000000000000000000000000000000000000000000000000000000000000000000000000000000000000001f6a68f5c58400
388,000000000000000000000000000000000000000000000000000000000000000000000000000000000000000000000000000000000000000000402f73542fa620
389,0000000000000000000000000000000000000000000000000000000000000000000000000000000000000000000000000000000000000000001bbd46a17edd60
390,0000000000000000000000000000000000000000000000000000000000000000000000000000000000000000000000000000000000000000001900ede4611660
391,0000000000000000000000000000000000000000000000000000000000000000000000000000000000000000000000000000000000000000001959942d2ccde0
392,0000000000000000000000000000000000000000000000000000000000000000000000000000000000000000000000000000000000000000003e9e700cbef920
393,0000000000000000000000000000000000000000000000000000000000000000000000000000000000000000000000000000000000000000001bce9920540e40
394,0000000000000000000000000000000000000000000000000000000000000000000000000000000000000000000000000000000000000000001fd7b2d0de70e0
395,000000000000000000000000000000000000000000000000000000000000000000000000000000000000000000000000000000000000000000144a84495cf4a0
396,0000000000000000000000000000000000000000000000000000000000000000000000000000000000000000000000000000000000000000002d9f393bca1c00
397,0000000000000000000000000000000000000000000000000000000000000000000000000000000000000000000000000000000000000000004fbfb9b4059b00
398,0000000000000000000000000000000000000000000000000000000000000000000000000000000000000000000000000000000000000000001ba0e5cacada20
399,00000000000000000000000000000000000000000000000000000000000000000000000000000000000000000000000000000000000000000033272aab25fd20
400,00000000000000000000000000000000000000000000000000000000000000000000000000000000000000000000000000000000000000000010c43e37644520
401,0000000000000000000000000000000000000000000000000000000000000000000000000000000000000000000000000000000000000000003224d377a20fc0
402,00000000000000000000000000000000000000000000000000000000000000000000000000000000000000000000000000000000000000000037fb6692ec9f60
403,000000000000000000000000000000000000000000000000000000000000000000000000000000000000000000000000000000000000000000142692b817c0c0
404,000000000000000000000000000000000000000000000000000000000000000000000000000000000000000000000000000000000000000000186a4095eabac0
405,000000000000000000000000000000000000000000000000000000000000000000000000000000000000000000000000000000000000000000158a8d96427a20
406,000000000000000000000000000000000000000000000000000000000000000000000000000000000000000000000000000000000000000000142672cbcb2280
407,0000000000000000000000000000000000000000000000000000000000000000000000000000000000000000000000000000000000000000001c6e1d50a81680
408,0000000000000000000000000000000000000000000000000000000000000000000000000000000000000000000000000000000000000000002df70ff0f29520
409,0000000000000000000000000000000000000000000000000000000000000000000000000000000000000000000000000000000000000000001e1ca9512efe20
410,00000000000000000000000000000000000000000000000000000000000000000000000000000000000000000000000000000000000000000018d69ebfd875a0
411,0000000000000000000000000000000000000000000000000000000000000000000000000000000000000000000000000000000000000000001b568f8ae0db80
412,0000000000000000000000000000000000000000000000000000000000000000000000000000000000000000000000000000000000000000002aec0b3921e520
413,0000000000000000000000000000000000000000000000000000000000000000000000000000000000000000000000000000000000000000001f1826e79f3cc0
414,0000000000000000000000000000000000000000000000000000000000000000000000000000000000000000000000000000000000000000001fd174d14a1e60
415,0000000000000000000000000000000000000000000000000000000000000000000000000000000000000000000000000000000000000000002825dea4101aa0
416,0000000000000000000000000000000000000000000000000000000000000000000000000000000000000000000000000000000000000000002510a176c85620
417,0000000000000000000000000000000000000000000000000000000000000000000000000000000000000000000000000000000000000000002ddcc95f069b80
418,000000000000000000000000000000000000000000000000000000000000000000000000000000000000000000000000000000000000000000201996915a26a0
419,0000000000000000000000000000000000000000000000000000000000000000000000000000000000000000000000000000000000000000001732b883863140
420,0000000000000000000000000000000000000000000000000000000000000000000000000000000000000000000000000000000000000000002bd82bbce9ee40
421,0000000000000000000000000000000000000000000000000000000000000000000000000000000000000000000000000000000000000000001b7dcd434fa3e0
422,000000000000000000000000000000000000000000000000000000000000000000000000000000000000000000000000000000000000000000266f06fcb5d5e0
423,00000000000000000000000000000000000000000000000000000000000000000000000000000000000000000000000000000000000000000013d5233d948420
424,0000000000000000000000000000000000000000000000000000000000000000000000000000000000000000000000000000000000000000001bac86ac786a40
425,0000000000000000000000000000000000000000000000000000000000000000000000000000000000000000000000000000000000000000001543eb69c9d440
426,0000000000000000000000000000000000000000000000000000000000000000000000000000000000000000000000000000000000000000001a936a66cc0960
427,0000000000000000000000000000000000000000000000000000000000000000000000000000000000000000000000000000000000000000002ff7bd75c957c0
428,0000000000000000000000000000000000000000000000000000000000000000000000000000000000000000000000000000000000000000002cd1ae22414640
429,0000000000000000000000000000000000000000000000000000000000000000000000000000000000000000000000000000000000000000001fff3d094811a0
430,00000000000000000000000000000000000000000000000000000000000000000000000000000000000000000000000000000000000000000024763f7756d3c0
431,00000000000000000000000000000000000000000000000000000000000000000000000000000000000000000000000000000000000000000021e1b4b78a6b40
432,0000000000000000000000000000000000000000000000000000000000000000000000000000000000000000000000000000000000000000004a4b0239857480
433,0000000000000000000000000000000000000000000000000000000000000000000000000000000000000000000000000000000000000000001d4eae104b40e0
434,0000000000000000000000000000000000000000000000000000000000000000000000000000000000000000000000000000000000000000001c44af185f12c0
435,00000000000000000000000000000000000000000000000000000000000000000000000000000000000000000000000000000000000000000023d4249fccfc20
436,00000000000000000000000000000000000000000000000000000000000000000000000000000000000000000000000000000000000000000013623214183100
437,000000000000000000000000000000000000000000000000000000000000000000000000000000000000000000000000000000000000000000199f0259ba34c0
438,0000000000000000000000000000000000000000000000000000000000000000000000000000000000000000000000000000000000000000001e3a5e9df372e0
439,0000000000000000000000000000000000000000000000000000000000000000000000000000000000000000000000000000000000000000001ce5b4f9d43180
440,0000000000000000000000000000000000000000000000000000000000000000000000000000000000000000000000000000000000000000001228b08bae5440
441,0000000000000000000000000000000000000000000000000000000000000000000000000000000000000000000000000000000000000000003299c38d4aba60
442,000000000000000000000000000000000000000000000000000000000000000000000000000000000000000000000000000000000000000000515d1735b4e4c0
443,00000000000000000000000000000000000000000000000000000000000000000000000000000000000000000000000000000000000000000045e405b6b11120
444,0000000000000000000000000000000000000000000000000000000000000000000000000000000000000000000000000000000000000000001a85f0053e6120
445,0000000000000000000000000000000000000000000000000000000000000000000000000000000000000000000000000000000000000000001b32d7d2354ba0
446,00000000000000000000000000000000000000000000000000000000000000000000000000000000000000000000000000000000000000000018ad192ef37ac0
447,00000000000000000000000000000000000000000000000000000000000000000000000000000000000000000000000000000000000000000023d4305adfe300
448,0000000000000000000000000000000000000000000000000000000000000000000000000000000000000000000000000000000000000000002bb615dcbfc060
449,000000000000000000000000000000000000000000000000000000000000000000000000000000000000000000000000000000000000000000138d93aeb5b5c0
450,0000000000000000000000000000000000000000000000000000000000000000000000000000000000000000000000000000000000000000002cd301222a6e80
451,00000000000000000000000000000000000000000000000000000000000000000000000000000000000000000000000000000000000000000018337540fe64a0
452,00000000000000000000000000000000000000000000000000000000000000000000000000000000000000000000000000000000000000000042f038ae8af420
453,0000000000000000000000000000000000000000000000000000000000000000000000000000000000000000000000000000000000000000003074afed5e00a0
454,000000000000000000000000000000000000000000000000000000000000000000000000000000000000000000000000000000000000000000230f1fc0c4cc20
455,00000000000000000000000000000000000000000000000000000000000000000000000000000000000000000000000000000000000000000038aa9b42320300
456,00000000000000000000000000000000000000000000000000000000000000000000000000000000000000000000000000000000000000000053aa0edcca1e60
457,00000000000000000000000000000000000000000000000000000000000000000000000000000000000000000000000000000000000000000060c9c866b59380
458,0000000000000000000000000000000000000000000000000000000000000000000000000000000000000000000000000000000000000000001bd41c826b1b40
459,000000000000000000000000000000000000000000000000000000000000000000000000000000000000000000000000000000000000000000221a5eb3b8f6c0
460,00000000000000000000000000000000000000000000000000000000000000000000000000000000000000000000000000000000000000000017cac1480c85a0
461,0000000000000000000000000000000000000000000000000000000000000000000000000000000000000000000000000000000000000000000f1260e851abc0
462,0000000000000000000000000000000000000000000000000000000000000000000000000000000000000000000000000000000000000000002947bbf2fe1720
463,0000000000000000000000000000000000000000000000000000000000000000000000000000000000000000000000000000000000000000002163fd67657c20
464,0000000000000000000000000000000000000000000000000000000000000000000000000000000000000000000000000000000000000000001adb87ba8d9900
465,000000000000000000000000000000000000000000000000000000000000000000000000000000000000000000000000000000000000000000283689191800a0
466,000000000000000000000000000000000000000000000000000000000000000000000000000000000000000000000000000000000000000000144a4bbf882660
467,0000000000000000000000000000000000000000000000000000000000000000000000000000000000000000000000000000000000000000001a4ba6ba66e560
468,00000000000000000000000000000000000000000000000000000000000000000000000000000000000000000000000000000000000000000018d57f988958e0
469,00000000000000000000000000000000000000000000000000000000000000000000000000000000000000000000000000000000000000000026814cfb7a9e60
470,0000000000000000000000000000000000000000000000000000000000000000000000000000000000000000000000000000000000000000002f63154e929960
471,00000000000000000000000000000000000000000000000000000000000000000000000000000000000000000000000000000000000000000020ba775547ed00
472,0000000000000000000000000000000000000000000000000000000000000000000000000000000000000000000000000000000000000000003b0fd85dcbf0e0
473,000000000000000000000000000000000000000000000000000000000000000000000000000000000000000000000000000000000000000000493a15b8382a60
474,0000000000000000000000000000000000000000000000000000000000000000000000000000000000000000000000000000000000000000002a2ec8e36c76e0
475,0000000000000000000000000000000000000000000000000000000000000000000000000000000000000000000000000000000000000000001283ba71daae00
476,0000000000000000000000000000000000000000000000000000000000000000000000000000000000000000000000000000000000000000003773386adea880
477,00000000000000000000000000000000000000000000000000000000000000000000000000000000000000000000000000000000000000000014e30a218c1680
478,00000000000000000000000000000000000000000000000000000000000000000000000000000000000000000000000000000000000000000013721ee1ca6860
479,00000000000000000000000000000000000000000000000000000000000000000000000000000000000000000000000000000000000000000017b0343ffde900
480,0000000000000000000000000000000000000000000000000000000000000000000000000000000000000000000000000000000000000000001a94c3c92aeae0
481,00000000000000000000000000000000000000000000000000000000000000000000000000000000000000000000000000000000000000000013ed323bf58160
482,0000000000000000000000000000000000000000000000000000000000000000000000000000000000000000000000000000000000000000002017b4d666eb40
483,00000000000000000000000000000000000000000000000000000000000000000000000000000000000000000000000000000000000000000030cfeb8e9ab1c0
484,0000000000000000000000000000000000000000000000000000000000000000000000000000000000000000000000000000000000000000002a62d4a4d6faa0
485,00000000000000000000000000000000000000000000000000000000000000000000000000000000000000000000000000000000000000000017610fcf2bbb80
486,000000000000000000000000000000000000000000000000000000000000000000000000000000000000000000000000000000000000000000318e596e148e80
487,0000000000000000000000000000000000000000000000000000000000000000000000000000000000000000000000000000000000000000002be1a73c465be0
488,0000000000000000000000000000000000000000000000000000000000000000000000000000000000000000000000000000000000000000001bf0a514302260
489,00000000000000000000000000000000000000000000000000000000000000000000000000000000000000000000000000000000000000000055b086d7645f00
490,000000000000000000000000000000000000000000000000000000000000000000000000000000000000000000000000000000000000000000152135ce96b880
491,00000000000000000000000000000000000000000000000000000000000000000000000000000000000000000000000000000000000000000021ba633a30a920
492,000000000000000000000000000000000000000000000000000000000000000000000000000000000000000000000000000000000000000000167ca9f240d4c0
493,0000000000000000000000000000000000000000000000000000000000000000000000000000000000000000000000000000000000000000001b709e756e1f00
494,00000000000000000000000000000000000000000000000000000000000000000000000000000000000000000000000000000000000000000023590b14673a40
495,0000000000000000000000000000000000000000000000000000000000000000000000000000000000000000000000000000000000000000001714220595d560
496,0000000000000000000000000000000000000000000000000000000000000000000000000000000000000000000000000000000000000000002e52536acc48c0
497,0000000000000000000000000000000000000000000000000000000000000000000000000000000000000000000000000000000000000000002ce02a34f8a500
498,0000000000000000000000000000000000000000000000000000000000000000000000000000000000000000000000000000000000000000001aaee55b1962c0
499,00000000000000000000000000000000000000000000000000000000000000000000000000000000000000000000000000000000000000000024bf915eb4d380
500,00000000000000000000000000000000000000000000000000000000000000000000000000000000000000000000000000000000000000000012f7e84c7cbde0
501,0000000000000000000000000000000000000000000000000000000000000000000000000000000000000000000000000000000000000000001f2e61bebd4f80
502,000000000000000000000000000000000000000000000000000000000000000000000000000000000000000000000000000000000000000000181d9f389e7340
503,0000000000000000000000000000000000000000000000000000000000000000000000000000000000000000000000000000000000000000002351a263abf480
504,0000000000000000000000000000000000000000000000000000000000000000000000000000000000000000000000000000000000000000002c8969f5e4cae0
505,0000000000000000000000000000000000000000000000000000000000000000000000000000000000000000000000000000000000000000002329981799ba00
506,000000000000000000000000000000000000000000000000000000000000000000000000000000000000000000000000000000000000000000140e03feabada0
507,0000000000000000000000000000000000000000000000000000000000000000000000000000000000000000000000000000000000000000001d947181bf37a0
508,000000000000000000000000000000000000000000000000000000000000000000000000000000000000000000000000000000000000000000296f4c52c9c3e0
509,0000000000000000000000000000000000000000000000000000000000000000000000000000000000000000000000000000000000000000003076c3284de620
510,000000000000000000000000000000000000000000000000000000000000000000000000000000000000000000000000000000000000000000233420ef818b40
511,00000000000000000000000000000000000000000000000000000000000000000000000000000000000000000000000000000000000000000037c5760cb67720
512,000000000000000000000000000000000000000000000000000000000000000000000000000000000000000000000000000000000000000000197610c8cb40e0
513,00000000000000000000000000000000000000000000000000000000000000000000000000000000000000000000000000000000000000000021908eee3d4b20
514,00000000000000000000000000000000000000000000000000000000000000000000000000000000000000000000000000000000000000000039d6857cc16580
515,00000000000000000000000000000000000000000000000000000000000000000000000000000000000000000000000000000000000000000021892e0c466b00
516,00000000000000000000000000000000000000000000000000000000000000000000000000000000000000000000000000000000000000000017e8f2cfdc4ca0
517,0000000000000000000000000000000000000000000000000000000000000000000000000000000000000000000000000000000000000000001ae616b9d77640
518,0000000000000000000000000000000000000000000000000000000000000000000000000000000000000000000000000000000000000000002be8690a96b900
519,0000000000000000000000000000000000000000000000000000000000000000000000000000000000000000000000000000000000000000001652647ef2a080
520,000000000000000000000000000000000000000000000000000000000000000000000000000000000000000000000000000000000000000000226fc02df824e0
521,000000000000000000000000000000000000000000000000000000000000000000000000000000000000000000000000000000000000000000171d0ac9e874e0
522,00000000000000000000000000000000000000000000000000000000000000000000000000000000000000000000000000000000000000000020ce1785307560
523,00000000000000000000000000000000000000000000000000000000000000000000000000000000000000000000000000000000000000000020932c443c8100
524,0000000000000000000000000000000000000000000000000000000000000000000000000000000000000000000000000000000000000000002641b3bad76380
525,00000000000000000000000000000000000000000000000000000000000000000000000000000000000000000000000000000000000000000022a3c8344f37c0
526,00000000000000000000000000000000000000000000000000000000000000000000000000000000000000000000000000000000000000000013675cd8ab5e00
527,00000000000000000000000000000000000000000000000000000000000000000000000000000000000000000000000000000000000000000038b8d72d8b3e40
528,0000000000000000000000000000000000000000000000000000000000000000000000000000000000000000000000000000000000000000001cc23a19c211e0
529,0000000000000000000000000000000000000000000000000000000000000000000000000000000000000000000000000000000000000000005392c936f919c0
530,00000000000000000000000000000000000000000000000000000000000000000000000000000000000000000000000000000000000000000073d98fc547c460
531,0000000000000000000000000000000000000000000000000000000000000000000000000000000000000000000000000000000000000000001a4405baea7ea0
532,0000000000000000000000000000000000000000000000000000000000000000000000000000000000000000000000000000000000000000001cdcf349302b00
533,0000000000000000000000000000000000000000000000000000000000000000000000000000000000000000000000000000000000000000000eceb11e1c5820
534,0000000000000000000000000000000000000000000000000000000000000000000000000000000000000000000000000000000000000000001805c9e19c09a0
535,0000000000000000000000000000000000000000000000000000000000000000000000000000000000000000000000000000000000000000004e92cc17118b80
536,0000000000000000000000000000000000000000000000000000000000000000000000000000000000000000000000000000000000000000002ffda4eb8ae180
537,000000000000000000000000000000000000000000000000000000000000000000000000000000000000000000000000000000000000000000183bd1a2e45260
538,0000000000000000000000000000000000000000000000000000000000000000000000000000000000000000000000000000000000000000001e729d9a293420
539,000000000000000000000000000000000000000000000000000000000000000000000000000000000000000000000000000000000000000000178c38d61bd520
540,0000000000000000000000000000000000000000000000000000000000000000000000000000000000000000000000000000000000000000001df971987ace40
541,00000000000000000000000000000000000000000000000000000000000000000000000000000000000000000000000000000000000000000024909c26cb2880
542,0000000000000000000000000000000000000000000000000000000000000000000000000000000000000000000000000000000000000000001f24e3c939a9e0
543,00000000000000000000000000000000000000000000000000000000000000000000000000000000000000000000000000000000000000000016906ca2270a00
544,0000000000000000000000000000000000000000000000000000000000000000000000000000000000000000000000000000000000000000001b017237ff8be0
545,00000000000000000000000000000000000000000000000000000000000000000000000000000000000000000000000000000000000000000022515588a25e80
546,0000000000000000000000000000000000000000000000000000000000000000000000000000000000000000000000000000000000000000001809f83018d720
547,000000000000000000000000000000000000000000000000000000000000000000000000000000000000000000000000000000000000000000149f79e12d4060
548,000000000000000000000000000000000000000000000000000000000000000000000000000000000000000000000000000000000000000000151bf3e2a2a4c0
549,0000000000000000000000000000000000000000000000000000000000000000000000000000000000000000000000000000000000000000005cdade2a8ee0a0
550,0000000000000000000000000000000000000000000000000000000000000000000000000000000000000000000000000000000000000000001df918dd6d17a0
551,00000000000000000000000000000000000000000000000000000000000000000000000000000000000000000000000000000000000000000025e8fc68343460
552,0000000000000000000000000000000000000000000000000000000000000000000000000000000000000000000000000000000000000000001cc75c72070b40
553,0000000000000000000000000000000000000000000000000000000000000000000000000000000000000000000000000000000000000000002aac68daf56ee0
554,0000000000000000000000000000000000000000000000000000000000000000000000000000000000000000000000000000000000000000001f16c1e7b74b00
555,00000000000000000000000000000000000000000000000000000000000000000000000000000000000000000000000000000000000000000026c9f19df7fc40
556,0000000000000000000000000000000000000000000000000000000000000000000000000000000000000000000000000000000000000000001df3acac8f8e40
557,00000000000000000000000000000000000000000000000000000000000000000000000000000000000000000000000000000000000000000021744603d67020
558,000000000000000000000000000000000000000000000000000000000000000000000000000000000000000000000000000000000000000000205f27e547a540
559,00000000000000000000000000000000000000000000000000000000000000000000000000000000000000000000000000000000000000000036901bab676d20
560,000000000000000000000000000000000000000000000000000000000000000000000000000000000000000000000000000000000000000000261a399ff68560
561,000000000000000000000000000000000000000000000000000000000000000000000000000000000000000000000000000000000000000000100a0d08dc6520
562,0000000000000000000000000000000000000000000000000000000000000000000000000000000000000000000000000000000000000000003585250c2978e0
563,00000000000000000000000000000000000000000000000000000000000000000000000000000000000000000000000000000000000000000021efda8f33e840
564,0000000000000000000000000000000000000000000000000000000000000000000000000000000000000000000000000000000000000000003dae2eff6583c0
565,0000000000000000000000000000000000000000000000000000000000000000000000000000000000000000000000000000000000000000001ed0c958bd0fe0
566,0000000000000000000000000000000000000000000000000000000000000000000000000000000000000000000000000000000000000000001c061d6b5b5040
567,000000000000000000000000000000000000000000000000000000000000000000000000000000000000000000000000000000000000000000222a2ab2a877c0
568,00000000000000000000000000000000000000000000000000000000000000000000000000000000000000000000000000000000000000000013bfe7ab518cc0
569,000000000000000000000000000000000000000000000000000000000000000000000000000000000000000000000000000000000000000000169a6f7a17e2c0
570,0000000000000000000000000000000000000000000000000000000000000000000000000000000000000000000000000000000000000000002e2ec91e6c6e40
571,00000000000000000000000000000000000000000000000000000000000000000000000000000000000000000000000000000000000000000027dc4a5a406ca0
572,0000000000000000000000000000000000000000000000000000000000000000000000000000000000000000000000000000000000000000001ce7b9aaec7440
573,0000000000000000000000000000000000000000000000000000000000000000000000000000000000000000000000000000000000000000000f981aa43b3600
574,0000000000000000000000000000000000000000000000000000000000000000000000000000000000000000000000000000000000000000002e1ac851008fe0
575,00000000000000000000000000000000000000000000000000000000000000000000000000000000000000000000000000000000000000000013c34e8d8d0560
576,000000000000000000000000000000000000000000000000000000000000000000000000000000000000000000000000000000000000000000137e7fd71c4240
577,000000000000000000000000000000000000000000000000000000000000000000000000000000000000000000000000000000000000000000218001aa6e8140
578,00000000000000000000000000000000000000000000000000000000000000000000000000000000000000000000000000000000000000000040d1100e3824a0
579,00000000000000000000000000000000000000000000000000000000000000000000000000000000000000000000000000000000000000000021b5677f72ee40
580,0000000000000000000000000000000000000000000000000000000000000000000000000000000000000000000000000000000000000000002e173c2002ae80
581,00000000000000000000000000000000000000000000000000000000000000000000000000000000000000000000000000000000000000000024496f7a5bd7c0
582,000000000000000000000000000000000000000000000000000000000000000000000000000000000000000000000000000000000000000000146f35e46dd560
583,0000000000000000000000000000000000000000000000000000000000000000000000000000000000000000000000000000000000000000001ffdcbebd71840
584,0000000000000000000000000000000000000000000000000000000000000000000000000000000000000000000000000000000000000000001157cc2d72f3a0
585,00000000000000000000000000000000000000000000000000000000000000000000000000000000000000000000000000000000000000000028729c1ee455c0
586,00000000000000000000000000000000000000000000000000000000000000000000000000000000000000000000000000000000000000000021fd5ac95eb580
587,0000000000000000000000000000000000000000000000000000000000000000000000000000000000000000000000000000000000000000001c93001cf0ba60
588,00000000000000000000000000000000000000000000000000000000000000000000000000000000000000000000000000000000000000000040a75ffd5606e0
589,00000000000000000000000000000000000000000000000000000000000000000000000000000000000000000000000000000000000000000020f225f8e9de60
590,00000000000000000000000000000000000000000000000000000000000000000000000000000000000000000000000000000000000000000029d18ecc2ac8c0
591,0000000000000000000000000000000000000000000000000000000000000000000000000000000000000000000000000000000000000000005223f2d989aac0
592,000000000000000000000000000000000000000000000000000000000000000000000000000000000000000000000000000000000000000000202c8cad9ce9c0
593,00000000000000000000000000000000000000000000000000000000000000000000000000000000000000000000000000000000000000000027ef4b140c5140
594,00000000000000000000000000000000000000000000000000000000000000000000000000000000000000000000000000000000000000000034d84297cfbc00
595,0000000000000000000000000000000000000000000000000000000000000000000000000000000000000000000000000000000000000000001adc6df591c6c0
596,00000000000000000000000000000000000000000000000000000000000000000000000000000000000000000000000000000000000000000019584685e0d340
597,00000000000000000000000000000000000000000000000000000000000000000000000000000000000000000000000000000000000000000014381436e9c6e0
598,0000000000000000000000000000000000000000000000000000000000000000000000000000000000000000000000000000000000000000002b365b790c4b40
599,00000000000000000000000000000000000000000000000000000000000000000000000000000000000000000000000000000000000000000022353328118840
600,0000000000000000000000000000000000000000000000000000000000000000000000000000000000000000000000000000000000000000001547f4735cd5e0
601,000000000000000000000000000000000000000000000000000000000000000000000000000000000000000000000000000000000000000000251c8d4e983ba0
602,0000000000000000000000000000000000000000000000000000000000000000000000000000000000000000000000000000000000000000002fdf483c5b8cc0
603,0000000000000000000000000000000000000000000000000000000000000000000000000000000000000000000000000000000000000000003c6b80a8d4ffa0
604,0000000000000000000000000000000000000000000000000000000000000000000000000000000000000000000000000000000000000000000fb6a0ac054b60
605,000000000000000000000000000000000000000000000000000000000000000000000000000000000000000000000000000000000000000000151b270a12e880
606,0000000000000000000000000000000000000000000000000000000000000000000000000000000000000000000000000000000000000000004269d74b4a3fc0
607,0000000000000000000000000000000000000000000000000000000000000000000000000000000000000000000000000000000000000000001a4da61cba9760
608,00000000000000000000000000000000000000000000000000000000000000000000000000000000000000000000000000000000000000000017ffe85828dea0
609,0000000000000000000000000000000000000000000000000000000000000000000000000000000000000000000000000000000000000000001aa01965f13ea0
610,000000000000000000000000000000000000000000000000000000000000000000000000000000000000000000000000000000000000000000134426026d4640
611,00000000000000000000000000000000000000000000000000000000000000000000000000000000000000000000000000000000000000000010aa4bb923dc40
612,0000000000000000000000000000000000000000000000000000000000000000000000000000000000000000000000000000000000000000001d067b1528b0a0
613,0000000000000000000000000000000000000000000000000000000000000000000000000000000000000000000000000000000000000000001a74facb4f3620
614,0000000000000000000000000000000000000000000000000000000000000000000000000000000000000000000000000000000000000000002820337336d000
615,0000000000000000000000000000000000000000000000000000000000000000000000000000000000000000000000000000000000000000001e5df142f04740
616,0000000000000000000000000000000000000000000000000000000000000000000000000000000000000000000000000000000000000000002eb1e815969780
617,0000000000000000000000000000000000000000000000000000000000000000000000000000000000000000000000000000000000000000002106aa7787f0c0
618,00000000000000000000000000000000000000000000000000000000000000000000000000000000000000000000000000000000000000000025be8ecd863ea0
619,000000000000000000000000000000000000000000000000000000000000000000000000000000000000000000000000000000000000000000171d4a53bcca60
620,00000000000000000000000000000000000000000000000000000000000000000000000000000000000000000000000000000000000000000029e48b4ae34520
621,0000000000000000000000000000000000000000000000000000000000000000000000000000000000000000000000000000000000000000001ffa71b0fd3b80
622,000000000000000000000000000000000000000000000000000000000000000000000000000000000000000000000000000000000000000000683c6597778700
623,00000000000000000000000000000000000000000000000000000000000000000000000000000000000000000000000000000000000000000018219b871e9f40
624,0000000000000000000000000000000000000000000000000000000000000000000000000000000000000000000000000000000000000000001c620bf8dab7e0
625,00000000000000000000000000000000000000000000000000000000000000000000000000000000000000000000000000000000000000000026d6cdf5b7ad20
626,000000000000000000000000000000000000000000000000000000000000000000000000000000000000000000000000000000000000000000205c8982feaa00
627,0000000000000000000000000000000000000000000000000000000000000000000000000000000000000000000000000000000000000000001d695d4992a360
628,000000000000000000000000000000000000000000000000000000000000000000000000000000000000000000000000000000000000000000104017a2c206a0
629,00000000000000000000000000000000000000000000000000000000000000000000000000000000000000000000000000000000000000000018d457bfffbe60
630,00000000000000000000000000000000000000000000000000000000000000000000000000000000000000000000000000000000000000000024047308da7840
631,0000000000000000000000000000000000000000000000000000000000000000000000000000000000000000000000000000000000000000001c418fc9d00280
632,00000000000000000000000000000000000000000000000000000000000000000000000000000000000000000000000000000000000000000016c2d5d9d52400
633,0000000000000000000000000000000000000000000000000000000000000000000000000000000000000000000000000000000000000000004e3af3c45f55a0
634,00000000000000000000000000000000000000000000000000000000000000000000000000000000000000000000000000000000000000000030e3056fc75aa0
635,00000000000000000000000000000000000000000000000000000000000000000000000000000000000000000000000000000000000000000018eb030d3d9fa0
636,00000000000000000000000000000000000000000000000000000000000000000000000000000000000000000000000000000000000000000012bcbe2916dee0
637,0000000000000000000000000000000000000000000000000000000000000000000000000000000000000000000000000000000000000000002f7ca26a63afc0
638,000000000000000000000000000000000000000000000000000000000000000000000000000000000000000000000000000000000000000000167263907beb80
639,00000000000000000000000000000000000000000000000000000000000000000000000000000000000000000000000000000000000000000010e1aa17dee780
640,0000000000000000000000000000000000000000000000000000000000000000000000000000000000000000000000000000000000000000002e21a0d08a7940
641,000000000000000000000000000000000000000000000000000000000000000000000000000000000000000000000000000000000000000000226b3fc1f70740
642,0000000000000000000000000000000000000000000000000000000000000000000000000000000000000000000000000000000000000000005b1344531a9e00
643,0000000000000000000000000000000000000000000000000000000000000000000000000000000000000000000000000000000000000000001aad7ceee2e720
644,00000000000000000000000000000000000000000000000000000000000000000000000000000000000000000000000000000000000000000050222ff24f71a0
645,0000000000000000000000000000000000000000000000000000000000000000000000000000000000000000000000000000000000000000001fa86318fadf00
646,0000000000000000000000000000000000000000000000000000000000000000000000000000000000000000000000000000000000000000001b1b5598b720e0
647,0000000000000000000000000000000000000000000000000000000000000000000000000000000000000000000000000000000000000000000fd2f965300200
648,0000000000000000000000000000000000000000000000000000000000000000000000000000000000000000000000000000000000000000002918c03b14dc40
649,0000000000000000000000000000000000000000000000000000000000000000000000000000000000000000000000000000000000000000001da211320f48a0
650,000000000000000000000000000000000000000000000000000000000000000000000000000000000000000000000000000000000000000000373ff30bdcee00
651,000000000000000000000000000000000000000000000000000000000000000000000000000000000000000000000000000000000000000000149f9274dcd380
652,00000000000000000000000000000000000000000000000000000000000000000000000000000000000000000000000000000000000000000023657009b8cf20
653,000000000000000000000000000000000000000000000000000000000000000000000000000000000000000000000000000000000000000000193fa16a001ae0
654,0000000000000000000000000000000000000000000000000000000000000000000000000000000000000000000000000000000000000000001817fa5689a820
655,0000000000000000000000000000000000000000000000000000000000000000000000000000000000000000000000000000000000000000001de9f08fada2a0
656,00000000000000000000000000000000000000000000000000000000000000000000000000000000000000000000000000000000000000000025be72e1395b60
657,00000000000000000000000000000000000000000000000000000000000000000000000000000000000000000000000000000000000000000015053fda51a8e0
658,0000000000000000000000000000000000000000000000000000000000000000000000000000000000000000000000000000000000000000001b92b406d365e0
659,00000000000000000000000000000000000000000000000000000000000000000000000000000000000000000000000000000000000000000021e660724d8a20
660,0000000000000000000000000000000000000000000000000000000000000000000000000000000000000000000000000000000000000000004ff018ba9bd120
661,00000000000000000000000000000000000000000000000000000000000000000000000000000000000000000000000000000000000000000018d3ca2c580d80
662,0000000000000000000000000000000000000000000000000000000000000000000000000000000000000000000000000000000000000000002586d61633c000
663,0000000000000000000000000000000000000000000000000000000000000000000000000000000000000000000000000000000000000000002b8ad3ae6ee280
664,0000000000000000000000000000000000000000000000000000000000000000000000000000000000000000000000000000000000000000003412419b4eb060
665,000000000000000000000000000000000000000000000000000000000000000000000000000000000000000000000000000000000000000000153f1d42ba4240
666,0000000000000000000000000000000000000000000000000000000000000000000000000000000000000000000000000000000000000000002b865d9b0a9c40
667,0000000000000000000000000000000000000000000000000000000000000000000000000000000000000000000000000000000000000000001d4acdd57a6ba0
668,00000000000000000000000000000000000000000000000000000000000000000000000000000000000000000000000000000000000000000022981b83dd8700
669,0000000000000000000000000000000000000000000000000000000000000000000000000000000000000000000000000000000000000000001ddffe240a7380
670,000000000000000000000000000000000000000000000000000000000000000000000000000000000000000000000000000000000000000000162dee1518d660
671,000000000000000000000000000000000000000000000000000000000000000000000000000000000000000000000000000000000000000000196bbb049139a0
672,0000000000000000000000000000000000000000000000000000000000000000000000000000000000000000000000000000000000000000002349fe156ada80
673,0000000000000000000000000000000000000000000000000000000000000000000000000000000000000000000000000000000000000000001c0b840887fec0
674,00000000000000000000000000000000000000000000000000000000000000000000000000000000000000000000000000000000000000000060054fe0417860
675,0000000000000000000000000000000000000000000000000000000000000000000000000000000000000000000000000000000000000000002050b135061100
676,00000000000000000000000000000000000000000000000000000000000000000000000000000000000000000000000000000000000000000015fc9da2441fe0
677,0000000000000000000000000000000000000000000000000000000000000000000000000000000000000000000000000000000000000000001f6559c4e1b660
678,0000000000000000000000000000000000000000000000000000000000000000000000000000000000000000000000000000000000000000002d6f42ab543e60
679,00000000000000000000000000000000000000000000000000000000000000000000000000000000000000000000000000000000000000000018281d10870240
680,00000000000000000000000000000000000000000000000000000000000000000000000000000000000000000000000000000000000000000021c814af6bd660
681,0000000000000000000000000000000000000000000000000000000000000000000000000000000000000000000000000000000000000000001ae1abba23ac00
682,0000000000000000000000000000000000000000000000000000000000000000000000000000000000000000000000000000000000000000001c3565f2044a80
683,00000000000000000000000000000000000000000000000000000000000000000000000000000000000000000000000000000000000000000022206bbd293360
684,00000000000000000000000000000000000000000000000000000000000000000000000000000000000000000000000000000000000000000019f3cb22c89920
685,000000000000000000000000000000000000000000000000000000000000000000000000000000000000000000000000000000000000000000275b00e2f6a080
686,00000000000000000000000000000000000000000000000000000000000000000000000000000000000000000000000000000000000000000023c71116d5efa0
687,000000000000000000000000000000000000000000000000000000000000000000000000000000000000000000000000000000000000000000185bc796e46200
688,0000000000000000000000000000000000000000000000000000000000000000000000000000000000000000000000000000000000000000001da7aab1aeb0c0
689,000000000000000000000000000000000000000000000000000000000000000000000000000000000000000000000000000000000000000000170312f30ade60
690,0000000000000000000000000000000000000000000000000000000000000000000000000000000000000000000000000000000000000000001cfbcf3d433b20
691,000000000000000000000000000000000000000000000000000000000000000000000000000000000000000000000000000000000000000000263796455e7d40
692,000000000000000000000000000000000000000000000000000000000000000000000000000000000000000000000000000000000000000000514c021951b860
693,0000000000000000000000000000000000000000000000000000000000000000000000000000000000000000000000000000000000000000002bfffaba3b3b80
694,00000000000000000000000000000000000000000000000000000000000000000000000000000000000000000000000000000000000000000025b23f9346e420
695,0000000000000000000000000000000000000000000000000000000000000000000000000000000000000000000000000000000000000000002294c07a3ecbe0
696,0000000000000000000000000000000000000000000000000000000000000000000000000000000000000000000000000000000000000000001e519208b200c0
697,0000000000000000000000000000000000000000000000000000000000000000000000000000000000000000000000000000000000000000001ec5a66d2e6560
698,0000000000000000000000000000000000000000000000000000000000000000000000000000000000000000000000000000000000000000002aa55396834f00
699,00000000000000000000000000000000000000000000000000000000000000000000000000000000000000000000000000000000000000000012db23a70a8800
700,0000000000000000000000000000000000000000000000000000000000000000000000000000000000000000000000000000000000000000001c4ac7d3099960
701,00000000000000000000000000000000000000000000000000000000000000000000000000000000000000000000000000000000000000000015e80b68934920
702,0000000000000000000000000000000000000000000000000000000000000000000000000000000000000000000000000000000000000000001be17532bff500
703,0000000000000000000000000000000000000000000000000000000000000000000000000000000000000000000000000000000000000000002825fcdf21c260
704,0000000000000000000000000000000000000000000000000000000000000000000000000000000000000000000000000000000000000000003c5f526e936be0
705,0000000000000000000000000000000000000000000000000000000000000000000000000000000000000000000000000000000000000000002254a22fcbea60
706,00000000000000000000000000000000000000000000000000000000000000000000000000000000000000000000000000000000000000000017d1b5f8cf9c60
707,00000000000000000000000000000000000000000000000000000000000000000000000000000000000000000000000000000000000000000025b459445dbca0
708,0000000000000000000000000000000000000000000000000000000000000000000000000000000000000000000000000000000000000000002f95e65ed73de0
709,0000000000000000000000000000000000000000000000000000000000000000000000000000000000000000000000000000000000000000002bf5833aefc8e0
710,000000000000000000000000000000000000000000000000000000000000000000000000000000000000000000000000000000000000000000271030c09eb100
711,0000000000000000000000000000000000000000000000000000000000000000000000000000000000000000000000000000000000000000001fb9f9841a4120
712,0000000000000000000000000000000000000000000000000000000000000000000000000000000000000000000000000000000000000000001b4ffe32b49ce0
713,0000000000000000000000000000000000000000000000000000000000000000000000000000000000000000000000000000000000000000002ccd69050115e0
714,000000000000000000000000000000000000000000000000000000000000000000000000000000000000000000000000000000000000000000200e62fe6a2540
715,0000000000000000000000000000000000000000000000000000000000000000000000000000000000000000000000000000000000000000001deb9ae82e7200
716,0000000000000000000000000000000000000000000000000000000000000000000000000000000000000000000000000000000000000000001f7886f4d1fe80
717,00000000000000000000000000000000000000000000000000000000000000000000000000000000000000000000000000000000000000000013c9e3482f3100
718,00000000000000000000000000000000000000000000000000000000000000000000000000000000000000000000000000000000000000000059a971a68fc300
719,000000000000000000000000000000000000000000000000000000000000000000000000000000000000000000000000000000000000000000218002e5821d40
720,0000000000000000000000000000000000000000000000000000000000000000000000000000000000000000000000000000000000000000004faffe66500dc0
721,000000000000000000000000000000000000000000000000000000000000000000000000000000000000000000000000000000000000000000213ac09b67e8c0
722,0000000000000000000000000000000000000000000000000000000000000000000000000000000000000000000000000000000000000000002368b74e6c9080
723,0000000000000000000000000000000000000000000000000000000000000000000000000000000000000000000000000000000000000000002212e5c7eb17c0
724,0000000000000000000000000000000000000000000000000000000000000000000000000000000000000000000000000000000000000000001ce73b1743c0a0
725,000000000000000000000000000000000000000000000000000000000000000000000000000000000000000000000000000000000000000000296aa6a1deda60
726,0000000000000000000000000000000000000000000000000000000000000000000000000000000000000000000000000000000000000000001c739f8b5cc140
727,0000000000000000000000000000000000000000000000000000000000000000000000000000000000000000000000000000000000000000007361a02fd2d120
728,00000000000000000000000000000000000000000000000000000000000000000000000000000000000000000000000000000000000000000017751488e61b20
729,0000000000000000000000000000000000000000000000000000000000000000000000000000000000000000000000000000000000000000001212ae6fa02020
730,00000000000000000000000000000000000000000000000000000000000000000000000000000000000000000000000000000000000000000029eb9171cc9120
731,00000000000000000000000000000000000000000000000000000000000000000000000000000000000000000000000000000000000000000011f283de19c380
732,000000000000000000000000000000000000000000000000000000000000000000000000000000000000000000000000000000000000000000166ed2b81be440
733,00000000000000000000000000000000000000000000000000000000000000000000000000000000000000000000000000000000000000000010ff6c95dd8c60
734,0000000000000000000000000000000000000000000000000000000000000000000000000000000000000000000000000000000000000000002c7d764577e2e0
735,0000000000000000000000000000000000000000000000000000000000000000000000000000000000000000000000000000000000000000002830288fad6460
736,0000000000000000000000000000000000000000000000000000000000000000000000000000000000000000000000000000000000000000001bf428e2b86d00
737,0000000000000000000000000000000000000000000000000000000000000000000000000000000000000000000000000000000000000000001ae483cda3d7c0
738,0000000000000000000000000000000000000000000000000000000000000000000000000000000000000000000000000000000000000000001fcdbe5b62c760
739,0000000000000000000000000000000000000000000000000000000000000000000000000000000000000000000000000000000000000000001782b9f4497a80
740,0000000000000000000000000000000000000000000000000000000000000000000000000000000000000000000000000000000000000000002f6d4a6193c0e0
741,00000000000000000000000000000000000000000000000000000000000000000000000000000000000000000000000000000000000000000041447dd535eac0
742,000000000000000000000000000000000000000000000000000000000000000000000000000000000000000000000000000000000000000000127a17b76d33e0
743,0000000000000000000000000000000000000000000000000000000000000000000000000000000000000000000000000000000000000000001a6b0f90e69ea0
744,000000000000000000000000000000000000000000000000000000000000000000000000000000000000000000000000000000000000000000319a969e7c82a0
745,00000000000000000000000000000000000000000000000000000000000000000000000000000000000000000000000000000000000000000029808fa064e720
746,00000000000000000000000000000000000000000000000000000000000000000000000000000000000000000000000000000000000000000028a58b56896840
747,000000000000000000000000000000000000000000000000000000000000000000000000000000000000000000000000000000000000000000213af8253cc840
748,0000000000000000000000000000000000000000000000000000000000000000000000000000000000000000000000000000000000000000002c366b5df29a60
749,0000000000000000000000000000000000000000000000000000000000000000000000000000000000000000000000000000000000000000002c7218014fae40
750,000000000000000000000000000000000000000000000000000000000000000000000000000000000000000000000000000000000000000000169bd0d29d9d60
751,0000000000000000000000000000000000000000000000000000000000000000000000000000000000000000000000000000000000000000002041fbac2b2f00
752,0000000000000000000000000000000000000000000000000000000000000000000000000000000000000000000000000000000000000000001cdc52709d77c0
753,00000000000000000000000000000000000000000000000000000000000000000000000000000000000000000000000000000000000000000028fbd981f3b720
754,0000000000000000000000000000000000000000000000000000000000000000000000000000000000000000000000000000000000000000001e4631d83b2860
755,00000000000000000000000000000000000000000000000000000000000000000000000000000000000000000000000000000000000000000022c4a763534160
756,00000000000000000000000000000000000000000000000000000000000000000000000000000000000000000000000000000000000000000021379056b29aa0
757,0000000000000000000000000000000000000000000000000000000000000000000000000000000000000000000000000000000000000000001d7c0daac66820
758,00000000000000000000000000000000000000000000000000000000000000000000000000000000000000000000000000000000000000000017175b055e3e20
759,00000000000000000000000000000000000000000000000000000000000000000000000000000000000000000000000000000000000000000033fb6ba6b138c0
760,00000000000000000000000000000000000000000000000000000000000000000000000000000000000000000000000000000000000000000035b1c76b9daf20
761,00000000000000000000000000000000000000000000000000000000000000000000000000000000000000000000000000000000000000000016241f8be963a0
762,00000000000000000000000000000000000000000000000000000000000000000000000000000000000000000000000000000000000000000023aaf40ee24700
763,00000000000000000000000000000000000000000000000000000000000000000000000000000000000000000000000000000000000000000038d7ef3f241a00
764,000000000000000000000000000000000000000000000000000000000000000000000000000000000000000000000000000000000000000000211e74e23c51e0
765,0000000000000000000000000000000000000000000000000000000000000000000000000000000000000000000000000000000000000000001b970ba4125720
766,000000000000000000000000000000000000000000000000000000000000000000000000000000000000000000000000000000000000000000209aa639e2eba0
767,00000000000000000000000000000000000000000000000000000000000000000000000000000000000000000000000000000000000000000048ac1fa43f2740
768,0000000000000000000000000000000000000000000000000000000000000000000000000000000000000000000000000000000000000000001c9f0ceae5c9c0
769,00000000000000000000000000000000000000000000000000000000000000000000000000000000000000000000000000000000000000000016af2ed14f87e0
770,000000000000000000000000000000000000000000000000000000000000000000000000000000000000000000000000000000000000000000203194fc0b06c0
771,0000000000000000000000000000000000000000000000000000000000000000000000000000000000000000000000000000000000000000001b656c276a5680
772,000000000000000000000000000000000000000000000000000000000000000000000000000000000000000000000000000000000000000000132f7abee581e0
773,00000000000000000000000000000000000000000000000000000000000000000000000000000000000000000000000000000000000000000022a37451deb760
774,00000000000000000000000000000000000000000000000000000000000000000000000000000000000000000000000000000000000000000013e0ad8b925ea0
775,000000000000000000000000000000000000000000000000000000000000000000000000000000000000000000000000000000000000000000183076061e6620
776,000000000000000000000000000000000000000000000000000000000000000000000000000000000000000000000000000000000000000000216159fb443a40
777,000000000000000000000000000000000000000000000000000000000000000000000000000000000000000000000000000000000000000000141e3be9e2ade0
778,0000000000000000000000000000000000000000000000000000000000000000000000000000000000000000000000000000000000000000001a75331a105720
779,0000000000000000000000000000000000000000000000000000000000000000000000000000000000000000000000000000000000000000001d6c92495b5120
780,00000000000000000000000000000000000000000000000000000000000000000000000000000000000000000000000000000000000000000014dd8698129600
781,00000000000000000000000000000000000000000000000000000000000000000000000000000000000000000000000000000000000000000015cd58d6ae9680
782,000000000000000000000000000000000000000000000000000000000000000000000000000000000000000000000000000000000000000000262cafa890aec0
783,0000000000000000000000000000000000000000000000000000000000000000000000000000000000000000000000000000000000000000001ff509001f75c0
784,000000000000000000000000000000000000000000000000000000000000000000000000000000000000000000000000000000000000000000224815131a9400
785,0000000000000000000000000000000000000000000000000000000000000000000000000000000000000000000000000000000000000000003a68b337d41ec0
786,0000000000000000000000000000000000000000000000000000000000000000000000000000000000000000000000000000000000000000001a6c5b3832bbc0
787,00000000000000000000000000000000000000000000000000000000000000000000000000000000000000000000000000000000000000000013438533b32fe0
788,00000000000000000000000000000000000000000000000000000000000000000000000000000000000000000000000000000000000000000033663644704d60
789,00000000000000000000000000000000000000000000000000000000000000000000000000000000000000000000000000000000000000000019f0db8f4a02c0
790,00000000000000000000000000000000000000000000000000000000000000000000000000000000000000000000000000000000000000000019f5fbddb681c0
791,0000000000000000000000000000000000000000000000000000000000000000000000000000000000000000000000000000000000000000002618cf64fb3ca0
792,00000000000000000000000000000000000000000000000000000000000000000000000000000000000000000000000000000000000000000011272eba922d60
793,00000000000000000000000000000000000000000000000000000000000000000000000000000000000000000000000000000000000000000019b9269ce391e0
794,00000000000000000000000000000000000000000000000000000000000000000000000000000000000000000000000000000000000000000018c9c936dd3ba0
795,00000000000000000000000000000000000000000000000000000000000000000000000000000000000000000000000000000000000000000019b2b4a72b5d40
796,0000000000000000000000000000000000000000000000000000000000000000000000000000000000000000000000000000000000000000005aca6bebb46e60
797,00000000000000000000000000000000000000000000000000000000000000000000000000000000000000000000000000000000000000000015b28bf606bd60
798,000000000000000000000000000000000000000000000000000000000000000000000000000000000000000000000000000000000000000000164f26c416d820
799,0000000000000000000000000000000000000000000000000000000000000000000000000000000000000000000000000000000000000000001b6bc56be92160
800,0000000000000000000000000000000000000000000000000000000000000000000000000000000000000000000000000000000000000000001a89bc53c1c920
801,0000000000000000000000000000000000000000000000000000000000000000000000000000000000000000000000000000000000000000001c62db516a4900
802,0000000000000000000000000000000000000000000000000000000000000000000000000000000000000000000000000000000000000000001ba420f1f593e0
803,00000000000000000000000000000000000000000000000000000000000000000000000000000000000000000000000000000000000000000018996f9c956ce0
804,000000000000000000000000000000000000000000000000000000000000000000000000000000000000000000000000000000000000000000224d0d92c4d560
805,0000000000000000000000000000000000000000000000000000000000000000000000000000000000000000000000000000000000000000001ebe1f1512ba40
806,0000000000000000000000000000000000000000000000000000000000000000000000000000000000000000000000000000000000000000001be38c0b3974c0
807,00000000000000000000000000000000000000000000000000000000000000000000000000000000000000000000000000000000000000000015d9c0cbfff7a0
808,0000000000000000000000000000000000000000000000000000000000000000000000000000000000000000000000000000000000000000002170a00dedfc80
809,00000000000000000000000000000000000000000000000000000000000000000000000000000000000000000000000000000000000000000021d3415fe62720
810,000000000000000000000000000000000000000000000000000000000000000000000000000000000000000000000000000000000000000000178a8bcc602080
811,00000000000000000000000000000000000000000000000000000000000000000000000000000000000000000000000000000000000000000021a84927b7afe0
812,00000000000000000000000000000000000000000000000000000000000000000000000000000000000000000000000000000000000000000020fbdcc7073940
813,000000000000000000000000000000000000000000000000000000000000000000000000000000000000000000000000000000000000000000439c510f4113c0
814,0000000000000000000000000000000000000000000000000000000000000000000000000000000000000000000000000000000000000000001e786e0613adc0
815,0000000000000000000000000000000000000000000000000000000000000000000000000000000000000000000000000000000000000000001dbb5bf5474da0
816,00000000000000000000000000000000000000000000000000000000000000000000000000000000000000000000000000000000000000000016a31e65d0de40
817,000000000000000000000000000000000000000000000000000000000000000000000000000000000000000000000000000000000000000000256a24abd3efa0
818,00000000000000000000000000000000000000000000000000000000000000000000000000000000000000000000000000000000000000000019a5d7459320c0
819,00000000000000000000000000000000000000000000000000000000000000000000000000000000000000000000000000000000000000000019b063ceb5c600
820,000000000000000000000000000000000000000000000000000000000000000000000000000000000000000000000000000000000000000000298feaa934a240
821,000000000000000000000000000000000000000000000000000000000000000000000000000000000000000000000000000000000000000000287be7b1f53920
822,0000000000000000000000000000000000000000000000000000000000000000000000000000000000000000000000000000000000000000001dab49a7979d20
823,0000000000000000000000000000000000000000000000000000000000000000000000000000000000000000000000000000000000000000001eaa72b3eff080
824,000000000000000000000000000000000000000000000000000000000000000000000000000000000000000000000000000000000000000000219afb63b0dea0
825,000000000000000000000000000000000000000000000000000000000000000000000000000000000000000000000000000000000000000000146d99821377a0
826,0000000000000000000000000000000000000000000000000000000000000000000000000000000000000000000000000000000000000000003fb42666573340
827,00000000000000000000000000000000000000000000000000000000000000000000000000000000000000000000000000000000000000000019ce7d42d5f140
828,0000000000000000000000000000000000000000000000000000000000000000000000000000000000000000000000000000000000000000001a74271a226620
829,0000000000000000000000000000000000000000000000000000000000000000000000000000000000000000000000000000000000000000002335750cf478e0
830,00000000000000000000000000000000000000000000000000000000000000000000000000000000000000000000000000000000000000000023e4e6f7496d80
831,000000000000000000000000000000000000000000000000000000000000000000000000000000000000000000000000000000000000000000142b0fc1a2f160
832,0000000000000000000000000000000000000000000000000000000000000000000000000000000000000000000000000000000000000000002f6260138b1e60
833,00000000000000000000000000000000000000000000000000000000000000000000000000000000000000000000000000000000000000000023df1aedd4cfa0
834,000000000000000000000000000000000000000000000000000000000000000000000000000000000000000000000000000000000000000000154192e019ae00
835,00000000000000000000000000000000000000000000000000000000000000000000000000000000000000000000000000000000000000000025ef3b5defd8c0
836,00000000000000000000000000000000000000000000000000000000000000000000000000000000000000000000000000000000000000000024400ce74c8120
837,0000000000000000000000000000000000000000000000000000000000000000000000000000000000000000000000000000000000000000002e3447a7e64500
838,0000000000000000000000000000000000000000000000000000000000000000000000000000000000000000000000000000000000000000001910033221d320
839,000000000000000000000000000000000000000000000000000000000000000000000000000000000000000000000000000000000000000000257fdb8cd38440
840,0000000000000000000000000000000000000000000000000000000000000000000000000000000000000000000000000000000000000000001ef3b1a527d4e0
841,0000000000000000000000000000000000000000000000000000000000000000000000000000000000000000000000000000000000000000001618f182d1a040
842,0000000000000000000000000000000000000000000000000000000000000000000000000000000000000000000000000000000000000000002a30b11486a540
843,000000000000000000000000000000000000000000000000000000000000000000000000000000000000000000000000000000000000000000243fd0b6157bc0
844,0000000000000000000000000000000000000000000000000000000000000000000000000000000000000000000000000000000000000000001f8dccb84f59c0
845,0000000000000000000000000000000000000000000000000000000000000000000000000000000000000000000000000000000000000000001a31d3324bc8e0
846,0000000000000000000000000000000000000000000000000000000000000000000000000000000000000000000000000000000000000000001d4f75103dd820
847,00000000000000000000000000000000000000000000000000000000000000000000000000000000000000000000000000000000000000000015f36b2cbb63e0
848,00000000000000000000000000000000000000000000000000000000000000000000000000000000000000000000000000000000000000000027d6d1e4776820
849,00000000000000000000000000000000000000000000000000000000000000000000000000000000000000000000000000000000000000000017382ad1ed29c0
850,00000000000000000000000000000000000000000000000000000000000000000000000000000000000000000000000000000000000000000015f2fff1aeec60
851,0000000000000000000000000000000000000000000000000000000000000000000000000000000000000000000000000000000000000000005e2a4658e168c0
852,0000000000000000000000000000000000000000000000000000000000000000000000000000000000000000000000000000000000000000001914e2a7f526e0
853,0000000000000000000000000000000000000000000000000000000000000000000000000000000000000000000000000000000000000000001537a26a9dbf80
854,00000000000000000000000000000000000000000000000000000000000000000000000000000000000000000000000000000000000000000018b522697c8cc0
855,0000000000000000000000000000000000000000000000000000000000000000000000000000000000000000000000000000000000000000002309430feed760
856,00000000000000000000000000000000000000000000000000000000000000000000000000000000000000000000000000000000000000000021bfe461342b60
857,00000000000000000000000000000000000000000000000000000000000000000000000000000000000000000000000000000000000000000020a4d9d6bcc9e0
858,0000000000000000000000000000000000000000000000000000000000000000000000000000000000000000000000000000000000000000003238d9c50d8f40
859,00000000000000000000000000000000000000000000000000000000000000000000000000000000000000000000000000000000000000000014ae3db8cc17e0
860,000000000000000000000000000000000000000000000000000000000000000000000000000000000000000000000000000000000000000000146c2fe4a1fce0
861,00000000000000000000000000000000000000000000000000000000000000000000000000000000000000000000000000000000000000000013b050d3c0ed00
862,000000000000000000000000000000000000000000000000000000000000000000000000000000000000000000000000000000000000000000141bf5f3e28240
863,000000000000000000000000000000000000000000000000000000000000000000000000000000000000000000000000000000000000000000130165b827cf40
864,0000000000000000000000000000000000000000000000000000000000000000000000000000000000000000000000000000000000000000002b48b70b80daa0
865,00000000000000000000000000000000000000000000000000000000000000000000000000000000000000000000000000000000000000000018a24412247e60
866,0000000000000000000000000000000000000000000000000000000000000000000000000000000000000000000000000000000000000000002dc65391c51f60
867,00000000000000000000000000000000000000000000000000000000000000000000000000000000000000000000000000000000000000000025ed915e0c8d40
868,0000000000000000000000000000000000000000000000000000000000000000000000000000000000000000000000000000000000000000002563fa2265afe0
869,0000000000000000000000000000000000000000000000000000000000000000000000000000000000000000000000000000000000000000001f24eca1d69b20
870,0000000000000000000000000000000000000000000000000000000000000000000000000000000000000000000000000000000000000000002038137b9b00a0
871,000000000000000000000000000000000000000000000000000000000000000000000000000000000000000000000000000000000000000000162b7d1f1b9080
872,000000000000000000000000000000000000000000000000000000000000000000000000000000000000000000000000000000000000000000182711ae22df40
873,0000000000000000000000000000000000000000000000000000000000000000000000000000000000000000000000000000000000000000001add343a70b960
874,00000000000000000000000000000000000000000000000000000000000000000000000000000000000000000000000000000000000000000016c2d70b102320
875,00000000000000000000000000000000000000000000000000000000000000000000000000000000000000000000000000000000000000000013819ce0bf2ae0
876,0000000000000000000000000000000000000000000000000000000000000000000000000000000000000000000000000000000000000000001ae001c418fd60
877,0000000000000000000000000000000000000000000000000000000000000000000000000000000000000000000000000000000000000000001819f6fdc9d800
878,00000000000000000000000000000000000000000000000000000000000000000000000000000000000000000000000000000000000000000040d93779fa4180
879,0000000000000000000000000000000000000000000000000000000000000000000000000000000000000000000000000000000000000000004825fc54ab7f20
880,0000000000000000000000000000000000000000000000000000000000000000000000000000000000000000000000000000000000000000001454b9700f55e0
881,000000000000000000000000000000000000000000000000000000000000000000000000000000000000000000000000000000000000000000286428c74011a0
882,0000000000000000000000000000000000000000000000000000000000000000000000000000000000000000000000000000000000000000001a78bdad847bc0
883,0000000000000000000000000000000000000000000000000000000000000000000000000000000000000000000000000000000000000000003e13cf5129ffa0
884,00000000000000000000000000000000000000000000000000000000000000000000000000000000000000000000000000000000000000000099c30ecafd0440
885,0000000000000000000000000000000000000000000000000000000000000000000000000000000000000000000000000000000000000000001ddc1edf60f020
886,000000000000000000000000000000000000000000000000000000000000000000000000000000000000000000000000000000000000000000160fbcc85cbca0
887,00000000000000000000000000000000000000000000000000000000000000000000000000000000000000000000000000000000000000000019769417875420
888,0000000000000000000000000000000000000000000000000000000000000000000000000000000000000000000000000000000000000000001720abe733b240
889,0000000000000000000000000000000000000000000000000000000000000000000000000000000000000000000000000000000000000000003448d748dc2de0
890,00000000000000000000000000000000000000000000000000000000000000000000000000000000000000000000000000000000000000000029cb8b9b576c20
891,0000000000000000000000000000000000000000000000000000000000000000000000000000000000000000000000000000000000000000002f30fce5a3f9c0
892,00000000000000000000000000000000000000000000000000000000000000000000000000000000000000000000000000000000000000000018f0a3343f0b20
893,00000000000000000000000000000000000000000000000000000000000000000000000000000000000000000000000000000000000000000020100e8825f3c0
894,0000000000000000000000000000000000000000000000000000000000000000000000000000000000000000000000000000000000000000002143ede98e8780
895,0000000000000000000000000000000000000000000000000000000000000000000000000000000000000000000000000000000000000000002e9451fa0b1c60
896,0000000000000000000000000000000000000000000000000000000000000000000000000000000000000000000000000000000000000000001cf1d2aa3e4500
897,00000000000000000000000000000000000000000000000000000000000000000000000000000000000000000000000000000000000000000011d5e591428200
898,00000000000000000000000000000000000000000000000000000000000000000000000000000000000000000000000000000000000000000027c6bddbb42440
899,00000000000000000000000000000000000000000000000000000000000000000000000000000000000000000000000000000000000000000040c0d9d43c1ae0
900,0000000000000000000000000000000000000000000000000000000000000000000000000000000000000000000000000000000000000000001babe7d3e59480
901,0000000000000000000000000000000000000000000000000000000000000000000000000000000000000000000000000000000000000000001ccb2c1927c360
902,0000000000000000000000000000000000000000000000000000000000000000000000000000000000000000000000000000000000000000001cd097e78f2c00
903,0000000000000000000000000000000000000000000000000000000000000000000000000000000000000000000000000000000000000000001261ebccbf64a0
904,000000000000000000000000000000000000000000000000000000000000000000000000000000000000000000000000000000000000000000297184702d5480
905,000000000000000000000000000000000000000000000000000000000000000000000000000000000000000000000000000000000000000000287c0bed067960
906,00000000000000000000000000000000000000000000000000000000000000000000000000000000000000000000000000000000000000000025744397741f20
907,0000000000000000000000000000000000000000000000000000000000000000000000000000000000000000000000000000000000000000001b113e8f8c90c0
908,00000000000000000000000000000000000000000000000000000000000000000000000000000000000000000000000000000000000000000016bef163f0e680
909,0000000000000000000000000000000000000000000000000000000000000000000000000000000000000000000000000000000000000000001aa54b6597a020
910,0000000000000000000000000000000000000000000000000000000000000000000000000000000000000000000000000000000000000000001d190dc52361e0
911,0000000000000000000000000000000000000000000000000000000000000000000000000000000000000000000000000000000000000000001db1421d5801a0
912,00000000000000000000000000000000000000000000000000000000000000000000000000000000000000000000000000000000000000000038eb29653ae500
913,0000000000000000000000000000000000000000000000000000000000000000000000000000000000000000000000000000000000000000001b7a89eaea63c0
914,00000000000000000000000000000000000000000000000000000000000000000000000000000000000000000000000000000000000000000021bff3eb0bbce0
915,0000000000000000000000000000000000000000000000000000000000000000000000000000000000000000000000000000000000000000001924239d1568c0
916,0000000000000000000000000000000000000000000000000000000000000000000000000000000000000000000000000000000000000000002d8df3f807b820
917,0000000000000000000000000000000000000000000000000000000000000000000000000000000000000000000000000000000000000000001d32d025dd3020
918,0000000000000000000000000000000000000000000000000000000000000000000000000000000000000000000000000000000000000000001db7393a7af380
919,00000000000000000000000000000000000000000000000000000000000000000000000000000000000000000000000000000000000000000022bd6263d0a7a0
920,0000000000000000000000000000000000000000000000000000000000000000000000000000000000000000000000000000000000000000001cca7f544718e0
921,000000000000000000000000000000000000000000000000000000000000000000000000000000000000000000000000000000000000000000324fc739a97180
922,0000000000000000000000000000000000000000000000000000000000000000000000000000000000000000000000000000000000000000005cb6987bc57f20
923,00000000000000000000000000000000000000000000000000000000000000000000000000000000000000000000000000000000000000000027d2340c298120
924,000000000000000000000000000000000000000000000000000000000000000000000000000000000000000000000000000000000000000000165f03fe18e120
925,00000000000000000000000000000000000000000000000000000000000000000000000000000000000000000000000000000000000000000024e1fb48b1f540
926,0000000000000000000000000000000000000000000000000000000000000000000000000000000000000000000000000000000000000000002aa7fa165596e0
927,00000000000000000000000000000000000000000000000000000000000000000000000000000000000000000000000000000000000000000016a19934b00420
928,000000000000000000000000000000000000000000000000000000000000000000000000000000000000000000000000000000000000000000244834d30e9560
929,00000000000000000000000000000000000000000000000000000000000000000000000000000000000000000000000000000000000000000021d1db8760ba20
930,0000000000000000000000000000000000000000000000000000000000000000000000000000000000000000000000000000000000000000002b272b48d736e0
931,0000000000000000000000000000000000000000000000000000000000000000000000000000000000000000000000000000000000000000002512be3b9034a0
932,0000000000000000000000000000000000000000000000000000000000000000000000000000000000000000000000000000000000000000001c5a6e2a992dc0
933,0000000000000000000000000000000000000000000000000000000000000000000000000000000000000000000000000000000000000000001937ed3949eb80
934,000000000000000000000000000000000000000000000000000000000000000000000000000000000000000000000000000000000000000000211d123af1c180
935,0000000000000000000000000000000000000000000000000000000000000000000000000000000000000000000000000000000000000000003d0ad0d92c88e0
936,0000000000000000000000000000000000000000000000000000000000000000000000000000000000000000000000000000000000000000005aa9d83cab4e60
937,000000000000000000000000000000000000000000000000000000000000000000000000000000000000000000000000000000000000000000392c542f9baee0
938,00000000000000000000000000000000000000000000000000000000000000000000000000000000000000000000000000000000000000000024484b97f95b60
939,0000000000000000000000000000000000000000000000000000000000000000000000000000000000000000000000000000000000000000002ad7743a8511e0
940,0000000000000000000000000000000000000000000000000000000000000000000000000000000000000000000000000000000000000000001a6c0d2486c380
941,0000000000000000000000000000000000000000000000000000000000000000000000000000000000000000000000000000000000000000001c9b5cc3c2f240
942,000000000000000000000000000000000000000000000000000000000000000000000000000000000000000000000000000000000000000000282da819b129e0
943,000000000000000000000000000000000000000000000000000000000000000000000000000000000000000000000000000000000000000000260e88ef8519a0
944,0000000000000000000000000000000000000000000000000000000000000000000000000000000000000000000000000000000000000000001785c2af28d520
945,000000000000000000000000000000000000000000000000000000000000000000000000000000000000000000000000000000000000000000222a3f63e22680
946,0000000000000000000000000000000000000000000000000000000000000000000000000000000000000000000000000000000000000000002637b4c55c6f20
947,00000000000000000000000000000000000000000000000000000000000000000000000000000000000000000000000000000000000000000019220be225d0e0
948,00000000000000000000000000000000000000000000000000000000000000000000000000000000000000000000000000000000000000000022e7eea5df02c0
949,00000000000000000000000000000000000000000000000000000000000000000000000000000000000000000000000000000000000000000033cc1d5143b660
950,000000000000000000000000000000000000000000000000000000000000000000000000000000000000000000000000000000000000000000172bfe70490000
951,00000000000000000000000000000000000000000000000000000000000000000000000000000000000000000000000000000000000000000031234392d5a0a0
952,00000000000000000000000000000000000000000000000000000000000000000000000000000000000000000000000000000000000000000017a073c10da1a0
953,000000000000000000000000000000000000000000000000000000000000000000000000000000000000000000000000000000000000000000552b661b708580
954,0000000000000000000000000000000000000000000000000000000000000000000000000000000000000000000000000000000000000000002d1cdcce6b7480
955,0000000000000000000000000000000000000000000000000000000000000000000000000000000000000000000000000000000000000000002194f6d0677280
956,00000000000000000000000000000000000000000000000000000000000000000000000000000000000000000000000000000000000000000018881a80369080
957,000000000000000000000000000000000000000000000000000000000000000000000000000000000000000000000000000000000000000000379d7536cafbe0
958,00000000000000000000000000000000000000000000000000000000000000000000000000000000000000000000000000000000000000000033277d34f90ae0
959,0000000000000000000000000000000000000000000000000000000000000000000000000000000000000000000000000000000000000000006bbc93476333c0
960,00000000000000000000000000000000000000000000000000000000000000000000000000000000000000000000000000000000000000000017e8cb8af2a340
961,000000000000000000000000000000000000000000000000000000000000000000000000000000000000000000000000000000000000000000374908f78ef8c0
962,0000000000000000000000000000000000000000000000000000000000000000000000000000000000000000000000000000000000000000003a43e59cc52100
963,000000000000000000000000000000000000000000000000000000000000000000000000000000000000000000000000000000000000000000272ef6523d1be0
964,0000000000000000000000000000000000000000000000000000000000000000000000000000000000000000000000000000000000000000000e6755cc75b600
965,000000000000000000000000000000000000000000000000000000000000000000000000000000000000000000000000000000000000000000265f4173ed47e0
966,0000000000000000000000000000000000000000000000000000000000000000000000000000000000000000000000000000000000000000002380cfb91bb020
967,000000000000000000000000000000000000000000000000000000000000000000000000000000000000000000000000000000000000000000171c6905070ca0
968,00000000000000000000000000000000000000000000000000000000000000000000000000000000000000000000000000000000000000000032d7637f4b1580
969,00000000000000000000000000000000000000000000000000000000000000000000000000000000000000000000000000000000000000000062445639824840
970,0000000000000000000000000000000000000000000000000000000000000000000000000000000000000000000000000000000000000000001413e14d0b7060
971,000000000000000000000000000000000000000000000000000000000000000000000000000000000000000000000000000000000000000000148b58f639b360
972,000000000000000000000000000000000000000000000000000000000000000000000000000000000000000000000000000000000000000000172283dd3b4760
973,00000000000000000000000000000000000000000000000000000000000000000000000000000000000000000000000000000000000000000051088714052540
974,00000000000000000000000000000000000000000000000000000000000000000000000000000000000000000000000000000000000000000014a61ba5a728a0
975,000000000000000000000000000000000000000000000000000000000000000000000000000000000000000000000000000000000000000000125ca21206eb40
976,0000000000000000000000000000000000000000000000000000000000000000000000000000000000000000000000000000000000000000001d5017f2a905c0
977,00000000000000000000000000000000000000000000000000000000000000000000000000000000000000000000000000000000000000000023622fcedd31e0
978,000000000000000000000000000000000000000000000000000000000000000000000000000000000000000000000000000000000000000000274bf281843140
979,0000000000000000000000000000000000000000000000000000000000000000000000000000000000000000000000000000000000000000001872b5290a1ae0
980,00000000000000000000000000000000000000000000000000000000000000000000000000000000000000000000000000000000000000000019352c9216f0a0
981,0000000000000000000000000000000000000000000000000000000000000000000000000000000000000000000000000000000000000000002276442d87bfe0
982,00000000000000000000000000000000000000000000000000000000000000000000000000000000000000000000000000000000000000000021789b3e9f6320
983,000000000000000000000000000000000000000000000000000000000000000000000000000000000000000000000000000000000000000000157cdce5f38e60
984,0000000000000000000000000000000000000000000000000000000000000000000000000000000000000000000000000000000000000000001d3973391bee20
985,0000000000000000000000000000000000000000000000000000000000000000000000000000000000000000000000000000000000000000002873c10146c0e0
986,000000000000000000000000000000000000000000000000000000000000000000000000000000000000000000000000000000000000000000253a731180cee0
987,00000000000000000000000000000000000000000000000000000000000000000000000000000000000000000000000000000000000000000022b2401fa46800
988,00000000000000000000000000000000000000000000000000000000000000000000000000000000000000000000000000000000000000000058d5503eb3a1c0
989,00000000000000000000000000000000000000000000000000000000000000000000000000000000000000000000000000000000000000000020cca298fad160
990,0000000000000000000000000000000000000000000000000000000000000000000000000000000000000000000000000000000000000000003e2982c5db0a60
991,000000000000000000000000000000000000000000000000000000000000000000000000000000000000000000000000000000000000000000313cff874118c0
992,0000000000000000000000000000000000000000000000000000000000000000000000000000000000000000000000000000000000000000002f64bba713adc0
993,00000000000000000000000000000000000000000000000000000000000000000000000000000000000000000000000000000000000000000045849d5aa8b260
994,00000000000000000000000000000000000000000000000000000000000000000000000000000000000000000000000000000000000000000016fa3c42684220
995,00000000000000000000000000000000000000000000000000000000000000000000000000000000000000000000000000000000000000000012a35f3e7dbf60
996,00000000000000000000000000000000000000000000000000000000000000000000000000000000000000000000000000000000000000000020cc3da2da3c80
997,0000000000000000000000000000000000000000000000000000000000000000000000000000000000000000000000000000000000000000002e0e260cee3040
998,0000000000000000000000000000000000000000000000000000000000000000000000000000000000000000000000000000000000000000001a11717966ad80
999,0000000000000000000000000000000000000000000000000000000000000000000000000000000000000000000000000000000000000000002a28f20b33a720
1000,000000000000000000000000000000000000000000000000000000000000000000000000000000000000000000000000000000000000000000376cd8b038eaa0
